-2.25960273E+01  0.00000000E+00  0.00000000E+00  0.00000000E+00  0.00000000E+00  0.00000000E+00  0.00000000E+00  0.00000000E+00  0.00000000E+00  0.00000000E+00  0.00000000E+00  0.00000000E+00  0.00000000E+00  0.00000000E+00  0.00000000E+00  0.00000000E+00  0.00000000E+00  0.00000000E+00  0.00000000E+00
-2.25780273E+01  0.00000000E+00  0.00000000E+00  0.00000000E+00  0.00000000E+00  0.00000000E+00  0.00000000E+00  0.00000000E+00  0.00000000E+00  0.00000000E+00  0.00000000E+00  0.00000000E+00  0.00000000E+00  0.00000000E+00  0.00000000E+00  0.00000000E+00  0.00000000E+00  0.00000000E+00  0.00000000E+00
-2.25610273E+01  0.00000000E+00  0.00000000E+00  0.00000000E+00  0.00000000E+00  0.00000000E+00  0.00000000E+00  0.00000000E+00  0.00000000E+00  0.00000000E+00  0.00000000E+00  0.00000000E+00  0.00000000E+00  0.00000000E+00  0.00000000E+00  0.00000000E+00  0.00000000E+00  0.00000000E+00  0.00000000E+00
-2.25430273E+01  0.00000000E+00  0.00000000E+00  0.00000000E+00  0.00000000E+00  0.00000000E+00  0.00000000E+00  0.00000000E+00  0.00000000E+00  0.00000000E+00  0.00000000E+00  0.00000000E+00  0.00000000E+00  0.00000000E+00  0.00000000E+00  0.00000000E+00  0.00000000E+00  0.00000000E+00  0.00000000E+00
-2.25260273E+01  0.00000000E+00  0.00000000E+00  0.00000000E+00  0.00000000E+00  0.00000000E+00  0.00000000E+00  0.00000000E+00  0.00000000E+00  0.00000000E+00  0.00000000E+00  0.00000000E+00  0.00000000E+00  0.00000000E+00  0.00000000E+00  0.00000000E+00  0.00000000E+00  0.00000000E+00  0.00000000E+00
-2.25080273E+01  0.00000000E+00  0.00000000E+00  0.00000000E+00  0.00000000E+00  0.00000000E+00  0.00000000E+00  0.00000000E+00  0.00000000E+00  0.00000000E+00  0.00000000E+00  0.00000000E+00  0.00000000E+00  0.00000000E+00  0.00000000E+00  0.00000000E+00  0.00000000E+00  0.00000000E+00  0.00000000E+00
-2.24910273E+01  0.00000000E+00  0.00000000E+00  0.00000000E+00  0.00000000E+00  0.00000000E+00  0.00000000E+00  0.00000000E+00  0.00000000E+00  0.00000000E+00  0.00000000E+00  0.00000000E+00  0.00000000E+00  0.00000000E+00  0.00000000E+00  0.00000000E+00  0.00000000E+00  0.00000000E+00  0.00000000E+00
-2.24730273E+01  0.00000000E+00  0.00000000E+00  0.00000000E+00  0.00000000E+00  0.00000000E+00  0.00000000E+00  0.00000000E+00  0.00000000E+00  0.00000000E+00  0.00000000E+00  0.00000000E+00  0.00000000E+00  0.00000000E+00  0.00000000E+00  0.00000000E+00  0.00000000E+00  0.00000000E+00  0.00000000E+00
-2.24560273E+01  0.00000000E+00  0.00000000E+00  0.00000000E+00  0.00000000E+00  0.00000000E+00  0.00000000E+00  0.00000000E+00  0.00000000E+00  0.00000000E+00  0.00000000E+00  0.00000000E+00  0.00000000E+00  0.00000000E+00  0.00000000E+00  0.00000000E+00  0.00000000E+00  0.00000000E+00  0.00000000E+00
-2.24380273E+01  0.00000000E+00  0.00000000E+00  0.00000000E+00  0.00000000E+00  0.00000000E+00  0.00000000E+00  0.00000000E+00  0.00000000E+00  0.00000000E+00  0.00000000E+00  0.00000000E+00  0.00000000E+00  0.00000000E+00  0.00000000E+00  0.00000000E+00  0.00000000E+00  0.00000000E+00  0.00000000E+00
-2.24210273E+01  0.00000000E+00  0.00000000E+00  0.00000000E+00  0.00000000E+00  0.00000000E+00  0.00000000E+00  0.00000000E+00  0.00000000E+00  0.00000000E+00  0.00000000E+00  0.00000000E+00  0.00000000E+00  0.00000000E+00  0.00000000E+00  0.00000000E+00  0.00000000E+00  0.00000000E+00  0.00000000E+00
-2.24030273E+01  0.00000000E+00  0.00000000E+00  0.00000000E+00  0.00000000E+00  0.00000000E+00  0.00000000E+00  0.00000000E+00  0.00000000E+00  0.00000000E+00  0.00000000E+00  0.00000000E+00  0.00000000E+00  0.00000000E+00  0.00000000E+00  0.00000000E+00  0.00000000E+00  0.00000000E+00  0.00000000E+00
-2.23860273E+01  0.00000000E+00  0.00000000E+00  0.00000000E+00  0.00000000E+00  0.00000000E+00  0.00000000E+00  0.00000000E+00  0.00000000E+00  0.00000000E+00  0.00000000E+00  0.00000000E+00  0.00000000E+00  0.00000000E+00  0.00000000E+00  0.00000000E+00  0.00000000E+00  0.00000000E+00  0.00000000E+00
-2.23680273E+01  0.00000000E+00  0.00000000E+00  0.00000000E+00  0.00000000E+00  0.00000000E+00  0.00000000E+00  0.00000000E+00  0.00000000E+00  0.00000000E+00  0.00000000E+00  0.00000000E+00  0.00000000E+00  0.00000000E+00  0.00000000E+00  0.00000000E+00  0.00000000E+00  0.00000000E+00  0.00000000E+00
-2.23510273E+01  0.00000000E+00  0.00000000E+00  0.00000000E+00  0.00000000E+00  0.00000000E+00  0.00000000E+00  0.00000000E+00  0.00000000E+00  0.00000000E+00  0.00000000E+00  0.00000000E+00  0.00000000E+00  0.00000000E+00  0.00000000E+00  0.00000000E+00  0.00000000E+00  0.00000000E+00  0.00000000E+00
-2.23330273E+01  0.00000000E+00  0.00000000E+00  0.00000000E+00  0.00000000E+00  0.00000000E+00  0.00000000E+00  0.00000000E+00  0.00000000E+00  0.00000000E+00  0.00000000E+00  0.00000000E+00  0.00000000E+00  0.00000000E+00  0.00000000E+00  0.00000000E+00  0.00000000E+00  0.00000000E+00  0.00000000E+00
-2.23160273E+01  0.00000000E+00  0.00000000E+00  0.00000000E+00  0.00000000E+00  0.00000000E+00  0.00000000E+00  0.00000000E+00  0.00000000E+00  0.00000000E+00  0.00000000E+00  0.00000000E+00  0.00000000E+00  0.00000000E+00  0.00000000E+00  0.00000000E+00  0.00000000E+00  0.00000000E+00  0.00000000E+00
-2.22990273E+01  0.00000000E+00  0.00000000E+00  0.00000000E+00  0.00000000E+00  0.00000000E+00  0.00000000E+00  0.00000000E+00  0.00000000E+00  0.00000000E+00  0.00000000E+00  0.00000000E+00  0.00000000E+00  0.00000000E+00  0.00000000E+00  0.00000000E+00  0.00000000E+00  0.00000000E+00  0.00000000E+00
-2.22810273E+01  0.00000000E+00  0.00000000E+00  0.00000000E+00  0.00000000E+00  0.00000000E+00  0.00000000E+00  0.00000000E+00  0.00000000E+00  0.00000000E+00  0.00000000E+00  0.00000000E+00  0.00000000E+00  0.00000000E+00  0.00000000E+00  0.00000000E+00  0.00000000E+00  0.00000000E+00  0.00000000E+00
-2.22640273E+01  0.00000000E+00  0.00000000E+00  0.00000000E+00  0.00000000E+00  0.00000000E+00  0.00000000E+00  0.00000000E+00  0.00000000E+00  0.00000000E+00  0.00000000E+00  0.00000000E+00  0.00000000E+00  0.00000000E+00  0.00000000E+00  0.00000000E+00  0.00000000E+00  0.00000000E+00  0.00000000E+00
-2.22460273E+01  0.00000000E+00  0.00000000E+00  0.00000000E+00  0.00000000E+00  0.00000000E+00  0.00000000E+00  0.00000000E+00  0.00000000E+00  0.00000000E+00  0.00000000E+00  0.00000000E+00  0.00000000E+00  0.00000000E+00  0.00000000E+00  0.00000000E+00  0.00000000E+00  0.00000000E+00  0.00000000E+00
-2.22290273E+01  0.00000000E+00  0.00000000E+00  0.00000000E+00  0.00000000E+00  0.00000000E+00  0.00000000E+00  0.00000000E+00  0.00000000E+00  0.00000000E+00  0.00000000E+00  0.00000000E+00  0.00000000E+00  0.00000000E+00  0.00000000E+00  0.00000000E+00  0.00000000E+00  0.00000000E+00  0.00000000E+00
-2.22110273E+01  0.00000000E+00  0.00000000E+00  0.00000000E+00  0.00000000E+00  0.00000000E+00  0.00000000E+00  0.00000000E+00  0.00000000E+00  0.00000000E+00  0.00000000E+00  0.00000000E+00  0.00000000E+00  0.00000000E+00  0.00000000E+00  0.00000000E+00  0.00000000E+00  0.00000000E+00  0.00000000E+00
-2.21940273E+01  0.00000000E+00  0.00000000E+00  0.00000000E+00  0.00000000E+00  0.00000000E+00  0.00000000E+00  0.00000000E+00  0.00000000E+00  0.00000000E+00  0.00000000E+00  0.00000000E+00  0.00000000E+00  0.00000000E+00  0.00000000E+00  0.00000000E+00  0.00000000E+00  0.00000000E+00  0.00000000E+00
-2.21760273E+01  0.00000000E+00  0.00000000E+00  0.00000000E+00  0.00000000E+00  0.00000000E+00  0.00000000E+00  0.00000000E+00  0.00000000E+00  0.00000000E+00  0.00000000E+00  0.00000000E+00  0.00000000E+00  0.00000000E+00  0.00000000E+00  0.00000000E+00  0.00000000E+00  0.00000000E+00  0.00000000E+00
-2.21590273E+01  0.00000000E+00  0.00000000E+00  0.00000000E+00  0.00000000E+00  0.00000000E+00  0.00000000E+00  0.00000000E+00  0.00000000E+00  0.00000000E+00  0.00000000E+00  0.00000000E+00  0.00000000E+00  0.00000000E+00  0.00000000E+00  0.00000000E+00  0.00000000E+00  0.00000000E+00  0.00000000E+00
-2.21410273E+01  0.00000000E+00  0.00000000E+00  0.00000000E+00  0.00000000E+00  0.00000000E+00  0.00000000E+00  0.00000000E+00  0.00000000E+00  0.00000000E+00  0.00000000E+00  0.00000000E+00  0.00000000E+00  0.00000000E+00  0.00000000E+00  0.00000000E+00  0.00000000E+00  0.00000000E+00  0.00000000E+00
-2.21240273E+01  0.00000000E+00  0.00000000E+00  0.00000000E+00  0.00000000E+00  0.00000000E+00  0.00000000E+00  0.00000000E+00  0.00000000E+00  0.00000000E+00  0.00000000E+00  0.00000000E+00  0.00000000E+00  0.00000000E+00  0.00000000E+00  0.00000000E+00  0.00000000E+00  0.00000000E+00  0.00000000E+00
-2.21060273E+01  0.00000000E+00  0.00000000E+00  0.00000000E+00  0.00000000E+00  0.00000000E+00  0.00000000E+00  0.00000000E+00  0.00000000E+00  0.00000000E+00  0.00000000E+00  0.00000000E+00  0.00000000E+00  0.00000000E+00  0.00000000E+00  0.00000000E+00  0.00000000E+00  0.00000000E+00  0.00000000E+00
-2.20890273E+01  0.00000000E+00  0.00000000E+00  0.00000000E+00  0.00000000E+00  0.00000000E+00  0.00000000E+00  0.00000000E+00  0.00000000E+00  0.00000000E+00  0.00000000E+00  0.00000000E+00  0.00000000E+00  0.00000000E+00  0.00000000E+00  0.00000000E+00  0.00000000E+00  0.00000000E+00  0.00000000E+00
-2.20710273E+01  0.00000000E+00  0.00000000E+00  0.00000000E+00  0.00000000E+00  0.00000000E+00  0.00000000E+00  0.00000000E+00  0.00000000E+00  0.00000000E+00  0.00000000E+00  0.00000000E+00  0.00000000E+00  0.00000000E+00  0.00000000E+00  0.00000000E+00  0.00000000E+00  0.00000000E+00  0.00000000E+00
-2.20540273E+01  0.00000000E+00  0.00000000E+00  0.00000000E+00  0.00000000E+00  0.00000000E+00  0.00000000E+00  0.00000000E+00  0.00000000E+00  0.00000000E+00  0.00000000E+00  0.00000000E+00  0.00000000E+00  0.00000000E+00  0.00000000E+00  0.00000000E+00  0.00000000E+00  0.00000000E+00  0.00000000E+00
-2.20360273E+01  0.00000000E+00  0.00000000E+00  0.00000000E+00  0.00000000E+00  0.00000000E+00  0.00000000E+00  0.00000000E+00  0.00000000E+00  0.00000000E+00  0.00000000E+00  0.00000000E+00  0.00000000E+00  0.00000000E+00  0.00000000E+00  0.00000000E+00  0.00000000E+00  0.00000000E+00  0.00000000E+00
-2.20190273E+01  0.00000000E+00  0.00000000E+00  0.00000000E+00  0.00000000E+00  0.00000000E+00  0.00000000E+00  0.00000000E+00  0.00000000E+00  0.00000000E+00  0.00000000E+00  0.00000000E+00  0.00000000E+00  0.00000000E+00  0.00000000E+00  0.00000000E+00  0.00000000E+00  0.00000000E+00  0.00000000E+00
-2.20010272E+01  0.00000000E+00  0.00000000E+00  0.00000000E+00  0.00000000E+00  0.00000000E+00  0.00000000E+00  0.00000000E+00  0.00000000E+00  0.00000000E+00  0.00000000E+00  0.00000000E+00  0.00000000E+00  0.00000000E+00  0.00000000E+00  0.00000000E+00  0.00000000E+00  0.00000000E+00  0.00000000E+00
-2.19840273E+01  0.00000000E+00  0.00000000E+00  0.00000000E+00  0.00000000E+00  0.00000000E+00  0.00000000E+00  0.00000000E+00  0.00000000E+00  0.00000000E+00  0.00000000E+00  0.00000000E+00  0.00000000E+00  0.00000000E+00  0.00000000E+00  0.00000000E+00  0.00000000E+00  0.00000000E+00  0.00000000E+00
-2.19660272E+01  0.00000000E+00  0.00000000E+00  0.00000000E+00  0.00000000E+00  0.00000000E+00  0.00000000E+00  0.00000000E+00  0.00000000E+00  0.00000000E+00  0.00000000E+00  0.00000000E+00  0.00000000E+00  0.00000000E+00  0.00000000E+00  0.00000000E+00  0.00000000E+00  0.00000000E+00  0.00000000E+00
-2.19490273E+01  0.00000000E+00  0.00000000E+00  0.00000000E+00  0.00000000E+00  0.00000000E+00  0.00000000E+00  0.00000000E+00  0.00000000E+00  0.00000000E+00  0.00000000E+00  0.00000000E+00  0.00000000E+00  0.00000000E+00  0.00000000E+00  0.00000000E+00  0.00000000E+00  0.00000000E+00  0.00000000E+00
-2.19310272E+01  0.00000000E+00  0.00000000E+00  0.00000000E+00  0.00000000E+00  0.00000000E+00  0.00000000E+00  0.00000000E+00  0.00000000E+00  0.00000000E+00  0.00000000E+00  0.00000000E+00  0.00000000E+00  0.00000000E+00  0.00000000E+00  0.00000000E+00  0.00000000E+00  0.00000000E+00  0.00000000E+00
-2.19140273E+01  0.00000000E+00  0.00000000E+00  0.00000000E+00  0.00000000E+00  0.00000000E+00  0.00000000E+00  0.00000000E+00  0.00000000E+00  0.00000000E+00  0.00000000E+00  0.00000000E+00  0.00000000E+00  0.00000000E+00  0.00000000E+00  0.00000000E+00  0.00000000E+00  0.00000000E+00  0.00000000E+00
-2.18960273E+01  0.00000000E+00  0.00000000E+00  0.00000000E+00  0.00000000E+00  0.00000000E+00  0.00000000E+00  0.00000000E+00  0.00000000E+00  0.00000000E+00  0.00000000E+00  0.00000000E+00  0.00000000E+00  0.00000000E+00  0.00000000E+00  0.00000000E+00  0.00000000E+00  0.00000000E+00  0.00000000E+00
-2.18790273E+01  0.00000000E+00  0.00000000E+00  0.00000000E+00  0.00000000E+00  0.00000000E+00  0.00000000E+00  0.00000000E+00  0.00000000E+00  0.00000000E+00  0.00000000E+00  0.00000000E+00  0.00000000E+00  0.00000000E+00  0.00000000E+00  0.00000000E+00  0.00000000E+00  0.00000000E+00  0.00000000E+00
-2.18610273E+01  0.00000000E+00  0.00000000E+00  0.00000000E+00  0.00000000E+00  0.00000000E+00  0.00000000E+00  0.00000000E+00  0.00000000E+00  0.00000000E+00  0.00000000E+00  0.00000000E+00  0.00000000E+00  0.00000000E+00  0.00000000E+00  0.00000000E+00  0.00000000E+00  0.00000000E+00  0.00000000E+00
-2.18440272E+01  0.00000000E+00  0.00000000E+00  0.00000000E+00  0.00000000E+00  0.00000000E+00  0.00000000E+00  0.00000000E+00  0.00000000E+00  0.00000000E+00  0.00000000E+00  0.00000000E+00  0.00000000E+00  0.00000000E+00  0.00000000E+00  0.00000000E+00  0.00000000E+00  0.00000000E+00  0.00000000E+00
-2.18270273E+01  0.00000000E+00  0.00000000E+00  0.00000000E+00  0.00000000E+00  0.00000000E+00  0.00000000E+00  0.00000000E+00  0.00000000E+00  0.00000000E+00  0.00000000E+00  0.00000000E+00  0.00000000E+00  0.00000000E+00  0.00000000E+00  0.00000000E+00  0.00000000E+00  0.00000000E+00  0.00000000E+00
-2.18090272E+01  0.00000000E+00  0.00000000E+00  0.00000000E+00  0.00000000E+00  0.00000000E+00  0.00000000E+00  0.00000000E+00  0.00000000E+00  0.00000000E+00  0.00000000E+00  0.00000000E+00  0.00000000E+00  0.00000000E+00  0.00000000E+00  0.00000000E+00  0.00000000E+00  0.00000000E+00  0.00000000E+00
-2.17920273E+01  0.00000000E+00  0.00000000E+00  0.00000000E+00  0.00000000E+00  0.00000000E+00  0.00000000E+00  0.00000000E+00  0.00000000E+00  0.00000000E+00  0.00000000E+00  0.00000000E+00  0.00000000E+00  0.00000000E+00  0.00000000E+00  0.00000000E+00  0.00000000E+00  0.00000000E+00  0.00000000E+00
-2.17740272E+01  0.00000000E+00  0.00000000E+00  0.00000000E+00  0.00000000E+00  0.00000000E+00  0.00000000E+00  0.00000000E+00  0.00000000E+00  0.00000000E+00  0.00000000E+00  0.00000000E+00  0.00000000E+00  0.00000000E+00  0.00000000E+00  0.00000000E+00  0.00000000E+00  0.00000000E+00  0.00000000E+00
-2.17570273E+01  0.00000000E+00  0.00000000E+00  0.00000000E+00  0.00000000E+00  0.00000000E+00  0.00000000E+00  0.00000000E+00  0.00000000E+00  0.00000000E+00  0.00000000E+00  0.00000000E+00  0.00000000E+00  0.00000000E+00  0.00000000E+00  0.00000000E+00  0.00000000E+00  0.00000000E+00  0.00000000E+00
-2.17390273E+01  0.00000000E+00  0.00000000E+00  0.00000000E+00  0.00000000E+00  0.00000000E+00  0.00000000E+00  0.00000000E+00  0.00000000E+00  0.00000000E+00  0.00000000E+00  0.00000000E+00  0.00000000E+00  0.00000000E+00  0.00000000E+00  0.00000000E+00  0.00000000E+00  0.00000000E+00  0.00000000E+00
-2.17220273E+01  0.00000000E+00  0.00000000E+00  0.00000000E+00  0.00000000E+00  0.00000000E+00  0.00000000E+00  0.00000000E+00  0.00000000E+00  0.00000000E+00  0.00000000E+00  0.00000000E+00  0.00000000E+00  0.00000000E+00  0.00000000E+00  0.00000000E+00  0.00000000E+00  0.00000000E+00  0.00000000E+00
-2.17040273E+01  0.00000000E+00  0.00000000E+00  0.00000000E+00  0.00000000E+00  0.00000000E+00  0.00000000E+00  0.00000000E+00  0.00000000E+00  0.00000000E+00  0.00000000E+00  0.00000000E+00  0.00000000E+00  0.00000000E+00  0.00000000E+00  0.00000000E+00  0.00000000E+00  0.00000000E+00  0.00000000E+00
-2.16870272E+01  0.00000000E+00  0.00000000E+00  0.00000000E+00  0.00000000E+00  0.00000000E+00  0.00000000E+00  0.00000000E+00  0.00000000E+00  0.00000000E+00  0.00000000E+00  0.00000000E+00  0.00000000E+00  0.00000000E+00  0.00000000E+00  0.00000000E+00  0.00000000E+00  0.00000000E+00  0.00000000E+00
-2.16690273E+01  0.00000000E+00  0.00000000E+00  0.00000000E+00  0.00000000E+00  0.00000000E+00  0.00000000E+00  0.00000000E+00  0.00000000E+00  0.00000000E+00  0.00000000E+00  0.00000000E+00  0.00000000E+00  0.00000000E+00  0.00000000E+00  0.00000000E+00  0.00000000E+00  0.00000000E+00  0.00000000E+00
-2.16520272E+01  0.00000000E+00  0.00000000E+00  0.00000000E+00  0.00000000E+00  0.00000000E+00  0.00000000E+00  0.00000000E+00  0.00000000E+00  0.00000000E+00  0.00000000E+00  0.00000000E+00  0.00000000E+00  0.00000000E+00  0.00000000E+00  0.00000000E+00  0.00000000E+00  0.00000000E+00  0.00000000E+00
-2.16340273E+01  0.00000000E+00  0.00000000E+00  0.00000000E+00  0.00000000E+00  0.00000000E+00  0.00000000E+00  0.00000000E+00  0.00000000E+00  0.00000000E+00  0.00000000E+00  0.00000000E+00  0.00000000E+00  0.00000000E+00  0.00000000E+00  0.00000000E+00  0.00000000E+00  0.00000000E+00  0.00000000E+00
-2.16170272E+01  0.00000000E+00  0.00000000E+00  0.00000000E+00  0.00000000E+00  0.00000000E+00  0.00000000E+00  0.00000000E+00  0.00000000E+00  0.00000000E+00  0.00000000E+00  0.00000000E+00  0.00000000E+00  0.00000000E+00  0.00000000E+00  0.00000000E+00  0.00000000E+00  0.00000000E+00  0.00000000E+00
-2.15990273E+01  0.00000000E+00  0.00000000E+00  0.00000000E+00  0.00000000E+00  0.00000000E+00  0.00000000E+00  0.00000000E+00  0.00000000E+00  0.00000000E+00  0.00000000E+00  0.00000000E+00  0.00000000E+00  0.00000000E+00  0.00000000E+00  0.00000000E+00  0.00000000E+00  0.00000000E+00  0.00000000E+00
-2.15820273E+01  0.00000000E+00  0.00000000E+00  0.00000000E+00  0.00000000E+00  0.00000000E+00  0.00000000E+00  0.00000000E+00  0.00000000E+00  0.00000000E+00  0.00000000E+00  0.00000000E+00  0.00000000E+00  0.00000000E+00  0.00000000E+00  0.00000000E+00  0.00000000E+00  0.00000000E+00  0.00000000E+00
-2.15640273E+01  0.00000000E+00  0.00000000E+00  0.00000000E+00  0.00000000E+00  0.00000000E+00  0.00000000E+00  0.00000000E+00  0.00000000E+00  0.00000000E+00  0.00000000E+00  0.00000000E+00  0.00000000E+00  0.00000000E+00  0.00000000E+00  0.00000000E+00  0.00000000E+00  0.00000000E+00  0.00000000E+00
-2.15470273E+01  0.00000000E+00  0.00000000E+00  0.00000000E+00  0.00000000E+00  0.00000000E+00  0.00000000E+00  0.00000000E+00  0.00000000E+00  0.00000000E+00  0.00000000E+00  0.00000000E+00  0.00000000E+00  0.00000000E+00  0.00000000E+00  0.00000000E+00  0.00000000E+00  0.00000000E+00  0.00000000E+00
-2.15290273E+01  0.00000000E+00  0.00000000E+00  0.00000000E+00  0.00000000E+00  0.00000000E+00  0.00000000E+00  0.00000000E+00  0.00000000E+00  0.00000000E+00  0.00000000E+00  0.00000000E+00  0.00000000E+00  0.00000000E+00  0.00000000E+00  0.00000000E+00  0.00000000E+00  0.00000000E+00  0.00000000E+00
-2.15120273E+01  0.00000000E+00  0.00000000E+00  0.00000000E+00  0.00000000E+00  0.00000000E+00  0.00000000E+00  0.00000000E+00  0.00000000E+00  0.00000000E+00  0.00000000E+00  0.00000000E+00  0.00000000E+00  0.00000000E+00  0.00000000E+00  0.00000000E+00  0.00000000E+00  0.00000000E+00  0.00000000E+00
-2.14940273E+01  0.00000000E+00  0.00000000E+00  0.00000000E+00  0.00000000E+00  0.00000000E+00  0.00000000E+00  0.00000000E+00  0.00000000E+00  0.00000000E+00  0.00000000E+00  0.00000000E+00  0.00000000E+00  0.00000000E+00  0.00000000E+00  0.00000000E+00  0.00000000E+00  0.00000000E+00  0.00000000E+00
-2.14770273E+01  0.00000000E+00  0.00000000E+00  0.00000000E+00  0.00000000E+00  0.00000000E+00  0.00000000E+00  0.00000000E+00  0.00000000E+00  0.00000000E+00  0.00000000E+00  0.00000000E+00  0.00000000E+00  0.00000000E+00  0.00000000E+00  0.00000000E+00  0.00000000E+00  0.00000000E+00  0.00000000E+00
-2.14590273E+01  0.00000000E+00  0.00000000E+00  0.00000000E+00  0.00000000E+00  0.00000000E+00  0.00000000E+00  0.00000000E+00  0.00000000E+00  0.00000000E+00  0.00000000E+00  0.00000000E+00  0.00000000E+00  0.00000000E+00  0.00000000E+00  0.00000000E+00  0.00000000E+00  0.00000000E+00  0.00000000E+00
-2.14420273E+01  0.00000000E+00  0.00000000E+00  0.00000000E+00  0.00000000E+00  0.00000000E+00  0.00000000E+00  0.00000000E+00  0.00000000E+00  0.00000000E+00  0.00000000E+00  0.00000000E+00  0.00000000E+00  0.00000000E+00  0.00000000E+00  0.00000000E+00  0.00000000E+00  0.00000000E+00  0.00000000E+00
-2.14240273E+01  0.00000000E+00  0.00000000E+00  0.00000000E+00  0.00000000E+00  0.00000000E+00  0.00000000E+00  0.00000000E+00  0.00000000E+00  0.00000000E+00  0.00000000E+00  0.00000000E+00  0.00000000E+00  0.00000000E+00  0.00000000E+00  0.00000000E+00  0.00000000E+00  0.00000000E+00  0.00000000E+00
-2.14070273E+01  0.00000000E+00  0.00000000E+00  0.00000000E+00  0.00000000E+00  0.00000000E+00  0.00000000E+00  0.00000000E+00  0.00000000E+00  0.00000000E+00  0.00000000E+00  0.00000000E+00  0.00000000E+00  0.00000000E+00  0.00000000E+00  0.00000000E+00  0.00000000E+00  0.00000000E+00  0.00000000E+00
-2.13890273E+01  0.00000000E+00  0.00000000E+00  0.00000000E+00  0.00000000E+00  0.00000000E+00  0.00000000E+00  0.00000000E+00  0.00000000E+00  0.00000000E+00  0.00000000E+00  0.00000000E+00  0.00000000E+00  0.00000000E+00  0.00000000E+00  0.00000000E+00  0.00000000E+00  0.00000000E+00  0.00000000E+00
-2.13720273E+01  0.00000000E+00  0.00000000E+00  0.00000000E+00  0.00000000E+00  0.00000000E+00  0.00000000E+00  0.00000000E+00  0.00000000E+00  0.00000000E+00  0.00000000E+00  0.00000000E+00  0.00000000E+00  0.00000000E+00  0.00000000E+00  0.00000000E+00  0.00000000E+00  0.00000000E+00  0.00000000E+00
-2.13550273E+01  0.00000000E+00  0.00000000E+00  0.00000000E+00  0.00000000E+00  0.00000000E+00  0.00000000E+00  0.00000000E+00  0.00000000E+00  0.00000000E+00  0.00000000E+00  0.00000000E+00  0.00000000E+00  0.00000000E+00  0.00000000E+00  0.00000000E+00  0.00000000E+00  0.00000000E+00  0.00000000E+00
-2.13370273E+01  0.00000000E+00  0.00000000E+00  0.00000000E+00  0.00000000E+00  0.00000000E+00  0.00000000E+00  0.00000000E+00  0.00000000E+00  0.00000000E+00  0.00000000E+00  0.00000000E+00  0.00000000E+00  0.00000000E+00  0.00000000E+00  0.00000000E+00  0.00000000E+00  0.00000000E+00  0.00000000E+00
-2.13200273E+01  0.00000000E+00  0.00000000E+00  0.00000000E+00  0.00000000E+00  0.00000000E+00  0.00000000E+00  0.00000000E+00  0.00000000E+00  0.00000000E+00  0.00000000E+00  0.00000000E+00  0.00000000E+00  0.00000000E+00  0.00000000E+00  0.00000000E+00  0.00000000E+00  0.00000000E+00  0.00000000E+00
-2.13020273E+01  8.32500000E-20  0.00000000E+00  1.78500000E-23  0.00000000E+00  2.16700000E-24  0.00000000E+00  8.46400000E-22  0.00000000E+00  0.00000000E+00  0.00000000E+00  0.00000000E+00  0.00000000E+00  0.00000000E+00  0.00000000E+00  0.00000000E+00  0.00000000E+00  0.00000000E+00  0.00000000E+00
-2.12850273E+01  6.79200000E-18  0.00000000E+00  5.56700000E-20  0.00000000E+00  2.98700000E-22  0.00000000E+00  1.26400000E-19  0.00000000E+00  0.00000000E+00  0.00000000E+00  0.00000000E+00  0.00000000E+00  0.00000000E+00  0.00000000E+00  0.00000000E+00  0.00000000E+00  0.00000000E+00  0.00000000E+00
-2.12670273E+01  3.29800000E-16  0.00000000E+00  3.16200000E-18  0.00000000E+00  1.54900000E-20  0.00000000E+00  6.59200000E-18  0.00000000E+00  0.00000000E+00  0.00000000E+00  0.00000000E+00  0.00000000E+00  0.00000000E+00  0.00000000E+00  0.00000000E+00  0.00000000E+00  0.00000000E+00  0.00000000E+00
-2.12500273E+01  1.24900000E-14  8.86100000E-19  1.30800000E-16  4.71800000E-21  6.11300000E-19  3.13900000E-23  2.61200000E-16  1.32700000E-20  0.00000000E+00  0.00000000E+00  0.00000000E+00  0.00000000E+00  0.00000000E+00  0.00000000E+00  0.00000000E+00  0.00000000E+00  0.00000000E+00  0.00000000E+00
-2.12320273E+01  3.73500000E-13  4.99600000E-17  4.28400000E-15  3.96800000E-19  1.91000000E-17  2.06700000E-21  8.19600000E-15  8.91500000E-19  0.00000000E+00  0.00000000E+00  0.00000000E+00  0.00000000E+00  0.00000000E+00  0.00000000E+00  0.00000000E+00  0.00000000E+00  0.00000000E+00  0.00000000E+00
-2.12150273E+01  8.81300000E-12  2.13000000E-15  1.10900000E-13  1.84300000E-17  4.72500000E-16  9.14800000E-20  2.03600000E-13  3.96000000E-17  0.00000000E+00  0.00000000E+00  0.00000000E+00  0.00000000E+00  0.00000000E+00  0.00000000E+00  0.00000000E+00  0.00000000E+00  0.00000000E+00  0.00000000E+00
-2.11970273E+01  1.64200000E-10  7.17100000E-14  2.27100000E-12  6.82200000E-16  9.25600000E-15  3.21500000E-18  4.00400000E-12  1.39700000E-15  0.00000000E+00  0.00000000E+00  0.00000000E+00  0.00000000E+00  0.00000000E+00  0.00000000E+00  0.00000000E+00  0.00000000E+00  0.00000000E+00  0.00000000E+00
-2.11800273E+01  2.41800000E-09  1.90500000E-12  3.67800000E-11  1.99700000E-14  1.43700000E-13  8.94400000E-17  6.24100000E-11  3.90300000E-14  0.00000000E+00  0.00000000E+00  0.00000000E+00  0.00000000E+00  0.00000000E+00  0.00000000E+00  0.00000000E+00  0.00000000E+00  0.00000000E+00  0.00000000E+00
-2.11620273E+01  2.81500000E-08  3.99600000E-11  4.71300000E-10  4.62500000E-13  1.76800000E-12  1.97200000E-15  7.71000000E-10  8.63900000E-13  0.00000000E+00  0.00000000E+00  0.00000000E+00  0.00000000E+00  0.00000000E+00  0.00000000E+00  0.00000000E+00  0.00000000E+00  0.00000000E+00  0.00000000E+00
-2.11450273E+01  2.59200000E-07  6.62600000E-10  4.77800000E-09  8.48000000E-12  1.72400000E-11  3.44700000E-14  7.55100000E-09  1.51600000E-11  0.00000000E+00  0.00000000E+00  0.00000000E+00  0.00000000E+00  0.00000000E+00  0.00000000E+00  0.00000000E+00  0.00000000E+00  0.00000000E+00  0.00000000E+00
-2.11270273E+01  1.89000000E-06  8.68500000E-09  3.83400000E-08  1.23100000E-10  1.33400000E-10  4.78000000E-13  5.86400000E-08  2.11200000E-10  0.00000000E+00  0.00000000E+00  0.00000000E+00  0.00000000E+00  0.00000000E+00  0.00000000E+00  0.00000000E+00  0.00000000E+00  0.00000000E+00  0.00000000E+00
-2.11100273E+01  1.09100000E-05  9.00900000E-08  2.43400000E-07  1.41600000E-09  8.18900000E-10  5.26200000E-12  3.61200000E-07  2.33400000E-09  0.00000000E+00  0.00000000E+00  0.00000000E+00  0.00000000E+00  0.00000000E+00  0.00000000E+00  0.00000000E+00  0.00000000E+00  0.00000000E+00  0.00000000E+00
-2.10920273E+01  4.99400000E-05  7.39900000E-07  1.22300000E-06  1.29100000E-08  3.98700000E-09  4.59900000E-11  1.76400000E-06  2.04800000E-08  0.00000000E+00  0.00000000E+00  0.00000000E+00  0.00000000E+00  0.00000000E+00  0.00000000E+00  0.00000000E+00  0.00000000E+00  0.00000000E+00  0.00000000E+00
-2.10750273E+01  1.81200000E-04  4.81500000E-06  4.86200000E-06  9.31900000E-08  1.54000000E-08  3.19300000E-10  6.83400000E-06  1.42700000E-07  0.00000000E+00  0.00000000E+00  0.00000000E+00  0.00000000E+00  0.00000000E+00  0.00000000E+00  0.00000000E+00  0.00000000E+00  0.00000000E+00  0.00000000E+00
-2.10570273E+01  5.21800000E-04  2.48500000E-05  1.52900000E-05  5.33000000E-07  4.71600000E-08  1.76100000E-09  2.09900000E-05  7.89700000E-07  0.00000000E+00  0.00000000E+00  0.00000000E+00  0.00000000E+00  0.00000000E+00  0.00000000E+00  0.00000000E+00  0.00000000E+00  0.00000000E+00  0.00000000E+00
-2.10400273E+01  1.19200000E-03  1.01800000E-04  3.80300000E-05  2.41500000E-06  1.14500000E-07  7.71400000E-09  5.10900000E-05  3.47100000E-06  0.00000000E+00  0.00000000E+00  0.00000000E+00  0.00000000E+00  0.00000000E+00  0.00000000E+00  0.00000000E+00  0.00000000E+00  0.00000000E+00  0.00000000E+00
-2.10220273E+01  2.16300000E-03  3.30800000E-04  7.48000000E-05  8.66400000E-06  2.20400000E-07  2.68400000E-08  9.85600000E-05  1.21100000E-05  0.00000000E+00  0.00000000E+00  0.00000000E+00  0.00000000E+00  0.00000000E+00  0.00000000E+00  0.00000000E+00  0.00000000E+00  0.00000000E+00  0.00000000E+00
-2.10050273E+01  3.11700000E-03  8.54600000E-04  1.16300000E-04  2.46100000E-05  3.36100000E-07  7.41700000E-08  1.50600000E-04  3.35600000E-05  0.00000000E+00  0.00000000E+00  0.00000000E+00  0.00000000E+00  0.00000000E+00  0.00000000E+00  0.00000000E+00  0.00000000E+00  0.00000000E+00  0.00000000E+00
-2.09870273E+01  3.56600000E-03  1.75500000E-03  1.42900000E-04  5.53600000E-05  4.06000000E-07  1.62700000E-07  1.82200000E-04  7.37900000E-05  0.00000000E+00  0.00000000E+00  0.00000000E+00  0.00000000E+00  0.00000000E+00  0.00000000E+00  0.00000000E+00  0.00000000E+00  0.00000000E+00  0.00000000E+00
-2.09700273E+01  3.24000000E-03  2.86400000E-03  1.38800000E-04  9.85200000E-05  3.88300000E-07  2.83100000E-07  1.74500000E-04  1.28700000E-04  0.00000000E+00  0.00000000E+00  0.00000000E+00  0.00000000E+00  0.00000000E+00  0.00000000E+00  0.00000000E+00  0.00000000E+00  0.00000000E+00  0.00000000E+00
-2.09520273E+01  2.33700000E-03  3.71800000E-03  1.06500000E-04  1.38700000E-04  2.93800000E-07  3.90800000E-07  1.32200000E-04  1.77900000E-04  0.00000000E+00  0.00000000E+00  0.00000000E+00  0.00000000E+00  0.00000000E+00  0.00000000E+00  0.00000000E+00  0.00000000E+00  0.00000000E+00  0.00000000E+00
-2.09350273E+01  1.33800000E-03  3.83900000E-03  6.45000000E-05  1.54400000E-04  1.75900000E-07  4.27500000E-07  7.91900000E-05  1.94900000E-04  0.00000000E+00  0.00000000E+00  0.00000000E+00  0.00000000E+00  0.00000000E+00  0.00000000E+00  0.00000000E+00  0.00000000E+00  0.00000000E+00  0.00000000E+00
-2.09170273E+01  6.07800000E-04  3.15100000E-03  3.08400000E-05  1.35900000E-04  8.32100000E-08  3.70500000E-07  3.75000000E-05  1.69200000E-04  0.00000000E+00  0.00000000E+00  0.00000000E+00  0.00000000E+00  0.00000000E+00  0.00000000E+00  0.00000000E+00  0.00000000E+00  0.00000000E+00  0.00000000E+00
-2.09000273E+01  2.18900000E-04  2.05600000E-03  1.16400000E-05  9.45400000E-05  3.11100000E-08  2.54300000E-07  1.40300000E-05  1.16200000E-04  0.00000000E+00  0.00000000E+00  0.00000000E+00  0.00000000E+00  0.00000000E+00  0.00000000E+00  0.00000000E+00  0.00000000E+00  0.00000000E+00  0.00000000E+00
-2.08830273E+01  6.24800000E-05  1.06600000E-03  3.46500000E-06  5.19400000E-05  9.18700000E-09  1.38100000E-07  4.14400000E-06  6.31400000E-05  0.00000000E+00  0.00000000E+00  0.00000000E+00  0.00000000E+00  0.00000000E+00  0.00000000E+00  0.00000000E+00  0.00000000E+00  0.00000000E+00  0.00000000E+00
-2.08650273E+01  1.41200000E-05  4.38900000E-04  8.13800000E-07  2.25400000E-05  2.14200000E-09  5.92800000E-08  9.66300000E-07  2.71300000E-05  0.00000000E+00  0.00000000E+00  0.00000000E+00  0.00000000E+00  0.00000000E+00  0.00000000E+00  0.00000000E+00  0.00000000E+00  0.00000000E+00  0.00000000E+00
-2.08480273E+01  2.52700000E-06  1.43400000E-04  1.50700000E-07  7.71800000E-06  3.94000000E-10  2.01200000E-08  1.77800000E-07  9.21200000E-06  0.00000000E+00  0.00000000E+00  0.00000000E+00  0.00000000E+00  0.00000000E+00  0.00000000E+00  0.00000000E+00  0.00000000E+00  0.00000000E+00  0.00000000E+00
-2.08300273E+01  3.57700000E-07  3.71600000E-05  2.19900000E-08  2.08600000E-06  5.71800000E-11  5.39500000E-09  2.58100000E-08  2.47100000E-06  0.00000000E+00  0.00000000E+00  0.00000000E+00  0.00000000E+00  0.00000000E+00  0.00000000E+00  0.00000000E+00  0.00000000E+00  0.00000000E+00  0.00000000E+00
-2.08130273E+01  4.08600000E-08  7.62800000E-06  2.55300000E-09  4.44700000E-07  6.57400000E-12  1.14200000E-09  3.00600000E-09  5.23200000E-07  0.00000000E+00  0.00000000E+00  0.00000000E+00  0.00000000E+00  0.00000000E+00  0.00000000E+00  0.00000000E+00  0.00000000E+00  0.00000000E+00  0.00000000E+00
-2.07950273E+01  1.41500000E-08  1.24000000E-06  5.39600000E-10  7.47500000E-08  9.99000000E-13  1.90800000E-10  9.38800000E-10  8.74200000E-08  0.00000000E+00  0.00000000E+00  0.00000000E+00  0.00000000E+00  0.00000000E+00  0.00000000E+00  0.00000000E+00  0.00000000E+00  0.00000000E+00  0.00000000E+00
-2.07780273E+01  1.04900000E-07  1.61200000E-07  3.13200000E-09  9.95200000E-09  4.09700000E-12  2.52100000E-11  6.68500000E-09  1.16300000E-08  0.00000000E+00  0.00000000E+00  0.00000000E+00  0.00000000E+00  0.00000000E+00  0.00000000E+00  0.00000000E+00  0.00000000E+00  0.00000000E+00  0.00000000E+00
-2.07600273E+01  8.14800000E-07  3.62900000E-08  2.47600000E-08  1.60700000E-09  3.17800000E-11  3.36600000E-12  5.22300000E-08  2.43700000E-09  0.00000000E+00  0.00000000E+00  0.00000000E+00  0.00000000E+00  0.00000000E+00  0.00000000E+00  0.00000000E+00  0.00000000E+00  0.00000000E+00  0.00000000E+00
-2.07430273E+01  5.01500000E-06  1.87900000E-07  1.56100000E-07  5.51100000E-09  1.97100000E-10  7.25100000E-12  3.24000000E-07  1.16900000E-08  0.00000000E+00  0.00000000E+00  0.00000000E+00  0.00000000E+00  0.00000000E+00  0.00000000E+00  0.00000000E+00  0.00000000E+00  0.00000000E+00  0.00000000E+00
-2.07250273E+01  2.44200000E-05  1.37100000E-06  7.82300000E-07  4.07200000E-08  9.69200000E-10  5.20500000E-11  1.59300000E-06  8.57100000E-08  0.00000000E+00  0.00000000E+00  0.00000000E+00  0.00000000E+00  0.00000000E+00  0.00000000E+00  0.00000000E+00  0.00000000E+00  0.00000000E+00  0.00000000E+00
-2.07080273E+01  9.42400000E-05  7.96600000E-06  3.12000000E-06  2.42600000E-07  3.78700000E-09  3.04800000E-10  6.22100000E-06  5.01900000E-07  0.00000000E+00  0.00000000E+00  0.00000000E+00  0.00000000E+00  0.00000000E+00  0.00000000E+00  0.00000000E+00  0.00000000E+00  0.00000000E+00  0.00000000E+00
-2.06900272E+01  2.88400000E-04  3.66400000E-05  9.91700000E-06  1.14900000E-06  1.17800000E-08  1.41600000E-09  1.93300000E-05  2.33200000E-06  0.00000000E+00  0.00000000E+00  0.00000000E+00  0.00000000E+00  0.00000000E+00  0.00000000E+00  0.00000000E+00  0.00000000E+00  0.00000000E+00  0.00000000E+00
-2.06730273E+01  7.01200000E-04  1.33600000E-04  2.51600000E-05  4.33900000E-06  2.92500000E-08  5.23100000E-09  4.78600000E-05  8.61200000E-06  0.00000000E+00  0.00000000E+00  0.00000000E+00  0.00000000E+00  0.00000000E+00  0.00000000E+00  0.00000000E+00  0.00000000E+00  0.00000000E+00  0.00000000E+00
-2.06550272E+01  1.35600000E-03  3.86800000E-04  5.10500000E-05  1.30700000E-05  5.80900000E-08  1.54000000E-08  9.46800000E-05  2.53200000E-05  0.00000000E+00  0.00000000E+00  0.00000000E+00  0.00000000E+00  0.00000000E+00  0.00000000E+00  0.00000000E+00  0.00000000E+00  0.00000000E+00  0.00000000E+00
-2.06380273E+01  2.08700000E-03  8.90200000E-04  8.28800000E-05  3.15000000E-05  9.25200000E-08  3.62400000E-08  1.49900000E-04  5.94500000E-05  0.00000000E+00  0.00000000E+00  0.00000000E+00  0.00000000E+00  0.00000000E+00  0.00000000E+00  0.00000000E+00  0.00000000E+00  0.00000000E+00  0.00000000E+00
-2.06200272E+01  2.56200000E-03  1.63100000E-03  1.07800000E-04  6.07600000E-05  1.18400000E-07  6.83200000E-08  1.90300000E-04  1.11600000E-04  0.00000000E+00  0.00000000E+00  0.00000000E+00  0.00000000E+00  0.00000000E+00  0.00000000E+00  0.00000000E+00  0.00000000E+00  0.00000000E+00  0.00000000E+00
-2.06030273E+01  2.51000000E-03  2.38300000E-03  1.12300000E-04  9.39700000E-05  1.21900000E-07  1.03500000E-07  1.93900000E-04  1.68100000E-04  0.00000000E+00  0.00000000E+00  0.00000000E+00  0.00000000E+00  0.00000000E+00  0.00000000E+00  0.00000000E+00  0.00000000E+00  0.00000000E+00  0.00000000E+00
-2.05850272E+01  1.96500000E-03  2.78100000E-03  9.37700000E-05  1.16600000E-04  1.01200000E-07  1.26300000E-07  1.58900000E-04  2.03400000E-04  0.00000000E+00  0.00000000E+00  0.00000000E+00  0.00000000E+00  0.00000000E+00  0.00000000E+00  0.00000000E+00  0.00000000E+00  0.00000000E+00  0.00000000E+00
-2.05680273E+01  1.22900000E-03  2.59400000E-03  6.27300000E-05  1.16200000E-04  6.77000000E-08  1.24400000E-07  1.04700000E-04  1.98100000E-04  0.00000000E+00  0.00000000E+00  0.00000000E+00  0.00000000E+00  0.00000000E+00  0.00000000E+00  0.00000000E+00  0.00000000E+00  0.00000000E+00  0.00000000E+00
-2.05500273E+01  6.15000000E-04  1.93600000E-03  3.36100000E-05  9.29100000E-05  3.64700000E-08  9.89200000E-08  5.54400000E-05  1.55400000E-04  0.00000000E+00  0.00000000E+00  0.00000000E+00  0.00000000E+00  0.00000000E+00  0.00000000E+00  0.00000000E+00  0.00000000E+00  0.00000000E+00  0.00000000E+00
-2.05330272E+01  2.45900000E-04  1.15700000E-03  1.44000000E-05  5.96300000E-05  1.58100000E-08  6.35600000E-08  2.36000000E-05  9.82200000E-05  0.00000000E+00  0.00000000E+00  0.00000000E+00  0.00000000E+00  0.00000000E+00  0.00000000E+00  0.00000000E+00  0.00000000E+00  0.00000000E+00  0.00000000E+00
-2.05150273E+01  7.86100000E-05  5.53700000E-04  4.93300000E-06  3.06800000E-05  5.50500000E-09  3.29700000E-08  8.05900000E-06  5.00200000E-05  0.00000000E+00  0.00000000E+00  0.00000000E+00  0.00000000E+00  0.00000000E+00  0.00000000E+00  0.00000000E+00  0.00000000E+00  0.00000000E+00  0.00000000E+00
-2.04980272E+01  2.01200000E-05  2.12200000E-04  1.34900000E-06  1.26500000E-05  1.53800000E-09  1.37800000E-08  2.20600000E-06  2.05000000E-05  0.00000000E+00  0.00000000E+00  0.00000000E+00  0.00000000E+00  0.00000000E+00  0.00000000E+00  0.00000000E+00  0.00000000E+00  0.00000000E+00  0.00000000E+00
-2.04800273E+01  4.61300000E-06  6.51100000E-05  2.96400000E-07  4.17100000E-06  3.55100000E-10  4.63300000E-09  4.88500000E-07  6.75400000E-06  0.00000000E+00  0.00000000E+00  0.00000000E+00  0.00000000E+00  0.00000000E+00  0.00000000E+00  0.00000000E+00  0.00000000E+00  0.00000000E+00  0.00000000E+00
-2.04630272E+01  4.59700000E-06  1.63600000E-05  6.92700000E-08  1.10100000E-06  1.54800000E-10  1.25800000E-09  1.26400000E-07  1.78900000E-06  0.00000000E+00  0.00000000E+00  0.00000000E+00  0.00000000E+00  0.00000000E+00  0.00000000E+00  0.00000000E+00  0.00000000E+00  0.00000000E+00  0.00000000E+00
-2.04460273E+01  2.34400000E-05  6.24200000E-06  1.28700000E-07  2.44600000E-07  5.89300000E-10  3.39500000E-10  2.70700000E-07  4.09600000E-07  0.00000000E+00  0.00000000E+00  0.00000000E+00  0.00000000E+00  0.00000000E+00  0.00000000E+00  0.00000000E+00  0.00000000E+00  0.00000000E+00  0.00000000E+00
-2.04280272E+01  1.10500000E-04  1.95500000E-05  6.67100000E-07  1.30600000E-07  2.91100000E-09  4.90100000E-10  1.29400000E-06  2.66800000E-07  0.00000000E+00  0.00000000E+00  0.00000000E+00  0.00000000E+00  0.00000000E+00  0.00000000E+00  0.00000000E+00  0.00000000E+00  0.00000000E+00  0.00000000E+00
-2.04110273E+01  4.18400000E-04  9.28800000E-05  2.99700000E-06  5.19400000E-07  1.18800000E-08  2.28500000E-09  5.25400000E-06  1.04600000E-06  0.00000000E+00  0.00000000E+00  0.00000000E+00  0.00000000E+00  0.00000000E+00  0.00000000E+00  0.00000000E+00  0.00000000E+00  0.00000000E+00  0.00000000E+00
-2.03930273E+01  1.27500000E-03  3.61400000E-04  1.11000000E-05  2.36800000E-06  3.97900000E-08  9.52600000E-09  1.75100000E-05  4.31600000E-06  0.00000000E+00  0.00000000E+00  0.00000000E+00  0.00000000E+00  0.00000000E+00  0.00000000E+00  0.00000000E+00  0.00000000E+00  0.00000000E+00  0.00000000E+00
-2.03760272E+01  3.14700000E-03  1.13200000E-03  3.38500000E-05  8.99200000E-06  1.10100000E-07  3.26800000E-08  4.82100000E-05  1.47100000E-05  0.00000000E+00  0.00000000E+00  0.00000000E+00  0.00000000E+00  0.00000000E+00  0.00000000E+00  0.00000000E+00  0.00000000E+00  0.00000000E+00  0.00000000E+00
-2.03580273E+01  6.33000000E-03  2.86900000E-03  8.50600000E-05  2.82300000E-05  2.53300000E-07  9.27600000E-08  1.10200000E-04  4.14700000E-05  0.00000000E+00  0.00000000E+00  0.00000000E+00  0.00000000E+00  0.00000000E+00  0.00000000E+00  0.00000000E+00  0.00000000E+00  0.00000000E+00  0.00000000E+00
-2.03410272E+01  1.04400000E-02  5.93000000E-03  1.75700000E-04  7.32400000E-05  4.85100000E-07  2.19200000E-07  2.10000000E-04  9.73000000E-05  0.00000000E+00  0.00000000E+00  0.00000000E+00  0.00000000E+00  0.00000000E+00  0.00000000E+00  0.00000000E+00  0.00000000E+00  0.00000000E+00  0.00000000E+00
-2.03230273E+01  1.42000000E-02  1.00700000E-02  2.97600000E-04  1.56800000E-04  7.72800000E-07  4.32900000E-07  3.33000000E-04  1.90800000E-04  0.00000000E+00  0.00000000E+00  0.00000000E+00  0.00000000E+00  0.00000000E+00  0.00000000E+00  0.00000000E+00  0.00000000E+00  0.00000000E+00  0.00000000E+00
-2.03060272E+01  1.59800000E-02  1.41100000E-02  4.12100000E-04  2.76300000E-04  1.02100000E-06  7.14300000E-07  4.38400000E-04  3.12900000E-04  0.00000000E+00  0.00000000E+00  0.00000000E+00  0.00000000E+00  0.00000000E+00  0.00000000E+00  0.00000000E+00  0.00000000E+00  0.00000000E+00  0.00000000E+00
-2.02880273E+01  1.48600000E-02  1.64100000E-02  4.65300000E-04  3.99400000E-04  1.11300000E-06  9.81800000E-07  4.76700000E-04  4.28000000E-04  0.00000000E+00  0.00000000E+00  0.00000000E+00  0.00000000E+00  0.00000000E+00  0.00000000E+00  0.00000000E+00  0.00000000E+00  0.00000000E+00  0.00000000E+00
-2.02710273E+01  1.14200000E-02  1.58500000E-02  4.26800000E-04  4.72300000E-04  9.95700000E-07  1.11800000E-06  4.25800000E-04  4.85700000E-04  0.00000000E+00  0.00000000E+00  0.00000000E+00  0.00000000E+00  0.00000000E+00  0.00000000E+00  0.00000000E+00  0.00000000E+00  0.00000000E+00  0.00000000E+00
-2.02530273E+01  7.22500000E-03  1.26900000E-02  3.17200000E-04  4.55100000E-04  7.27000000E-07  1.05000000E-06  3.10700000E-04  4.54700000E-04  0.00000000E+00  0.00000000E+00  0.00000000E+00  0.00000000E+00  0.00000000E+00  0.00000000E+00  0.00000000E+00  0.00000000E+00  0.00000000E+00  0.00000000E+00
-2.02360273E+01  3.74500000E-03  8.39300000E-03  1.90300000E-04  3.56200000E-04  4.31000000E-07  8.06800000E-07  1.84200000E-04  3.49000000E-04  0.00000000E+00  0.00000000E+00  0.00000000E+00  0.00000000E+00  0.00000000E+00  0.00000000E+00  0.00000000E+00  0.00000000E+00  0.00000000E+00  0.00000000E+00
-2.02180273E+01  1.58500000E-03  4.56500000E-03  9.19500000E-05  2.25700000E-04  2.06600000E-07  5.05000000E-07  8.83700000E-05  2.18300000E-04  0.00000000E+00  0.00000000E+00  0.00000000E+00  0.00000000E+00  0.00000000E+00  0.00000000E+00  0.00000000E+00  0.00000000E+00  0.00000000E+00  0.00000000E+00
-2.02010273E+01  5.49100000E-04  2.03200000E-03  3.58300000E-05  1.15300000E-04  7.98700000E-08  2.56100000E-07  3.44100000E-05  1.10700000E-04  0.00000000E+00  0.00000000E+00  0.00000000E+00  0.00000000E+00  0.00000000E+00  0.00000000E+00  0.00000000E+00  0.00000000E+00  0.00000000E+00  0.00000000E+00
-2.01830273E+01  1.79400000E-04  7.38400000E-04  1.20900000E-05  4.74800000E-05  2.55000000E-08  1.04900000E-07  1.22100000E-05  4.54400000E-05  0.00000000E+00  0.00000000E+00  0.00000000E+00  0.00000000E+00  0.00000000E+00  0.00000000E+00  0.00000000E+00  0.00000000E+00  0.00000000E+00  0.00000000E+00
-2.01660273E+01  1.59500000E-04  2.29300000E-04  7.32100000E-06  1.60900000E-05  9.82600000E-09  3.48300000E-08  1.00100000E-05  1.56500000E-05  0.00000000E+00  0.00000000E+00  0.00000000E+00  0.00000000E+00  0.00000000E+00  0.00000000E+00  0.00000000E+00  0.00000000E+00  0.00000000E+00  0.00000000E+00
-2.01480273E+01  4.48800000E-04  1.16500000E-04  1.68700000E-05  6.44900000E-06  1.47300000E-08  1.09200000E-08  2.70400000E-05  7.66200000E-06  0.00000000E+00  0.00000000E+00  0.00000000E+00  0.00000000E+00  0.00000000E+00  0.00000000E+00  0.00000000E+00  0.00000000E+00  0.00000000E+00  0.00000000E+00
-2.01310273E+01  1.23500000E-03  2.67800000E-04  4.63100000E-05  1.01800000E-05  3.94900000E-08  9.40400000E-09  7.56900000E-05  1.58200000E-05  0.00000000E+00  0.00000000E+00  0.00000000E+00  0.00000000E+00  0.00000000E+00  0.00000000E+00  0.00000000E+00  0.00000000E+00  0.00000000E+00  0.00000000E+00
-2.01130273E+01  2.72200000E-03  8.09300000E-04  1.04000000E-04  2.97300000E-05  9.12400000E-08  2.46800000E-08  1.71500000E-04  4.80300000E-05  0.00000000E+00  0.00000000E+00  0.00000000E+00  0.00000000E+00  0.00000000E+00  0.00000000E+00  0.00000000E+00  0.00000000E+00  0.00000000E+00  0.00000000E+00
-2.00960273E+01  4.76000000E-03  2.00200000E-03  1.86100000E-04  7.46400000E-05  1.69400000E-07  6.32600000E-08  3.10300000E-04  1.21700000E-04  0.00000000E+00  0.00000000E+00  0.00000000E+00  0.00000000E+00  0.00000000E+00  0.00000000E+00  0.00000000E+00  0.00000000E+00  0.00000000E+00  0.00000000E+00
-2.00780273E+01  6.60400000E-03  3.93100000E-03  2.65800000E-04  1.49700000E-04  2.52500000E-07  1.31300000E-07  4.48700000E-04  2.46300000E-04  0.00000000E+00  0.00000000E+00  0.00000000E+00  0.00000000E+00  0.00000000E+00  0.00000000E+00  0.00000000E+00  0.00000000E+00  0.00000000E+00  0.00000000E+00
-2.00610273E+01  7.27900000E-03  6.12500000E-03  3.03400000E-04  2.39500000E-04  3.02800000E-07  2.18700000E-07  5.20100000E-04  3.98600000E-04  0.00000000E+00  0.00000000E+00  0.00000000E+00  0.00000000E+00  0.00000000E+00  0.00000000E+00  0.00000000E+00  0.00000000E+00  0.00000000E+00  0.00000000E+00
-2.00430273E+01  6.38300000E-03  7.58300000E-03  2.77500000E-04  3.06300000E-04  2.92800000E-07  2.93200000E-07  4.84700000E-04  5.17000000E-04  0.00000000E+00  0.00000000E+00  0.00000000E+00  0.00000000E+00  0.00000000E+00  0.00000000E+00  0.00000000E+00  0.00000000E+00  0.00000000E+00  0.00000000E+00
-2.00260273E+01  4.46100000E-03  7.47100000E-03  2.04100000E-04  3.14000000E-04  2.28900000E-07  3.17300000E-07  3.64000000E-04  5.39200000E-04  0.00000000E+00  0.00000000E+00  0.00000000E+00  0.00000000E+00  0.00000000E+00  0.00000000E+00  0.00000000E+00  0.00000000E+00  0.00000000E+00  0.00000000E+00
-2.00080273E+01  2.48800000E-03  5.86700000E-03  1.20900000E-04  2.58800000E-04  1.44700000E-07  2.78000000E-07  2.20900000E-04  4.53600000E-04  0.00000000E+00  0.00000000E+00  0.00000000E+00  0.00000000E+00  0.00000000E+00  0.00000000E+00  0.00000000E+00  0.00000000E+00  0.00000000E+00  0.00000000E+00
-1.99910273E+01  1.10900000E-03  3.68000000E-03  5.78200000E-05  1.72000000E-04  7.40300000E-08  1.97500000E-07  1.08400000E-04  3.08800000E-04  0.00000000E+00  0.00000000E+00  0.00000000E+00  0.00000000E+00  0.00000000E+00  0.00000000E+00  0.00000000E+00  0.00000000E+00  0.00000000E+00  0.00000000E+00
-1.99740273E+01  3.96100000E-04  1.84700000E-03  2.23600000E-05  9.24200000E-05  3.06100000E-08  1.13900000E-07  4.31000000E-05  1.70400000E-04  0.00000000E+00  0.00000000E+00  0.00000000E+00  0.00000000E+00  0.00000000E+00  0.00000000E+00  0.00000000E+00  0.00000000E+00  0.00000000E+00  0.00000000E+00
-1.99560273E+01  1.13500000E-04  7.43000000E-04  6.99700000E-06  4.02500000E-05  1.02200000E-08  5.32300000E-08  1.38600000E-05  7.63300000E-05  0.00000000E+00  0.00000000E+00  0.00000000E+00  0.00000000E+00  0.00000000E+00  0.00000000E+00  0.00000000E+00  0.00000000E+00  0.00000000E+00  0.00000000E+00
-1.99390273E+01  2.61000000E-05  2.40100000E-04  1.77100000E-06  1.42200000E-05  2.74300000E-09  2.01500000E-08  3.60100000E-06  2.77600000E-05  0.00000000E+00  0.00000000E+00  0.00000000E+00  0.00000000E+00  0.00000000E+00  0.00000000E+00  0.00000000E+00  0.00000000E+00  0.00000000E+00  0.00000000E+00
-1.99210273E+01  4.83000000E-06  6.24300000E-05  3.61800000E-07  4.07400000E-06  5.91300000E-10  6.15900000E-09  7.54200000E-07  8.18300000E-06  0.00000000E+00  0.00000000E+00  0.00000000E+00  0.00000000E+00  0.00000000E+00  0.00000000E+00  0.00000000E+00  0.00000000E+00  0.00000000E+00  0.00000000E+00
-1.99040273E+01  7.19200000E-07  1.30800000E-05  5.95900000E-08  9.45800000E-07  1.02000000E-10  1.51500000E-09  1.26900000E-07  1.95100000E-06  0.00000000E+00  0.00000000E+00  0.00000000E+00  0.00000000E+00  0.00000000E+00  0.00000000E+00  0.00000000E+00  0.00000000E+00  0.00000000E+00  0.00000000E+00
-1.98860273E+01  8.62100000E-08  2.21000000E-06  7.88700000E-09  1.77500000E-07  1.40300000E-11  2.99000000E-10  1.71100000E-08  3.74800000E-07  0.00000000E+00  0.00000000E+00  0.00000000E+00  0.00000000E+00  0.00000000E+00  0.00000000E+00  0.00000000E+00  0.00000000E+00  0.00000000E+00  0.00000000E+00
-1.98690273E+01  8.31500000E-09  3.01400000E-07  8.36400000E-10  2.68400000E-08  1.53500000E-12  4.71700000E-11  1.84300000E-09  5.78600000E-08  0.00000000E+00  0.00000000E+00  0.00000000E+00  0.00000000E+00  0.00000000E+00  0.00000000E+00  0.00000000E+00  0.00000000E+00  0.00000000E+00  0.00000000E+00
-1.98510273E+01  6.44800000E-10  3.31500000E-08  7.08600000E-11  3.26100000E-09  1.33400000E-13  5.93100000E-12  1.58100000E-10  7.14800000E-09  0.00000000E+00  0.00000000E+00  0.00000000E+00  0.00000000E+00  0.00000000E+00  0.00000000E+00  0.00000000E+00  0.00000000E+00  0.00000000E+00  0.00000000E+00
-1.98340273E+01  4.01400000E-11  2.93800000E-09  4.78300000E-12  3.17200000E-10  9.18600000E-15  5.92700000E-13  1.07800000E-11  7.04500000E-10  0.00000000E+00  0.00000000E+00  0.00000000E+00  0.00000000E+00  0.00000000E+00  0.00000000E+00  0.00000000E+00  0.00000000E+00  0.00000000E+00  0.00000000E+00
-1.98160273E+01  2.00200000E-12  2.09500000E-10  2.56500000E-13  2.46100000E-11  5.00300000E-16  4.69800000E-14  5.82200000E-13  5.52400000E-11  0.00000000E+00  0.00000000E+00  0.00000000E+00  0.00000000E+00  0.00000000E+00  0.00000000E+00  0.00000000E+00  0.00000000E+00  0.00000000E+00  0.00000000E+00
-1.97990273E+01  7.98700000E-14  1.20000000E-11  1.09100000E-14  1.52000000E-12  2.15200000E-17  2.94800000E-15  2.48900000E-14  3.43800000E-12  0.00000000E+00  0.00000000E+00  0.00000000E+00  0.00000000E+00  0.00000000E+00  0.00000000E+00  0.00000000E+00  0.00000000E+00  0.00000000E+00  0.00000000E+00
-1.97810273E+01  2.54300000E-15  5.50200000E-13  3.67300000E-16  7.44800000E-14  7.30400000E-19  1.46200000E-16  8.41000000E-16  1.69400000E-13  0.00000000E+00  0.00000000E+00  0.00000000E+00  0.00000000E+00  0.00000000E+00  0.00000000E+00  0.00000000E+00  0.00000000E+00  0.00000000E+00  0.00000000E+00
-1.97640273E+01  6.40400000E-17  2.01600000E-14  9.76800000E-18  2.89100000E-15  1.95500000E-20  5.72100000E-18  2.24300000E-17  6.60000000E-15  0.00000000E+00  0.00000000E+00  0.00000000E+00  0.00000000E+00  0.00000000E+00  0.00000000E+00  0.00000000E+00  0.00000000E+00  0.00000000E+00  0.00000000E+00
-1.97460273E+01  1.02200000E-18  5.89500000E-16  1.87200000E-19  8.87600000E-17  3.87300000E-22  1.76600000E-19  4.37400000E-19  2.03100000E-16  0.00000000E+00  0.00000000E+00  0.00000000E+00  0.00000000E+00  0.00000000E+00  0.00000000E+00  0.00000000E+00  0.00000000E+00  0.00000000E+00  0.00000000E+00
-1.97290273E+01  0.00000000E+00  1.31700000E-17  0.00000000E+00  2.12400000E-18  0.00000000E+00  4.25300000E-21  0.00000000E+00  4.86900000E-18  0.00000000E+00  0.00000000E+00  0.00000000E+00  0.00000000E+00  0.00000000E+00  0.00000000E+00  0.00000000E+00  0.00000000E+00  0.00000000E+00  0.00000000E+00
-1.97110273E+01  0.00000000E+00  2.26800000E-19  0.00000000E+00  4.12600000E-20  0.00000000E+00  8.45100000E-23  0.00000000E+00  9.57700000E-20  0.00000000E+00  0.00000000E+00  0.00000000E+00  0.00000000E+00  0.00000000E+00  0.00000000E+00  0.00000000E+00  0.00000000E+00  0.00000000E+00  0.00000000E+00
-1.96940273E+01  0.00000000E+00  0.00000000E+00  0.00000000E+00  0.00000000E+00  0.00000000E+00  0.00000000E+00  0.00000000E+00  0.00000000E+00  0.00000000E+00  0.00000000E+00  0.00000000E+00  0.00000000E+00  0.00000000E+00  0.00000000E+00  0.00000000E+00  0.00000000E+00  0.00000000E+00  0.00000000E+00
-1.96760273E+01  0.00000000E+00  0.00000000E+00  0.00000000E+00  0.00000000E+00  0.00000000E+00  0.00000000E+00  0.00000000E+00  0.00000000E+00  0.00000000E+00  0.00000000E+00  0.00000000E+00  0.00000000E+00  0.00000000E+00  0.00000000E+00  0.00000000E+00  0.00000000E+00  0.00000000E+00  0.00000000E+00
-1.96590273E+01  0.00000000E+00  0.00000000E+00  0.00000000E+00  0.00000000E+00  0.00000000E+00  0.00000000E+00  0.00000000E+00  0.00000000E+00  0.00000000E+00  0.00000000E+00  0.00000000E+00  0.00000000E+00  0.00000000E+00  0.00000000E+00  0.00000000E+00  0.00000000E+00  0.00000000E+00  0.00000000E+00
-1.96410273E+01  6.83500000E-18  0.00000000E+00  9.45100000E-21  0.00000000E+00  4.55300000E-23  0.00000000E+00  2.15700000E-20  0.00000000E+00  0.00000000E+00  0.00000000E+00  0.00000000E+00  0.00000000E+00  0.00000000E+00  0.00000000E+00  0.00000000E+00  0.00000000E+00  0.00000000E+00  0.00000000E+00
-1.96240273E+01  3.44000000E-16  4.77800000E-17  4.75700000E-19  6.78500000E-20  2.29200000E-21  3.37400000E-22  1.08600000E-18  1.54600000E-19  0.00000000E+00  0.00000000E+00  0.00000000E+00  0.00000000E+00  0.00000000E+00  0.00000000E+00  0.00000000E+00  0.00000000E+00  0.00000000E+00  0.00000000E+00
-1.96060273E+01  1.43600000E-14  2.21600000E-15  1.98700000E-17  3.14700000E-18  9.57100000E-20  1.56500000E-20  4.54100000E-17  7.16900000E-18  0.00000000E+00  0.00000000E+00  0.00000000E+00  0.00000000E+00  0.00000000E+00  0.00000000E+00  0.00000000E+00  0.00000000E+00  0.00000000E+00  0.00000000E+00
-1.95890273E+01  4.70300000E-13  8.22300000E-14  6.51300000E-16  1.16900000E-16  3.13600000E-18  5.81200000E-19  1.48900000E-15  2.66700000E-16  0.00000000E+00  0.00000000E+00  0.00000000E+00  0.00000000E+00  0.00000000E+00  0.00000000E+00  0.00000000E+00  0.00000000E+00  0.00000000E+00  0.00000000E+00
-1.95710273E+01  1.21100000E-11  2.39400000E-12  1.68000000E-14  3.40700000E-15  8.08400000E-17  1.69300000E-17  3.84200000E-14  7.77700000E-15  0.00000000E+00  0.00000000E+00  0.00000000E+00  0.00000000E+00  0.00000000E+00  0.00000000E+00  0.00000000E+00  0.00000000E+00  0.00000000E+00  0.00000000E+00
-1.95540273E+01  2.45500000E-10  5.48000000E-11  3.40900000E-13  7.81000000E-14  1.64000000E-15  3.87900000E-16  7.81100000E-13  1.78500000E-13  0.00000000E+00  0.00000000E+00  0.00000000E+00  0.00000000E+00  0.00000000E+00  0.00000000E+00  0.00000000E+00  0.00000000E+00  0.00000000E+00  0.00000000E+00
-1.95360273E+01  3.91700000E-09  9.87500000E-10  5.45400000E-12  1.41000000E-12  2.62100000E-14  6.99900000E-15  1.25300000E-11  3.23100000E-12  0.00000000E+00  0.00000000E+00  0.00000000E+00  0.00000000E+00  0.00000000E+00  0.00000000E+00  0.00000000E+00  0.00000000E+00  0.00000000E+00  0.00000000E+00
-1.95190273E+01  4.93000000E-08  1.40200000E-08  6.89300000E-11  2.01000000E-11  3.30800000E-13  9.96200000E-14  1.59000000E-10  4.62100000E-11  0.00000000E+00  0.00000000E+00  0.00000000E+00  0.00000000E+00  0.00000000E+00  0.00000000E+00  0.00000000E+00  0.00000000E+00  0.00000000E+00  0.00000000E+00
-1.95020273E+01  4.90400000E-07  1.57300000E-07  6.90300000E-10  2.26600000E-10  3.30600000E-12  1.12100000E-12  1.60300000E-09  5.24100000E-10  0.00000000E+00  0.00000000E+00  0.00000000E+00  0.00000000E+00  0.00000000E+00  0.00000000E+00  0.00000000E+00  0.00000000E+00  0.00000000E+00  0.00000000E+00
-1.94840273E+01  3.87000000E-06  1.39700000E-06  5.50400000E-09  2.02900000E-09  2.62700000E-11  1.00100000E-11  1.29300000E-08  4.73800000E-09  0.00000000E+00  0.00000000E+00  0.00000000E+00  0.00000000E+00  0.00000000E+00  0.00000000E+00  0.00000000E+00  0.00000000E+00  0.00000000E+00  0.00000000E+00
-1.94670273E+01  2.43500000E-05  9.86500000E-06  3.51800000E-08  1.45200000E-08  1.67200000E-10  7.13800000E-11  8.40200000E-08  3.44000000E-08  0.00000000E+00  0.00000000E+00  0.00000000E+00  0.00000000E+00  0.00000000E+00  0.00000000E+00  0.00000000E+00  0.00000000E+00  0.00000000E+00  0.00000000E+00
-1.94490273E+01  1.23000000E-04  5.57600000E-05  1.82000000E-07  8.36500000E-08  8.59100000E-10  4.09000000E-10  4.45600000E-07  2.02700000E-07  0.00000000E+00  0.00000000E+00  0.00000000E+00  0.00000000E+00  0.00000000E+00  0.00000000E+00  0.00000000E+00  0.00000000E+00  0.00000000E+00  0.00000000E+00
-1.94320273E+01  5.04400000E-04  2.54500000E-04  7.70500000E-07  3.92300000E-07  3.60700000E-09  1.90400000E-09  1.95400000E-06  9.81100000E-07  0.00000000E+00  0.00000000E+00  0.00000000E+00  0.00000000E+00  0.00000000E+00  0.00000000E+00  0.00000000E+00  0.00000000E+00  0.00000000E+00  0.00000000E+00
-1.94140273E+01  1.69800000E-03  9.47900000E-04  2.70500000E-06  1.51600000E-06  1.25400000E-08  7.28700000E-09  7.18600000E-06  3.95800000E-06  0.00000000E+00  0.00000000E+00  0.00000000E+00  0.00000000E+00  0.00000000E+00  0.00000000E+00  0.00000000E+00  0.00000000E+00  0.00000000E+00  0.00000000E+00
-1.93970273E+01  4.75600000E-03  2.91900000E-03  7.96600000E-06  4.88300000E-06  3.64900000E-08  2.32200000E-08  2.24300000E-05  1.34800000E-05  0.00000000E+00  0.00000000E+00  0.00000000E+00  0.00000000E+00  0.00000000E+00  0.00000000E+00  0.00000000E+00  0.00000000E+00  0.00000000E+00  0.00000000E+00
-1.93790273E+01  1.12100000E-02  7.52100000E-03  1.98600000E-05  1.32600000E-05  8.98300000E-08  6.22500000E-08  5.99400000E-05  3.91600000E-05  0.00000000E+00  0.00000000E+00  0.00000000E+00  0.00000000E+00  0.00000000E+00  0.00000000E+00  0.00000000E+00  0.00000000E+00  0.00000000E+00  0.00000000E+00
-1.93620273E+01  2.24500000E-02  1.63900000E-02  4.21800000E-05  3.05800000E-05  1.88100000E-07  1.41500000E-07  1.38300000E-04  9.78000000E-05  0.00000000E+00  0.00000000E+00  0.00000000E+00  0.00000000E+00  0.00000000E+00  0.00000000E+00  0.00000000E+00  0.00000000E+00  0.00000000E+00  0.00000000E+00
-1.93440272E+01  3.85200000E-02  3.04600000E-02  7.71000000E-05  6.03800000E-05  3.37600000E-07  2.74400000E-07  2.78400000E-04  2.11700000E-04  0.00000000E+00  0.00000000E+00  0.00000000E+00  0.00000000E+00  0.00000000E+00  0.00000000E+00  0.00000000E+00  0.00000000E+00  0.00000000E+00  0.00000000E+00
-1.93270273E+01  5.73500000E-02  4.87700000E-02  1.23200000E-04  1.03300000E-04  5.25800000E-07  4.57900000E-07  4.95500000E-04  4.01100000E-04  0.00000000E+00  0.00000000E+00  0.00000000E+00  0.00000000E+00  0.00000000E+00  0.00000000E+00  0.00000000E+00  0.00000000E+00  0.00000000E+00  0.00000000E+00
-1.93090272E+01  7.56300000E-02  6.83500000E-02  1.76200000E-04  1.56000000E-04  7.25600000E-07  6.68400000E-07  7.88000000E-04  6.72300000E-04  0.00000000E+00  0.00000000E+00  0.00000000E+00  0.00000000E+00  0.00000000E+00  0.00000000E+00  0.00000000E+00  0.00000000E+00  0.00000000E+00  0.00000000E+00
-1.92920273E+01  9.05500000E-02  8.57100000E-02  2.30300000E-04  2.12500000E-04  9.06800000E-07  8.71600000E-07  1.12000000E-03  1.00200000E-03  0.00000000E+00  0.00000000E+00  0.00000000E+00  0.00000000E+00  0.00000000E+00  0.00000000E+00  0.00000000E+00  0.00000000E+00  0.00000000E+00  0.00000000E+00
-1.92740272E+01  9.98400000E-02  9.80200000E-02  2.76100000E-04  2.64200000E-04  1.03500000E-06  1.03100000E-06  1.40600000E-03  1.32000000E-03  0.00000000E+00  0.00000000E+00  0.00000000E+00  0.00000000E+00  0.00000000E+00  0.00000000E+00  0.00000000E+00  0.00000000E+00  0.00000000E+00  0.00000000E+00
-1.92570273E+01  1.00500000E-01  1.02500000E-01  2.97600000E-04  2.97000000E-04  1.06400000E-06  1.10400000E-06  1.53100000E-03  1.51700000E-03  0.00000000E+00  0.00000000E+00  0.00000000E+00  0.00000000E+00  0.00000000E+00  0.00000000E+00  0.00000000E+00  0.00000000E+00  0.00000000E+00  0.00000000E+00
-1.92390273E+01  8.98700000E-02  9.61100000E-02  2.80000000E-04  2.94600000E-04  9.59800000E-07  1.04900000E-06  1.41800000E-03  1.49400000E-03  0.00000000E+00  0.00000000E+00  0.00000000E+00  0.00000000E+00  0.00000000E+00  0.00000000E+00  0.00000000E+00  0.00000000E+00  0.00000000E+00  0.00000000E+00
-1.92220273E+01  6.91200000E-02  7.85000000E-02  2.23300000E-04  2.50600000E-04  7.37400000E-07  8.59500000E-07  1.10000000E-03  1.24200000E-03  0.00000000E+00  0.00000000E+00  0.00000000E+00  0.00000000E+00  0.00000000E+00  0.00000000E+00  0.00000000E+00  0.00000000E+00  0.00000000E+00  0.00000000E+00
-1.92040273E+01  4.46900000E-02  5.43600000E-02  1.48100000E-04  1.78500000E-04  4.72300000E-07  5.92600000E-07  7.05600000E-04  8.58500000E-04  0.00000000E+00  0.00000000E+00  0.00000000E+00  0.00000000E+00  0.00000000E+00  0.00000000E+00  0.00000000E+00  0.00000000E+00  0.00000000E+00  0.00000000E+00
-1.91870272E+01  2.45700000E-02  3.16600000E-02  8.19400000E-05  1.05500000E-04  2.49300000E-07  3.38000000E-07  3.72400000E-04  4.89100000E-04  0.00000000E+00  0.00000000E+00  0.00000000E+00  0.00000000E+00  0.00000000E+00  0.00000000E+00  0.00000000E+00  0.00000000E+00  0.00000000E+00  0.00000000E+00
-1.91690273E+01  1.41600000E-02  1.70900000E-02  4.38000000E-05  5.51000000E-05  1.11500000E-07  1.60400000E-07  1.67200000E-04  2.31700000E-04  0.00000000E+00  0.00000000E+00  0.00000000E+00  0.00000000E+00  0.00000000E+00  0.00000000E+00  0.00000000E+00  0.00000000E+00  0.00000000E+00  0.00000000E+00
-1.91520272E+01  1.62700000E-02  1.42900000E-02  4.20700000E-05  3.90900000E-05  5.52800000E-08  7.26100000E-08  8.64100000E-05  1.06200000E-04  0.00000000E+00  0.00000000E+00  0.00000000E+00  0.00000000E+00  0.00000000E+00  0.00000000E+00  0.00000000E+00  0.00000000E+00  0.00000000E+00  0.00000000E+00
-1.91340273E+01  3.34900000E-02  2.58000000E-02  8.43800000E-05  6.42700000E-05  5.94000000E-08  5.66400000E-08  1.03600000E-04  8.94600000E-05  0.00000000E+00  0.00000000E+00  0.00000000E+00  0.00000000E+00  0.00000000E+00  0.00000000E+00  0.00000000E+00  0.00000000E+00  0.00000000E+00  0.00000000E+00
-1.91170272E+01  6.76600000E-02  5.40100000E-02  1.81900000E-04  1.40400000E-04  1.07600000E-07  9.25900000E-08  2.03100000E-04  1.60000000E-04  0.00000000E+00  0.00000000E+00  0.00000000E+00  0.00000000E+00  0.00000000E+00  0.00000000E+00  0.00000000E+00  0.00000000E+00  0.00000000E+00  0.00000000E+00
-1.90990273E+01  1.15100000E-01  9.75900000E-02  3.38000000E-04  2.75100000E-04  1.87700000E-07  1.66500000E-07  3.73100000E-04  3.06100000E-04  0.00000000E+00  0.00000000E+00  0.00000000E+00  0.00000000E+00  0.00000000E+00  0.00000000E+00  0.00000000E+00  0.00000000E+00  0.00000000E+00  0.00000000E+00
-1.90820273E+01  1.63400000E-01  1.47000000E-01  5.29800000E-04  4.56400000E-04  2.81000000E-07  2.61400000E-07  5.80500000E-04  5.03700000E-04  0.00000000E+00  0.00000000E+00  0.00000000E+00  0.00000000E+00  0.00000000E+00  0.00000000E+00  0.00000000E+00  0.00000000E+00  0.00000000E+00  0.00000000E+00
-1.90650272E+01  1.95200000E-01  1.86100000E-01  7.00900000E-04  6.40300000E-04  3.62100000E-07  3.52100000E-07  7.64700000E-04  7.01500000E-04  0.00000000E+00  0.00000000E+00  0.00000000E+00  0.00000000E+00  0.00000000E+00  0.00000000E+00  0.00000000E+00  0.00000000E+00  0.00000000E+00  0.00000000E+00
-1.90470273E+01  1.98900000E-01  2.00300000E-01  7.85000000E-04  7.61900000E-04  4.12900000E-07  4.15700000E-07  8.71000000E-04  8.40300000E-04  0.00000000E+00  0.00000000E+00  0.00000000E+00  0.00000000E+00  0.00000000E+00  0.00000000E+00  0.00000000E+00  0.00000000E+00  0.00000000E+00  0.00000000E+00
-1.90300272E+01  1.76200000E-01  1.86600000E-01  7.53000000E-04  7.74200000E-04  4.37600000E-07  4.47600000E-07  8.93900000E-04  8.95100000E-04  0.00000000E+00  0.00000000E+00  0.00000000E+00  0.00000000E+00  0.00000000E+00  0.00000000E+00  0.00000000E+00  0.00000000E+00  0.00000000E+00  0.00000000E+00
-1.90120273E+01  1.41200000E-01  1.54900000E-01  6.39700000E-04  6.86900000E-04  4.56800000E-07  4.63700000E-07  8.77600000E-04  8.93100000E-04  0.00000000E+00  0.00000000E+00  0.00000000E+00  0.00000000E+00  0.00000000E+00  0.00000000E+00  0.00000000E+00  0.00000000E+00  0.00000000E+00  0.00000000E+00
-1.89950272E+01  1.09000000E-01  1.20800000E-01  5.13300000E-04  5.59200000E-04  4.82100000E-07  4.81100000E-07  8.62900000E-04  8.77500000E-04  0.00000000E+00  0.00000000E+00  0.00000000E+00  0.00000000E+00  0.00000000E+00  0.00000000E+00  0.00000000E+00  0.00000000E+00  0.00000000E+00  0.00000000E+00
-1.89770273E+01  8.63500000E-02  9.42400000E-02  4.18500000E-04  4.48900000E-04  5.00800000E-07  4.97300000E-07  8.44300000E-04  8.58600000E-04  0.00000000E+00  0.00000000E+00  0.00000000E+00  0.00000000E+00  0.00000000E+00  0.00000000E+00  0.00000000E+00  0.00000000E+00  0.00000000E+00  0.00000000E+00
-1.89600272E+01  7.06400000E-02  7.59300000E-02  3.52500000E-04  3.71400000E-04  4.86900000E-07  4.91400000E-07  7.84200000E-04  8.09400000E-04  0.00000000E+00  0.00000000E+00  0.00000000E+00  0.00000000E+00  0.00000000E+00  0.00000000E+00  0.00000000E+00  0.00000000E+00  0.00000000E+00  0.00000000E+00
-1.89420273E+01  5.62800000E-02  6.10000000E-02  2.89900000E-04  3.07800000E-04  4.25200000E-07  4.43700000E-07  6.60100000E-04  7.02600000E-04  0.00000000E+00  0.00000000E+00  0.00000000E+00  0.00000000E+00  0.00000000E+00  0.00000000E+00  0.00000000E+00  0.00000000E+00  0.00000000E+00  0.00000000E+00
-1.89250273E+01  4.09300000E-02  4.57900000E-02  2.18100000E-04  2.39000000E-04  3.27200000E-07  3.55400000E-07  4.91000000E-04  5.43800000E-04  0.00000000E+00  0.00000000E+00  0.00000000E+00  0.00000000E+00  0.00000000E+00  0.00000000E+00  0.00000000E+00  0.00000000E+00  0.00000000E+00  0.00000000E+00
-1.89070273E+01  2.66800000E-02  3.08900000E-02  1.50600000E-04  1.68800000E-04  2.30500000E-07  2.54900000E-07  3.32000000E-04  3.77300000E-04  0.00000000E+00  0.00000000E+00  0.00000000E+00  0.00000000E+00  0.00000000E+00  0.00000000E+00  0.00000000E+00  0.00000000E+00  0.00000000E+00  0.00000000E+00
-1.88900273E+01  1.74700000E-02  1.98700000E-02  1.13800000E-04  1.20900000E-04  1.81500000E-07  1.87400000E-07  2.48300000E-04  2.67700000E-04  0.00000000E+00  0.00000000E+00  0.00000000E+00  0.00000000E+00  0.00000000E+00  0.00000000E+00  0.00000000E+00  0.00000000E+00  0.00000000E+00  0.00000000E+00
-1.88720273E+01  1.58200000E-02  1.59700000E-02  1.26100000E-04  1.18000000E-04  2.09100000E-07  1.89800000E-07  2.82200000E-04  2.68000000E-04  0.00000000E+00  0.00000000E+00  0.00000000E+00  0.00000000E+00  0.00000000E+00  0.00000000E+00  0.00000000E+00  0.00000000E+00  0.00000000E+00  0.00000000E+00
-1.88550273E+01  2.12200000E-02  1.96400000E-02  1.84300000E-04  1.64300000E-04  3.06200000E-07  2.67600000E-07  4.32200000E-04  3.90900000E-04  0.00000000E+00  0.00000000E+00  0.00000000E+00  0.00000000E+00  0.00000000E+00  0.00000000E+00  0.00000000E+00  0.00000000E+00  0.00000000E+00  0.00000000E+00
-1.88370273E+01  3.08700000E-02  2.85100000E-02  2.69300000E-04  2.44100000E-04  4.36400000E-07  3.92200000E-07  6.54800000E-04  6.00900000E-04  0.00000000E+00  0.00000000E+00  0.00000000E+00  0.00000000E+00  0.00000000E+00  0.00000000E+00  0.00000000E+00  0.00000000E+00  0.00000000E+00  0.00000000E+00
-1.88200273E+01  4.16500000E-02  3.91900000E-02  3.64800000E-04  3.37400000E-04  5.62900000E-07  5.23500000E-07  8.91400000E-04  8.37000000E-04  0.00000000E+00  0.00000000E+00  0.00000000E+00  0.00000000E+00  0.00000000E+00  0.00000000E+00  0.00000000E+00  0.00000000E+00  0.00000000E+00  0.00000000E+00
-1.88020273E+01  5.17700000E-02  4.93400000E-02  4.73700000E-04  4.39600000E-04  6.69300000E-07  6.37400000E-07  1.09800000E-03  1.04900000E-03  0.00000000E+00  0.00000000E+00  0.00000000E+00  0.00000000E+00  0.00000000E+00  0.00000000E+00  0.00000000E+00  0.00000000E+00  0.00000000E+00  0.00000000E+00
-1.87850273E+01  6.08500000E-02  5.83600000E-02  6.18400000E-04  5.68100000E-04  7.50300000E-07  7.24900000E-07  1.25200000E-03  1.21100000E-03  0.00000000E+00  0.00000000E+00  0.00000000E+00  0.00000000E+00  0.00000000E+00  0.00000000E+00  0.00000000E+00  0.00000000E+00  0.00000000E+00  0.00000000E+00
-1.87670273E+01  6.94700000E-02  6.67400000E-02  8.28200000E-04  7.53500000E-04  7.98100000E-07  7.78100000E-07  1.34700000E-03  1.31700000E-03  0.00000000E+00  0.00000000E+00  0.00000000E+00  0.00000000E+00  0.00000000E+00  0.00000000E+00  0.00000000E+00  0.00000000E+00  0.00000000E+00  0.00000000E+00
-1.87500273E+01  7.85900000E-02  7.55700000E-02  1.11200000E-03  1.01700000E-03  8.11500000E-07  7.93700000E-07  1.40100000E-03  1.38000000E-03  0.00000000E+00  0.00000000E+00  0.00000000E+00  0.00000000E+00  0.00000000E+00  0.00000000E+00  0.00000000E+00  0.00000000E+00  0.00000000E+00  0.00000000E+00
-1.87320273E+01  8.74600000E-02  8.49100000E-02  1.41700000E-03  1.32800000E-03  7.98200000E-07  7.81300000E-07  1.42700000E-03  1.41800000E-03  0.00000000E+00  0.00000000E+00  0.00000000E+00  0.00000000E+00  0.00000000E+00  0.00000000E+00  0.00000000E+00  0.00000000E+00  0.00000000E+00  0.00000000E+00
-1.87150273E+01  9.18600000E-02  9.13000000E-02  1.63400000E-03  1.58500000E-03  7.53600000E-07  7.43900000E-07  1.40400000E-03  1.41800000E-03  0.00000000E+00  0.00000000E+00  0.00000000E+00  0.00000000E+00  0.00000000E+00  0.00000000E+00  0.00000000E+00  0.00000000E+00  0.00000000E+00  0.00000000E+00
-1.86970273E+01  8.77700000E-02  8.98100000E-02  1.71100000E-03  1.70100000E-03  6.65200000E-07  6.68800000E-07  1.30200000E-03  1.34200000E-03  0.00000000E+00  0.00000000E+00  0.00000000E+00  0.00000000E+00  0.00000000E+00  0.00000000E+00  0.00000000E+00  0.00000000E+00  0.00000000E+00  0.00000000E+00
-1.86800273E+01  7.79700000E-02  8.08800000E-02  1.76300000E-03  1.74400000E-03  5.54100000E-07  5.63800000E-07  1.17300000E-03  1.21200000E-03  0.00000000E+00  0.00000000E+00  0.00000000E+00  0.00000000E+00  0.00000000E+00  0.00000000E+00  0.00000000E+00  0.00000000E+00  0.00000000E+00  0.00000000E+00
-1.86620273E+01  7.12400000E-02  7.24900000E-02  1.97300000E-03  1.90000000E-03  4.83000000E-07  4.81900000E-07  1.14000000E-03  1.14500000E-03  0.00000000E+00  0.00000000E+00  0.00000000E+00  0.00000000E+00  0.00000000E+00  0.00000000E+00  0.00000000E+00  0.00000000E+00  0.00000000E+00  0.00000000E+00
-1.86450273E+01  7.30500000E-02  7.21200000E-02  2.35300000E-03  2.25200000E-03  5.02500000E-07  4.82100000E-07  1.27500000E-03  1.24100000E-03  0.00000000E+00  0.00000000E+00  0.00000000E+00  0.00000000E+00  0.00000000E+00  0.00000000E+00  0.00000000E+00  0.00000000E+00  0.00000000E+00  0.00000000E+00
-1.86270273E+01  7.95100000E-02  7.83400000E-02  2.68500000E-03  2.63200000E-03  6.00300000E-07  5.69600000E-07  1.50300000E-03  1.46500000E-03  0.00000000E+00  0.00000000E+00  0.00000000E+00  0.00000000E+00  0.00000000E+00  0.00000000E+00  0.00000000E+00  0.00000000E+00  0.00000000E+00  0.00000000E+00
-1.86100273E+01  8.20200000E-02  8.27600000E-02  2.75100000E-03  2.78700000E-03  7.06800000E-07  6.84600000E-07  1.67500000E-03  1.67000000E-03  0.00000000E+00  0.00000000E+00  0.00000000E+00  0.00000000E+00  0.00000000E+00  0.00000000E+00  0.00000000E+00  0.00000000E+00  0.00000000E+00  0.00000000E+00
-1.85930273E+01  7.61800000E-02  7.90700000E-02  2.57900000E-03  2.66600000E-03  7.44200000E-07  7.44500000E-07  1.69000000E-03  1.72500000E-03  0.00000000E+00  0.00000000E+00  0.00000000E+00  0.00000000E+00  0.00000000E+00  0.00000000E+00  0.00000000E+00  0.00000000E+00  0.00000000E+00  0.00000000E+00
-1.85750273E+01  6.44000000E-02  6.80700000E-02  2.37600000E-03  2.44900000E-03  6.77700000E-07  7.00900000E-07  1.55200000E-03  1.61100000E-03  0.00000000E+00  0.00000000E+00  0.00000000E+00  0.00000000E+00  0.00000000E+00  0.00000000E+00  0.00000000E+00  0.00000000E+00  0.00000000E+00  0.00000000E+00
-1.85580273E+01  5.19200000E-02  5.49400000E-02  2.29200000E-03  2.31700000E-03  5.35600000E-07  5.69900000E-07  1.33700000E-03  1.39500000E-03  0.00000000E+00  0.00000000E+00  0.00000000E+00  0.00000000E+00  0.00000000E+00  0.00000000E+00  0.00000000E+00  0.00000000E+00  0.00000000E+00  0.00000000E+00
-1.85400273E+01  4.23800000E-02  4.41600000E-02  2.31600000E-03  2.30300000E-03  3.83400000E-07  4.14400000E-07  1.12900000E-03  1.17000000E-03  0.00000000E+00  0.00000000E+00  0.00000000E+00  0.00000000E+00  0.00000000E+00  0.00000000E+00  0.00000000E+00  0.00000000E+00  0.00000000E+00  0.00000000E+00
-1.85230273E+01  3.66400000E-02  3.73800000E-02  2.37100000E-03  2.34300000E-03  2.72600000E-07  2.93000000E-07  9.80400000E-04  1.00200000E-03  0.00000000E+00  0.00000000E+00  0.00000000E+00  0.00000000E+00  0.00000000E+00  0.00000000E+00  0.00000000E+00  0.00000000E+00  0.00000000E+00  0.00000000E+00
-1.85050273E+01  3.34400000E-02  3.37500000E-02  2.37800000E-03  2.36400000E-03  2.12400000E-07  2.24300000E-07  8.86600000E-04  8.98500000E-04  0.00000000E+00  0.00000000E+00  0.00000000E+00  0.00000000E+00  0.00000000E+00  0.00000000E+00  0.00000000E+00  0.00000000E+00  0.00000000E+00  0.00000000E+00
-1.84880273E+01  3.05500000E-02  3.10900000E-02  2.26000000E-03  2.28800000E-03  1.82700000E-07  1.91400000E-07  8.06800000E-04  8.22800000E-04  0.00000000E+00  0.00000000E+00  0.00000000E+00  0.00000000E+00  0.00000000E+00  0.00000000E+00  0.00000000E+00  0.00000000E+00  0.00000000E+00  0.00000000E+00
-1.84700273E+01  2.66900000E-02  2.76500000E-02  2.00000000E-03  2.07000000E-03  1.66000000E-07  1.73500000E-07  7.18200000E-04  7.40400000E-04  0.00000000E+00  0.00000000E+00  0.00000000E+00  0.00000000E+00  0.00000000E+00  0.00000000E+00  0.00000000E+00  0.00000000E+00  0.00000000E+00  0.00000000E+00
-1.84530273E+01  2.28500000E-02  2.38200000E-02  1.71500000E-03  1.78900000E-03  1.69100000E-07  1.71300000E-07  6.64700000E-04  6.77500000E-04  0.00000000E+00  0.00000000E+00  0.00000000E+00  0.00000000E+00  0.00000000E+00  0.00000000E+00  0.00000000E+00  0.00000000E+00  0.00000000E+00  0.00000000E+00
-1.84350273E+01  2.17900000E-02  2.20500000E-02  1.62600000E-03  1.65000000E-03  2.17200000E-07  2.08000000E-07  7.40100000E-04  7.21000000E-04  0.00000000E+00  0.00000000E+00  0.00000000E+00  0.00000000E+00  0.00000000E+00  0.00000000E+00  0.00000000E+00  0.00000000E+00  0.00000000E+00  0.00000000E+00
-1.84180273E+01  2.53300000E-02  2.46300000E-02  1.87000000E-03  1.82500000E-03  3.26200000E-07  3.04000000E-07  9.97000000E-04  9.40200000E-04  0.00000000E+00  0.00000000E+00  0.00000000E+00  0.00000000E+00  0.00000000E+00  0.00000000E+00  0.00000000E+00  0.00000000E+00  0.00000000E+00  0.00000000E+00
-1.84000273E+01  3.20300000E-02  3.08600000E-02  2.32600000E-03  2.25400000E-03  4.79000000E-07  4.49000000E-07  1.36200000E-03  1.29000000E-03  0.00000000E+00  0.00000000E+00  0.00000000E+00  0.00000000E+00  0.00000000E+00  0.00000000E+00  0.00000000E+00  0.00000000E+00  0.00000000E+00  0.00000000E+00
-1.83830273E+01  3.80300000E-02  3.71500000E-02  2.66800000E-03  2.63600000E-03  6.44100000E-07  6.09600000E-07  1.67500000E-03  1.61900000E-03  0.00000000E+00  0.00000000E+00  0.00000000E+00  0.00000000E+00  0.00000000E+00  0.00000000E+00  0.00000000E+00  0.00000000E+00  0.00000000E+00  0.00000000E+00
-1.83650273E+01  4.12900000E-02  4.07200000E-02  2.67500000E-03  2.70300000E-03  8.28000000E-07  7.79900000E-07  1.85700000E-03  1.81800000E-03  0.00000000E+00  0.00000000E+00  0.00000000E+00  0.00000000E+00  0.00000000E+00  0.00000000E+00  0.00000000E+00  0.00000000E+00  0.00000000E+00  0.00000000E+00
-1.83480273E+01  4.40900000E-02  4.30100000E-02  2.45800000E-03  2.49700000E-03  1.07900000E-06  1.00300000E-06  1.99200000E-03  1.94500000E-03  0.00000000E+00  0.00000000E+00  0.00000000E+00  0.00000000E+00  0.00000000E+00  0.00000000E+00  0.00000000E+00  0.00000000E+00  0.00000000E+00  0.00000000E+00
-1.83300273E+01  5.00800000E-02  4.77800000E-02  2.30800000E-03  2.29300000E-03  1.41300000E-06  1.30600000E-06  2.18700000E-03  2.11700000E-03  0.00000000E+00  0.00000000E+00  0.00000000E+00  0.00000000E+00  0.00000000E+00  0.00000000E+00  0.00000000E+00  0.00000000E+00  0.00000000E+00  0.00000000E+00
-1.83130273E+01  5.95800000E-02  5.62600000E-02  2.41400000E-03  2.30800000E-03  1.76400000E-06  1.63600000E-06  2.41100000E-03  2.33900000E-03  0.00000000E+00  0.00000000E+00  0.00000000E+00  0.00000000E+00  0.00000000E+00  0.00000000E+00  0.00000000E+00  0.00000000E+00  0.00000000E+00  0.00000000E+00
-1.82950273E+01  6.93100000E-02  6.58400000E-02  2.79600000E-03  2.58600000E-03  2.07100000E-06  1.92200000E-06  2.56000000E-03  2.50800000E-03  0.00000000E+00  0.00000000E+00  0.00000000E+00  0.00000000E+00  0.00000000E+00  0.00000000E+00  0.00000000E+00  0.00000000E+00  0.00000000E+00  0.00000000E+00
-1.82780273E+01  7.58900000E-02  7.31500000E-02  3.41200000E-03  3.10800000E-03  2.36900000E-06  2.17800000E-06  2.61100000E-03  2.58400000E-03  0.00000000E+00  0.00000000E+00  0.00000000E+00  0.00000000E+00  0.00000000E+00  0.00000000E+00  0.00000000E+00  0.00000000E+00  0.00000000E+00  0.00000000E+00
-1.82600273E+01  7.82600000E-02  7.68100000E-02  4.17500000E-03  3.83400000E-03  2.74400000E-06  2.49800000E-06  2.62400000E-03  2.62100000E-03  0.00000000E+00  0.00000000E+00  0.00000000E+00  0.00000000E+00  0.00000000E+00  0.00000000E+00  0.00000000E+00  0.00000000E+00  0.00000000E+00  0.00000000E+00
-1.82430273E+01  7.69700000E-02  7.71800000E-02  4.88200000E-03  4.61200000E-03  3.23000000E-06  2.93500000E-06  2.65400000E-03  2.66400000E-03  0.00000000E+00  0.00000000E+00  0.00000000E+00  0.00000000E+00  0.00000000E+00  0.00000000E+00  0.00000000E+00  0.00000000E+00  0.00000000E+00  0.00000000E+00
-1.82250273E+01  7.23200000E-02  7.45200000E-02  5.26700000E-03  5.17100000E-03  3.78000000E-06  3.45400000E-06  2.72900000E-03  2.71800000E-03  0.00000000E+00  0.00000000E+00  0.00000000E+00  0.00000000E+00  0.00000000E+00  0.00000000E+00  0.00000000E+00  0.00000000E+00  0.00000000E+00  0.00000000E+00
-1.82080273E+01  6.38600000E-02  6.81000000E-02  5.15200000E-03  5.26600000E-03  4.28500000E-06  3.97000000E-06  2.84000000E-03  2.78000000E-03  0.00000000E+00  0.00000000E+00  0.00000000E+00  0.00000000E+00  0.00000000E+00  0.00000000E+00  0.00000000E+00  0.00000000E+00  0.00000000E+00  0.00000000E+00
-1.81900272E+01  5.15600000E-02  5.71800000E-02  4.53100000E-03  4.81200000E-03  4.58200000E-06  4.35500000E-06  2.90200000E-03  2.81500000E-03  0.00000000E+00  0.00000000E+00  0.00000000E+00  0.00000000E+00  0.00000000E+00  0.00000000E+00  0.00000000E+00  0.00000000E+00  0.00000000E+00  0.00000000E+00
-1.81730273E+01  3.74000000E-02  4.29500000E-02  3.59400000E-03  3.93600000E-03  4.56900000E-06  4.47000000E-06  2.82700000E-03  2.75300000E-03  0.00000000E+00  0.00000000E+00  0.00000000E+00  0.00000000E+00  0.00000000E+00  0.00000000E+00  0.00000000E+00  0.00000000E+00  0.00000000E+00  0.00000000E+00
-1.81550272E+01  2.53100000E-02  2.91300000E-02  2.70300000E-03  2.95500000E-03  4.47600000E-06  4.36900000E-06  2.73600000E-03  2.63400000E-03  0.00000000E+00  0.00000000E+00  0.00000000E+00  0.00000000E+00  0.00000000E+00  0.00000000E+00  0.00000000E+00  0.00000000E+00  0.00000000E+00  0.00000000E+00
-1.81380273E+01  1.89300000E-02  2.00000000E-02  2.25500000E-03  2.27300000E-03  4.89100000E-06  4.48300000E-06  2.97800000E-03  2.72400000E-03  0.00000000E+00  0.00000000E+00  0.00000000E+00  0.00000000E+00  0.00000000E+00  0.00000000E+00  0.00000000E+00  0.00000000E+00  0.00000000E+00  0.00000000E+00
-1.81210273E+01  1.90800000E-02  1.76800000E-02  2.43300000E-03  2.18100000E-03  6.23200000E-06  5.36500000E-06  3.77100000E-03  3.31100000E-03  0.00000000E+00  0.00000000E+00  0.00000000E+00  0.00000000E+00  0.00000000E+00  0.00000000E+00  0.00000000E+00  0.00000000E+00  0.00000000E+00  0.00000000E+00
-1.81030273E+01  2.30900000E-02  2.07500000E-02  3.03100000E-03  2.64600000E-03  8.09900000E-06  7.03700000E-06  4.81700000E-03  4.31100000E-03  0.00000000E+00  0.00000000E+00  0.00000000E+00  0.00000000E+00  0.00000000E+00  0.00000000E+00  0.00000000E+00  0.00000000E+00  0.00000000E+00  0.00000000E+00
-1.80860273E+01  2.65300000E-02  2.52600000E-02  3.55600000E-03  3.29200000E-03  9.36300000E-06  8.69000000E-06  5.42300000E-03  5.16600000E-03  0.00000000E+00  0.00000000E+00  0.00000000E+00  0.00000000E+00  0.00000000E+00  0.00000000E+00  0.00000000E+00  0.00000000E+00  0.00000000E+00  0.00000000E+00
-1.80680273E+01  2.63000000E-02  2.72500000E-02  3.58900000E-03  3.63400000E-03  9.10800000E-06  9.24700000E-06  5.10900000E-03  5.27600000E-03  0.00000000E+00  0.00000000E+00  0.00000000E+00  0.00000000E+00  0.00000000E+00  0.00000000E+00  0.00000000E+00  0.00000000E+00  0.00000000E+00  0.00000000E+00
-1.80510273E+01  2.24200000E-02  2.52200000E-02  3.06900000E-03  3.41300000E-03  7.44600000E-06  8.30400000E-06  4.05000000E-03  4.54300000E-03  0.00000000E+00  0.00000000E+00  0.00000000E+00  0.00000000E+00  0.00000000E+00  0.00000000E+00  0.00000000E+00  0.00000000E+00  0.00000000E+00  0.00000000E+00
-1.80330272E+01  1.71800000E-02  2.05100000E-02  2.26300000E-03  2.73400000E-03  5.35600000E-06  6.44300000E-06  2.88700000E-03  3.43400000E-03  0.00000000E+00  0.00000000E+00  0.00000000E+00  0.00000000E+00  0.00000000E+00  0.00000000E+00  0.00000000E+00  0.00000000E+00  0.00000000E+00  0.00000000E+00
-1.80160273E+01  1.30000000E-02  1.56200000E-02  1.51400000E-03  1.92300000E-03  3.79400000E-06  4.64600000E-06  2.14800000E-03  2.53600000E-03  0.00000000E+00  0.00000000E+00  0.00000000E+00  0.00000000E+00  0.00000000E+00  0.00000000E+00  0.00000000E+00  0.00000000E+00  0.00000000E+00  0.00000000E+00
-1.79980272E+01  1.08700000E-02  1.22900000E-02  1.02500000E-03  1.27300000E-03  3.04800000E-06  3.50500000E-06  1.89900000E-03  2.09200000E-03  0.00000000E+00  0.00000000E+00  0.00000000E+00  0.00000000E+00  0.00000000E+00  0.00000000E+00  0.00000000E+00  0.00000000E+00  0.00000000E+00  0.00000000E+00
-1.79810273E+01  1.05500000E-02  1.08200000E-02  8.36500000E-04  9.09200000E-04  2.81600000E-06  2.96300000E-06  1.85400000E-03  1.93600000E-03  0.00000000E+00  0.00000000E+00  0.00000000E+00  0.00000000E+00  0.00000000E+00  0.00000000E+00  0.00000000E+00  0.00000000E+00  0.00000000E+00  0.00000000E+00
-1.79630272E+01  1.16800000E-02  1.08000000E-02  9.17100000E-04  8.26900000E-04  2.74400000E-06  2.68400000E-06  1.74300000E-03  1.78200000E-03  0.00000000E+00  0.00000000E+00  0.00000000E+00  0.00000000E+00  0.00000000E+00  0.00000000E+00  0.00000000E+00  0.00000000E+00  0.00000000E+00  0.00000000E+00
-1.79460273E+01  1.47000000E-02  1.24500000E-02  1.25600000E-03  1.01100000E-03  2.78800000E-06  2.54000000E-06  1.55600000E-03  1.54700000E-03  0.00000000E+00  0.00000000E+00  0.00000000E+00  0.00000000E+00  0.00000000E+00  0.00000000E+00  0.00000000E+00  0.00000000E+00  0.00000000E+00  0.00000000E+00
-1.79280272E+01  2.05200000E-02  1.68600000E-02  1.84900000E-03  1.48300000E-03  3.08100000E-06  2.67600000E-06  1.46800000E-03  1.37900000E-03  0.00000000E+00  0.00000000E+00  0.00000000E+00  0.00000000E+00  0.00000000E+00  0.00000000E+00  0.00000000E+00  0.00000000E+00  0.00000000E+00  0.00000000E+00
-1.79110273E+01  2.98800000E-02  2.51800000E-02  2.64700000E-03  2.24300000E-03  3.61400000E-06  3.19000000E-06  1.63300000E-03  1.46000000E-03  0.00000000E+00  0.00000000E+00  0.00000000E+00  0.00000000E+00  0.00000000E+00  0.00000000E+00  0.00000000E+00  0.00000000E+00  0.00000000E+00  0.00000000E+00
-1.78930273E+01  4.30100000E-02  3.79200000E-02  3.58100000E-03  3.23400000E-03  4.21900000E-06  3.93900000E-06  2.08700000E-03  1.85900000E-03  0.00000000E+00  0.00000000E+00  0.00000000E+00  0.00000000E+00  0.00000000E+00  0.00000000E+00  0.00000000E+00  0.00000000E+00  0.00000000E+00  0.00000000E+00
-1.78760272E+01  5.90400000E-02  5.43700000E-02  4.58000000E-03  4.34200000E-03  4.76800000E-06  4.67900000E-06  2.75500000E-03  2.51600000E-03  0.00000000E+00  0.00000000E+00  0.00000000E+00  0.00000000E+00  0.00000000E+00  0.00000000E+00  0.00000000E+00  0.00000000E+00  0.00000000E+00  0.00000000E+00
-1.78580273E+01  7.48200000E-02  7.16400000E-02  5.51900000E-03  5.39600000E-03  5.24000000E-06  5.25500000E-06  3.44900000E-03  3.25700000E-03  0.00000000E+00  0.00000000E+00  0.00000000E+00  0.00000000E+00  0.00000000E+00  0.00000000E+00  0.00000000E+00  0.00000000E+00  0.00000000E+00  0.00000000E+00
-1.78410272E+01  8.59000000E-02  8.50100000E-02  6.25100000E-03  6.19900000E-03  5.67300000E-06  5.64400000E-06  3.93100000E-03  3.83400000E-03  0.00000000E+00  0.00000000E+00  0.00000000E+00  0.00000000E+00  0.00000000E+00  0.00000000E+00  0.00000000E+00  0.00000000E+00  0.00000000E+00  0.00000000E+00
-1.78230273E+01  9.06700000E-02  9.14700000E-02  6.80100000E-03  6.71100000E-03  6.20100000E-06  5.97900000E-06  4.12200000E-03  4.09700000E-03  0.00000000E+00  0.00000000E+00  0.00000000E+00  0.00000000E+00  0.00000000E+00  0.00000000E+00  0.00000000E+00  0.00000000E+00  0.00000000E+00  0.00000000E+00
-1.78060272E+01  9.21000000E-02  9.29500000E-02  7.38500000E-03  7.16300000E-03  7.02300000E-06  6.55100000E-06  4.18300000E-03  4.15100000E-03  0.00000000E+00  0.00000000E+00  0.00000000E+00  0.00000000E+00  0.00000000E+00  0.00000000E+00  0.00000000E+00  0.00000000E+00  0.00000000E+00  0.00000000E+00
-1.77880273E+01  9.28700000E-02  9.32100000E-02  8.02300000E-03  7.75000000E-03  8.04200000E-06  7.50800000E-06  4.25600000E-03  4.20900000E-03  0.00000000E+00  0.00000000E+00  0.00000000E+00  0.00000000E+00  0.00000000E+00  0.00000000E+00  0.00000000E+00  0.00000000E+00  0.00000000E+00  0.00000000E+00
-1.77710273E+01  9.06300000E-02  9.18000000E-02  8.29000000E-03  8.21200000E-03  8.72000000E-06  8.48200000E-06  4.22100000E-03  4.25700000E-03  0.00000000E+00  0.00000000E+00  0.00000000E+00  0.00000000E+00  0.00000000E+00  0.00000000E+00  0.00000000E+00  0.00000000E+00  0.00000000E+00  0.00000000E+00
-1.77530273E+01  8.16300000E-02  8.47300000E-02  7.76600000E-03  8.02500000E-03  8.61000000E-06  8.83400000E-06  3.88500000E-03  4.07100000E-03  0.00000000E+00  0.00000000E+00  0.00000000E+00  0.00000000E+00  0.00000000E+00  0.00000000E+00  0.00000000E+00  0.00000000E+00  0.00000000E+00  0.00000000E+00
-1.77360273E+01  6.73300000E-02  7.14500000E-02  6.60800000E-03  7.07800000E-03  7.93900000E-06  8.40200000E-06  3.34600000E-03  3.59000000E-03  0.00000000E+00  0.00000000E+00  0.00000000E+00  0.00000000E+00  0.00000000E+00  0.00000000E+00  0.00000000E+00  0.00000000E+00  0.00000000E+00  0.00000000E+00
-1.77180273E+01  5.33100000E-02  5.68100000E-02  5.36100000E-03  5.82400000E-03  7.30400000E-06  7.67500000E-06  2.93300000E-03  3.07900000E-03  0.00000000E+00  0.00000000E+00  0.00000000E+00  0.00000000E+00  0.00000000E+00  0.00000000E+00  0.00000000E+00  0.00000000E+00  0.00000000E+00  0.00000000E+00
-1.77010273E+01  4.26500000E-02  4.52200000E-02  4.33200000E-03  4.70700000E-03  6.89700000E-06  7.10900000E-06  2.81100000E-03  2.82400000E-03  0.00000000E+00  0.00000000E+00  0.00000000E+00  0.00000000E+00  0.00000000E+00  0.00000000E+00  0.00000000E+00  0.00000000E+00  0.00000000E+00  0.00000000E+00
-1.76830273E+01  3.39600000E-02  3.64300000E-02  3.45600000E-03  3.77100000E-03  6.41100000E-06  6.60800000E-06  2.82300000E-03  2.79700000E-03  0.00000000E+00  0.00000000E+00  0.00000000E+00  0.00000000E+00  0.00000000E+00  0.00000000E+00  0.00000000E+00  0.00000000E+00  0.00000000E+00  0.00000000E+00
-1.76660273E+01  2.54100000E-02  2.81000000E-02  2.70500000E-03  2.91900000E-03  5.69500000E-06  5.88600000E-06  2.78100000E-03  2.76400000E-03  0.00000000E+00  0.00000000E+00  0.00000000E+00  0.00000000E+00  0.00000000E+00  0.00000000E+00  0.00000000E+00  0.00000000E+00  0.00000000E+00  0.00000000E+00
-1.76490272E+01  1.77600000E-02  1.99600000E-02  2.31200000E-03  2.29200000E-03  5.19200000E-06  5.11300000E-06  2.78900000E-03  2.66800000E-03  0.00000000E+00  0.00000000E+00  0.00000000E+00  0.00000000E+00  0.00000000E+00  0.00000000E+00  0.00000000E+00  0.00000000E+00  0.00000000E+00  0.00000000E+00
-1.76310273E+01  1.31300000E-02  1.40600000E-02  2.51100000E-03  2.20000000E-03  5.51000000E-06  4.93100000E-06  3.12500000E-03  2.76600000E-03  0.00000000E+00  0.00000000E+00  0.00000000E+00  0.00000000E+00  0.00000000E+00  0.00000000E+00  0.00000000E+00  0.00000000E+00  0.00000000E+00  0.00000000E+00
-1.76140273E+01  1.23000000E-02  1.20700000E-02  3.18100000E-03  2.74700000E-03  6.62100000E-06  5.75300000E-06  3.80600000E-03  3.29800000E-03  0.00000000E+00  0.00000000E+00  0.00000000E+00  0.00000000E+00  0.00000000E+00  0.00000000E+00  0.00000000E+00  0.00000000E+00  0.00000000E+00  0.00000000E+00
-1.75960273E+01  1.39300000E-02  1.34900000E-02  3.84900000E-03  3.61000000E-03  7.67900000E-06  7.14100000E-06  4.40600000E-03  4.08600000E-03  0.00000000E+00  0.00000000E+00  0.00000000E+00  0.00000000E+00  0.00000000E+00  0.00000000E+00  0.00000000E+00  0.00000000E+00  0.00000000E+00  0.00000000E+00
-1.75790273E+01  1.60300000E-02  1.61400000E-02  4.06800000E-03  4.22200000E-03  7.78000000E-06  8.04900000E-06  4.45200000E-03  4.59300000E-03  0.00000000E+00  0.00000000E+00  0.00000000E+00  0.00000000E+00  0.00000000E+00  0.00000000E+00  0.00000000E+00  0.00000000E+00  0.00000000E+00  0.00000000E+00
-1.75610273E+01  1.77600000E-02  1.82500000E-02  3.82100000E-03  4.25500000E-03  6.88400000E-06  7.81100000E-06  3.97200000E-03  4.48700000E-03  0.00000000E+00  0.00000000E+00  0.00000000E+00  0.00000000E+00  0.00000000E+00  0.00000000E+00  0.00000000E+00  0.00000000E+00  0.00000000E+00  0.00000000E+00
-1.75440273E+01  2.05200000E-02  2.03300000E-02  3.54600000E-03  3.94000000E-03  5.87400000E-06  6.83400000E-06  3.54100000E-03  4.05300000E-03  0.00000000E+00  0.00000000E+00  0.00000000E+00  0.00000000E+00  0.00000000E+00  0.00000000E+00  0.00000000E+00  0.00000000E+00  0.00000000E+00  0.00000000E+00
-1.75260273E+01  2.68800000E-02  2.50600000E-02  3.74900000E-03  3.86500000E-03  5.69000000E-06  6.17300000E-06  3.72100000E-03  3.92800000E-03  0.00000000E+00  0.00000000E+00  0.00000000E+00  0.00000000E+00  0.00000000E+00  0.00000000E+00  0.00000000E+00  0.00000000E+00  0.00000000E+00  0.00000000E+00
-1.75090273E+01  3.74300000E-02  3.42800000E-02  4.52800000E-03  4.38600000E-03  6.44000000E-06  6.43600000E-06  4.48200000E-03  4.40500000E-03  0.00000000E+00  0.00000000E+00  0.00000000E+00  0.00000000E+00  0.00000000E+00  0.00000000E+00  0.00000000E+00  0.00000000E+00  0.00000000E+00  0.00000000E+00
-1.74910273E+01  4.82400000E-02  4.54800000E-02  5.42500000E-03  5.23500000E-03  7.38700000E-06  7.21900000E-06  5.23300000E-03  5.10700000E-03  0.00000000E+00  0.00000000E+00  0.00000000E+00  0.00000000E+00  0.00000000E+00  0.00000000E+00  0.00000000E+00  0.00000000E+00  0.00000000E+00  0.00000000E+00
-1.74740273E+01  5.28400000E-02  5.23200000E-02  5.84900000E-03  5.78300000E-03  7.82000000E-06  7.70600000E-06  5.45400000E-03  5.42900000E-03  0.00000000E+00  0.00000000E+00  0.00000000E+00  0.00000000E+00  0.00000000E+00  0.00000000E+00  0.00000000E+00  0.00000000E+00  0.00000000E+00  0.00000000E+00
-1.74560273E+01  4.80900000E-02  5.01000000E-02  5.67200000E-03  5.70700000E-03  7.85300000E-06  7.69000000E-06  5.25800000E-03  5.25200000E-03  0.00000000E+00  0.00000000E+00  0.00000000E+00  0.00000000E+00  0.00000000E+00  0.00000000E+00  0.00000000E+00  0.00000000E+00  0.00000000E+00  0.00000000E+00
-1.74390273E+01  3.72100000E-02  4.03600000E-02  5.30500000E-03  5.30100000E-03  8.18700000E-06  7.76800000E-06  5.20600000E-03  5.05000000E-03  0.00000000E+00  0.00000000E+00  0.00000000E+00  0.00000000E+00  0.00000000E+00  0.00000000E+00  0.00000000E+00  0.00000000E+00  0.00000000E+00  0.00000000E+00
-1.74210273E+01  2.65800000E-02  2.91600000E-02  5.15100000E-03  5.05500000E-03  9.14500000E-06  8.49700000E-06  5.61900000E-03  5.29900000E-03  0.00000000E+00  0.00000000E+00  0.00000000E+00  0.00000000E+00  0.00000000E+00  0.00000000E+00  0.00000000E+00  0.00000000E+00  0.00000000E+00  0.00000000E+00
-1.74040273E+01  2.06000000E-02  2.16900000E-02  5.19800000E-03  5.09100000E-03  1.02300000E-05  9.66300000E-06  6.25200000E-03  5.94400000E-03  0.00000000E+00  0.00000000E+00  0.00000000E+00  0.00000000E+00  0.00000000E+00  0.00000000E+00  0.00000000E+00  0.00000000E+00  0.00000000E+00  0.00000000E+00
-1.73860273E+01  2.06700000E-02  1.99600000E-02  5.25100000E-03  5.20600000E-03  1.07500000E-05  1.05500000E-05  6.66900000E-03  6.55200000E-03  0.00000000E+00  0.00000000E+00  0.00000000E+00  0.00000000E+00  0.00000000E+00  0.00000000E+00  0.00000000E+00  0.00000000E+00  0.00000000E+00  0.00000000E+00
-1.73690273E+01  2.68700000E-02  2.41800000E-02  5.36600000E-03  5.32000000E-03  1.05100000E-05  1.07200000E-05  6.72000000E-03  6.81900000E-03  0.00000000E+00  0.00000000E+00  0.00000000E+00  0.00000000E+00  0.00000000E+00  0.00000000E+00  0.00000000E+00  0.00000000E+00  0.00000000E+00  0.00000000E+00
-1.73510273E+01  3.82600000E-02  3.39200000E-02  5.82600000E-03  5.65500000E-03  9.79000000E-06  1.02500000E-05  6.54600000E-03  6.76500000E-03  0.00000000E+00  0.00000000E+00  0.00000000E+00  0.00000000E+00  0.00000000E+00  0.00000000E+00  0.00000000E+00  0.00000000E+00  0.00000000E+00  0.00000000E+00
-1.73340273E+01  5.17500000E-02  4.71000000E-02  6.70000000E-03  6.41000000E-03  8.75900000E-06  9.35600000E-06  6.25200000E-03  6.51200000E-03  0.00000000E+00  0.00000000E+00  0.00000000E+00  0.00000000E+00  0.00000000E+00  0.00000000E+00  0.00000000E+00  0.00000000E+00  0.00000000E+00  0.00000000E+00
-1.73160273E+01  6.23800000E-02  5.94400000E-02  7.57000000E-03  7.36500000E-03  7.34700000E-06  8.03400000E-06  5.78900000E-03  6.07800000E-03  0.00000000E+00  0.00000000E+00  0.00000000E+00  0.00000000E+00  0.00000000E+00  0.00000000E+00  0.00000000E+00  0.00000000E+00  0.00000000E+00  0.00000000E+00
-1.72990273E+01  6.56900000E-02  6.59500000E-02  7.79300000E-03  7.90600000E-03  5.59100000E-06  6.31000000E-06  5.10100000E-03  5.42900000E-03  0.00000000E+00  0.00000000E+00  0.00000000E+00  0.00000000E+00  0.00000000E+00  0.00000000E+00  0.00000000E+00  0.00000000E+00  0.00000000E+00  0.00000000E+00
-1.72810273E+01  6.02000000E-02  6.36000000E-02  7.02400000E-03  7.50400000E-03  3.81400000E-06  4.45500000E-06  4.24000000E-03  4.58900000E-03  0.00000000E+00  0.00000000E+00  0.00000000E+00  0.00000000E+00  0.00000000E+00  0.00000000E+00  0.00000000E+00  0.00000000E+00  0.00000000E+00  0.00000000E+00
-1.72640273E+01  4.78200000E-02  5.29200000E-02  5.46700000E-03  6.14000000E-03  2.40400000E-06  2.86700000E-06  3.30900000E-03  3.64200000E-03  0.00000000E+00  0.00000000E+00  0.00000000E+00  0.00000000E+00  0.00000000E+00  0.00000000E+00  0.00000000E+00  0.00000000E+00  0.00000000E+00  0.00000000E+00
-1.72460273E+01  3.27100000E-02  3.76900000E-02  3.67000000E-03  4.29600000E-03  1.56700000E-06  1.80200000E-06  2.43700000E-03  2.70600000E-03  0.00000000E+00  0.00000000E+00  0.00000000E+00  0.00000000E+00  0.00000000E+00  0.00000000E+00  0.00000000E+00  0.00000000E+00  0.00000000E+00  0.00000000E+00
-1.72290273E+01  1.93900000E-02  2.29300000E-02  2.17300000E-03  2.58800000E-03  1.37300000E-06  1.34100000E-06  1.81900000E-03  1.95900000E-03  0.00000000E+00  0.00000000E+00  0.00000000E+00  0.00000000E+00  0.00000000E+00  0.00000000E+00  0.00000000E+00  0.00000000E+00  0.00000000E+00  0.00000000E+00
-1.72120273E+01  1.07400000E-02  1.24400000E-02  1.27000000E-03  1.42400000E-03  1.87900000E-06  1.53100000E-06  1.67400000E-03  1.62700000E-03  0.00000000E+00  0.00000000E+00  0.00000000E+00  0.00000000E+00  0.00000000E+00  0.00000000E+00  0.00000000E+00  0.00000000E+00  0.00000000E+00  0.00000000E+00
-1.71940273E+01  7.03800000E-03  7.25800000E-03  9.67200000E-04  9.00800000E-04  3.01500000E-06  2.38500000E-06  2.05300000E-03  1.83900000E-03  0.00000000E+00  0.00000000E+00  0.00000000E+00  0.00000000E+00  0.00000000E+00  0.00000000E+00  0.00000000E+00  0.00000000E+00  0.00000000E+00  0.00000000E+00
-1.71770273E+01  6.55700000E-03  6.02900000E-03  1.05900000E-03  8.81200000E-04  4.34500000E-06  3.67000000E-06  2.69200000E-03  2.44100000E-03  0.00000000E+00  0.00000000E+00  0.00000000E+00  0.00000000E+00  0.00000000E+00  0.00000000E+00  0.00000000E+00  0.00000000E+00  0.00000000E+00  0.00000000E+00
-1.71590273E+01  7.14300000E-03  6.55500000E-03  1.28500000E-03  1.13500000E-03  5.14500000E-06  4.80000000E-06  3.16100000E-03  3.03700000E-03  0.00000000E+00  0.00000000E+00  0.00000000E+00  0.00000000E+00  0.00000000E+00  0.00000000E+00  0.00000000E+00  0.00000000E+00  0.00000000E+00  0.00000000E+00
-1.71420273E+01  7.71700000E-03  7.35100000E-03  1.51200000E-03  1.47400000E-03  4.95500000E-06  5.15900000E-06  3.27200000E-03  3.31400000E-03  0.00000000E+00  0.00000000E+00  0.00000000E+00  0.00000000E+00  0.00000000E+00  0.00000000E+00  0.00000000E+00  0.00000000E+00  0.00000000E+00  0.00000000E+00
-1.71240273E+01  8.59500000E-03  8.29700000E-03  1.80900000E-03  1.85300000E-03  4.00900000E-06  4.62300000E-06  3.25500000E-03  3.35500000E-03  0.00000000E+00  0.00000000E+00  0.00000000E+00  0.00000000E+00  0.00000000E+00  0.00000000E+00  0.00000000E+00  0.00000000E+00  0.00000000E+00  0.00000000E+00
-1.71070273E+01  1.05100000E-02  1.00100000E-02  2.32000000E-03  2.33700000E-03  2.97900000E-06  3.64600000E-06  3.45300000E-03  3.48800000E-03  0.00000000E+00  0.00000000E+00  0.00000000E+00  0.00000000E+00  0.00000000E+00  0.00000000E+00  0.00000000E+00  0.00000000E+00  0.00000000E+00  0.00000000E+00
-1.70890273E+01  1.36600000E-02  1.28100000E-02  3.12100000E-03  3.00400000E-03  2.35000000E-06  2.80000000E-06  3.89400000E-03  3.85400000E-03  0.00000000E+00  0.00000000E+00  0.00000000E+00  0.00000000E+00  0.00000000E+00  0.00000000E+00  0.00000000E+00  0.00000000E+00  0.00000000E+00  0.00000000E+00
-1.70720273E+01  1.81000000E-02  1.67300000E-02  4.31300000E-03  3.96000000E-03  2.20600000E-06  2.36600000E-06  4.37400000E-03  4.30300000E-03  0.00000000E+00  0.00000000E+00  0.00000000E+00  0.00000000E+00  0.00000000E+00  0.00000000E+00  0.00000000E+00  0.00000000E+00  0.00000000E+00  0.00000000E+00
-1.70540273E+01  2.44300000E-02  2.23600000E-02  6.12500000E-03  5.45400000E-03  2.46600000E-06  2.37100000E-06  4.86800000E-03  4.75800000E-03  0.00000000E+00  0.00000000E+00  0.00000000E+00  0.00000000E+00  0.00000000E+00  0.00000000E+00  0.00000000E+00  0.00000000E+00  0.00000000E+00  0.00000000E+00
-1.70370273E+01  3.27400000E-02  3.03100000E-02  8.58300000E-03  7.67100000E-03  3.05300000E-06  2.76700000E-06  5.54000000E-03  5.38300000E-03  0.00000000E+00  0.00000000E+00  0.00000000E+00  0.00000000E+00  0.00000000E+00  0.00000000E+00  0.00000000E+00  0.00000000E+00  0.00000000E+00  0.00000000E+00
-1.70190273E+01  4.07200000E-02  3.90400000E-02  1.10200000E-02  1.01900000E-02  3.78100000E-06  3.40000000E-06  6.31000000E-03  6.19300000E-03  0.00000000E+00  0.00000000E+00  0.00000000E+00  0.00000000E+00  0.00000000E+00  0.00000000E+00  0.00000000E+00  0.00000000E+00  0.00000000E+00  0.00000000E+00
-1.70020273E+01  4.47900000E-02  4.47400000E-02  1.23100000E-02  1.19400000E-02  4.36700000E-06  3.99100000E-06  6.76700000E-03  6.80000000E-03  0.00000000E+00  0.00000000E+00  0.00000000E+00  0.00000000E+00  0.00000000E+00  0.00000000E+00  0.00000000E+00  0.00000000E+00  0.00000000E+00  0.00000000E+00
-1.69840273E+01  4.44600000E-02  4.52000000E-02  1.19000000E-02  1.21200000E-02  4.73900000E-06  4.38900000E-06  6.79800000E-03  6.89300000E-03  0.00000000E+00  0.00000000E+00  0.00000000E+00  0.00000000E+00  0.00000000E+00  0.00000000E+00  0.00000000E+00  0.00000000E+00  0.00000000E+00  0.00000000E+00
-1.69670273E+01  4.40100000E-02  4.32800000E-02  1.02200000E-02  1.08800000E-02  5.26600000E-06  4.85100000E-06  7.04500000E-03  6.89300000E-03  0.00000000E+00  0.00000000E+00  0.00000000E+00  0.00000000E+00  0.00000000E+00  0.00000000E+00  0.00000000E+00  0.00000000E+00  0.00000000E+00  0.00000000E+00
-1.69490273E+01  4.82800000E-02  4.45500000E-02  8.13800000E-03  9.00500000E-03  6.47900000E-06  5.89800000E-06  8.41400000E-03  7.75200000E-03  0.00000000E+00  0.00000000E+00  0.00000000E+00  0.00000000E+00  0.00000000E+00  0.00000000E+00  0.00000000E+00  0.00000000E+00  0.00000000E+00  0.00000000E+00
-1.69320273E+01  5.68800000E-02  5.12600000E-02  6.14800000E-03  7.05300000E-03  8.45500000E-06  7.76900000E-06  1.10200000E-02  9.95300000E-03  0.00000000E+00  0.00000000E+00  0.00000000E+00  0.00000000E+00  0.00000000E+00  0.00000000E+00  0.00000000E+00  0.00000000E+00  0.00000000E+00  0.00000000E+00
-1.69140273E+01  6.35000000E-02  5.93400000E-02  4.35700000E-03  5.17000000E-03  1.04200000E-05  9.95400000E-06  1.37000000E-02  1.27700000E-02  0.00000000E+00  0.00000000E+00  0.00000000E+00  0.00000000E+00  0.00000000E+00  0.00000000E+00  0.00000000E+00  0.00000000E+00  0.00000000E+00  0.00000000E+00
-1.68970273E+01  6.14000000E-02  6.15700000E-02  2.82300000E-03  3.44700000E-03  1.11700000E-05  1.13200000E-05  1.47600000E-02  1.45900000E-02  0.00000000E+00  0.00000000E+00  0.00000000E+00  0.00000000E+00  0.00000000E+00  0.00000000E+00  0.00000000E+00  0.00000000E+00  0.00000000E+00  0.00000000E+00
-1.68790273E+01  4.95400000E-02  5.39800000E-02  1.68700000E-03  2.07700000E-03  1.00100000E-05  1.09000000E-05  1.33400000E-02  1.41200000E-02  0.00000000E+00  0.00000000E+00  0.00000000E+00  0.00000000E+00  0.00000000E+00  0.00000000E+00  0.00000000E+00  0.00000000E+00  0.00000000E+00  0.00000000E+00
-1.68620273E+01  3.33000000E-02  3.92500000E-02  1.08600000E-03  1.22800000E-03  7.46700000E-06  8.75200000E-06  1.02100000E-02  1.15100000E-02  0.00000000E+00  0.00000000E+00  0.00000000E+00  0.00000000E+00  0.00000000E+00  0.00000000E+00  0.00000000E+00  0.00000000E+00  0.00000000E+00  0.00000000E+00
-1.68440272E+01  2.00800000E-02  2.42500000E-02  1.10400000E-03  9.81800000E-04  4.83300000E-06  5.95100000E-06  7.10000000E-03  8.22500000E-03  0.00000000E+00  0.00000000E+00  0.00000000E+00  0.00000000E+00  0.00000000E+00  0.00000000E+00  0.00000000E+00  0.00000000E+00  0.00000000E+00  0.00000000E+00
-1.68270273E+01  1.48100000E-02  1.51300000E-02  1.77900000E-03  1.38600000E-03  3.14400000E-06  3.73700000E-06  5.23200000E-03  5.80100000E-03  0.00000000E+00  0.00000000E+00  0.00000000E+00  0.00000000E+00  0.00000000E+00  0.00000000E+00  0.00000000E+00  0.00000000E+00  0.00000000E+00  0.00000000E+00
-1.68090272E+01  1.87400000E-02  1.47100000E-02  3.01800000E-03  2.43600000E-03  2.65400000E-06  2.70900000E-06  4.72100000E-03  4.80200000E-03  0.00000000E+00  0.00000000E+00  0.00000000E+00  0.00000000E+00  0.00000000E+00  0.00000000E+00  0.00000000E+00  0.00000000E+00  0.00000000E+00  0.00000000E+00
-1.67920273E+01  2.97200000E-02  2.26600000E-02  4.45500000E-03  3.91700000E-03  3.00900000E-06  2.73800000E-06  5.00100000E-03  4.87100000E-03  0.00000000E+00  0.00000000E+00  0.00000000E+00  0.00000000E+00  0.00000000E+00  0.00000000E+00  0.00000000E+00  0.00000000E+00  0.00000000E+00  0.00000000E+00
-1.67740272E+01  4.22000000E-02  3.54800000E-02  5.48200000E-03  5.28600000E-03  3.63200000E-06  3.31500000E-06  5.47200000E-03  5.37500000E-03  0.00000000E+00  0.00000000E+00  0.00000000E+00  0.00000000E+00  0.00000000E+00  0.00000000E+00  0.00000000E+00  0.00000000E+00  0.00000000E+00  0.00000000E+00
-1.67570273E+01  4.89200000E-02  4.65300000E-02  5.57600000E-03  5.86800000E-03  3.96800000E-06  3.84500000E-06  5.67600000E-03  5.77100000E-03  0.00000000E+00  0.00000000E+00  0.00000000E+00  0.00000000E+00  0.00000000E+00  0.00000000E+00  0.00000000E+00  0.00000000E+00  0.00000000E+00  0.00000000E+00
-1.67400273E+01  4.57600000E-02  4.92200000E-02  4.68900000E-03  5.33000000E-03  3.69100000E-06  3.85200000E-06  5.30400000E-03  5.63800000E-03  0.00000000E+00  0.00000000E+00  0.00000000E+00  0.00000000E+00  0.00000000E+00  0.00000000E+00  0.00000000E+00  0.00000000E+00  0.00000000E+00  0.00000000E+00
-1.67220273E+01  3.54700000E-02  4.22800000E-02  3.28500000E-03  3.96300000E-03  2.88200000E-06  3.21900000E-06  4.36800000E-03  4.83100000E-03  0.00000000E+00  0.00000000E+00  0.00000000E+00  0.00000000E+00  0.00000000E+00  0.00000000E+00  0.00000000E+00  0.00000000E+00  0.00000000E+00  0.00000000E+00
-1.67050273E+01  2.55500000E-02  3.12900000E-02  2.01200000E-03  2.45800000E-03  1.95000000E-06  2.25500000E-06  3.32300000E-03  3.67900000E-03  0.00000000E+00  0.00000000E+00  0.00000000E+00  0.00000000E+00  0.00000000E+00  0.00000000E+00  0.00000000E+00  0.00000000E+00  0.00000000E+00  0.00000000E+00
-1.66870272E+01  2.25100000E-02  2.40700000E-02  1.35600000E-03  1.43500000E-03  1.33000000E-06  1.44500000E-06  2.79900000E-03  2.82400000E-03  0.00000000E+00  0.00000000E+00  0.00000000E+00  0.00000000E+00  0.00000000E+00  0.00000000E+00  0.00000000E+00  0.00000000E+00  0.00000000E+00  0.00000000E+00
-1.66700273E+01  2.78400000E-02  2.48000000E-02  1.52100000E-03  1.19900000E-03  1.19300000E-06  1.08900000E-06  3.16600000E-03  2.75900000E-03  0.00000000E+00  0.00000000E+00  0.00000000E+00  0.00000000E+00  0.00000000E+00  0.00000000E+00  0.00000000E+00  0.00000000E+00  0.00000000E+00  0.00000000E+00
-1.66520272E+01  3.78900000E-02  3.21900000E-02  2.43500000E-03  1.77000000E-03  1.40400000E-06  1.17500000E-06  4.27200000E-03  3.52900000E-03  0.00000000E+00  0.00000000E+00  0.00000000E+00  0.00000000E+00  0.00000000E+00  0.00000000E+00  0.00000000E+00  0.00000000E+00  0.00000000E+00  0.00000000E+00
-1.66350273E+01  4.65100000E-02  4.14000000E-02  3.71200000E-03  2.91900000E-03  1.67500000E-06  1.46900000E-06  5.51900000E-03  4.74000000E-03  0.00000000E+00  0.00000000E+00  0.00000000E+00  0.00000000E+00  0.00000000E+00  0.00000000E+00  0.00000000E+00  0.00000000E+00  0.00000000E+00  0.00000000E+00
-1.66170272E+01  4.87600000E-02  4.70700000E-02  4.70600000E-03  4.13000000E-03  1.80000000E-06  1.70900000E-06  6.19000000E-03  5.75900000E-03  0.00000000E+00  0.00000000E+00  0.00000000E+00  0.00000000E+00  0.00000000E+00  0.00000000E+00  0.00000000E+00  0.00000000E+00  0.00000000E+00  0.00000000E+00
-1.66000273E+01  4.39800000E-02  4.62600000E-02  4.86800000E-03  4.75700000E-03  1.80700000E-06  1.79100000E-06  5.89900000E-03  6.02100000E-03  0.00000000E+00  0.00000000E+00  0.00000000E+00  0.00000000E+00  0.00000000E+00  0.00000000E+00  0.00000000E+00  0.00000000E+00  0.00000000E+00  0.00000000E+00
-1.65820273E+01  3.60500000E-02  4.02700000E-02  4.16900000E-03  4.47300000E-03  1.87600000E-06  1.81900000E-06  4.88800000E-03  5.40900000E-03  0.00000000E+00  0.00000000E+00  0.00000000E+00  0.00000000E+00  0.00000000E+00  0.00000000E+00  0.00000000E+00  0.00000000E+00  0.00000000E+00  0.00000000E+00
-1.65650272E+01  3.04700000E-02  3.38600000E-02  3.09200000E-03  3.54100000E-03  2.13500000E-06  1.97500000E-06  3.87700000E-03  4.39900000E-03  0.00000000E+00  0.00000000E+00  0.00000000E+00  0.00000000E+00  0.00000000E+00  0.00000000E+00  0.00000000E+00  0.00000000E+00  0.00000000E+00  0.00000000E+00
-1.65470273E+01  3.12100000E-02  3.20200000E-02  2.18800000E-03  2.54600000E-03  2.58700000E-06  2.34800000E-06  3.61600000E-03  3.76600000E-03  0.00000000E+00  0.00000000E+00  0.00000000E+00  0.00000000E+00  0.00000000E+00  0.00000000E+00  0.00000000E+00  0.00000000E+00  0.00000000E+00  0.00000000E+00
-1.65300272E+01  3.91800000E-02  3.70700000E-02  1.71900000E-03  1.91000000E-03  3.26900000E-06  2.96100000E-06  4.52600000E-03  4.12900000E-03  0.00000000E+00  0.00000000E+00  0.00000000E+00  0.00000000E+00  0.00000000E+00  0.00000000E+00  0.00000000E+00  0.00000000E+00  0.00000000E+00  0.00000000E+00
-1.65120273E+01  5.18300000E-02  4.75400000E-02  1.66200000E-03  1.70700000E-03  4.32200000E-06  3.88600000E-06  6.49300000E-03  5.63900000E-03  0.00000000E+00  0.00000000E+00  0.00000000E+00  0.00000000E+00  0.00000000E+00  0.00000000E+00  0.00000000E+00  0.00000000E+00  0.00000000E+00  0.00000000E+00
-1.64950272E+01  6.35500000E-02  5.88100000E-02  1.85500000E-03  1.80200000E-03  5.71800000E-06  5.17400000E-06  8.74800000E-03  7.82500000E-03  0.00000000E+00  0.00000000E+00  0.00000000E+00  0.00000000E+00  0.00000000E+00  0.00000000E+00  0.00000000E+00  0.00000000E+00  0.00000000E+00  0.00000000E+00
-1.64770273E+01  6.83500000E-02  6.54100000E-02  2.07800000E-03  2.00200000E-03  7.00400000E-06  6.57100000E-06  1.01500000E-02  9.68400000E-03  0.00000000E+00  0.00000000E+00  0.00000000E+00  0.00000000E+00  0.00000000E+00  0.00000000E+00  0.00000000E+00  0.00000000E+00  0.00000000E+00  0.00000000E+00
-1.64600272E+01  6.40000000E-02  6.42100000E-02  2.13900000E-03  2.12200000E-03  7.56500000E-06  7.51400000E-06  9.97000000E-03  1.02400000E-02  0.00000000E+00  0.00000000E+00  0.00000000E+00  0.00000000E+00  0.00000000E+00  0.00000000E+00  0.00000000E+00  0.00000000E+00  0.00000000E+00  0.00000000E+00
-1.64420273E+01  5.36800000E-02  5.64700000E-02  1.99700000E-03  2.06200000E-03  7.22200000E-06  7.58600000E-06  8.43800000E-03  9.27200000E-03  0.00000000E+00  0.00000000E+00  0.00000000E+00  0.00000000E+00  0.00000000E+00  0.00000000E+00  0.00000000E+00  0.00000000E+00  0.00000000E+00  0.00000000E+00
-1.64250273E+01  4.31500000E-02  4.67400000E-02  1.82300000E-03  1.88900000E-03  6.45300000E-06  6.97000000E-06  6.50100000E-03  7.45800000E-03  0.00000000E+00  0.00000000E+00  0.00000000E+00  0.00000000E+00  0.00000000E+00  0.00000000E+00  0.00000000E+00  0.00000000E+00  0.00000000E+00  0.00000000E+00
-1.64070273E+01  3.68500000E-02  3.97300000E-02  1.89100000E-03  1.82800000E-03  5.97200000E-06  6.31800000E-06  4.99800000E-03  5.74400000E-03  0.00000000E+00  0.00000000E+00  0.00000000E+00  0.00000000E+00  0.00000000E+00  0.00000000E+00  0.00000000E+00  0.00000000E+00  0.00000000E+00  0.00000000E+00
-1.63900273E+01  3.62200000E-02  3.78900000E-02  2.34600000E-03  2.09800000E-03  6.15900000E-06  6.18800000E-06  4.19700000E-03  4.65600000E-03  0.00000000E+00  0.00000000E+00  0.00000000E+00  0.00000000E+00  0.00000000E+00  0.00000000E+00  0.00000000E+00  0.00000000E+00  0.00000000E+00  0.00000000E+00
-1.63720273E+01  4.00000000E-02  4.06500000E-02  3.03000000E-03  2.69600000E-03  6.78500000E-06  6.60600000E-06  3.89300000E-03  4.15300000E-03  0.00000000E+00  0.00000000E+00  0.00000000E+00  0.00000000E+00  0.00000000E+00  0.00000000E+00  0.00000000E+00  0.00000000E+00  0.00000000E+00  0.00000000E+00
-1.63550273E+01  4.48600000E-02  4.49300000E-02  3.53600000E-03  3.31900000E-03  7.23400000E-06  7.08000000E-06  3.73900000E-03  3.89800000E-03  0.00000000E+00  0.00000000E+00  0.00000000E+00  0.00000000E+00  0.00000000E+00  0.00000000E+00  0.00000000E+00  0.00000000E+00  0.00000000E+00  0.00000000E+00
-1.63370273E+01  4.75100000E-02  4.71500000E-02  3.53900000E-03  3.57000000E-03  7.12700000E-06  7.10500000E-06  3.56200000E-03  3.64000000E-03  0.00000000E+00  0.00000000E+00  0.00000000E+00  0.00000000E+00  0.00000000E+00  0.00000000E+00  0.00000000E+00  0.00000000E+00  0.00000000E+00  0.00000000E+00
-1.63200273E+01  4.74700000E-02  4.63900000E-02  3.09400000E-03  3.30900000E-03  6.72900000E-06  6.72400000E-06  3.46800000E-03  3.43000000E-03  0.00000000E+00  0.00000000E+00  0.00000000E+00  0.00000000E+00  0.00000000E+00  0.00000000E+00  0.00000000E+00  0.00000000E+00  0.00000000E+00  0.00000000E+00
-1.63020273E+01  4.64500000E-02  4.48300000E-02  2.54900000E-03  2.77100000E-03  6.55600000E-06  6.43700000E-06  3.58500000E-03  3.46300000E-03  0.00000000E+00  0.00000000E+00  0.00000000E+00  0.00000000E+00  0.00000000E+00  0.00000000E+00  0.00000000E+00  0.00000000E+00  0.00000000E+00  0.00000000E+00
-1.62850273E+01  4.47400000E-02  4.39100000E-02  2.19100000E-03  2.30000000E-03  6.64600000E-06  6.49600000E-06  3.73600000E-03  3.69200000E-03  0.00000000E+00  0.00000000E+00  0.00000000E+00  0.00000000E+00  0.00000000E+00  0.00000000E+00  0.00000000E+00  0.00000000E+00  0.00000000E+00  0.00000000E+00
-1.62680273E+01  4.06600000E-02  4.20300000E-02  2.05100000E-03  2.05400000E-03  6.53600000E-06  6.55900000E-06  3.56500000E-03  3.75000000E-03  0.00000000E+00  0.00000000E+00  0.00000000E+00  0.00000000E+00  0.00000000E+00  0.00000000E+00  0.00000000E+00  0.00000000E+00  0.00000000E+00  0.00000000E+00
-1.62500273E+01  3.45400000E-02  3.78600000E-02  2.03000000E-03  2.00000000E-03  5.90700000E-06  6.18900000E-06  3.01700000E-03  3.39400000E-03  0.00000000E+00  0.00000000E+00  0.00000000E+00  0.00000000E+00  0.00000000E+00  0.00000000E+00  0.00000000E+00  0.00000000E+00  0.00000000E+00  0.00000000E+00
-1.62330273E+01  3.08400000E-02  3.42500000E-02  2.06900000E-03  2.07600000E-03  4.93500000E-06  5.38900000E-06  2.51100000E-03  2.88000000E-03  0.00000000E+00  0.00000000E+00  0.00000000E+00  0.00000000E+00  0.00000000E+00  0.00000000E+00  0.00000000E+00  0.00000000E+00  0.00000000E+00  0.00000000E+00
-1.62150273E+01  3.43200000E-02  3.60900000E-02  2.16700000E-03  2.24100000E-03  4.04500000E-06  4.50800000E-06  2.57100000E-03  2.74400000E-03  0.00000000E+00  0.00000000E+00  0.00000000E+00  0.00000000E+00  0.00000000E+00  0.00000000E+00  0.00000000E+00  0.00000000E+00  0.00000000E+00  0.00000000E+00
-1.61980273E+01  4.46400000E-02  4.42700000E-02  2.32700000E-03  2.43300000E-03  3.62100000E-06  3.87100000E-06  3.33000000E-03  3.24900000E-03  0.00000000E+00  0.00000000E+00  0.00000000E+00  0.00000000E+00  0.00000000E+00  0.00000000E+00  0.00000000E+00  0.00000000E+00  0.00000000E+00  0.00000000E+00
-1.61800273E+01  5.61200000E-02  5.38000000E-02  2.53900000E-03  2.57500000E-03  4.00900000E-06  3.73500000E-06  4.43600000E-03  4.12900000E-03  0.00000000E+00  0.00000000E+00  0.00000000E+00  0.00000000E+00  0.00000000E+00  0.00000000E+00  0.00000000E+00  0.00000000E+00  0.00000000E+00  0.00000000E+00
-1.61630273E+01  6.35400000E-02  5.91300000E-02  2.85000000E-03  2.69000000E-03  5.54400000E-06  4.46000000E-06  5.41400000E-03  4.91700000E-03  0.00000000E+00  0.00000000E+00  0.00000000E+00  0.00000000E+00  0.00000000E+00  0.00000000E+00  0.00000000E+00  0.00000000E+00  0.00000000E+00  0.00000000E+00
-1.61450273E+01  6.75800000E-02  6.06700000E-02  3.42000000E-03  2.97900000E-03  8.31900000E-06  6.43100000E-06  6.06200000E-03  5.43300000E-03  0.00000000E+00  0.00000000E+00  0.00000000E+00  0.00000000E+00  0.00000000E+00  0.00000000E+00  0.00000000E+00  0.00000000E+00  0.00000000E+00  0.00000000E+00
-1.61280273E+01  7.27800000E-02  6.39200000E-02  4.38300000E-03  3.69300000E-03  1.17800000E-05  9.60300000E-06  6.41400000E-03  5.83300000E-03  0.00000000E+00  0.00000000E+00  0.00000000E+00  0.00000000E+00  0.00000000E+00  0.00000000E+00  0.00000000E+00  0.00000000E+00  0.00000000E+00  0.00000000E+00
-1.61100273E+01  8.07000000E-02  7.20900000E-02  5.57300000E-03  4.83100000E-03  1.46900000E-05  1.31100000E-05  6.41600000E-03  6.16900000E-03  0.00000000E+00  0.00000000E+00  0.00000000E+00  0.00000000E+00  0.00000000E+00  0.00000000E+00  0.00000000E+00  0.00000000E+00  0.00000000E+00  0.00000000E+00
-1.60930273E+01  8.76100000E-02  8.19400000E-02  6.50700000E-03  5.99600000E-03  1.58000000E-05  1.55500000E-05  5.89700000E-03  6.17000000E-03  0.00000000E+00  0.00000000E+00  0.00000000E+00  0.00000000E+00  0.00000000E+00  0.00000000E+00  0.00000000E+00  0.00000000E+00  0.00000000E+00  0.00000000E+00
-1.60750273E+01  8.90500000E-02  8.77800000E-02  6.77500000E-03  6.68300000E-03  1.47400000E-05  1.59600000E-05  4.85100000E-03  5.56500000E-03  0.00000000E+00  0.00000000E+00  0.00000000E+00  0.00000000E+00  0.00000000E+00  0.00000000E+00  0.00000000E+00  0.00000000E+00  0.00000000E+00  0.00000000E+00
-1.60580273E+01  8.48600000E-02  8.73900000E-02  6.45200000E-03  6.73300000E-03  1.23000000E-05  1.44000000E-05  3.58800000E-03  4.45100000E-03  0.00000000E+00  0.00000000E+00  0.00000000E+00  0.00000000E+00  0.00000000E+00  0.00000000E+00  0.00000000E+00  0.00000000E+00  0.00000000E+00  0.00000000E+00
-1.60400273E+01  7.87500000E-02  8.30200000E-02  5.98800000E-03  6.42100000E-03  9.74200000E-06  1.18500000E-05  2.52800000E-03  3.23700000E-03  0.00000000E+00  0.00000000E+00  0.00000000E+00  0.00000000E+00  0.00000000E+00  0.00000000E+00  0.00000000E+00  0.00000000E+00  0.00000000E+00  0.00000000E+00
-1.60230273E+01  7.40400000E-02  7.79300000E-02  5.69500000E-03  6.09300000E-03  7.95300000E-06  9.42100000E-06  1.92300000E-03  2.31600000E-03  0.00000000E+00  0.00000000E+00  0.00000000E+00  0.00000000E+00  0.00000000E+00  0.00000000E+00  0.00000000E+00  0.00000000E+00  0.00000000E+00  0.00000000E+00
-1.60050273E+01  7.05400000E-02  7.34200000E-02  5.43900000E-03  5.78600000E-03  7.08200000E-06  7.77500000E-06  1.78000000E-03  1.86200000E-03  0.00000000E+00  0.00000000E+00  0.00000000E+00  0.00000000E+00  0.00000000E+00  0.00000000E+00  0.00000000E+00  0.00000000E+00  0.00000000E+00  0.00000000E+00
-1.59880273E+01  6.57700000E-02  6.85300000E-02  4.91500000E-03  5.27600000E-03  6.76800000E-06  6.97400000E-06  1.96500000E-03  1.84600000E-03  0.00000000E+00  0.00000000E+00  0.00000000E+00  0.00000000E+00  0.00000000E+00  0.00000000E+00  0.00000000E+00  0.00000000E+00  0.00000000E+00  0.00000000E+00
-1.59700272E+01  5.91700000E-02  6.23300000E-02  4.11900000E-03  4.48100000E-03  6.66600000E-06  6.74400000E-06  2.37700000E-03  2.15300000E-03  0.00000000E+00  0.00000000E+00  0.00000000E+00  0.00000000E+00  0.00000000E+00  0.00000000E+00  0.00000000E+00  0.00000000E+00  0.00000000E+00  0.00000000E+00
-1.59530272E+01  5.36600000E-02  5.60900000E-02  3.40800000E-03  3.66100000E-03  6.75300000E-06  6.84900000E-06  3.02500000E-03  2.70800000E-03  0.00000000E+00  0.00000000E+00  0.00000000E+00  0.00000000E+00  0.00000000E+00  0.00000000E+00  0.00000000E+00  0.00000000E+00  0.00000000E+00  0.00000000E+00
-1.59350272E+01  5.23100000E-02  5.24800000E-02  3.06300000E-03  3.14600000E-03  7.09900000E-06  7.17800000E-06  3.92000000E-03  3.48500000E-03  0.00000000E+00  0.00000000E+00  0.00000000E+00  0.00000000E+00  0.00000000E+00  0.00000000E+00  0.00000000E+00  0.00000000E+00  0.00000000E+00  0.00000000E+00
-1.59180272E+01  5.45800000E-02  5.26700000E-02  2.98700000E-03  2.97300000E-03  7.56900000E-06  7.56700000E-06  4.96600000E-03  4.43800000E-03  0.00000000E+00  0.00000000E+00  0.00000000E+00  0.00000000E+00  0.00000000E+00  0.00000000E+00  0.00000000E+00  0.00000000E+00  0.00000000E+00  0.00000000E+00
-1.59000272E+01  5.76700000E-02  5.53600000E-02  2.91400000E-03  2.90800000E-03  7.97400000E-06  7.82100000E-06  6.03600000E-03  5.48800000E-03  0.00000000E+00  0.00000000E+00  0.00000000E+00  0.00000000E+00  0.00000000E+00  0.00000000E+00  0.00000000E+00  0.00000000E+00  0.00000000E+00  0.00000000E+00
-1.58830272E+01  5.99600000E-02  5.87000000E-02  2.76900000E-03  2.77700000E-03  8.35100000E-06  7.96800000E-06  7.02700000E-03  6.55700000E-03  0.00000000E+00  0.00000000E+00  0.00000000E+00  0.00000000E+00  0.00000000E+00  0.00000000E+00  0.00000000E+00  0.00000000E+00  0.00000000E+00  0.00000000E+00
-1.58650272E+01  6.11200000E-02  6.14600000E-02  2.71900000E-03  2.65400000E-03  8.81700000E-06  8.21800000E-06  7.69500000E-03  7.46200000E-03  0.00000000E+00  0.00000000E+00  0.00000000E+00  0.00000000E+00  0.00000000E+00  0.00000000E+00  0.00000000E+00  0.00000000E+00  0.00000000E+00  0.00000000E+00
-1.58480272E+01  6.04100000E-02  6.22900000E-02  2.94500000E-03  2.72500000E-03  9.31400000E-06  8.63700000E-06  7.63800000E-03  7.80100000E-03  0.00000000E+00  0.00000000E+00  0.00000000E+00  0.00000000E+00  0.00000000E+00  0.00000000E+00  0.00000000E+00  0.00000000E+00  0.00000000E+00  0.00000000E+00
-1.58310272E+01  5.73100000E-02  6.01300000E-02  3.44900000E-03  3.09600000E-03  9.70400000E-06  9.10800000E-06  6.68800000E-03  7.23800000E-03  0.00000000E+00  0.00000000E+00  0.00000000E+00  0.00000000E+00  0.00000000E+00  0.00000000E+00  0.00000000E+00  0.00000000E+00  0.00000000E+00  0.00000000E+00
-1.58130272E+01  5.27300000E-02  5.57100000E-02  4.01600000E-03  3.68500000E-03  9.88400000E-06  9.52700000E-06  5.18700000E-03  5.91200000E-03  0.00000000E+00  0.00000000E+00  0.00000000E+00  0.00000000E+00  0.00000000E+00  0.00000000E+00  0.00000000E+00  0.00000000E+00  0.00000000E+00  0.00000000E+00
-1.57960272E+01  4.76000000E-02  5.07400000E-02  4.30100000E-03  4.20200000E-03  9.62800000E-06  9.71800000E-06  3.68300000E-03  4.35900000E-03  0.00000000E+00  0.00000000E+00  0.00000000E+00  0.00000000E+00  0.00000000E+00  0.00000000E+00  0.00000000E+00  0.00000000E+00  0.00000000E+00  0.00000000E+00
-1.57780272E+01  4.12900000E-02  4.52800000E-02  4.05800000E-03  4.28400000E-03  8.63400000E-06  9.28900000E-06  2.49200000E-03  3.02300000E-03  0.00000000E+00  0.00000000E+00  0.00000000E+00  0.00000000E+00  0.00000000E+00  0.00000000E+00  0.00000000E+00  0.00000000E+00  0.00000000E+00  0.00000000E+00
-1.57610272E+01  3.29700000E-02  3.79000000E-02  3.38500000E-03  3.78800000E-03  6.93900000E-06  7.96000000E-06  1.66200000E-03  2.02900000E-03  0.00000000E+00  0.00000000E+00  0.00000000E+00  0.00000000E+00  0.00000000E+00  0.00000000E+00  0.00000000E+00  0.00000000E+00  0.00000000E+00  0.00000000E+00
-1.57430272E+01  2.40000000E-02  2.86200000E-02  2.72700000E-03  2.99200000E-03  5.18000000E-06  6.06200000E-06  1.20400000E-03  1.36600000E-03  0.00000000E+00  0.00000000E+00  0.00000000E+00  0.00000000E+00  0.00000000E+00  0.00000000E+00  0.00000000E+00  0.00000000E+00  0.00000000E+00  0.00000000E+00
-1.57260272E+01  1.82800000E-02  2.05500000E-02  2.61300000E-03  2.46000000E-03  4.32200000E-06  4.52200000E-06  1.20400000E-03  1.09500000E-03  0.00000000E+00  0.00000000E+00  0.00000000E+00  0.00000000E+00  0.00000000E+00  0.00000000E+00  0.00000000E+00  0.00000000E+00  0.00000000E+00  0.00000000E+00
-1.57080272E+01  2.06400000E-02  1.86400000E-02  3.36700000E-03  2.70700000E-03  5.14300000E-06  4.35500000E-06  1.76400000E-03  1.34700000E-03  0.00000000E+00  0.00000000E+00  0.00000000E+00  0.00000000E+00  0.00000000E+00  0.00000000E+00  0.00000000E+00  0.00000000E+00  0.00000000E+00  0.00000000E+00
-1.56910272E+01  3.44200000E-02  2.72800000E-02  4.96700000E-03  3.93600000E-03  7.74900000E-06  6.08800000E-06  2.87500000E-03  2.20100000E-03  0.00000000E+00  0.00000000E+00  0.00000000E+00  0.00000000E+00  0.00000000E+00  0.00000000E+00  0.00000000E+00  0.00000000E+00  0.00000000E+00  0.00000000E+00
-1.56730272E+01  5.82000000E-02  4.73600000E-02  7.01400000E-03  5.92600000E-03  1.13100000E-05  9.36700000E-06  4.32400000E-03  3.54800000E-03  0.00000000E+00  0.00000000E+00  0.00000000E+00  0.00000000E+00  0.00000000E+00  0.00000000E+00  0.00000000E+00  0.00000000E+00  0.00000000E+00  0.00000000E+00
-1.56560272E+01  8.34800000E-02  7.32700000E-02  8.81100000E-03  8.06300000E-03  1.43000000E-05  1.29100000E-05  5.68900000E-03  5.03300000E-03  0.00000000E+00  0.00000000E+00  0.00000000E+00  0.00000000E+00  0.00000000E+00  0.00000000E+00  0.00000000E+00  0.00000000E+00  0.00000000E+00  0.00000000E+00
-1.56380272E+01  9.80900000E-02  9.36900000E-02  9.74000000E-03  9.59100000E-03  1.53100000E-05  1.51000000E-05  6.51100000E-03  6.16200000E-03  0.00000000E+00  0.00000000E+00  0.00000000E+00  0.00000000E+00  0.00000000E+00  0.00000000E+00  0.00000000E+00  0.00000000E+00  0.00000000E+00  0.00000000E+00
-1.56210272E+01  9.52900000E-02  9.86100000E-02  9.84900000E-03  1.01600000E-02  1.40800000E-05  1.49900000E-05  6.58600000E-03  6.57800000E-03  0.00000000E+00  0.00000000E+00  0.00000000E+00  0.00000000E+00  0.00000000E+00  0.00000000E+00  0.00000000E+00  0.00000000E+00  0.00000000E+00  0.00000000E+00
-1.56030272E+01  7.95900000E-02  8.76100000E-02  9.98400000E-03  1.02600000E-02  1.16800000E-05  1.30400000E-05  6.13400000E-03  6.32200000E-03  0.00000000E+00  0.00000000E+00  0.00000000E+00  0.00000000E+00  0.00000000E+00  0.00000000E+00  0.00000000E+00  0.00000000E+00  0.00000000E+00  0.00000000E+00
-1.55860272E+01  6.21800000E-02  6.97900000E-02  1.09800000E-02  1.08300000E-02  9.63900000E-06  1.07200000E-05  5.59900000E-03  5.78100000E-03  0.00000000E+00  0.00000000E+00  0.00000000E+00  0.00000000E+00  0.00000000E+00  0.00000000E+00  0.00000000E+00  0.00000000E+00  0.00000000E+00  0.00000000E+00
-1.55680272E+01  5.12300000E-02  5.53700000E-02  1.26500000E-02  1.22500000E-02  8.82000000E-06  9.34400000E-06  5.21100000E-03  5.31500000E-03  0.00000000E+00  0.00000000E+00  0.00000000E+00  0.00000000E+00  0.00000000E+00  0.00000000E+00  0.00000000E+00  0.00000000E+00  0.00000000E+00  0.00000000E+00
-1.55510272E+01  4.80300000E-02  4.85500000E-02  1.38500000E-02  1.37200000E-02  8.91400000E-06  9.11100000E-06  4.86600000E-03  4.94900000E-03  0.00000000E+00  0.00000000E+00  0.00000000E+00  0.00000000E+00  0.00000000E+00  0.00000000E+00  0.00000000E+00  0.00000000E+00  0.00000000E+00  0.00000000E+00
-1.55330272E+01  5.03600000E-02  4.81500000E-02  1.37100000E-02  1.41200000E-02  9.04800000E-06  9.26800000E-06  4.45800000E-03  4.54700000E-03  0.00000000E+00  0.00000000E+00  0.00000000E+00  0.00000000E+00  0.00000000E+00  0.00000000E+00  0.00000000E+00  0.00000000E+00  0.00000000E+00  0.00000000E+00
-1.55160272E+01  5.61900000E-02  5.20500000E-02  1.23800000E-02  1.31400000E-02  8.61500000E-06  9.01100000E-06  4.15300000E-03  4.17300000E-03  0.00000000E+00  0.00000000E+00  0.00000000E+00  0.00000000E+00  0.00000000E+00  0.00000000E+00  0.00000000E+00  0.00000000E+00  0.00000000E+00  0.00000000E+00
-1.54980272E+01  6.34300000E-02  5.87500000E-02  1.06300000E-02  1.14300000E-02  7.57000000E-06  8.10500000E-06  4.15800000E-03  4.06700000E-03  0.00000000E+00  0.00000000E+00  0.00000000E+00  0.00000000E+00  0.00000000E+00  0.00000000E+00  0.00000000E+00  0.00000000E+00  0.00000000E+00  0.00000000E+00
-1.54810272E+01  6.88200000E-02  6.57600000E-02  8.89900000E-03  9.66400000E-03  6.24600000E-06  6.80200000E-06  4.36600000E-03  4.26600000E-03  0.00000000E+00  0.00000000E+00  0.00000000E+00  0.00000000E+00  0.00000000E+00  0.00000000E+00  0.00000000E+00  0.00000000E+00  0.00000000E+00  0.00000000E+00
-1.54630272E+01  6.96800000E-02  6.95100000E-02  7.22100000E-03  7.99200000E-03  5.18500000E-06  5.53500000E-06  4.45300000E-03  4.47300000E-03  0.00000000E+00  0.00000000E+00  0.00000000E+00  0.00000000E+00  0.00000000E+00  0.00000000E+00  0.00000000E+00  0.00000000E+00  0.00000000E+00  0.00000000E+00
-1.54460272E+01  6.67600000E-02  6.84700000E-02  5.67100000E-03  6.35000000E-03  4.94600000E-06  4.79800000E-06  4.27800000E-03  4.40500000E-03  0.00000000E+00  0.00000000E+00  0.00000000E+00  0.00000000E+00  0.00000000E+00  0.00000000E+00  0.00000000E+00  0.00000000E+00  0.00000000E+00  0.00000000E+00
-1.54280272E+01  6.31000000E-02  6.48400000E-02  4.51800000E-03  4.93100000E-03  5.68300000E-06  4.96800000E-06  3.98200000E-03  4.10500000E-03  0.00000000E+00  0.00000000E+00  0.00000000E+00  0.00000000E+00  0.00000000E+00  0.00000000E+00  0.00000000E+00  0.00000000E+00  0.00000000E+00  0.00000000E+00
-1.54110272E+01  5.96400000E-02  6.12000000E-02  3.87600000E-03  4.02200000E-03  6.78200000E-06  5.89800000E-06  3.68600000E-03  3.77400000E-03  0.00000000E+00  0.00000000E+00  0.00000000E+00  0.00000000E+00  0.00000000E+00  0.00000000E+00  0.00000000E+00  0.00000000E+00  0.00000000E+00  0.00000000E+00
-1.53930273E+01  5.44300000E-02  5.70700000E-02  3.54900000E-03  3.62000000E-03  7.20000000E-06  6.78400000E-06  3.32300000E-03  3.45300000E-03  0.00000000E+00  0.00000000E+00  0.00000000E+00  0.00000000E+00  0.00000000E+00  0.00000000E+00  0.00000000E+00  0.00000000E+00  0.00000000E+00  0.00000000E+00
-1.53760272E+01  4.68900000E-02  5.09000000E-02  3.34200000E-03  3.48900000E-03  6.39300000E-06  6.74500000E-06  2.85300000E-03  3.06600000E-03  0.00000000E+00  0.00000000E+00  0.00000000E+00  0.00000000E+00  0.00000000E+00  0.00000000E+00  0.00000000E+00  0.00000000E+00  0.00000000E+00  0.00000000E+00
-1.53590272E+01  3.98700000E-02  4.38100000E-02  3.28900000E-03  3.47400000E-03  4.84400000E-06  5.63000000E-06  2.43900000E-03  2.65100000E-03  0.00000000E+00  0.00000000E+00  0.00000000E+00  0.00000000E+00  0.00000000E+00  0.00000000E+00  0.00000000E+00  0.00000000E+00  0.00000000E+00  0.00000000E+00
-1.53410272E+01  3.60000000E-02  3.84300000E-02  3.49500000E-03  3.57000000E-03  3.65900000E-06  4.15100000E-06  2.28200000E-03  2.36000000E-03  0.00000000E+00  0.00000000E+00  0.00000000E+00  0.00000000E+00  0.00000000E+00  0.00000000E+00  0.00000000E+00  0.00000000E+00  0.00000000E+00  0.00000000E+00
-1.53240272E+01  3.44600000E-02  3.51000000E-02  3.94300000E-03  3.74800000E-03  3.83900000E-06  3.32700000E-06  2.43600000E-03  2.27500000E-03  0.00000000E+00  0.00000000E+00  0.00000000E+00  0.00000000E+00  0.00000000E+00  0.00000000E+00  0.00000000E+00  0.00000000E+00  0.00000000E+00  0.00000000E+00
-1.53060272E+01  3.30900000E-02  3.20900000E-02  4.61800000E-03  4.00200000E-03  5.88100000E-06  3.96400000E-06  2.86000000E-03  2.40100000E-03  0.00000000E+00  0.00000000E+00  0.00000000E+00  0.00000000E+00  0.00000000E+00  0.00000000E+00  0.00000000E+00  0.00000000E+00  0.00000000E+00  0.00000000E+00
-1.52890272E+01  3.18700000E-02  2.91600000E-02  5.61400000E-03  4.53700000E-03  9.52300000E-06  6.42400000E-06  3.47900000E-03  2.78200000E-03  0.00000000E+00  0.00000000E+00  0.00000000E+00  0.00000000E+00  0.00000000E+00  0.00000000E+00  0.00000000E+00  0.00000000E+00  0.00000000E+00  0.00000000E+00
-1.52710273E+01  3.22900000E-02  2.83000000E-02  6.89600000E-03  5.60500000E-03  1.35400000E-05  1.03100000E-05  4.07900000E-03  3.41200000E-03  0.00000000E+00  0.00000000E+00  0.00000000E+00  0.00000000E+00  0.00000000E+00  0.00000000E+00  0.00000000E+00  0.00000000E+00  0.00000000E+00  0.00000000E+00
-1.52540272E+01  3.44200000E-02  3.06900000E-02  8.07000000E-03  7.07200000E-03  1.61900000E-05  1.42500000E-05  4.32400000E-03  4.03100000E-03  0.00000000E+00  0.00000000E+00  0.00000000E+00  0.00000000E+00  0.00000000E+00  0.00000000E+00  0.00000000E+00  0.00000000E+00  0.00000000E+00  0.00000000E+00
-1.52360273E+01  3.64900000E-02  3.46700000E-02  8.60100000E-03  8.32100000E-03  1.64500000E-05  1.65100000E-05  4.11100000E-03  4.26800000E-03  0.00000000E+00  0.00000000E+00  0.00000000E+00  0.00000000E+00  0.00000000E+00  0.00000000E+00  0.00000000E+00  0.00000000E+00  0.00000000E+00  0.00000000E+00
-1.52190272E+01  3.72800000E-02  3.75200000E-02  8.23900000E-03  8.70900000E-03  1.48600000E-05  1.63300000E-05  3.86100000E-03  4.10200000E-03  0.00000000E+00  0.00000000E+00  0.00000000E+00  0.00000000E+00  0.00000000E+00  0.00000000E+00  0.00000000E+00  0.00000000E+00  0.00000000E+00  0.00000000E+00
-1.52010273E+01  3.79200000E-02  3.84900000E-02  7.22300000E-03  8.08100000E-03  1.29500000E-05  1.45200000E-05  4.25800000E-03  4.06600000E-03  0.00000000E+00  0.00000000E+00  0.00000000E+00  0.00000000E+00  0.00000000E+00  0.00000000E+00  0.00000000E+00  0.00000000E+00  0.00000000E+00  0.00000000E+00
-1.51840272E+01  4.03100000E-02  3.94600000E-02  6.07700000E-03  6.86600000E-03  1.19600000E-05  1.27200000E-05  5.57100000E-03  4.80000000E-03  0.00000000E+00  0.00000000E+00  0.00000000E+00  0.00000000E+00  0.00000000E+00  0.00000000E+00  0.00000000E+00  0.00000000E+00  0.00000000E+00  0.00000000E+00
-1.51660273E+01  4.39600000E-02  4.22100000E-02  5.16200000E-03  5.67600000E-03  1.18100000E-05  1.19200000E-05  7.19000000E-03  6.31900000E-03  0.00000000E+00  0.00000000E+00  0.00000000E+00  0.00000000E+00  0.00000000E+00  0.00000000E+00  0.00000000E+00  0.00000000E+00  0.00000000E+00  0.00000000E+00
-1.51490272E+01  4.57700000E-02  4.54500000E-02  4.44300000E-03  4.79900000E-03  1.13400000E-05  1.16700000E-05  8.01500000E-03  7.77700000E-03  0.00000000E+00  0.00000000E+00  0.00000000E+00  0.00000000E+00  0.00000000E+00  0.00000000E+00  0.00000000E+00  0.00000000E+00  0.00000000E+00  0.00000000E+00
-1.51310273E+01  4.44100000E-02  4.64700000E-02  3.81600000E-03  4.15500000E-03  9.70100000E-06  1.08100000E-05  7.53500000E-03  8.19300000E-03  0.00000000E+00  0.00000000E+00  0.00000000E+00  0.00000000E+00  0.00000000E+00  0.00000000E+00  0.00000000E+00  0.00000000E+00  0.00000000E+00  0.00000000E+00
-1.51140273E+01  4.34800000E-02  4.57700000E-02  3.58000000E-03  3.78800000E-03  7.51100000E-06  9.02500000E-06  6.50300000E-03  7.56800000E-03  0.00000000E+00  0.00000000E+00  0.00000000E+00  0.00000000E+00  0.00000000E+00  0.00000000E+00  0.00000000E+00  0.00000000E+00  0.00000000E+00  0.00000000E+00
-1.50960273E+01  4.80600000E-02  4.79000000E-02  4.46200000E-03  4.23700000E-03  6.48700000E-06  7.49800000E-06  6.42500000E-03  7.12600000E-03  0.00000000E+00  0.00000000E+00  0.00000000E+00  0.00000000E+00  0.00000000E+00  0.00000000E+00  0.00000000E+00  0.00000000E+00  0.00000000E+00  0.00000000E+00
-1.50790273E+01  5.86600000E-02  5.60400000E-02  7.16000000E-03  6.29200000E-03  8.12000000E-06  7.99200000E-06  8.40800000E-03  8.32400000E-03  0.00000000E+00  0.00000000E+00  0.00000000E+00  0.00000000E+00  0.00000000E+00  0.00000000E+00  0.00000000E+00  0.00000000E+00  0.00000000E+00  0.00000000E+00
-1.50610273E+01  7.04300000E-02  6.77300000E-02  1.17300000E-02  1.03100000E-02  1.25800000E-05  1.13300000E-05  1.23700000E-02  1.16100000E-02  0.00000000E+00  0.00000000E+00  0.00000000E+00  0.00000000E+00  0.00000000E+00  0.00000000E+00  0.00000000E+00  0.00000000E+00  0.00000000E+00  0.00000000E+00
-1.50440273E+01  7.79000000E-02  7.72200000E-02  1.71100000E-02  1.55600000E-02  1.84600000E-05  1.66600000E-05  1.69500000E-02  1.59400000E-02  0.00000000E+00  0.00000000E+00  0.00000000E+00  0.00000000E+00  0.00000000E+00  0.00000000E+00  0.00000000E+00  0.00000000E+00  0.00000000E+00  0.00000000E+00
-1.50260273E+01  7.89200000E-02  8.06300000E-02  2.13600000E-02  2.02400000E-02  2.34600000E-05  2.18500000E-05  2.01700000E-02  1.94000000E-02  0.00000000E+00  0.00000000E+00  0.00000000E+00  0.00000000E+00  0.00000000E+00  0.00000000E+00  0.00000000E+00  0.00000000E+00  0.00000000E+00  0.00000000E+00
-1.50090273E+01  7.45000000E-02  7.78600000E-02  2.28000000E-02  2.24800000E-02  2.58200000E-05  2.49100000E-05  2.06400000E-02  2.04300000E-02  0.00000000E+00  0.00000000E+00  0.00000000E+00  0.00000000E+00  0.00000000E+00  0.00000000E+00  0.00000000E+00  0.00000000E+00  0.00000000E+00  0.00000000E+00
-1.49910273E+01  6.65500000E-02  7.07800000E-02  2.12400000E-02  2.17000000E-02  2.51600000E-05  2.51100000E-05  1.85300000E-02  1.88800000E-02  0.00000000E+00  0.00000000E+00  0.00000000E+00  0.00000000E+00  0.00000000E+00  0.00000000E+00  0.00000000E+00  0.00000000E+00  0.00000000E+00  0.00000000E+00
-1.49740273E+01  5.67800000E-02  6.13400000E-02  1.77400000E-02  1.87700000E-02  2.21700000E-05  2.29200000E-05  1.52000000E-02  1.58800000E-02  0.00000000E+00  0.00000000E+00  0.00000000E+00  0.00000000E+00  0.00000000E+00  0.00000000E+00  0.00000000E+00  0.00000000E+00  0.00000000E+00  0.00000000E+00
-1.49560272E+01  4.74200000E-02  5.15900000E-02  1.37400000E-02  1.50500000E-02  1.80000000E-05  1.93000000E-05  1.19800000E-02  1.27500000E-02  0.00000000E+00  0.00000000E+00  0.00000000E+00  0.00000000E+00  0.00000000E+00  0.00000000E+00  0.00000000E+00  0.00000000E+00  0.00000000E+00  0.00000000E+00
-1.49390273E+01  4.22400000E-02  4.47600000E-02  1.05200000E-02  1.17100000E-02  1.40900000E-05  1.54600000E-05  9.55100000E-03  1.02500000E-02  0.00000000E+00  0.00000000E+00  0.00000000E+00  0.00000000E+00  0.00000000E+00  0.00000000E+00  0.00000000E+00  0.00000000E+00  0.00000000E+00  0.00000000E+00
-1.49210272E+01  4.55300000E-02  4.51300000E-02  9.19800000E-03  9.78600000E-03  1.20000000E-05  1.28500000E-05  8.23900000E-03  8.68400000E-03  0.00000000E+00  0.00000000E+00  0.00000000E+00  0.00000000E+00  0.00000000E+00  0.00000000E+00  0.00000000E+00  0.00000000E+00  0.00000000E+00  0.00000000E+00
-1.49040273E+01  5.86400000E-02  5.53600000E-02  1.03600000E-02  1.00600000E-02  1.25700000E-05  1.25800000E-05  8.36500000E-03  8.37700000E-03  0.00000000E+00  0.00000000E+00  0.00000000E+00  0.00000000E+00  0.00000000E+00  0.00000000E+00  0.00000000E+00  0.00000000E+00  0.00000000E+00  0.00000000E+00
-1.48870273E+01  7.67400000E-02  7.26700000E-02  1.33600000E-02  1.23500000E-02  1.51800000E-05  1.46000000E-05  9.88000000E-03  9.45300000E-03  0.00000000E+00  0.00000000E+00  0.00000000E+00  0.00000000E+00  0.00000000E+00  0.00000000E+00  0.00000000E+00  0.00000000E+00  0.00000000E+00  0.00000000E+00
-1.48690273E+01  9.01900000E-02  8.83400000E-02  1.63300000E-02  1.52200000E-02  1.78800000E-05  1.73100000E-05  1.18200000E-02  1.12500000E-02  0.00000000E+00  0.00000000E+00  0.00000000E+00  0.00000000E+00  0.00000000E+00  0.00000000E+00  0.00000000E+00  0.00000000E+00  0.00000000E+00  0.00000000E+00
-1.48520273E+01  9.11400000E-02  9.30200000E-02  1.73000000E-02  1.67900000E-02  1.86100000E-05  1.86300000E-05  1.26800000E-02  1.23600000E-02  0.00000000E+00  0.00000000E+00  0.00000000E+00  0.00000000E+00  0.00000000E+00  0.00000000E+00  0.00000000E+00  0.00000000E+00  0.00000000E+00  0.00000000E+00
-1.48340273E+01  7.97800000E-02  8.39500000E-02  1.55200000E-02  1.60000000E-02  1.66400000E-05  1.74100000E-05  1.15900000E-02  1.17100000E-02  0.00000000E+00  0.00000000E+00  0.00000000E+00  0.00000000E+00  0.00000000E+00  0.00000000E+00  0.00000000E+00  0.00000000E+00  0.00000000E+00  0.00000000E+00
-1.48170273E+01  6.38900000E-02  6.69600000E-02  1.18900000E-02  1.32100000E-02  1.29800000E-05  1.41300000E-05  9.04000000E-03  9.43700000E-03  0.00000000E+00  0.00000000E+00  0.00000000E+00  0.00000000E+00  0.00000000E+00  0.00000000E+00  0.00000000E+00  0.00000000E+00  0.00000000E+00  0.00000000E+00
-1.47990272E+01  5.31400000E-02  5.19600000E-02  8.07400000E-03  9.62100000E-03  9.50300000E-06  1.04000000E-05  6.43300000E-03  6.74600000E-03  0.00000000E+00  0.00000000E+00  0.00000000E+00  0.00000000E+00  0.00000000E+00  0.00000000E+00  0.00000000E+00  0.00000000E+00  0.00000000E+00  0.00000000E+00
-1.47820273E+01  5.29700000E-02  4.68000000E-02  5.45000000E-03  6.55400000E-03  7.71100000E-06  7.81900000E-06  4.92000000E-03  4.88300000E-03  0.00000000E+00  0.00000000E+00  0.00000000E+00  0.00000000E+00  0.00000000E+00  0.00000000E+00  0.00000000E+00  0.00000000E+00  0.00000000E+00  0.00000000E+00
-1.47640272E+01  6.13400000E-02  5.29000000E-02  4.45700000E-03  4.82800000E-03  7.99600000E-06  7.25700000E-06  4.76100000E-03  4.36800000E-03  0.00000000E+00  0.00000000E+00  0.00000000E+00  0.00000000E+00  0.00000000E+00  0.00000000E+00  0.00000000E+00  0.00000000E+00  0.00000000E+00  0.00000000E+00
-1.47470273E+01  7.03000000E-02  6.43200000E-02  4.81400000E-03  4.55400000E-03  9.88000000E-06  8.58000000E-06  5.54400000E-03  4.95300000E-03  0.00000000E+00  0.00000000E+00  0.00000000E+00  0.00000000E+00  0.00000000E+00  0.00000000E+00  0.00000000E+00  0.00000000E+00  0.00000000E+00  0.00000000E+00
-1.47290272E+01  7.29600000E-02  7.22700000E-02  6.19900000E-03  5.44800000E-03  1.29200000E-05  1.12200000E-05  6.87900000E-03  6.15100000E-03  0.00000000E+00  0.00000000E+00  0.00000000E+00  0.00000000E+00  0.00000000E+00  0.00000000E+00  0.00000000E+00  0.00000000E+00  0.00000000E+00  0.00000000E+00
-1.47120273E+01  6.92800000E-02  7.24600000E-02  8.58400000E-03  7.35200000E-03  1.71300000E-05  1.49400000E-05  8.74100000E-03  7.78700000E-03  0.00000000E+00  0.00000000E+00  0.00000000E+00  0.00000000E+00  0.00000000E+00  0.00000000E+00  0.00000000E+00  0.00000000E+00  0.00000000E+00  0.00000000E+00
-1.46940272E+01  6.38200000E-02  6.75700000E-02  1.17400000E-02  1.02100000E-02  2.22200000E-05  1.97300000E-05  1.11200000E-02  9.96400000E-03  0.00000000E+00  0.00000000E+00  0.00000000E+00  0.00000000E+00  0.00000000E+00  0.00000000E+00  0.00000000E+00  0.00000000E+00  0.00000000E+00  0.00000000E+00
-1.46770273E+01  5.93500000E-02  6.21500000E-02  1.46400000E-02  1.34200000E-02  2.68500000E-05  2.48900000E-05  1.35800000E-02  1.25400000E-02  0.00000000E+00  0.00000000E+00  0.00000000E+00  0.00000000E+00  0.00000000E+00  0.00000000E+00  0.00000000E+00  0.00000000E+00  0.00000000E+00  0.00000000E+00
-1.46590272E+01  5.50500000E-02  5.75900000E-02  1.59200000E-02  1.56900000E-02  2.93000000E-05  2.87600000E-05  1.54700000E-02  1.49200000E-02  0.00000000E+00  0.00000000E+00  0.00000000E+00  0.00000000E+00  0.00000000E+00  0.00000000E+00  0.00000000E+00  0.00000000E+00  0.00000000E+00  0.00000000E+00
-1.46420272E+01  4.97400000E-02  5.27400000E-02  1.50400000E-02  1.58600000E-02  2.88100000E-05  2.98200000E-05  1.62600000E-02  1.63500000E-02  0.00000000E+00  0.00000000E+00  0.00000000E+00  0.00000000E+00  0.00000000E+00  0.00000000E+00  0.00000000E+00  0.00000000E+00  0.00000000E+00  0.00000000E+00
-1.46240272E+01  4.40100000E-02  4.70800000E-02  1.29700000E-02  1.40800000E-02  2.61000000E-05  2.78800000E-05  1.57500000E-02  1.64200000E-02  0.00000000E+00  0.00000000E+00  0.00000000E+00  0.00000000E+00  0.00000000E+00  0.00000000E+00  0.00000000E+00  0.00000000E+00  0.00000000E+00  0.00000000E+00
-1.46070272E+01  3.97300000E-02  4.18300000E-02  1.14500000E-02  1.18700000E-02  2.28900000E-05  2.43700000E-05  1.42600000E-02  1.52600000E-02  0.00000000E+00  0.00000000E+00  0.00000000E+00  0.00000000E+00  0.00000000E+00  0.00000000E+00  0.00000000E+00  0.00000000E+00  0.00000000E+00  0.00000000E+00
-1.45890272E+01  3.84700000E-02  3.89500000E-02  1.16800000E-02  1.09900000E-02  2.10300000E-05  2.15100000E-05  1.27200000E-02  1.36500000E-02  0.00000000E+00  0.00000000E+00  0.00000000E+00  0.00000000E+00  0.00000000E+00  0.00000000E+00  0.00000000E+00  0.00000000E+00  0.00000000E+00  0.00000000E+00
-1.45720272E+01  3.97800000E-02  3.92500000E-02  1.32900000E-02  1.20800000E-02  2.11200000E-05  2.08400000E-05  1.20900000E-02  1.26700000E-02  0.00000000E+00  0.00000000E+00  0.00000000E+00  0.00000000E+00  0.00000000E+00  0.00000000E+00  0.00000000E+00  0.00000000E+00  0.00000000E+00  0.00000000E+00
-1.45540272E+01  4.04600000E-02  4.06300000E-02  1.44500000E-02  1.39400000E-02  2.17500000E-05  2.17700000E-05  1.23100000E-02  1.26500000E-02  0.00000000E+00  0.00000000E+00  0.00000000E+00  0.00000000E+00  0.00000000E+00  0.00000000E+00  0.00000000E+00  0.00000000E+00  0.00000000E+00  0.00000000E+00
-1.45370272E+01  3.70200000E-02  3.91600000E-02  1.34200000E-02  1.44300000E-02  2.06500000E-05  2.18800000E-05  1.23100000E-02  1.27600000E-02  0.00000000E+00  0.00000000E+00  0.00000000E+00  0.00000000E+00  0.00000000E+00  0.00000000E+00  0.00000000E+00  0.00000000E+00  0.00000000E+00  0.00000000E+00
-1.45190272E+01  2.90900000E-02  3.27400000E-02  1.01800000E-02  1.23700000E-02  1.69400000E-05  1.92300000E-05  1.10600000E-02  1.17800000E-02  0.00000000E+00  0.00000000E+00  0.00000000E+00  0.00000000E+00  0.00000000E+00  0.00000000E+00  0.00000000E+00  0.00000000E+00  0.00000000E+00  0.00000000E+00
-1.45020272E+01  1.99000000E-02  2.33500000E-02  6.23400000E-03  8.54100000E-03  1.17800000E-05  1.41800000E-05  8.54900000E-03  9.37100000E-03  0.00000000E+00  0.00000000E+00  0.00000000E+00  0.00000000E+00  0.00000000E+00  0.00000000E+00  0.00000000E+00  0.00000000E+00  0.00000000E+00  0.00000000E+00
-1.44840272E+01  1.34700000E-02  1.52000000E-02  3.12700000E-03  4.74700000E-03  7.14500000E-06  8.79700000E-06  5.64200000E-03  6.30100000E-03  0.00000000E+00  0.00000000E+00  0.00000000E+00  0.00000000E+00  0.00000000E+00  0.00000000E+00  0.00000000E+00  0.00000000E+00  0.00000000E+00  0.00000000E+00
-1.44670272E+01  1.21400000E-02  1.15800000E-02  1.42500000E-03  2.21300000E-03  4.32200000E-06  4.96100000E-06  3.33000000E-03  3.66700000E-03  0.00000000E+00  0.00000000E+00  0.00000000E+00  0.00000000E+00  0.00000000E+00  0.00000000E+00  0.00000000E+00  0.00000000E+00  0.00000000E+00  0.00000000E+00
-1.44500272E+01  1.56100000E-02  1.31300000E-02  9.33900000E-04  1.11400000E-03  3.56300000E-06  3.34300000E-06  2.07700000E-03  2.10100000E-03  0.00000000E+00  0.00000000E+00  0.00000000E+00  0.00000000E+00  0.00000000E+00  0.00000000E+00  0.00000000E+00  0.00000000E+00  0.00000000E+00  0.00000000E+00
-1.44320272E+01  2.13400000E-02  1.80700000E-02  1.38400000E-03  1.15100000E-03  4.44300000E-06  3.66000000E-06  1.70800000E-03  1.55100000E-03  0.00000000E+00  0.00000000E+00  0.00000000E+00  0.00000000E+00  0.00000000E+00  0.00000000E+00  0.00000000E+00  0.00000000E+00  0.00000000E+00  0.00000000E+00
-1.44150272E+01  2.59500000E-02  2.33000000E-02  2.72700000E-03  2.14500000E-03  6.35800000E-06  5.32300000E-06  1.74400000E-03  1.57500000E-03  0.00000000E+00  0.00000000E+00  0.00000000E+00  0.00000000E+00  0.00000000E+00  0.00000000E+00  0.00000000E+00  0.00000000E+00  0.00000000E+00  0.00000000E+00
-1.43970272E+01  2.74600000E-02  2.63200000E-02  4.86900000E-03  4.03600000E-03  8.73200000E-06  7.74300000E-06  1.79800000E-03  1.73500000E-03  0.00000000E+00  0.00000000E+00  0.00000000E+00  0.00000000E+00  0.00000000E+00  0.00000000E+00  0.00000000E+00  0.00000000E+00  0.00000000E+00  0.00000000E+00
-1.43800272E+01  2.63800000E-02  2.65300000E-02  7.20900000E-03  6.41900000E-03  1.09200000E-05  1.02300000E-05  1.77000000E-03  1.81500000E-03  0.00000000E+00  0.00000000E+00  0.00000000E+00  0.00000000E+00  0.00000000E+00  0.00000000E+00  0.00000000E+00  0.00000000E+00  0.00000000E+00  0.00000000E+00
-1.43620272E+01  2.46200000E-02  2.50400000E-02  8.69000000E-03  8.32500000E-03  1.21800000E-05  1.19300000E-05  1.74400000E-03  1.82200000E-03  0.00000000E+00  0.00000000E+00  0.00000000E+00  0.00000000E+00  0.00000000E+00  0.00000000E+00  0.00000000E+00  0.00000000E+00  0.00000000E+00  0.00000000E+00
-1.43450272E+01  2.36100000E-02  2.33600000E-02  8.56800000E-03  8.77500000E-03  1.20900000E-05  1.21900000E-05  1.77000000E-03  1.82700000E-03  0.00000000E+00  0.00000000E+00  0.00000000E+00  0.00000000E+00  0.00000000E+00  0.00000000E+00  0.00000000E+00  0.00000000E+00  0.00000000E+00  0.00000000E+00
-1.43270272E+01  2.34000000E-02  2.24200000E-02  7.11200000E-03  7.65800000E-03  1.09300000E-05  1.11400000E-05  1.76300000E-03  1.81600000E-03  0.00000000E+00  0.00000000E+00  0.00000000E+00  0.00000000E+00  0.00000000E+00  0.00000000E+00  0.00000000E+00  0.00000000E+00  0.00000000E+00  0.00000000E+00
-1.43100272E+01  2.29100000E-02  2.21000000E-02  5.32300000E-03  5.83700000E-03  9.39000000E-06  9.57900000E-06  1.59600000E-03  1.69200000E-03  0.00000000E+00  0.00000000E+00  0.00000000E+00  0.00000000E+00  0.00000000E+00  0.00000000E+00  0.00000000E+00  0.00000000E+00  0.00000000E+00  0.00000000E+00
-1.42920272E+01  2.10300000E-02  2.14400000E-02  4.06100000E-03  4.34100000E-03  8.01400000E-06  8.23800000E-06  1.26000000E-03  1.40200000E-03  0.00000000E+00  0.00000000E+00  0.00000000E+00  0.00000000E+00  0.00000000E+00  0.00000000E+00  0.00000000E+00  0.00000000E+00  0.00000000E+00  0.00000000E+00
-1.42750272E+01  1.77300000E-02  1.95100000E-02  3.52100000E-03  3.60900000E-03  6.96900000E-06  7.31700000E-06  8.99700000E-04  1.03000000E-03  0.00000000E+00  0.00000000E+00  0.00000000E+00  0.00000000E+00  0.00000000E+00  0.00000000E+00  0.00000000E+00  0.00000000E+00  0.00000000E+00  0.00000000E+00
-1.42570272E+01  1.41900000E-02  1.63400000E-02  3.36300000E-03  3.41700000E-03  6.17300000E-06  6.61200000E-06  7.22600000E-04  7.53600000E-04  0.00000000E+00  0.00000000E+00  0.00000000E+00  0.00000000E+00  0.00000000E+00  0.00000000E+00  0.00000000E+00  0.00000000E+00  0.00000000E+00  0.00000000E+00
-1.42400272E+01  1.21600000E-02  1.30700000E-02  3.15100000E-03  3.27800000E-03  5.54600000E-06  5.90200000E-06  9.37700000E-04  7.61100000E-04  0.00000000E+00  0.00000000E+00  0.00000000E+00  0.00000000E+00  0.00000000E+00  0.00000000E+00  0.00000000E+00  0.00000000E+00  0.00000000E+00  0.00000000E+00
-1.42220272E+01  1.32600000E-02  1.14500000E-02  2.74300000E-03  2.90200000E-03  5.23800000E-06  5.25100000E-06  1.74800000E-03  1.24700000E-03  0.00000000E+00  0.00000000E+00  0.00000000E+00  0.00000000E+00  0.00000000E+00  0.00000000E+00  0.00000000E+00  0.00000000E+00  0.00000000E+00  0.00000000E+00
-1.42050272E+01  1.83700000E-02  1.32500000E-02  2.35200000E-03  2.40500000E-03  5.57300000E-06  5.06000000E-06  3.26800000E-03  2.38400000E-03  0.00000000E+00  0.00000000E+00  0.00000000E+00  0.00000000E+00  0.00000000E+00  0.00000000E+00  0.00000000E+00  0.00000000E+00  0.00000000E+00  0.00000000E+00
-1.41870272E+01  2.68300000E-02  1.94500000E-02  2.30100000E-03  2.15100000E-03  6.66400000E-06  5.72700000E-06  5.40400000E-03  4.19700000E-03  0.00000000E+00  0.00000000E+00  0.00000000E+00  0.00000000E+00  0.00000000E+00  0.00000000E+00  0.00000000E+00  0.00000000E+00  0.00000000E+00  0.00000000E+00
-1.41700272E+01  3.62100000E-02  2.91000000E-02  2.80600000E-03  2.44600000E-03  8.26800000E-06  7.24600000E-06  7.95300000E-03  6.54300000E-03  0.00000000E+00  0.00000000E+00  0.00000000E+00  0.00000000E+00  0.00000000E+00  0.00000000E+00  0.00000000E+00  0.00000000E+00  0.00000000E+00  0.00000000E+00
-1.41520272E+01  4.35500000E-02  3.93800000E-02  3.94900000E-03  3.40200000E-03  1.01100000E-05  9.26900000E-06  1.08300000E-02  9.30400000E-03  0.00000000E+00  0.00000000E+00  0.00000000E+00  0.00000000E+00  0.00000000E+00  0.00000000E+00  0.00000000E+00  0.00000000E+00  0.00000000E+00  0.00000000E+00
-1.41350272E+01  4.67900000E-02  4.68500000E-02  5.55700000E-03  4.92600000E-03  1.19900000E-05  1.14200000E-05  1.38300000E-02  1.24000000E-02  0.00000000E+00  0.00000000E+00  0.00000000E+00  0.00000000E+00  0.00000000E+00  0.00000000E+00  0.00000000E+00  0.00000000E+00  0.00000000E+00  0.00000000E+00
-1.41170272E+01  4.49400000E-02  4.89500000E-02  6.99300000E-03  6.57200000E-03  1.33100000E-05  1.31900000E-05  1.60300000E-02  1.52400000E-02  0.00000000E+00  0.00000000E+00  0.00000000E+00  0.00000000E+00  0.00000000E+00  0.00000000E+00  0.00000000E+00  0.00000000E+00  0.00000000E+00  0.00000000E+00
-1.41000272E+01  3.80500000E-02  4.46600000E-02  7.38500000E-03  7.52200000E-03  1.30700000E-05  1.37000000E-05  1.60100000E-02  1.64600000E-02  0.00000000E+00  0.00000000E+00  0.00000000E+00  0.00000000E+00  0.00000000E+00  0.00000000E+00  0.00000000E+00  0.00000000E+00  0.00000000E+00  0.00000000E+00
-1.40820273E+01  2.77100000E-02  3.50300000E-02  6.40500000E-03  7.13500000E-03  1.09100000E-05  1.22500000E-05  1.32300000E-02  1.49100000E-02  0.00000000E+00  0.00000000E+00  0.00000000E+00  0.00000000E+00  0.00000000E+00  0.00000000E+00  0.00000000E+00  0.00000000E+00  0.00000000E+00  0.00000000E+00
-1.40650272E+01  1.69700000E-02  2.31700000E-02  4.69100000E-03  5.63000000E-03  7.78900000E-06  9.29100000E-06  8.82200000E-03  1.09800000E-02  0.00000000E+00  0.00000000E+00  0.00000000E+00  0.00000000E+00  0.00000000E+00  0.00000000E+00  0.00000000E+00  0.00000000E+00  0.00000000E+00  0.00000000E+00
-1.40470273E+01  8.67500000E-03  1.27600000E-02  3.27300000E-03  3.97100000E-03  5.25300000E-06  6.31700000E-06  4.69600000E-03  6.48200000E-03  0.00000000E+00  0.00000000E+00  0.00000000E+00  0.00000000E+00  0.00000000E+00  0.00000000E+00  0.00000000E+00  0.00000000E+00  0.00000000E+00  0.00000000E+00
-1.40300272E+01  3.82400000E-03  5.91400000E-03  2.65900000E-03  2.97600000E-03  4.06600000E-06  4.52400000E-06  1.99000000E-03  3.04600000E-03  0.00000000E+00  0.00000000E+00  0.00000000E+00  0.00000000E+00  0.00000000E+00  0.00000000E+00  0.00000000E+00  0.00000000E+00  0.00000000E+00  0.00000000E+00
-1.40120273E+01  1.65600000E-03  2.49000000E-03  2.56500000E-03  2.67600000E-03  3.78700000E-06  3.91600000E-06  6.79700000E-04  1.14500000E-03  0.00000000E+00  0.00000000E+00  0.00000000E+00  0.00000000E+00  0.00000000E+00  0.00000000E+00  0.00000000E+00  0.00000000E+00  0.00000000E+00  0.00000000E+00
-1.39950272E+01  8.57900000E-04  1.13900000E-03  2.41200000E-03  2.54500000E-03  3.51200000E-06  3.66000000E-06  1.97000000E-04  3.55500000E-04  0.00000000E+00  0.00000000E+00  0.00000000E+00  0.00000000E+00  0.00000000E+00  0.00000000E+00  0.00000000E+00  0.00000000E+00  0.00000000E+00  0.00000000E+00
-1.39780272E+01  5.26100000E-04  6.37500000E-04  1.91600000E-03  2.14200000E-03  2.77900000E-06  3.06400000E-06  5.60500000E-05  1.00500000E-04  0.00000000E+00  0.00000000E+00  0.00000000E+00  0.00000000E+00  0.00000000E+00  0.00000000E+00  0.00000000E+00  0.00000000E+00  0.00000000E+00  0.00000000E+00
-1.39600272E+01  3.10100000E-04  3.77900000E-04  1.22100000E-03  1.47000000E-03  1.76900000E-06  2.09900000E-06  1.91000000E-05  3.13500000E-05  0.00000000E+00  0.00000000E+00  0.00000000E+00  0.00000000E+00  0.00000000E+00  0.00000000E+00  0.00000000E+00  0.00000000E+00  0.00000000E+00  0.00000000E+00
-1.39430272E+01  1.56100000E-04  1.98800000E-04  6.17300000E-04  8.02000000E-04  8.92300000E-07  1.14400000E-06  8.56000000E-06  1.21600000E-05  0.00000000E+00  0.00000000E+00  0.00000000E+00  0.00000000E+00  0.00000000E+00  0.00000000E+00  0.00000000E+00  0.00000000E+00  0.00000000E+00  0.00000000E+00
-1.39250273E+01  8.28700000E-05  9.38100000E-05  2.55700000E-04  3.50400000E-04  3.60500000E-07  4.95000000E-07  1.01400000E-05  8.10800000E-06  0.00000000E+00  0.00000000E+00  0.00000000E+00  0.00000000E+00  0.00000000E+00  0.00000000E+00  0.00000000E+00  0.00000000E+00  0.00000000E+00  0.00000000E+00
-1.39080272E+01  1.43000000E-04  8.70200000E-05  1.32000000E-04  1.48300000E-04  1.44800000E-07  1.84400000E-07  3.85300000E-05  2.18100000E-05  0.00000000E+00  0.00000000E+00  0.00000000E+00  0.00000000E+00  0.00000000E+00  0.00000000E+00  0.00000000E+00  0.00000000E+00  0.00000000E+00  0.00000000E+00
-1.38900273E+01  5.51400000E-04  2.88500000E-04  2.36500000E-04  1.65100000E-04  1.68200000E-07  1.23600000E-07  1.52600000E-04  8.90600000E-05  0.00000000E+00  0.00000000E+00  0.00000000E+00  0.00000000E+00  0.00000000E+00  0.00000000E+00  0.00000000E+00  0.00000000E+00  0.00000000E+00  0.00000000E+00
-1.38730272E+01  1.92000000E-03  1.08000000E-03  6.79000000E-04  4.56600000E-04  4.68800000E-07  2.90700000E-07  4.92700000E-04  3.07900000E-04  0.00000000E+00  0.00000000E+00  0.00000000E+00  0.00000000E+00  0.00000000E+00  0.00000000E+00  0.00000000E+00  0.00000000E+00  0.00000000E+00  0.00000000E+00
-1.38550273E+01  5.37800000E-03  3.31800000E-03  1.66500000E-03  1.20200000E-03  1.22300000E-06  8.02500000E-07  1.28300000E-03  8.55800000E-04  0.00000000E+00  0.00000000E+00  0.00000000E+00  0.00000000E+00  0.00000000E+00  0.00000000E+00  0.00000000E+00  0.00000000E+00  0.00000000E+00  0.00000000E+00
-1.38380272E+01  1.20600000E-02  8.18700000E-03  3.27100000E-03  2.55200000E-03  2.59900000E-06  1.83600000E-06  2.72200000E-03  1.92100000E-03  0.00000000E+00  0.00000000E+00  0.00000000E+00  0.00000000E+00  0.00000000E+00  0.00000000E+00  0.00000000E+00  0.00000000E+00  0.00000000E+00  0.00000000E+00
-1.38200273E+01  2.17600000E-02  1.62400000E-02  5.18200000E-03  4.35100000E-03  4.52200000E-06  3.41600000E-06  4.81000000E-03  3.53100000E-03  0.00000000E+00  0.00000000E+00  0.00000000E+00  0.00000000E+00  0.00000000E+00  0.00000000E+00  0.00000000E+00  0.00000000E+00  0.00000000E+00  0.00000000E+00
-1.38030272E+01  3.21400000E-02  2.61200000E-02  6.78600000E-03  6.04600000E-03  6.60500000E-06  5.25600000E-06  7.30900000E-03  5.47900000E-03  0.00000000E+00  0.00000000E+00  0.00000000E+00  0.00000000E+00  0.00000000E+00  0.00000000E+00  0.00000000E+00  0.00000000E+00  0.00000000E+00  0.00000000E+00
-1.37850273E+01  4.01600000E-02  3.48700000E-02  7.79100000E-03  7.13100000E-03  8.48100000E-06  6.95700000E-06  9.93000000E-03  7.55500000E-03  0.00000000E+00  0.00000000E+00  0.00000000E+00  0.00000000E+00  0.00000000E+00  0.00000000E+00  0.00000000E+00  0.00000000E+00  0.00000000E+00  0.00000000E+00
-1.37680273E+01  4.50000000E-02  4.05600000E-02  8.67500000E-03  7.79500000E-03  1.01600000E-05  8.48100000E-06  1.24300000E-02  9.86500000E-03  0.00000000E+00  0.00000000E+00  0.00000000E+00  0.00000000E+00  0.00000000E+00  0.00000000E+00  0.00000000E+00  0.00000000E+00  0.00000000E+00  0.00000000E+00
-1.37500273E+01  4.82400000E-02  4.43000000E-02  1.01400000E-02  8.87000000E-03  1.18000000E-05  1.02100000E-05  1.43800000E-02  1.25700000E-02  0.00000000E+00  0.00000000E+00  0.00000000E+00  0.00000000E+00  0.00000000E+00  0.00000000E+00  0.00000000E+00  0.00000000E+00  0.00000000E+00  0.00000000E+00
-1.37330273E+01  5.05100000E-02  4.79300000E-02  1.21000000E-02  1.08500000E-02  1.31100000E-05  1.22500000E-05  1.51100000E-02  1.51900000E-02  0.00000000E+00  0.00000000E+00  0.00000000E+00  0.00000000E+00  0.00000000E+00  0.00000000E+00  0.00000000E+00  0.00000000E+00  0.00000000E+00  0.00000000E+00
-1.37150273E+01  4.95400000E-02  5.02900000E-02  1.36600000E-02  1.31900000E-02  1.34700000E-05  1.39100000E-05  1.43100000E-02  1.65400000E-02  0.00000000E+00  0.00000000E+00  0.00000000E+00  0.00000000E+00  0.00000000E+00  0.00000000E+00  0.00000000E+00  0.00000000E+00  0.00000000E+00  0.00000000E+00
-1.36980273E+01  4.33600000E-02  4.80400000E-02  1.45000000E-02  1.50400000E-02  1.28600000E-05  1.44100000E-05  1.27000000E-02  1.60400000E-02  0.00000000E+00  0.00000000E+00  0.00000000E+00  0.00000000E+00  0.00000000E+00  0.00000000E+00  0.00000000E+00  0.00000000E+00  0.00000000E+00  0.00000000E+00
-1.36800273E+01  3.38800000E-02  4.04400000E-02  1.55600000E-02  1.65400000E-02  1.22900000E-05  1.40300000E-05  1.17300000E-02  1.46300000E-02  0.00000000E+00  0.00000000E+00  0.00000000E+00  0.00000000E+00  0.00000000E+00  0.00000000E+00  0.00000000E+00  0.00000000E+00  0.00000000E+00  0.00000000E+00
-1.36630273E+01  2.53400000E-02  3.09300000E-02  1.76000000E-02  1.84000000E-02  1.25900000E-05  1.37300000E-05  1.21300000E-02  1.37600000E-02  0.00000000E+00  0.00000000E+00  0.00000000E+00  0.00000000E+00  0.00000000E+00  0.00000000E+00  0.00000000E+00  0.00000000E+00  0.00000000E+00  0.00000000E+00
-1.36450273E+01  1.99400000E-02  2.32400000E-02  1.94900000E-02  2.02200000E-02  1.31800000E-05  1.37300000E-05  1.30100000E-02  1.36500000E-02  0.00000000E+00  0.00000000E+00  0.00000000E+00  0.00000000E+00  0.00000000E+00  0.00000000E+00  0.00000000E+00  0.00000000E+00  0.00000000E+00  0.00000000E+00
-1.36280273E+01  1.67400000E-02  1.80700000E-02  1.90100000E-02  2.01200000E-02  1.25100000E-05  1.29800000E-05  1.26800000E-02  1.30400000E-02  0.00000000E+00  0.00000000E+00  0.00000000E+00  0.00000000E+00  0.00000000E+00  0.00000000E+00  0.00000000E+00  0.00000000E+00  0.00000000E+00  0.00000000E+00
-1.36100272E+01  1.41700000E-02  1.42300000E-02  1.53900000E-02  1.69100000E-02  9.95300000E-06  1.06100000E-05  1.04900000E-02  1.09200000E-02  0.00000000E+00  0.00000000E+00  0.00000000E+00  0.00000000E+00  0.00000000E+00  0.00000000E+00  0.00000000E+00  0.00000000E+00  0.00000000E+00  0.00000000E+00
-1.35930273E+01  1.19700000E-02  1.12900000E-02  1.03600000E-02  1.17700000E-02  6.49700000E-06  7.17100000E-06  7.39900000E-03  7.79800000E-03  0.00000000E+00  0.00000000E+00  0.00000000E+00  0.00000000E+00  0.00000000E+00  0.00000000E+00  0.00000000E+00  0.00000000E+00  0.00000000E+00  0.00000000E+00
-1.35750272E+01  1.05500000E-02  9.75300000E-03  6.48700000E-03  7.28100000E-03  3.67200000E-06  4.10000000E-06  4.76900000E-03  5.01300000E-03  0.00000000E+00  0.00000000E+00  0.00000000E+00  0.00000000E+00  0.00000000E+00  0.00000000E+00  0.00000000E+00  0.00000000E+00  0.00000000E+00  0.00000000E+00
-1.35580273E+01  1.00100000E-02  9.76000000E-03  5.23100000E-03  5.25300000E-03  2.29500000E-06  2.38400000E-06  3.23300000E-03  3.35400000E-03  0.00000000E+00  0.00000000E+00  0.00000000E+00  0.00000000E+00  0.00000000E+00  0.00000000E+00  0.00000000E+00  0.00000000E+00  0.00000000E+00  0.00000000E+00
-1.35400272E+01  1.01600000E-02  1.07000000E-02  6.43500000E-03  5.88900000E-03  2.29400000E-06  2.10400000E-06  2.68900000E-03  2.71600000E-03  0.00000000E+00  0.00000000E+00  0.00000000E+00  0.00000000E+00  0.00000000E+00  0.00000000E+00  0.00000000E+00  0.00000000E+00  0.00000000E+00  0.00000000E+00
-1.35230273E+01  1.08700000E-02  1.18800000E-02  8.84500000E-03  8.14500000E-03  3.24500000E-06  2.82600000E-06  2.90400000E-03  2.71200000E-03  0.00000000E+00  0.00000000E+00  0.00000000E+00  0.00000000E+00  0.00000000E+00  0.00000000E+00  0.00000000E+00  0.00000000E+00  0.00000000E+00  0.00000000E+00
-1.35060272E+01  1.19500000E-02  1.29400000E-02  1.09400000E-02  1.04800000E-02  4.88400000E-06  4.14400000E-06  3.85400000E-03  3.21300000E-03  0.00000000E+00  0.00000000E+00  0.00000000E+00  0.00000000E+00  0.00000000E+00  0.00000000E+00  0.00000000E+00  0.00000000E+00  0.00000000E+00  0.00000000E+00
-1.34880273E+01  1.32300000E-02  1.38800000E-02  1.18600000E-02  1.17800000E-02  7.21800000E-06  5.97800000E-06  5.65000000E-03  4.40500000E-03  0.00000000E+00  0.00000000E+00  0.00000000E+00  0.00000000E+00  0.00000000E+00  0.00000000E+00  0.00000000E+00  0.00000000E+00  0.00000000E+00  0.00000000E+00
-1.34710272E+01  1.45800000E-02  1.48500000E-02  1.17800000E-02  1.19100000E-02  1.00700000E-05  8.40600000E-06  8.10700000E-03  6.42300000E-03  0.00000000E+00  0.00000000E+00  0.00000000E+00  0.00000000E+00  0.00000000E+00  0.00000000E+00  0.00000000E+00  0.00000000E+00  0.00000000E+00  0.00000000E+00
-1.34530272E+01  1.55800000E-02  1.56200000E-02  1.12400000E-02  1.14200000E-02  1.25300000E-05  1.10500000E-05  1.03400000E-02  8.83800000E-03  0.00000000E+00  0.00000000E+00  0.00000000E+00  0.00000000E+00  0.00000000E+00  0.00000000E+00  0.00000000E+00  0.00000000E+00  0.00000000E+00  0.00000000E+00
-1.34360272E+01  1.57500000E-02  1.55500000E-02  1.05500000E-02  1.07200000E-02  1.32400000E-05  1.28000000E-05  1.11500000E-02  1.05700000E-02  0.00000000E+00  0.00000000E+00  0.00000000E+00  0.00000000E+00  0.00000000E+00  0.00000000E+00  0.00000000E+00  0.00000000E+00  0.00000000E+00  0.00000000E+00
-1.34180272E+01  1.57300000E-02  1.45200000E-02  1.00800000E-02  1.00400000E-02  1.18000000E-05  1.26000000E-05  1.02300000E-02  1.06700000E-02  0.00000000E+00  0.00000000E+00  0.00000000E+00  0.00000000E+00  0.00000000E+00  0.00000000E+00  0.00000000E+00  0.00000000E+00  0.00000000E+00  0.00000000E+00
-1.34010273E+01  1.76600000E-02  1.39200000E-02  1.05600000E-02  9.87000000E-03  9.34300000E-06  1.06200000E-05  8.57600000E-03  9.32200000E-03  0.00000000E+00  0.00000000E+00  0.00000000E+00  0.00000000E+00  0.00000000E+00  0.00000000E+00  0.00000000E+00  0.00000000E+00  0.00000000E+00  0.00000000E+00
-1.33830272E+01  2.32000000E-02  1.60100000E-02  1.23100000E-02  1.07600000E-02  7.51000000E-06  8.24700000E-06  7.48800000E-03  7.71500000E-03  0.00000000E+00  0.00000000E+00  0.00000000E+00  0.00000000E+00  0.00000000E+00  0.00000000E+00  0.00000000E+00  0.00000000E+00  0.00000000E+00  0.00000000E+00
-1.33660273E+01  3.12800000E-02  2.20700000E-02  1.44700000E-02  1.25600000E-02  6.91000000E-06  6.80900000E-06  7.24300000E-03  6.87200000E-03  0.00000000E+00  0.00000000E+00  0.00000000E+00  0.00000000E+00  0.00000000E+00  0.00000000E+00  0.00000000E+00  0.00000000E+00  0.00000000E+00  0.00000000E+00
-1.33480272E+01  3.83000000E-02  3.11200000E-02  1.54600000E-02  1.42600000E-02  6.87000000E-06  6.52500000E-06  7.03600000E-03  6.77500000E-03  0.00000000E+00  0.00000000E+00  0.00000000E+00  0.00000000E+00  0.00000000E+00  0.00000000E+00  0.00000000E+00  0.00000000E+00  0.00000000E+00  0.00000000E+00
-1.33310272E+01  4.14600000E-02  4.02000000E-02  1.42900000E-02  1.47400000E-02  6.42500000E-06  6.63600000E-06  6.08000000E-03  6.62300000E-03  0.00000000E+00  0.00000000E+00  0.00000000E+00  0.00000000E+00  0.00000000E+00  0.00000000E+00  0.00000000E+00  0.00000000E+00  0.00000000E+00  0.00000000E+00
-1.33130272E+01  4.11700000E-02  4.63000000E-02  1.13400000E-02  1.34300000E-02  5.30300000E-06  6.28700000E-06  4.44300000E-03  5.76700000E-03  0.00000000E+00  0.00000000E+00  0.00000000E+00  0.00000000E+00  0.00000000E+00  0.00000000E+00  0.00000000E+00  0.00000000E+00  0.00000000E+00  0.00000000E+00
-1.32960272E+01  3.99500000E-02  4.81500000E-02  7.95700000E-03  1.06900000E-02  4.08100000E-06  5.30800000E-06  2.85900000E-03  4.31700000E-03  0.00000000E+00  0.00000000E+00  0.00000000E+00  0.00000000E+00  0.00000000E+00  0.00000000E+00  0.00000000E+00  0.00000000E+00  0.00000000E+00  0.00000000E+00
-1.32780272E+01  3.93400000E-02  4.65300000E-02  5.45800000E-03  7.65800000E-03  3.66200000E-06  4.34100000E-06  2.02500000E-03  2.96100000E-03  0.00000000E+00  0.00000000E+00  0.00000000E+00  0.00000000E+00  0.00000000E+00  0.00000000E+00  0.00000000E+00  0.00000000E+00  0.00000000E+00  0.00000000E+00
-1.32610272E+01  3.90500000E-02  4.31500000E-02  4.44900000E-03  5.52500000E-03  4.63000000E-06  4.27500000E-06  2.18000000E-03  2.35500000E-03  0.00000000E+00  0.00000000E+00  0.00000000E+00  0.00000000E+00  0.00000000E+00  0.00000000E+00  0.00000000E+00  0.00000000E+00  0.00000000E+00  0.00000000E+00
-1.32430272E+01  3.82100000E-02  3.96500000E-02  4.79200000E-03  4.81400000E-03  6.90200000E-06  5.50900000E-06  3.10900000E-03  2.67800000E-03  0.00000000E+00  0.00000000E+00  0.00000000E+00  0.00000000E+00  0.00000000E+00  0.00000000E+00  0.00000000E+00  0.00000000E+00  0.00000000E+00  0.00000000E+00
-1.32260272E+01  3.63000000E-02  3.66800000E-02  6.09300000E-03  5.28200000E-03  9.91900000E-06  7.68000000E-06  4.36900000E-03  3.61800000E-03  0.00000000E+00  0.00000000E+00  0.00000000E+00  0.00000000E+00  0.00000000E+00  0.00000000E+00  0.00000000E+00  0.00000000E+00  0.00000000E+00  0.00000000E+00
-1.32080272E+01  3.36800000E-02  3.38600000E-02  8.44000000E-03  6.54500000E-03  1.34800000E-05  1.02300000E-05  5.76400000E-03  4.74800000E-03  0.00000000E+00  0.00000000E+00  0.00000000E+00  0.00000000E+00  0.00000000E+00  0.00000000E+00  0.00000000E+00  0.00000000E+00  0.00000000E+00  0.00000000E+00
-1.31910272E+01  3.24600000E-02  3.14800000E-02  1.28200000E-02  9.00200000E-03  1.84600000E-05  1.35100000E-05  7.85800000E-03  6.17100000E-03  0.00000000E+00  0.00000000E+00  0.00000000E+00  0.00000000E+00  0.00000000E+00  0.00000000E+00  0.00000000E+00  0.00000000E+00  0.00000000E+00  0.00000000E+00
-1.31730272E+01  3.58300000E-02  3.19400000E-02  2.02200000E-02  1.40000000E-02  2.59200000E-05  1.90200000E-05  1.17800000E-02  8.80400000E-03  0.00000000E+00  0.00000000E+00  0.00000000E+00  0.00000000E+00  0.00000000E+00  0.00000000E+00  0.00000000E+00  0.00000000E+00  0.00000000E+00  0.00000000E+00
-1.31560272E+01  4.50300000E-02  3.80500000E-02  2.97100000E-02  2.23600000E-02  3.50500000E-05  2.76600000E-05  1.80800000E-02  1.37100000E-02  0.00000000E+00  0.00000000E+00  0.00000000E+00  0.00000000E+00  0.00000000E+00  0.00000000E+00  0.00000000E+00  0.00000000E+00  0.00000000E+00  0.00000000E+00
-1.31380273E+01  5.70300000E-02  4.94300000E-02  3.76900000E-02  3.23300000E-02  4.24400000E-05  3.75600000E-05  2.56700000E-02  2.08400000E-02  0.00000000E+00  0.00000000E+00  0.00000000E+00  0.00000000E+00  0.00000000E+00  0.00000000E+00  0.00000000E+00  0.00000000E+00  0.00000000E+00  0.00000000E+00
-1.31210272E+01  6.64300000E-02  6.16600000E-02  4.02000000E-02  3.96200000E-02  4.45100000E-05  4.44800000E-05  3.22200000E-02  2.85500000E-02  0.00000000E+00  0.00000000E+00  0.00000000E+00  0.00000000E+00  0.00000000E+00  0.00000000E+00  0.00000000E+00  0.00000000E+00  0.00000000E+00  0.00000000E+00
-1.31030273E+01  6.99200000E-02  6.96900000E-02  3.63600000E-02  4.05600000E-02  4.08700000E-05  4.52100000E-05  3.58100000E-02  3.44600000E-02  0.00000000E+00  0.00000000E+00  0.00000000E+00  0.00000000E+00  0.00000000E+00  0.00000000E+00  0.00000000E+00  0.00000000E+00  0.00000000E+00  0.00000000E+00
-1.30860272E+01  6.82600000E-02  7.13400000E-02  2.91700000E-02  3.52600000E-02  3.48100000E-05  4.04100000E-05  3.62800000E-02  3.70200000E-02  0.00000000E+00  0.00000000E+00  0.00000000E+00  0.00000000E+00  0.00000000E+00  0.00000000E+00  0.00000000E+00  0.00000000E+00  0.00000000E+00  0.00000000E+00
-1.30680273E+01  6.44800000E-02  6.77800000E-02  2.29300000E-02  2.73500000E-02  3.07100000E-05  3.38900000E-05  3.49500000E-02  3.62800000E-02  0.00000000E+00  0.00000000E+00  0.00000000E+00  0.00000000E+00  0.00000000E+00  0.00000000E+00  0.00000000E+00  0.00000000E+00  0.00000000E+00  0.00000000E+00
-1.30510272E+01  6.14400000E-02  6.17900000E-02  2.01000000E-02  2.09700000E-02  3.10700000E-05  2.98000000E-05  3.34100000E-02  3.37500000E-02  0.00000000E+00  0.00000000E+00  0.00000000E+00  0.00000000E+00  0.00000000E+00  0.00000000E+00  0.00000000E+00  0.00000000E+00  0.00000000E+00  0.00000000E+00
-1.30340272E+01  6.07300000E-02  5.66800000E-02  2.01800000E-02  1.81500000E-02  3.51600000E-05  3.01600000E-05  3.23400000E-02  3.13700000E-02  0.00000000E+00  0.00000000E+00  0.00000000E+00  0.00000000E+00  0.00000000E+00  0.00000000E+00  0.00000000E+00  0.00000000E+00  0.00000000E+00  0.00000000E+00
-1.30160272E+01  6.24500000E-02  5.50800000E-02  2.07500000E-02  1.83300000E-02  3.97500000E-05  3.40500000E-05  3.14800000E-02  3.01800000E-02  0.00000000E+00  0.00000000E+00  0.00000000E+00  0.00000000E+00  0.00000000E+00  0.00000000E+00  0.00000000E+00  0.00000000E+00  0.00000000E+00  0.00000000E+00
-1.29990272E+01  6.48700000E-02  5.74500000E-02  1.94500000E-02  1.92300000E-02  4.12500000E-05  3.83100000E-05  3.02200000E-02  2.98500000E-02  0.00000000E+00  0.00000000E+00  0.00000000E+00  0.00000000E+00  0.00000000E+00  0.00000000E+00  0.00000000E+00  0.00000000E+00  0.00000000E+00  0.00000000E+00
-1.29810273E+01  6.50000000E-02  6.14600000E-02  1.56600000E-02  1.85500000E-02  3.79300000E-05  3.97100000E-05  2.80600000E-02  2.93900000E-02  0.00000000E+00  0.00000000E+00  0.00000000E+00  0.00000000E+00  0.00000000E+00  0.00000000E+00  0.00000000E+00  0.00000000E+00  0.00000000E+00  0.00000000E+00
-1.29640272E+01  6.03800000E-02  6.33300000E-02  1.06200000E-02  1.55100000E-02  3.06700000E-05  3.69300000E-05  2.47900000E-02  2.79800000E-02  0.00000000E+00  0.00000000E+00  0.00000000E+00  0.00000000E+00  0.00000000E+00  0.00000000E+00  0.00000000E+00  0.00000000E+00  0.00000000E+00  0.00000000E+00
-1.29460273E+01  5.08400000E-02  6.00300000E-02  6.07500000E-03  1.10500000E-02  2.18900000E-05  3.07100000E-05  2.04500000E-02  2.51600000E-02  0.00000000E+00  0.00000000E+00  0.00000000E+00  0.00000000E+00  0.00000000E+00  0.00000000E+00  0.00000000E+00  0.00000000E+00  0.00000000E+00  0.00000000E+00
-1.29290272E+01  3.84400000E-02  5.08400000E-02  3.06300000E-03  6.75500000E-03  1.39700000E-05  2.27600000E-05  1.54900000E-02  2.08200000E-02  0.00000000E+00  0.00000000E+00  0.00000000E+00  0.00000000E+00  0.00000000E+00  0.00000000E+00  0.00000000E+00  0.00000000E+00  0.00000000E+00  0.00000000E+00
-1.29110273E+01  2.60000000E-02  3.77500000E-02  1.79000000E-03  3.71900000E-03  8.26800000E-06  1.49300000E-05  1.06600000E-02  1.54100000E-02  0.00000000E+00  0.00000000E+00  0.00000000E+00  0.00000000E+00  0.00000000E+00  0.00000000E+00  0.00000000E+00  0.00000000E+00  0.00000000E+00  0.00000000E+00
-1.28940272E+01  1.59100000E-02  2.43500000E-02  2.34100000E-03  2.40300000E-03  5.26800000E-06  8.82700000E-06  6.85500000E-03  1.00900000E-02  0.00000000E+00  0.00000000E+00  0.00000000E+00  0.00000000E+00  0.00000000E+00  0.00000000E+00  0.00000000E+00  0.00000000E+00  0.00000000E+00  0.00000000E+00
-1.28760272E+01  9.69900000E-03  1.40000000E-02  5.15400000E-03  3.16000000E-03  5.24900000E-06  5.57600000E-06  4.93800000E-03  6.22500000E-03  0.00000000E+00  0.00000000E+00  0.00000000E+00  0.00000000E+00  0.00000000E+00  0.00000000E+00  0.00000000E+00  0.00000000E+00  0.00000000E+00  0.00000000E+00
-1.28590272E+01  7.71800000E-03  8.43100000E-03  1.05300000E-02  6.47600000E-03  8.40300000E-06  5.81600000E-06  5.39700000E-03  4.76400000E-03  0.00000000E+00  0.00000000E+00  0.00000000E+00  0.00000000E+00  0.00000000E+00  0.00000000E+00  0.00000000E+00  0.00000000E+00  0.00000000E+00  0.00000000E+00
-1.28410272E+01  8.94800000E-03  7.43100000E-03  1.73900000E-02  1.23300000E-02  1.41300000E-05  9.64200000E-06  7.91700000E-03  5.91000000E-03  0.00000000E+00  0.00000000E+00  0.00000000E+00  0.00000000E+00  0.00000000E+00  0.00000000E+00  0.00000000E+00  0.00000000E+00  0.00000000E+00  0.00000000E+00
-1.28240273E+01  1.15800000E-02  9.46500000E-03  2.28900000E-02  1.91200000E-02  2.03700000E-05  1.60600000E-05  1.11800000E-02  8.92000000E-03  0.00000000E+00  0.00000000E+00  0.00000000E+00  0.00000000E+00  0.00000000E+00  0.00000000E+00  0.00000000E+00  0.00000000E+00  0.00000000E+00  0.00000000E+00
-1.28060272E+01  1.45800000E-02  1.28900000E-02  2.43000000E-02  2.39100000E-02  2.43700000E-05  2.26100000E-05  1.34100000E-02  1.22000000E-02  0.00000000E+00  0.00000000E+00  0.00000000E+00  0.00000000E+00  0.00000000E+00  0.00000000E+00  0.00000000E+00  0.00000000E+00  0.00000000E+00  0.00000000E+00
-1.27890273E+01  1.92300000E-02  1.75200000E-02  2.17600000E-02  2.46300000E-02  2.49000000E-05  2.64600000E-05  1.36000000E-02  1.40600000E-02  0.00000000E+00  0.00000000E+00  0.00000000E+00  0.00000000E+00  0.00000000E+00  0.00000000E+00  0.00000000E+00  0.00000000E+00  0.00000000E+00  0.00000000E+00
-1.27710272E+01  2.84600000E-02  2.52100000E-02  1.84500000E-02  2.22800000E-02  2.34400000E-05  2.67300000E-05  1.24100000E-02  1.39700000E-02  0.00000000E+00  0.00000000E+00  0.00000000E+00  0.00000000E+00  0.00000000E+00  0.00000000E+00  0.00000000E+00  0.00000000E+00  0.00000000E+00  0.00000000E+00
-1.27540273E+01  4.31000000E-02  3.76600000E-02  1.75400000E-02  2.00200000E-02  2.25900000E-05  2.51900000E-05  1.14600000E-02  1.29800000E-02  0.00000000E+00  0.00000000E+00  0.00000000E+00  0.00000000E+00  0.00000000E+00  0.00000000E+00  0.00000000E+00  0.00000000E+00  0.00000000E+00  0.00000000E+00
-1.27360272E+01  5.86400000E-02  5.25900000E-02  1.92600000E-02  1.98600000E-02  2.32600000E-05  2.41900000E-05  1.17000000E-02  1.26000000E-02  0.00000000E+00  0.00000000E+00  0.00000000E+00  0.00000000E+00  0.00000000E+00  0.00000000E+00  0.00000000E+00  0.00000000E+00  0.00000000E+00  0.00000000E+00
-1.27190272E+01  6.70800000E-02  6.32600000E-02  2.11300000E-02  2.09000000E-02  2.40800000E-05  2.41800000E-05  1.26900000E-02  1.32100000E-02  0.00000000E+00  0.00000000E+00  0.00000000E+00  0.00000000E+00  0.00000000E+00  0.00000000E+00  0.00000000E+00  0.00000000E+00  0.00000000E+00  0.00000000E+00
-1.27010272E+01  6.34300000E-02  6.35500000E-02  2.08200000E-02  2.08700000E-02  2.33200000E-05  2.39300000E-05  1.32900000E-02  1.39200000E-02  0.00000000E+00  0.00000000E+00  0.00000000E+00  0.00000000E+00  0.00000000E+00  0.00000000E+00  0.00000000E+00  0.00000000E+00  0.00000000E+00  0.00000000E+00
-1.26840272E+01  4.99500000E-02  5.34100000E-02  1.85800000E-02  1.90200000E-02  2.08600000E-05  2.24700000E-05  1.31000000E-02  1.39000000E-02  0.00000000E+00  0.00000000E+00  0.00000000E+00  0.00000000E+00  0.00000000E+00  0.00000000E+00  0.00000000E+00  0.00000000E+00  0.00000000E+00  0.00000000E+00
-1.26660272E+01  3.37400000E-02  3.84700000E-02  1.68700000E-02  1.69800000E-02  1.81900000E-05  2.02700000E-05  1.28400000E-02  1.34000000E-02  0.00000000E+00  0.00000000E+00  0.00000000E+00  0.00000000E+00  0.00000000E+00  0.00000000E+00  0.00000000E+00  0.00000000E+00  0.00000000E+00  0.00000000E+00
-1.26490272E+01  2.08500000E-02  2.49700000E-02  1.79100000E-02  1.71100000E-02  1.68000000E-05  1.85400000E-05  1.32500000E-02  1.33500000E-02  0.00000000E+00  0.00000000E+00  0.00000000E+00  0.00000000E+00  0.00000000E+00  0.00000000E+00  0.00000000E+00  0.00000000E+00  0.00000000E+00  0.00000000E+00
-1.26310272E+01  1.31200000E-02  1.59300000E-02  2.13600000E-02  2.01200000E-02  1.66400000E-05  1.79100000E-05  1.39200000E-02  1.39900000E-02  0.00000000E+00  0.00000000E+00  0.00000000E+00  0.00000000E+00  0.00000000E+00  0.00000000E+00  0.00000000E+00  0.00000000E+00  0.00000000E+00  0.00000000E+00
-1.26140272E+01  9.17500000E-03  1.08900000E-02  2.45500000E-02  2.41400000E-02  1.64400000E-05  1.76900000E-05  1.36100000E-02  1.42800000E-02  0.00000000E+00  0.00000000E+00  0.00000000E+00  0.00000000E+00  0.00000000E+00  0.00000000E+00  0.00000000E+00  0.00000000E+00  0.00000000E+00  0.00000000E+00
-1.25970273E+01  7.19700000E-03  8.08400000E-03  2.48300000E-02  2.60600000E-02  1.52800000E-05  1.66400000E-05  1.19500000E-02  1.31000000E-02  0.00000000E+00  0.00000000E+00  0.00000000E+00  0.00000000E+00  0.00000000E+00  0.00000000E+00  0.00000000E+00  0.00000000E+00  0.00000000E+00  0.00000000E+00
-1.25790272E+01  6.87400000E-03  6.48100000E-03  2.17300000E-02  2.41300000E-02  1.37900000E-05  1.45500000E-05  1.03300000E-02  1.08800000E-02  0.00000000E+00  0.00000000E+00  0.00000000E+00  0.00000000E+00  0.00000000E+00  0.00000000E+00  0.00000000E+00  0.00000000E+00  0.00000000E+00  0.00000000E+00
-1.25620272E+01  9.22900000E-03  6.56500000E-03  1.71500000E-02  1.92900000E-02  1.36900000E-05  1.26600000E-05  1.07000000E-02  9.55400000E-03  0.00000000E+00  0.00000000E+00  0.00000000E+00  0.00000000E+00  0.00000000E+00  0.00000000E+00  0.00000000E+00  0.00000000E+00  0.00000000E+00  0.00000000E+00
-1.25440272E+01  1.51300000E-02  9.54100000E-03  1.36600000E-02  1.42800000E-02  1.65900000E-05  1.29200000E-05  1.35500000E-02  1.07400000E-02  0.00000000E+00  0.00000000E+00  0.00000000E+00  0.00000000E+00  0.00000000E+00  0.00000000E+00  0.00000000E+00  0.00000000E+00  0.00000000E+00  0.00000000E+00
-1.25270272E+01  2.37800000E-02  1.59500000E-02  1.28300000E-02  1.16100000E-02  2.28700000E-05  1.66500000E-05  1.74400000E-02  1.41800000E-02  0.00000000E+00  0.00000000E+00  0.00000000E+00  0.00000000E+00  0.00000000E+00  0.00000000E+00  0.00000000E+00  0.00000000E+00  0.00000000E+00  0.00000000E+00
-1.25090272E+01  3.24300000E-02  2.46400000E-02  1.44300000E-02  1.21300000E-02  3.14100000E-05  2.38500000E-05  2.02800000E-02  1.80100000E-02  0.00000000E+00  0.00000000E+00  0.00000000E+00  0.00000000E+00  0.00000000E+00  0.00000000E+00  0.00000000E+00  0.00000000E+00  0.00000000E+00  0.00000000E+00
-1.24920272E+01  3.79200000E-02  3.28400000E-02  1.71600000E-02  1.49800000E-02  3.99100000E-05  3.31900000E-05  2.10200000E-02  2.03900000E-02  0.00000000E+00  0.00000000E+00  0.00000000E+00  0.00000000E+00  0.00000000E+00  0.00000000E+00  0.00000000E+00  0.00000000E+00  0.00000000E+00  0.00000000E+00
-1.24740272E+01  3.90200000E-02  3.77900000E-02  1.99700000E-02  1.87000000E-02  4.60000000E-05  4.24000000E-05  1.99400000E-02  2.08300000E-02  0.00000000E+00  0.00000000E+00  0.00000000E+00  0.00000000E+00  0.00000000E+00  0.00000000E+00  0.00000000E+00  0.00000000E+00  0.00000000E+00  0.00000000E+00
-1.24570272E+01  3.74900000E-02  3.88300000E-02  2.25500000E-02  2.23200000E-02  4.82000000E-05  4.90400000E-05  1.77700000E-02  1.98200000E-02  0.00000000E+00  0.00000000E+00  0.00000000E+00  0.00000000E+00  0.00000000E+00  0.00000000E+00  0.00000000E+00  0.00000000E+00  0.00000000E+00  0.00000000E+00
-1.24390272E+01  3.67200000E-02  3.80700000E-02  2.47700000E-02  2.54700000E-02  4.62700000E-05  5.13500000E-05  1.50900000E-02  1.79100000E-02  0.00000000E+00  0.00000000E+00  0.00000000E+00  0.00000000E+00  0.00000000E+00  0.00000000E+00  0.00000000E+00  0.00000000E+00  0.00000000E+00  0.00000000E+00
-1.24220272E+01  3.91200000E-02  3.84700000E-02  2.59100000E-02  2.75700000E-02  4.09200000E-05  4.86900000E-05  1.22900000E-02  1.53600000E-02  0.00000000E+00  0.00000000E+00  0.00000000E+00  0.00000000E+00  0.00000000E+00  0.00000000E+00  0.00000000E+00  0.00000000E+00  0.00000000E+00  0.00000000E+00
-1.24040273E+01  4.50200000E-02  4.13600000E-02  2.49900000E-02  2.75000000E-02  3.37000000E-05  4.16700000E-05  9.88700000E-03  1.24200000E-02  0.00000000E+00  0.00000000E+00  0.00000000E+00  0.00000000E+00  0.00000000E+00  0.00000000E+00  0.00000000E+00  0.00000000E+00  0.00000000E+00  0.00000000E+00
-1.23870272E+01  5.36700000E-02  4.61400000E-02  2.19000000E-02  2.45500000E-02  2.69100000E-05  3.24100000E-05  8.58000000E-03  9.73800000E-03  0.00000000E+00  0.00000000E+00  0.00000000E+00  0.00000000E+00  0.00000000E+00  0.00000000E+00  0.00000000E+00  0.00000000E+00  0.00000000E+00  0.00000000E+00
-1.23690273E+01  6.48200000E-02  5.25100000E-02  1.79400000E-02  1.96200000E-02  2.28000000E-05  2.41000000E-05  9.05100000E-03  8.37700000E-03  0.00000000E+00  0.00000000E+00  0.00000000E+00  0.00000000E+00  0.00000000E+00  0.00000000E+00  0.00000000E+00  0.00000000E+00  0.00000000E+00  0.00000000E+00
-1.23520272E+01  7.78600000E-02  6.21500000E-02  1.47800000E-02  1.49100000E-02  2.20300000E-05  1.96100000E-05  1.14200000E-02  9.32400000E-03  0.00000000E+00  0.00000000E+00  0.00000000E+00  0.00000000E+00  0.00000000E+00  0.00000000E+00  0.00000000E+00  0.00000000E+00  0.00000000E+00  0.00000000E+00
-1.23340273E+01  8.90000000E-02  7.58400000E-02  1.29400000E-02  1.21700000E-02  2.30100000E-05  1.95600000E-05  1.48300000E-02  1.25900000E-02  0.00000000E+00  0.00000000E+00  0.00000000E+00  0.00000000E+00  0.00000000E+00  0.00000000E+00  0.00000000E+00  0.00000000E+00  0.00000000E+00  0.00000000E+00
-1.23170272E+01  9.14200000E-02  8.88200000E-02  1.15000000E-02  1.12500000E-02  2.30800000E-05  2.16700000E-05  1.76600000E-02  1.66100000E-02  0.00000000E+00  0.00000000E+00  0.00000000E+00  0.00000000E+00  0.00000000E+00  0.00000000E+00  0.00000000E+00  0.00000000E+00  0.00000000E+00  0.00000000E+00
-1.22990272E+01  8.10100000E-02  9.18500000E-02  9.46100000E-03  1.05700000E-02  2.07400000E-05  2.24700000E-05  1.85900000E-02  1.90500000E-02  0.00000000E+00  0.00000000E+00  0.00000000E+00  0.00000000E+00  0.00000000E+00  0.00000000E+00  0.00000000E+00  0.00000000E+00  0.00000000E+00  0.00000000E+00
-1.22820272E+01  6.12200000E-02  7.99700000E-02  6.85600000E-03  8.88400000E-03  1.66400000E-05  2.02000000E-05  1.74300000E-02  1.86700000E-02  0.00000000E+00  0.00000000E+00  0.00000000E+00  0.00000000E+00  0.00000000E+00  0.00000000E+00  0.00000000E+00  0.00000000E+00  0.00000000E+00  0.00000000E+00
-1.22640272E+01  4.04000000E-02  5.82700000E-02  4.63200000E-03  6.43700000E-03  1.24900000E-05  1.59200000E-05  1.50400000E-02  1.63100000E-02  0.00000000E+00  0.00000000E+00  0.00000000E+00  0.00000000E+00  0.00000000E+00  0.00000000E+00  0.00000000E+00  0.00000000E+00  0.00000000E+00  0.00000000E+00
-1.22470273E+01  2.49800000E-02  3.69700000E-02  3.68500000E-03  4.45000000E-03  9.48600000E-06  1.19000000E-05  1.24300000E-02  1.36200000E-02  0.00000000E+00  0.00000000E+00  0.00000000E+00  0.00000000E+00  0.00000000E+00  0.00000000E+00  0.00000000E+00  0.00000000E+00  0.00000000E+00  0.00000000E+00
-1.22290272E+01  1.63800000E-02  2.26400000E-02  4.27200000E-03  3.90300000E-03  7.92100000E-06  9.40500000E-06  1.02700000E-02  1.15400000E-02  0.00000000E+00  0.00000000E+00  0.00000000E+00  0.00000000E+00  0.00000000E+00  0.00000000E+00  0.00000000E+00  0.00000000E+00  0.00000000E+00  0.00000000E+00
-1.22120273E+01  1.27300000E-02  1.55700000E-02  5.94300000E-03  4.90600000E-03  7.50700000E-06  8.36700000E-06  8.83100000E-03  1.00800000E-02  0.00000000E+00  0.00000000E+00  0.00000000E+00  0.00000000E+00  0.00000000E+00  0.00000000E+00  0.00000000E+00  0.00000000E+00  0.00000000E+00  0.00000000E+00
-1.21940272E+01  1.15800000E-02  1.29700000E-02  7.83200000E-03  6.79700000E-03  7.70000000E-06  8.19100000E-06  7.94200000E-03  9.01500000E-03  0.00000000E+00  0.00000000E+00  0.00000000E+00  0.00000000E+00  0.00000000E+00  0.00000000E+00  0.00000000E+00  0.00000000E+00  0.00000000E+00  0.00000000E+00
-1.21770273E+01  1.14500000E-02  1.22400000E-02  9.31000000E-03  8.69300000E-03  8.06500000E-06  8.35100000E-06  7.24000000E-03  8.13900000E-03  0.00000000E+00  0.00000000E+00  0.00000000E+00  0.00000000E+00  0.00000000E+00  0.00000000E+00  0.00000000E+00  0.00000000E+00  0.00000000E+00  0.00000000E+00
-1.21590272E+01  1.23600000E-02  1.23000000E-02  1.05100000E-02  1.01800000E-02  8.66700000E-06  8.66400000E-06  6.64000000E-03  7.35500000E-03  0.00000000E+00  0.00000000E+00  0.00000000E+00  0.00000000E+00  0.00000000E+00  0.00000000E+00  0.00000000E+00  0.00000000E+00  0.00000000E+00  0.00000000E+00
-1.21420272E+01  1.52700000E-02  1.35500000E-02  1.19100000E-02  1.14400000E-02  9.88700000E-06  9.29300000E-06  6.44000000E-03  6.78500000E-03  0.00000000E+00  0.00000000E+00  0.00000000E+00  0.00000000E+00  0.00000000E+00  0.00000000E+00  0.00000000E+00  0.00000000E+00  0.00000000E+00  0.00000000E+00
-1.21250272E+01  2.04500000E-02  1.67900000E-02  1.34200000E-02  1.26200000E-02  1.17400000E-05  1.03900000E-05  6.86700000E-03  6.65000000E-03  0.00000000E+00  0.00000000E+00  0.00000000E+00  0.00000000E+00  0.00000000E+00  0.00000000E+00  0.00000000E+00  0.00000000E+00  0.00000000E+00  0.00000000E+00
-1.21070272E+01  2.62900000E-02  2.18200000E-02  1.43000000E-02  1.33400000E-02  1.36400000E-05  1.17600000E-05  7.75300000E-03  7.00400000E-03  0.00000000E+00  0.00000000E+00  0.00000000E+00  0.00000000E+00  0.00000000E+00  0.00000000E+00  0.00000000E+00  0.00000000E+00  0.00000000E+00  0.00000000E+00
-1.20900273E+01  3.01300000E-02  2.69000000E-02  1.40100000E-02  1.31800000E-02  1.47900000E-05  1.30300000E-05  8.66500000E-03  7.69300000E-03  0.00000000E+00  0.00000000E+00  0.00000000E+00  0.00000000E+00  0.00000000E+00  0.00000000E+00  0.00000000E+00  0.00000000E+00  0.00000000E+00  0.00000000E+00
-1.20720272E+01  3.06500000E-02  2.97900000E-02  1.28700000E-02  1.22500000E-02  1.48600000E-05  1.38300000E-05  9.20000000E-03  8.43500000E-03  0.00000000E+00  0.00000000E+00  0.00000000E+00  0.00000000E+00  0.00000000E+00  0.00000000E+00  0.00000000E+00  0.00000000E+00  0.00000000E+00  0.00000000E+00
-1.20550273E+01  2.98700000E-02  2.99700000E-02  1.20300000E-02  1.12400000E-02  1.44000000E-05  1.39800000E-05  9.31600000E-03  8.90100000E-03  0.00000000E+00  0.00000000E+00  0.00000000E+00  0.00000000E+00  0.00000000E+00  0.00000000E+00  0.00000000E+00  0.00000000E+00  0.00000000E+00  0.00000000E+00
-1.20370272E+01  3.24200000E-02  3.00800000E-02  1.29300000E-02  1.11600000E-02  1.48600000E-05  1.39600000E-05  9.48600000E-03  9.04800000E-03  0.00000000E+00  0.00000000E+00  0.00000000E+00  0.00000000E+00  0.00000000E+00  0.00000000E+00  0.00000000E+00  0.00000000E+00  0.00000000E+00  0.00000000E+00
-1.20200273E+01  4.18700000E-02  3.46900000E-02  1.62500000E-02  1.30900000E-02  1.74000000E-05  1.50500000E-05  1.02700000E-02  9.34200000E-03  0.00000000E+00  0.00000000E+00  0.00000000E+00  0.00000000E+00  0.00000000E+00  0.00000000E+00  0.00000000E+00  0.00000000E+00  0.00000000E+00  0.00000000E+00
-1.20020272E+01  5.68500000E-02  4.63700000E-02  2.09200000E-02  1.73100000E-02  2.13800000E-05  1.81500000E-05  1.15900000E-02  1.02700000E-02  0.00000000E+00  0.00000000E+00  0.00000000E+00  0.00000000E+00  0.00000000E+00  0.00000000E+00  0.00000000E+00  0.00000000E+00  0.00000000E+00  0.00000000E+00
-1.19850272E+01  7.05700000E-02  6.20600000E-02  2.42900000E-02  2.22700000E-02  2.43500000E-05  2.22400000E-05  1.28000000E-02  1.16500000E-02  0.00000000E+00  0.00000000E+00  0.00000000E+00  0.00000000E+00  0.00000000E+00  0.00000000E+00  0.00000000E+00  0.00000000E+00  0.00000000E+00  0.00000000E+00
-1.19670272E+01  7.50300000E-02  7.38400000E-02  2.40400000E-02  2.51200000E-02  2.42600000E-05  2.47500000E-05  1.34200000E-02  1.28500000E-02  0.00000000E+00  0.00000000E+00  0.00000000E+00  0.00000000E+00  0.00000000E+00  0.00000000E+00  0.00000000E+00  0.00000000E+00  0.00000000E+00  0.00000000E+00
-1.19500272E+01  6.68500000E-02  7.44000000E-02  2.00000000E-02  2.38100000E-02  2.13700000E-05  2.40100000E-05  1.37100000E-02  1.35800000E-02  0.00000000E+00  0.00000000E+00  0.00000000E+00  0.00000000E+00  0.00000000E+00  0.00000000E+00  0.00000000E+00  0.00000000E+00  0.00000000E+00  0.00000000E+00
-1.19320272E+01  4.98500000E-02  6.26400000E-02  1.41900000E-02  1.88800000E-02  1.76800000E-05  2.07800000E-05  1.42000000E-02  1.42100000E-02  0.00000000E+00  0.00000000E+00  0.00000000E+00  0.00000000E+00  0.00000000E+00  0.00000000E+00  0.00000000E+00  0.00000000E+00  0.00000000E+00  0.00000000E+00
-1.19150272E+01  3.17700000E-02  4.42600000E-02  9.02100000E-03  1.27900000E-02  1.47100000E-05  1.70500000E-05  1.47000000E-02  1.49000000E-02  0.00000000E+00  0.00000000E+00  0.00000000E+00  0.00000000E+00  0.00000000E+00  0.00000000E+00  0.00000000E+00  0.00000000E+00  0.00000000E+00  0.00000000E+00
-1.18970272E+01  1.89500000E-02  2.70100000E-02  5.68200000E-03  7.82200000E-03  1.24600000E-05  1.39300000E-05  1.43400000E-02  1.50200000E-02  0.00000000E+00  0.00000000E+00  0.00000000E+00  0.00000000E+00  0.00000000E+00  0.00000000E+00  0.00000000E+00  0.00000000E+00  0.00000000E+00  0.00000000E+00
-1.18800272E+01  1.41000000E-02  1.59100000E-02  4.20100000E-03  4.81800000E-03  1.05100000E-05  1.13000000E-05  1.26300000E-02  1.37200000E-02  0.00000000E+00  0.00000000E+00  0.00000000E+00  0.00000000E+00  0.00000000E+00  0.00000000E+00  0.00000000E+00  0.00000000E+00  0.00000000E+00  0.00000000E+00
-1.18620272E+01  1.75600000E-02  1.25900000E-02  4.26400000E-03  3.59300000E-03  9.07300000E-06  9.05900000E-06  1.03100000E-02  1.11700000E-02  0.00000000E+00  0.00000000E+00  0.00000000E+00  0.00000000E+00  0.00000000E+00  0.00000000E+00  0.00000000E+00  0.00000000E+00  0.00000000E+00  0.00000000E+00
-1.18450272E+01  2.79400000E-02  1.71200000E-02  5.52700000E-03  3.82800000E-03  8.68300000E-06  7.70500000E-06  8.60700000E-03  8.61700000E-03  0.00000000E+00  0.00000000E+00  0.00000000E+00  0.00000000E+00  0.00000000E+00  0.00000000E+00  0.00000000E+00  0.00000000E+00  0.00000000E+00  0.00000000E+00
-1.18270272E+01  4.09300000E-02  2.83000000E-02  7.27200000E-03  5.20200000E-03  9.11500000E-06  7.60200000E-06  7.93400000E-03  7.20000000E-03  0.00000000E+00  0.00000000E+00  0.00000000E+00  0.00000000E+00  0.00000000E+00  0.00000000E+00  0.00000000E+00  0.00000000E+00  0.00000000E+00  0.00000000E+00
-1.18100272E+01  4.95100000E-02  4.19500000E-02  8.36500000E-03  7.00600000E-03  9.45000000E-06  8.28200000E-06  7.64700000E-03  6.93500000E-03  0.00000000E+00  0.00000000E+00  0.00000000E+00  0.00000000E+00  0.00000000E+00  0.00000000E+00  0.00000000E+00  0.00000000E+00  0.00000000E+00  0.00000000E+00
-1.17920273E+01  4.84500000E-02  5.09700000E-02  8.01000000E-03  8.14000000E-03  9.19700000E-06  8.85600000E-06  7.06300000E-03  6.98200000E-03  0.00000000E+00  0.00000000E+00  0.00000000E+00  0.00000000E+00  0.00000000E+00  0.00000000E+00  0.00000000E+00  0.00000000E+00  0.00000000E+00  0.00000000E+00
-1.17750272E+01  3.90200000E-02  5.00100000E-02  6.52900000E-03  7.85900000E-03  9.11300000E-06  9.03000000E-06  6.33600000E-03  6.70400000E-03  0.00000000E+00  0.00000000E+00  0.00000000E+00  0.00000000E+00  0.00000000E+00  0.00000000E+00  0.00000000E+00  0.00000000E+00  0.00000000E+00  0.00000000E+00
-1.17570273E+01  2.78600000E-02  4.04000000E-02  5.20500000E-03  6.53300000E-03  1.07200000E-05  9.61800000E-06  6.18400000E-03  6.29700000E-03  0.00000000E+00  0.00000000E+00  0.00000000E+00  0.00000000E+00  0.00000000E+00  0.00000000E+00  0.00000000E+00  0.00000000E+00  0.00000000E+00  0.00000000E+00
-1.17400272E+01  2.10500000E-02  2.91800000E-02  5.31900000E-03  5.50400000E-03  1.50400000E-05  1.20100000E-05  6.97600000E-03  6.43900000E-03  0.00000000E+00  0.00000000E+00  0.00000000E+00  0.00000000E+00  0.00000000E+00  0.00000000E+00  0.00000000E+00  0.00000000E+00  0.00000000E+00  0.00000000E+00
-1.17220273E+01  2.01800000E-02  2.28500000E-02  7.31600000E-03  6.08800000E-03  2.16800000E-05  1.70100000E-05  8.32700000E-03  7.44500000E-03  0.00000000E+00  0.00000000E+00  0.00000000E+00  0.00000000E+00  0.00000000E+00  0.00000000E+00  0.00000000E+00  0.00000000E+00  0.00000000E+00  0.00000000E+00
-1.17050272E+01  2.29100000E-02  2.27700000E-02  1.04800000E-02  8.58200000E-03  2.88600000E-05  2.40500000E-05  9.54900000E-03  8.91900000E-03  0.00000000E+00  0.00000000E+00  0.00000000E+00  0.00000000E+00  0.00000000E+00  0.00000000E+00  0.00000000E+00  0.00000000E+00  0.00000000E+00  0.00000000E+00
-1.16870272E+01  2.56800000E-02  2.58200000E-02  1.32200000E-02  1.19200000E-02  3.42700000E-05  3.11500000E-05  1.03200000E-02  1.02000000E-02  0.00000000E+00  0.00000000E+00  0.00000000E+00  0.00000000E+00  0.00000000E+00  0.00000000E+00  0.00000000E+00  0.00000000E+00  0.00000000E+00  0.00000000E+00
-1.16700272E+01  2.60200000E-02  2.78900000E-02  1.40900000E-02  1.42700000E-02  3.66000000E-05  3.60200000E-05  1.09000000E-02  1.10300000E-02  0.00000000E+00  0.00000000E+00  0.00000000E+00  0.00000000E+00  0.00000000E+00  0.00000000E+00  0.00000000E+00  0.00000000E+00  0.00000000E+00  0.00000000E+00
-1.16530272E+01  2.39200000E-02  2.70300000E-02  1.29600000E-02  1.44400000E-02  3.64700000E-05  3.77100000E-05  1.17500000E-02  1.16800000E-02  0.00000000E+00  0.00000000E+00  0.00000000E+00  0.00000000E+00  0.00000000E+00  0.00000000E+00  0.00000000E+00  0.00000000E+00  0.00000000E+00  0.00000000E+00
-1.16350273E+01  2.13500000E-02  2.43200000E-02  1.09800000E-02  1.28300000E-02  3.51800000E-05  3.71000000E-05  1.28200000E-02  1.25100000E-02  0.00000000E+00  0.00000000E+00  0.00000000E+00  0.00000000E+00  0.00000000E+00  0.00000000E+00  0.00000000E+00  0.00000000E+00  0.00000000E+00  0.00000000E+00
-1.16180272E+01  2.04700000E-02  2.22300000E-02  9.53200000E-03  1.08700000E-02  3.29000000E-05  3.52900000E-05  1.34700000E-02  1.33300000E-02  0.00000000E+00  0.00000000E+00  0.00000000E+00  0.00000000E+00  0.00000000E+00  0.00000000E+00  0.00000000E+00  0.00000000E+00  0.00000000E+00  0.00000000E+00
-1.16000273E+01  2.22400000E-02  2.24600000E-02  9.36800000E-03  9.79600000E-03  2.91700000E-05  3.22200000E-05  1.32200000E-02  1.35200000E-02  0.00000000E+00  0.00000000E+00  0.00000000E+00  0.00000000E+00  0.00000000E+00  0.00000000E+00  0.00000000E+00  0.00000000E+00  0.00000000E+00  0.00000000E+00
-1.15830272E+01  2.60100000E-02  2.49900000E-02  1.04800000E-02  1.00400000E-02  2.45400000E-05  2.77600000E-05  1.24900000E-02  1.29500000E-02  0.00000000E+00  0.00000000E+00  0.00000000E+00  0.00000000E+00  0.00000000E+00  0.00000000E+00  0.00000000E+00  0.00000000E+00  0.00000000E+00  0.00000000E+00
-1.15650272E+01  2.94700000E-02  2.81500000E-02  1.20400000E-02  1.12400000E-02  2.03000000E-05  2.28800000E-05  1.18600000E-02  1.21900000E-02  0.00000000E+00  0.00000000E+00  0.00000000E+00  0.00000000E+00  0.00000000E+00  0.00000000E+00  0.00000000E+00  0.00000000E+00  0.00000000E+00  0.00000000E+00
-1.15480272E+01  2.98700000E-02  2.94600000E-02  1.26000000E-02  1.23600000E-02  1.67100000E-05  1.86300000E-05  1.11200000E-02  1.16000000E-02  0.00000000E+00  0.00000000E+00  0.00000000E+00  0.00000000E+00  0.00000000E+00  0.00000000E+00  0.00000000E+00  0.00000000E+00  0.00000000E+00  0.00000000E+00
-1.15300272E+01  2.65100000E-02  2.74200000E-02  1.11900000E-02  1.21000000E-02  1.31100000E-05  1.49400000E-05  9.59300000E-03  1.06900000E-02  0.00000000E+00  0.00000000E+00  0.00000000E+00  0.00000000E+00  0.00000000E+00  0.00000000E+00  0.00000000E+00  0.00000000E+00  0.00000000E+00  0.00000000E+00
-1.15130273E+01  2.17000000E-02  2.30800000E-02  8.18700000E-03  9.97000000E-03  9.42200000E-06  1.12500000E-05  7.32600000E-03  8.89600000E-03  0.00000000E+00  0.00000000E+00  0.00000000E+00  0.00000000E+00  0.00000000E+00  0.00000000E+00  0.00000000E+00  0.00000000E+00  0.00000000E+00  0.00000000E+00
-1.14950272E+01  1.84600000E-02  1.91500000E-02  5.07400000E-03  6.80600000E-03  6.67200000E-06  7.80100000E-06  5.26000000E-03  6.55600000E-03  0.00000000E+00  0.00000000E+00  0.00000000E+00  0.00000000E+00  0.00000000E+00  0.00000000E+00  0.00000000E+00  0.00000000E+00  0.00000000E+00  0.00000000E+00
-1.14780273E+01  1.78700000E-02  1.74200000E-02  3.16400000E-03  4.04000000E-03  6.05500000E-06  5.56400000E-06  4.44700000E-03  4.69600000E-03  0.00000000E+00  0.00000000E+00  0.00000000E+00  0.00000000E+00  0.00000000E+00  0.00000000E+00  0.00000000E+00  0.00000000E+00  0.00000000E+00  0.00000000E+00
-1.14600272E+01  1.93700000E-02  1.79300000E-02  2.98000000E-03  2.71200000E-03  8.11900000E-06  5.54100000E-06  5.46800000E-03  4.27900000E-03  0.00000000E+00  0.00000000E+00  0.00000000E+00  0.00000000E+00  0.00000000E+00  0.00000000E+00  0.00000000E+00  0.00000000E+00  0.00000000E+00  0.00000000E+00
-1.14430273E+01  2.29400000E-02  2.05600000E-02  4.43100000E-03  3.18200000E-03  1.25400000E-05  8.32600000E-06  8.45000000E-03  5.90400000E-03  0.00000000E+00  0.00000000E+00  0.00000000E+00  0.00000000E+00  0.00000000E+00  0.00000000E+00  0.00000000E+00  0.00000000E+00  0.00000000E+00  0.00000000E+00
-1.14250272E+01  2.91200000E-02  2.60300000E-02  7.04600000E-03  5.28800000E-03  1.80100000E-05  1.37200000E-05  1.29900000E-02  9.72100000E-03  0.00000000E+00  0.00000000E+00  0.00000000E+00  0.00000000E+00  0.00000000E+00  0.00000000E+00  0.00000000E+00  0.00000000E+00  0.00000000E+00  0.00000000E+00
-1.14080272E+01  3.66600000E-02  3.40100000E-02  9.87300000E-03  8.27700000E-03  2.24200000E-05  2.00700000E-05  1.77800000E-02  1.49400000E-02  0.00000000E+00  0.00000000E+00  0.00000000E+00  0.00000000E+00  0.00000000E+00  0.00000000E+00  0.00000000E+00  0.00000000E+00  0.00000000E+00  0.00000000E+00
-1.13900272E+01  4.16100000E-02  4.10800000E-02  1.16100000E-02  1.07700000E-02  2.37100000E-05  2.43700000E-05  2.07300000E-02  1.94900000E-02  0.00000000E+00  0.00000000E+00  0.00000000E+00  0.00000000E+00  0.00000000E+00  0.00000000E+00  0.00000000E+00  0.00000000E+00  0.00000000E+00  0.00000000E+00
-1.13730272E+01  4.04400000E-02  4.25000000E-02  1.14300000E-02  1.14300000E-02  2.14600000E-05  2.42700000E-05  2.03400000E-02  2.10700000E-02  0.00000000E+00  0.00000000E+00  0.00000000E+00  0.00000000E+00  0.00000000E+00  0.00000000E+00  0.00000000E+00  0.00000000E+00  0.00000000E+00  0.00000000E+00
-1.13550272E+01  3.40100000E-02  3.68900000E-02  9.80700000E-03  1.00400000E-02  1.75600000E-05  2.01500000E-05  1.72100000E-02  1.89200000E-02  0.00000000E+00  0.00000000E+00  0.00000000E+00  0.00000000E+00  0.00000000E+00  0.00000000E+00  0.00000000E+00  0.00000000E+00  0.00000000E+00  0.00000000E+00
-1.13380272E+01  2.72600000E-02  2.79400000E-02  8.33900000E-03  7.79700000E-03  1.51900000E-05  1.50700000E-05  1.37100000E-02  1.47000000E-02  0.00000000E+00  0.00000000E+00  0.00000000E+00  0.00000000E+00  0.00000000E+00  0.00000000E+00  0.00000000E+00  0.00000000E+00  0.00000000E+00  0.00000000E+00
-1.13200272E+01  2.49200000E-02  2.13400000E-02  8.54100000E-03  6.42300000E-03  1.68600000E-05  1.25500000E-05  1.21700000E-02  1.11400000E-02  0.00000000E+00  0.00000000E+00  0.00000000E+00  0.00000000E+00  0.00000000E+00  0.00000000E+00  0.00000000E+00  0.00000000E+00  0.00000000E+00  0.00000000E+00
-1.13030272E+01  2.79300000E-02  2.05300000E-02  1.08900000E-02  7.08100000E-03  2.28800000E-05  1.46100000E-05  1.31600000E-02  1.00800000E-02  0.00000000E+00  0.00000000E+00  0.00000000E+00  0.00000000E+00  0.00000000E+00  0.00000000E+00  0.00000000E+00  0.00000000E+00  0.00000000E+00  0.00000000E+00
-1.12850272E+01  3.33600000E-02  2.51500000E-02  1.46300000E-02  9.91400000E-03  3.08900000E-05  2.11800000E-05  1.54600000E-02  1.16800000E-02  0.00000000E+00  0.00000000E+00  0.00000000E+00  0.00000000E+00  0.00000000E+00  0.00000000E+00  0.00000000E+00  0.00000000E+00  0.00000000E+00  0.00000000E+00
-1.12680272E+01  3.68300000E-02  3.18800000E-02  1.81900000E-02  1.40800000E-02  3.68100000E-05  2.99400000E-05  1.72000000E-02  1.46500000E-02  0.00000000E+00  0.00000000E+00  0.00000000E+00  0.00000000E+00  0.00000000E+00  0.00000000E+00  0.00000000E+00  0.00000000E+00  0.00000000E+00  0.00000000E+00
-1.12500272E+01  3.56800000E-02  3.63900000E-02  1.99800000E-02  1.80000000E-02  3.76900000E-05  3.68300000E-05  1.75500000E-02  1.71700000E-02  0.00000000E+00  0.00000000E+00  0.00000000E+00  0.00000000E+00  0.00000000E+00  0.00000000E+00  0.00000000E+00  0.00000000E+00  0.00000000E+00  0.00000000E+00
-1.12330272E+01  3.09600000E-02  3.60000000E-02  1.94600000E-02  2.00800000E-02  3.46300000E-05  3.84900000E-05  1.77200000E-02  1.81500000E-02  0.00000000E+00  0.00000000E+00  0.00000000E+00  0.00000000E+00  0.00000000E+00  0.00000000E+00  0.00000000E+00  0.00000000E+00  0.00000000E+00  0.00000000E+00
-1.12160272E+01  2.63800000E-02  3.17100000E-02  1.76200000E-02  1.97100000E-02  3.21900000E-05  3.54300000E-05  2.01100000E-02  1.84800000E-02  0.00000000E+00  0.00000000E+00  0.00000000E+00  0.00000000E+00  0.00000000E+00  0.00000000E+00  0.00000000E+00  0.00000000E+00  0.00000000E+00  0.00000000E+00
-1.11980272E+01  2.47700000E-02  2.72200000E-02  1.60800000E-02  1.78600000E-02  3.41000000E-05  3.20900000E-05  2.57000000E-02  2.04000000E-02  0.00000000E+00  0.00000000E+00  0.00000000E+00  0.00000000E+00  0.00000000E+00  0.00000000E+00  0.00000000E+00  0.00000000E+00  0.00000000E+00  0.00000000E+00
-1.11810272E+01  2.55500000E-02  2.55100000E-02  1.53900000E-02  1.62100000E-02  3.93500000E-05  3.26500000E-05  3.23500000E-02  2.51500000E-02  0.00000000E+00  0.00000000E+00  0.00000000E+00  0.00000000E+00  0.00000000E+00  0.00000000E+00  0.00000000E+00  0.00000000E+00  0.00000000E+00  0.00000000E+00
-1.11630272E+01  2.56900000E-02  2.61400000E-02  1.45400000E-02  1.54600000E-02  4.28200000E-05  3.68900000E-05  3.58700000E-02  3.09400000E-02  0.00000000E+00  0.00000000E+00  0.00000000E+00  0.00000000E+00  0.00000000E+00  0.00000000E+00  0.00000000E+00  0.00000000E+00  0.00000000E+00  0.00000000E+00
-1.11460272E+01  2.27500000E-02  2.62000000E-02  1.23100000E-02  1.46700000E-02  3.99500000E-05  4.02800000E-05  3.34000000E-02  3.40600000E-02  0.00000000E+00  0.00000000E+00  0.00000000E+00  0.00000000E+00  0.00000000E+00  0.00000000E+00  0.00000000E+00  0.00000000E+00  0.00000000E+00  0.00000000E+00
-1.11280272E+01  1.69400000E-02  2.34400000E-02  8.75700000E-03  1.25500000E-02  3.08000000E-05  3.84400000E-05  2.57100000E-02  3.20400000E-02  0.00000000E+00  0.00000000E+00  0.00000000E+00  0.00000000E+00  0.00000000E+00  0.00000000E+00  0.00000000E+00  0.00000000E+00  0.00000000E+00  0.00000000E+00
-1.11110272E+01  1.04500000E-02  1.81000000E-02  5.11700000E-03  9.07200000E-03  1.94700000E-05  3.10200000E-05  1.63500000E-02  2.56400000E-02  0.00000000E+00  0.00000000E+00  0.00000000E+00  0.00000000E+00  0.00000000E+00  0.00000000E+00  0.00000000E+00  0.00000000E+00  0.00000000E+00  0.00000000E+00
-1.10930272E+01  5.33600000E-03  1.20600000E-02  2.56300000E-03  5.42800000E-03  1.04000000E-05  2.12600000E-05  8.87400000E-03  1.77400000E-02  0.00000000E+00  0.00000000E+00  0.00000000E+00  0.00000000E+00  0.00000000E+00  0.00000000E+00  0.00000000E+00  0.00000000E+00  0.00000000E+00  0.00000000E+00
-1.10760272E+01  2.39300000E-03  7.04600000E-03  1.54900000E-03  2.86700000E-03  5.69000000E-06  1.29000000E-05  5.06500000E-03  1.11200000E-02  0.00000000E+00  0.00000000E+00  0.00000000E+00  0.00000000E+00  0.00000000E+00  0.00000000E+00  0.00000000E+00  0.00000000E+00  0.00000000E+00  0.00000000E+00
-1.10580273E+01  1.32100000E-03  3.78700000E-03  2.09200000E-03  1.96300000E-03  5.22400000E-06  8.05200000E-06  5.05500000E-03  7.42200000E-03  0.00000000E+00  0.00000000E+00  0.00000000E+00  0.00000000E+00  0.00000000E+00  0.00000000E+00  0.00000000E+00  0.00000000E+00  0.00000000E+00  0.00000000E+00
-1.10410272E+01  1.52800000E-03  2.29500000E-03  4.19700000E-03  2.84700000E-03  7.77400000E-06  7.16300000E-06  8.15500000E-03  7.32600000E-03  0.00000000E+00  0.00000000E+00  0.00000000E+00  0.00000000E+00  0.00000000E+00  0.00000000E+00  0.00000000E+00  0.00000000E+00  0.00000000E+00  0.00000000E+00
-1.10230273E+01  2.52700000E-03  2.26300000E-03  7.71500000E-03  5.51400000E-03  1.15300000E-05  9.37800000E-06  1.31100000E-02  1.05300000E-02  0.00000000E+00  0.00000000E+00  0.00000000E+00  0.00000000E+00  0.00000000E+00  0.00000000E+00  0.00000000E+00  0.00000000E+00  0.00000000E+00  0.00000000E+00
-1.10060272E+01  3.89800000E-03  3.20300000E-03  1.18800000E-02  9.53300000E-03  1.45200000E-05  1.28000000E-05  1.81500000E-02  1.55600000E-02  0.00000000E+00  0.00000000E+00  0.00000000E+00  0.00000000E+00  0.00000000E+00  0.00000000E+00  0.00000000E+00  0.00000000E+00  0.00000000E+00  0.00000000E+00
-1.09880273E+01  5.30600000E-03  4.53000000E-03  1.53600000E-02  1.36600000E-02  1.56900000E-05  1.52700000E-05  2.18600000E-02  2.01900000E-02  0.00000000E+00  0.00000000E+00  0.00000000E+00  0.00000000E+00  0.00000000E+00  0.00000000E+00  0.00000000E+00  0.00000000E+00  0.00000000E+00  0.00000000E+00
-1.09710272E+01  6.88500000E-03  5.88500000E-03  1.73500000E-02  1.63900000E-02  1.61000000E-05  1.59300000E-05  2.44900000E-02  2.30300000E-02  0.00000000E+00  0.00000000E+00  0.00000000E+00  0.00000000E+00  0.00000000E+00  0.00000000E+00  0.00000000E+00  0.00000000E+00  0.00000000E+00  0.00000000E+00
-1.09530272E+01  9.60200000E-03  7.69800000E-03  1.87000000E-02  1.74300000E-02  1.86900000E-05  1.63700000E-05  2.80300000E-02  2.50400000E-02  0.00000000E+00  0.00000000E+00  0.00000000E+00  0.00000000E+00  0.00000000E+00  0.00000000E+00  0.00000000E+00  0.00000000E+00  0.00000000E+00  0.00000000E+00
-1.09360272E+01  1.47500000E-02  1.12600000E-02  2.15000000E-02  1.83900000E-02  2.63700000E-05  1.98400000E-05  3.40400000E-02  2.86900000E-02  0.00000000E+00  0.00000000E+00  0.00000000E+00  0.00000000E+00  0.00000000E+00  0.00000000E+00  0.00000000E+00  0.00000000E+00  0.00000000E+00  0.00000000E+00
-1.09180272E+01  2.24300000E-02  1.76300000E-02  2.73300000E-02  2.14700000E-02  3.97300000E-05  2.86700000E-05  4.14300000E-02  3.50800000E-02  0.00000000E+00  0.00000000E+00  0.00000000E+00  0.00000000E+00  0.00000000E+00  0.00000000E+00  0.00000000E+00  0.00000000E+00  0.00000000E+00  0.00000000E+00
-1.09010273E+01  3.03500000E-02  2.58800000E-02  3.57900000E-02  2.73500000E-02  5.62400000E-05  4.18500000E-05  4.69100000E-02  4.19900000E-02  0.00000000E+00  0.00000000E+00  0.00000000E+00  0.00000000E+00  0.00000000E+00  0.00000000E+00  0.00000000E+00  0.00000000E+00  0.00000000E+00  0.00000000E+00
-1.08830272E+01  3.46900000E-02  3.26700000E-02  4.45100000E-02  3.45900000E-02  7.13400000E-05  5.52800000E-05  4.78000000E-02  4.57200000E-02  0.00000000E+00  0.00000000E+00  0.00000000E+00  0.00000000E+00  0.00000000E+00  0.00000000E+00  0.00000000E+00  0.00000000E+00  0.00000000E+00  0.00000000E+00
-1.08660273E+01  3.29000000E-02  3.42700000E-02  4.99400000E-02  4.07100000E-02  8.02000000E-05  6.47200000E-05  4.37000000E-02  4.44400000E-02  0.00000000E+00  0.00000000E+00  0.00000000E+00  0.00000000E+00  0.00000000E+00  0.00000000E+00  0.00000000E+00  0.00000000E+00  0.00000000E+00  0.00000000E+00
-1.08480272E+01  2.58500000E-02  2.96900000E-02  4.90300000E-02  4.36500000E-02  7.92000000E-05  6.85400000E-05  3.59200000E-02  3.91900000E-02  0.00000000E+00  0.00000000E+00  0.00000000E+00  0.00000000E+00  0.00000000E+00  0.00000000E+00  0.00000000E+00  0.00000000E+00  0.00000000E+00  0.00000000E+00
-1.08310272E+01  1.70000000E-02  2.14400000E-02  4.13300000E-02  4.25100000E-02  6.77900000E-05  6.73300000E-05  2.63900000E-02  3.20800000E-02  0.00000000E+00  0.00000000E+00  0.00000000E+00  0.00000000E+00  0.00000000E+00  0.00000000E+00  0.00000000E+00  0.00000000E+00  0.00000000E+00  0.00000000E+00
-1.08130272E+01  9.59700000E-03  1.32700000E-02  2.97000000E-02  3.75600000E-02  4.97200000E-05  6.16100000E-05  1.72500000E-02  2.45700000E-02  0.00000000E+00  0.00000000E+00  0.00000000E+00  0.00000000E+00  0.00000000E+00  0.00000000E+00  0.00000000E+00  0.00000000E+00  0.00000000E+00  0.00000000E+00
-1.07960272E+01  4.90200000E-03  7.48300000E-03  1.84000000E-02  2.99400000E-02  3.12700000E-05  5.14400000E-05  1.01600000E-02  1.74700000E-02  0.00000000E+00  0.00000000E+00  0.00000000E+00  0.00000000E+00  0.00000000E+00  0.00000000E+00  0.00000000E+00  0.00000000E+00  0.00000000E+00  0.00000000E+00
-1.07780272E+01  2.50500000E-03  4.22100000E-03  1.04600000E-02  2.13900000E-02  1.75400000E-05  3.81200000E-05  5.72700000E-03  1.14700000E-02  0.00000000E+00  0.00000000E+00  0.00000000E+00  0.00000000E+00  0.00000000E+00  0.00000000E+00  0.00000000E+00  0.00000000E+00  0.00000000E+00  0.00000000E+00
-1.07610272E+01  1.58200000E-03  2.60100000E-03  6.95200000E-03  1.39000000E-02  1.06000000E-05  2.48800000E-05  3.70400000E-03  7.13100000E-03  0.00000000E+00  0.00000000E+00  0.00000000E+00  0.00000000E+00  0.00000000E+00  0.00000000E+00  0.00000000E+00  0.00000000E+00  0.00000000E+00  0.00000000E+00
-1.07440273E+01  1.69300000E-03  1.89800000E-03  8.20200000E-03  9.26000000E-03  1.07400000E-05  1.53900000E-05  3.86400000E-03  4.76300000E-03  0.00000000E+00  0.00000000E+00  0.00000000E+00  0.00000000E+00  0.00000000E+00  0.00000000E+00  0.00000000E+00  0.00000000E+00  0.00000000E+00  0.00000000E+00
-1.07260272E+01  2.76000000E-03  1.93800000E-03  1.43400000E-02  8.83200000E-03  1.77600000E-05  1.21800000E-05  6.22100000E-03  4.53600000E-03  0.00000000E+00  0.00000000E+00  0.00000000E+00  0.00000000E+00  0.00000000E+00  0.00000000E+00  0.00000000E+00  0.00000000E+00  0.00000000E+00  0.00000000E+00
-1.07090273E+01  4.60900000E-03  2.84600000E-03  2.41000000E-02  1.33600000E-02  3.01700000E-05  1.63500000E-05  1.04200000E-02  6.62600000E-03  0.00000000E+00  0.00000000E+00  0.00000000E+00  0.00000000E+00  0.00000000E+00  0.00000000E+00  0.00000000E+00  0.00000000E+00  0.00000000E+00  0.00000000E+00
-1.06910272E+01  6.66700000E-03  4.57600000E-03  3.38100000E-02  2.20500000E-02  4.39500000E-05  2.71600000E-05  1.52500000E-02  1.07800000E-02  0.00000000E+00  0.00000000E+00  0.00000000E+00  0.00000000E+00  0.00000000E+00  0.00000000E+00  0.00000000E+00  0.00000000E+00  0.00000000E+00  0.00000000E+00
-1.06740272E+01  8.18400000E-03  6.62400000E-03  3.90100000E-02  3.16800000E-02  5.40400000E-05  4.12100000E-05  1.90600000E-02  1.58300000E-02  0.00000000E+00  0.00000000E+00  0.00000000E+00  0.00000000E+00  0.00000000E+00  0.00000000E+00  0.00000000E+00  0.00000000E+00  0.00000000E+00  0.00000000E+00
-1.06560272E+01  8.74300000E-03  8.23100000E-03  3.77900000E-02  3.78200000E-02  5.75500000E-05  5.32000000E-05  2.09300000E-02  2.00600000E-02  0.00000000E+00  0.00000000E+00  0.00000000E+00  0.00000000E+00  0.00000000E+00  0.00000000E+00  0.00000000E+00  0.00000000E+00  0.00000000E+00  0.00000000E+00
-1.06390272E+01  8.47500000E-03  8.91800000E-03  3.18300000E-02  3.79100000E-02  5.52800000E-05  5.90300000E-05  2.12600000E-02  2.23200000E-02  0.00000000E+00  0.00000000E+00  0.00000000E+00  0.00000000E+00  0.00000000E+00  0.00000000E+00  0.00000000E+00  0.00000000E+00  0.00000000E+00  0.00000000E+00
-1.06210272E+01  7.90800000E-03  8.81400000E-03  2.44300000E-02  3.29600000E-02  5.06000000E-05  5.86000000E-05  2.15300000E-02  2.30100000E-02  0.00000000E+00  0.00000000E+00  0.00000000E+00  0.00000000E+00  0.00000000E+00  0.00000000E+00  0.00000000E+00  0.00000000E+00  0.00000000E+00  0.00000000E+00
-1.06040272E+01  7.77000000E-03  8.53600000E-03  1.84900000E-02  2.62600000E-02  4.81900000E-05  5.58000000E-05  2.36400000E-02  2.39100000E-02  0.00000000E+00  0.00000000E+00  0.00000000E+00  0.00000000E+00  0.00000000E+00  0.00000000E+00  0.00000000E+00  0.00000000E+00  0.00000000E+00  0.00000000E+00
-1.05860272E+01  8.80600000E-03  8.82300000E-03  1.62900000E-02  2.10900000E-02  5.23200000E-05  5.58000000E-05  2.85100000E-02  2.68400000E-02  0.00000000E+00  0.00000000E+00  0.00000000E+00  0.00000000E+00  0.00000000E+00  0.00000000E+00  0.00000000E+00  0.00000000E+00  0.00000000E+00  0.00000000E+00
-1.05690272E+01  1.15700000E-02  1.02400000E-02  1.95700000E-02  1.98600000E-02  6.41000000E-05  6.18300000E-05  3.50700000E-02  3.19500000E-02  0.00000000E+00  0.00000000E+00  0.00000000E+00  0.00000000E+00  0.00000000E+00  0.00000000E+00  0.00000000E+00  0.00000000E+00  0.00000000E+00  0.00000000E+00
-1.05510272E+01  1.63600000E-02  1.31100000E-02  2.86100000E-02  2.39200000E-02  8.00400000E-05  7.29200000E-05  4.10000000E-02  3.74300000E-02  0.00000000E+00  0.00000000E+00  0.00000000E+00  0.00000000E+00  0.00000000E+00  0.00000000E+00  0.00000000E+00  0.00000000E+00  0.00000000E+00  0.00000000E+00
-1.05340272E+01  2.30500000E-02  1.76400000E-02  4.14700000E-02  3.29800000E-02  9.41800000E-05  8.45700000E-05  4.45800000E-02  4.10900000E-02  0.00000000E+00  0.00000000E+00  0.00000000E+00  0.00000000E+00  0.00000000E+00  0.00000000E+00  0.00000000E+00  0.00000000E+00  0.00000000E+00  0.00000000E+00
-1.05160272E+01  3.03200000E-02  2.36400000E-02  5.38200000E-02  4.45800000E-02  1.01500000E-04  9.20900000E-05  4.53700000E-02  4.22100000E-02  0.00000000E+00  0.00000000E+00  0.00000000E+00  0.00000000E+00  0.00000000E+00  0.00000000E+00  0.00000000E+00  0.00000000E+00  0.00000000E+00  0.00000000E+00
-1.04990272E+01  3.52500000E-02  2.97700000E-02  6.01400000E-02  5.43900000E-02  9.92500000E-05  9.32800000E-05  4.31300000E-02  4.12700000E-02  0.00000000E+00  0.00000000E+00  0.00000000E+00  0.00000000E+00  0.00000000E+00  0.00000000E+00  0.00000000E+00  0.00000000E+00  0.00000000E+00  0.00000000E+00
-1.04810273E+01  3.48100000E-02  3.33600000E-02  5.66200000E-02  5.76800000E-02  8.68300000E-05  8.79700000E-05  3.75700000E-02  3.84900000E-02  0.00000000E+00  0.00000000E+00  0.00000000E+00  0.00000000E+00  0.00000000E+00  0.00000000E+00  0.00000000E+00  0.00000000E+00  0.00000000E+00  0.00000000E+00
-1.04640272E+01  2.86900000E-02  3.20900000E-02  4.43200000E-02  5.20500000E-02  6.65900000E-05  7.66100000E-05  2.96500000E-02  3.37300000E-02  0.00000000E+00  0.00000000E+00  0.00000000E+00  0.00000000E+00  0.00000000E+00  0.00000000E+00  0.00000000E+00  0.00000000E+00  0.00000000E+00  0.00000000E+00
-1.04460273E+01  2.01100000E-02  2.63000000E-02  2.89200000E-02  3.96300000E-02  4.43300000E-05  6.06700000E-05  2.24700000E-02  2.79200000E-02  0.00000000E+00  0.00000000E+00  0.00000000E+00  0.00000000E+00  0.00000000E+00  0.00000000E+00  0.00000000E+00  0.00000000E+00  0.00000000E+00  0.00000000E+00
-1.04290272E+01  1.33000000E-02  1.91000000E-02  1.66400000E-02  2.59500000E-02  2.66300000E-05  4.35300000E-05  1.94900000E-02  2.35600000E-02  0.00000000E+00  0.00000000E+00  0.00000000E+00  0.00000000E+00  0.00000000E+00  0.00000000E+00  0.00000000E+00  0.00000000E+00  0.00000000E+00  0.00000000E+00
-1.04110273E+01  1.02700000E-02  1.38000000E-02  1.01600000E-02  1.59200000E-02  1.68200000E-05  2.93400000E-05  2.13500000E-02  2.28600000E-02  0.00000000E+00  0.00000000E+00  0.00000000E+00  0.00000000E+00  0.00000000E+00  0.00000000E+00  0.00000000E+00  0.00000000E+00  0.00000000E+00  0.00000000E+00
-1.03940272E+01  1.01700000E-02  1.15600000E-02  8.55300000E-03  1.10200000E-02  1.41000000E-05  2.06000000E-05  2.49700000E-02  2.52600000E-02  0.00000000E+00  0.00000000E+00  0.00000000E+00  0.00000000E+00  0.00000000E+00  0.00000000E+00  0.00000000E+00  0.00000000E+00  0.00000000E+00  0.00000000E+00
-1.03760272E+01  1.12500000E-02  1.13600000E-02  9.98100000E-03  1.01000000E-02  1.63500000E-05  1.74600000E-05  2.62200000E-02  2.74400000E-02  0.00000000E+00  0.00000000E+00  0.00000000E+00  0.00000000E+00  0.00000000E+00  0.00000000E+00  0.00000000E+00  0.00000000E+00  0.00000000E+00  0.00000000E+00
-1.03590272E+01  1.27400000E-02  1.19500000E-02  1.36500000E-02  1.17900000E-02  2.26700000E-05  1.93200000E-05  2.36200000E-02  2.63900000E-02  0.00000000E+00  0.00000000E+00  0.00000000E+00  0.00000000E+00  0.00000000E+00  0.00000000E+00  0.00000000E+00  0.00000000E+00  0.00000000E+00  0.00000000E+00
-1.03410272E+01  1.48100000E-02  1.31300000E-02  1.92400000E-02  1.56200000E-02  3.25800000E-05  2.58500000E-05  1.90900000E-02  2.22200000E-02  0.00000000E+00  0.00000000E+00  0.00000000E+00  0.00000000E+00  0.00000000E+00  0.00000000E+00  0.00000000E+00  0.00000000E+00  0.00000000E+00  0.00000000E+00
-1.03240273E+01  1.73300000E-02  1.51600000E-02  2.52500000E-02  2.09300000E-02  4.35100000E-05  3.56900000E-05  1.51900000E-02  1.74000000E-02  0.00000000E+00  0.00000000E+00  0.00000000E+00  0.00000000E+00  0.00000000E+00  0.00000000E+00  0.00000000E+00  0.00000000E+00  0.00000000E+00  0.00000000E+00
-1.03060272E+01  1.97100000E-02  1.77200000E-02  2.93600000E-02  2.58300000E-02  5.14500000E-05  4.51900000E-05  1.27700000E-02  1.37800000E-02  0.00000000E+00  0.00000000E+00  0.00000000E+00  0.00000000E+00  0.00000000E+00  0.00000000E+00  0.00000000E+00  0.00000000E+00  0.00000000E+00  0.00000000E+00
-1.02890273E+01  2.22300000E-02  2.04000000E-02  3.10400000E-02  2.85000000E-02  5.54400000E-05  5.08500000E-05  1.16800000E-02  1.16600000E-02  0.00000000E+00  0.00000000E+00  0.00000000E+00  0.00000000E+00  0.00000000E+00  0.00000000E+00  0.00000000E+00  0.00000000E+00  0.00000000E+00  0.00000000E+00
-1.02720272E+01  2.61500000E-02  2.37300000E-02  3.25600000E-02  2.94700000E-02  5.94400000E-05  5.35500000E-05  1.20500000E-02  1.09500000E-02  0.00000000E+00  0.00000000E+00  0.00000000E+00  0.00000000E+00  0.00000000E+00  0.00000000E+00  0.00000000E+00  0.00000000E+00  0.00000000E+00  0.00000000E+00
-1.02540273E+01  3.14900000E-02  2.84100000E-02  3.60900000E-02  3.13100000E-02  6.72100000E-05  5.78700000E-05  1.41300000E-02  1.19500000E-02  0.00000000E+00  0.00000000E+00  0.00000000E+00  0.00000000E+00  0.00000000E+00  0.00000000E+00  0.00000000E+00  0.00000000E+00  0.00000000E+00  0.00000000E+00
-1.02370272E+01  3.57300000E-02  3.32400000E-02  4.04900000E-02  3.53200000E-02  7.65700000E-05  6.61400000E-05  1.71300000E-02  1.44800000E-02  0.00000000E+00  0.00000000E+00  0.00000000E+00  0.00000000E+00  0.00000000E+00  0.00000000E+00  0.00000000E+00  0.00000000E+00  0.00000000E+00  0.00000000E+00
-1.02190272E+01  3.61300000E-02  3.53200000E-02  4.23200000E-02  3.95500000E-02  8.11600000E-05  7.46000000E-05  1.96200000E-02  1.73200000E-02  0.00000000E+00  0.00000000E+00  0.00000000E+00  0.00000000E+00  0.00000000E+00  0.00000000E+00  0.00000000E+00  0.00000000E+00  0.00000000E+00  0.00000000E+00
-1.02020272E+01  3.27800000E-02  3.32100000E-02  3.97100000E-02  4.07300000E-02  7.77700000E-05  7.72100000E-05  2.09600000E-02  1.91000000E-02  0.00000000E+00  0.00000000E+00  0.00000000E+00  0.00000000E+00  0.00000000E+00  0.00000000E+00  0.00000000E+00  0.00000000E+00  0.00000000E+00  0.00000000E+00
-1.01840272E+01  2.80800000E-02  2.87100000E-02  3.37800000E-02  3.76800000E-02  6.90700000E-05  7.24300000E-05  2.14700000E-02  1.97200000E-02  0.00000000E+00  0.00000000E+00  0.00000000E+00  0.00000000E+00  0.00000000E+00  0.00000000E+00  0.00000000E+00  0.00000000E+00  0.00000000E+00  0.00000000E+00
-1.01670273E+01  2.36400000E-02  2.46200000E-02  2.66600000E-02  3.19400000E-02  5.88300000E-05  6.39500000E-05  2.12100000E-02  1.99800000E-02  0.00000000E+00  0.00000000E+00  0.00000000E+00  0.00000000E+00  0.00000000E+00  0.00000000E+00  0.00000000E+00  0.00000000E+00  0.00000000E+00  0.00000000E+00
-1.01490272E+01  1.91200000E-02  2.16800000E-02  1.95400000E-02  2.54500000E-02  4.77200000E-05  5.52800000E-05  1.93100000E-02  1.99800000E-02  0.00000000E+00  0.00000000E+00  0.00000000E+00  0.00000000E+00  0.00000000E+00  0.00000000E+00  0.00000000E+00  0.00000000E+00  0.00000000E+00  0.00000000E+00
-1.01320273E+01  1.40500000E-02  1.84900000E-02  1.29500000E-02  1.90000000E-02  3.51200000E-05  4.61200000E-05  1.53500000E-02  1.86300000E-02  0.00000000E+00  0.00000000E+00  0.00000000E+00  0.00000000E+00  0.00000000E+00  0.00000000E+00  0.00000000E+00  0.00000000E+00  0.00000000E+00  0.00000000E+00
-1.01140272E+01  9.43100000E-03  1.41800000E-02  7.74800000E-03  1.28800000E-02  2.27000000E-05  3.51100000E-05  1.07000000E-02  1.52700000E-02  0.00000000E+00  0.00000000E+00  0.00000000E+00  0.00000000E+00  0.00000000E+00  0.00000000E+00  0.00000000E+00  0.00000000E+00  0.00000000E+00  0.00000000E+00
-1.00970273E+01  7.12300000E-03  9.81100000E-03  4.93100000E-03  7.87800000E-03  1.39500000E-05  2.36900000E-05  7.80900000E-03  1.10800000E-02  0.00000000E+00  0.00000000E+00  0.00000000E+00  0.00000000E+00  0.00000000E+00  0.00000000E+00  0.00000000E+00  0.00000000E+00  0.00000000E+00  0.00000000E+00
-1.00790272E+01  8.22700000E-03  7.45500000E-03  4.91500000E-03  5.05300000E-03  1.12600000E-05  1.55700000E-05  8.55800000E-03  8.51500000E-03  0.00000000E+00  0.00000000E+00  0.00000000E+00  0.00000000E+00  0.00000000E+00  0.00000000E+00  0.00000000E+00  0.00000000E+00  0.00000000E+00  0.00000000E+00
-1.00620272E+01  1.20900000E-02  8.41500000E-03  7.23800000E-03  4.92100000E-03  1.43200000E-05  1.32600000E-05  1.31300000E-02  9.41700000E-03  0.00000000E+00  0.00000000E+00  0.00000000E+00  0.00000000E+00  0.00000000E+00  0.00000000E+00  0.00000000E+00  0.00000000E+00  0.00000000E+00  0.00000000E+00
-1.00440272E+01  1.63700000E-02  1.21500000E-02  1.06600000E-02  7.10600000E-03  2.08200000E-05  1.61500000E-05  1.98100000E-02  1.37900000E-02  0.00000000E+00  0.00000000E+00  0.00000000E+00  0.00000000E+00  0.00000000E+00  0.00000000E+00  0.00000000E+00  0.00000000E+00  0.00000000E+00  0.00000000E+00
-1.00270272E+01  1.84400000E-02  1.63900000E-02  1.36300000E-02  1.04400000E-02  2.81700000E-05  2.14300000E-05  2.58200000E-02  1.98400000E-02  0.00000000E+00  0.00000000E+00  0.00000000E+00  0.00000000E+00  0.00000000E+00  0.00000000E+00  0.00000000E+00  0.00000000E+00  0.00000000E+00  0.00000000E+00
-1.00090272E+01  1.73100000E-02  1.85300000E-02  1.50500000E-02  1.33800000E-02  3.48000000E-05  2.64100000E-05  2.88200000E-02  2.49900000E-02  0.00000000E+00  0.00000000E+00  0.00000000E+00  0.00000000E+00  0.00000000E+00  0.00000000E+00  0.00000000E+00  0.00000000E+00  0.00000000E+00  0.00000000E+00
-9.99202725E+00  1.41300000E-02  1.74900000E-02  1.47800000E-02  1.47100000E-02  3.99100000E-05  3.01600000E-05  2.81900000E-02  2.73100000E-02  0.00000000E+00  0.00000000E+00  0.00000000E+00  0.00000000E+00  0.00000000E+00  0.00000000E+00  0.00000000E+00  0.00000000E+00  0.00000000E+00  0.00000000E+00
-9.97402725E+00  1.08200000E-02  1.43300000E-02  1.34100000E-02  1.41600000E-02  4.21100000E-05  3.30100000E-05  2.47700000E-02  2.63400000E-02  0.00000000E+00  0.00000000E+00  0.00000000E+00  0.00000000E+00  0.00000000E+00  0.00000000E+00  0.00000000E+00  0.00000000E+00  0.00000000E+00  0.00000000E+00
-9.95702725E+00  8.70400000E-03  1.09800000E-02  1.19900000E-02  1.23500000E-02  4.01600000E-05  3.48000000E-05  2.02500000E-02  2.29800000E-02  0.00000000E+00  0.00000000E+00  0.00000000E+00  0.00000000E+00  0.00000000E+00  0.00000000E+00  0.00000000E+00  0.00000000E+00  0.00000000E+00  0.00000000E+00
-9.93902725E+00  8.60600000E-03  8.78100000E-03  1.20000000E-02  1.04600000E-02  3.56300000E-05  3.45600000E-05  1.68800000E-02  1.88600000E-02  0.00000000E+00  0.00000000E+00  0.00000000E+00  0.00000000E+00  0.00000000E+00  0.00000000E+00  0.00000000E+00  0.00000000E+00  0.00000000E+00  0.00000000E+00
-9.92202725E+00  1.10600000E-02  8.41800000E-03  1.49100000E-02  1.00100000E-02  3.33800000E-05  3.27900000E-05  1.70200000E-02  1.61100000E-02  0.00000000E+00  0.00000000E+00  0.00000000E+00  0.00000000E+00  0.00000000E+00  0.00000000E+00  0.00000000E+00  0.00000000E+00  0.00000000E+00  0.00000000E+00
-9.90402725E+00  1.56100000E-02  1.05200000E-02  2.08300000E-02  1.26800000E-02  3.75900000E-05  3.30600000E-05  2.14700000E-02  1.69500000E-02  0.00000000E+00  0.00000000E+00  0.00000000E+00  0.00000000E+00  0.00000000E+00  0.00000000E+00  0.00000000E+00  0.00000000E+00  0.00000000E+00  0.00000000E+00
-9.88702725E+00  2.01800000E-02  1.51500000E-02  2.77300000E-02  1.93300000E-02  4.74000000E-05  3.96500000E-05  2.80500000E-02  2.24200000E-02  0.00000000E+00  0.00000000E+00  0.00000000E+00  0.00000000E+00  0.00000000E+00  0.00000000E+00  0.00000000E+00  0.00000000E+00  0.00000000E+00  0.00000000E+00
-9.86902725E+00  2.22700000E-02  2.06700000E-02  3.27500000E-02  2.85500000E-02  5.73500000E-05  5.24100000E-05  3.26500000E-02  3.05200000E-02  0.00000000E+00  0.00000000E+00  0.00000000E+00  0.00000000E+00  0.00000000E+00  0.00000000E+00  0.00000000E+00  0.00000000E+00  0.00000000E+00  0.00000000E+00
-9.85202725E+00  2.12700000E-02  2.41700000E-02  3.44900000E-02  3.66400000E-02  6.20300000E-05  6.52100000E-05  3.26000000E-02  3.66100000E-02  0.00000000E+00  0.00000000E+00  0.00000000E+00  0.00000000E+00  0.00000000E+00  0.00000000E+00  0.00000000E+00  0.00000000E+00  0.00000000E+00  0.00000000E+00
-9.83402725E+00  1.89800000E-02  2.39600000E-02  3.36900000E-02  4.01400000E-02  5.99100000E-05  7.06900000E-05  2.89200000E-02  3.70100000E-02  0.00000000E+00  0.00000000E+00  0.00000000E+00  0.00000000E+00  0.00000000E+00  0.00000000E+00  0.00000000E+00  0.00000000E+00  0.00000000E+00  0.00000000E+00
-9.81702725E+00  1.76100000E-02  2.12800000E-02  3.15900000E-02  3.84700000E-02  5.29100000E-05  6.65900000E-05  2.46600000E-02  3.23500000E-02  0.00000000E+00  0.00000000E+00  0.00000000E+00  0.00000000E+00  0.00000000E+00  0.00000000E+00  0.00000000E+00  0.00000000E+00  0.00000000E+00  0.00000000E+00
-9.80002725E+00  1.78100000E-02  1.87800000E-02  2.85700000E-02  3.35800000E-02  4.38200000E-05  5.62700000E-05  2.17300000E-02  2.62900000E-02  0.00000000E+00  0.00000000E+00  0.00000000E+00  0.00000000E+00  0.00000000E+00  0.00000000E+00  0.00000000E+00  0.00000000E+00  0.00000000E+00  0.00000000E+00
-9.78202725E+00  1.89700000E-02  1.80000000E-02  2.47700000E-02  2.77200000E-02  3.54700000E-05  4.46200000E-05  2.01600000E-02  2.17300000E-02  0.00000000E+00  0.00000000E+00  0.00000000E+00  0.00000000E+00  0.00000000E+00  0.00000000E+00  0.00000000E+00  0.00000000E+00  0.00000000E+00  0.00000000E+00
-9.76502725E+00  2.05900000E-02  1.88000000E-02  2.11400000E-02  2.23600000E-02  3.08600000E-05  3.52300000E-05  1.98300000E-02  1.93400000E-02  0.00000000E+00  0.00000000E+00  0.00000000E+00  0.00000000E+00  0.00000000E+00  0.00000000E+00  0.00000000E+00  0.00000000E+00  0.00000000E+00  0.00000000E+00
-9.74702725E+00  2.24600000E-02  2.05200000E-02  1.89500000E-02  1.87400000E-02  3.20000000E-05  3.06200000E-05  2.11400000E-02  1.90900000E-02  0.00000000E+00  0.00000000E+00  0.00000000E+00  0.00000000E+00  0.00000000E+00  0.00000000E+00  0.00000000E+00  0.00000000E+00  0.00000000E+00  0.00000000E+00
-9.73002725E+00  2.40500000E-02  2.25900000E-02  1.84200000E-02  1.77000000E-02  3.79400000E-05  3.20400000E-05  2.39100000E-02  2.11100000E-02  0.00000000E+00  0.00000000E+00  0.00000000E+00  0.00000000E+00  0.00000000E+00  0.00000000E+00  0.00000000E+00  0.00000000E+00  0.00000000E+00  0.00000000E+00
-9.71202725E+00  2.48300000E-02  2.43300000E-02  1.87700000E-02  1.87500000E-02  4.50600000E-05  3.78900000E-05  2.68000000E-02  2.46300000E-02  0.00000000E+00  0.00000000E+00  0.00000000E+00  0.00000000E+00  0.00000000E+00  0.00000000E+00  0.00000000E+00  0.00000000E+00  0.00000000E+00  0.00000000E+00
-9.69502725E+00  2.50100000E-02  2.52100000E-02  1.94200000E-02  2.02000000E-02  5.02500000E-05  4.38600000E-05  2.84700000E-02  2.76600000E-02  0.00000000E+00  0.00000000E+00  0.00000000E+00  0.00000000E+00  0.00000000E+00  0.00000000E+00  0.00000000E+00  0.00000000E+00  0.00000000E+00  0.00000000E+00
-9.67702725E+00  2.52400000E-02  2.52500000E-02  2.04900000E-02  2.07000000E-02  5.37300000E-05  4.63300000E-05  2.89800000E-02  2.86300000E-02  0.00000000E+00  0.00000000E+00  0.00000000E+00  0.00000000E+00  0.00000000E+00  0.00000000E+00  0.00000000E+00  0.00000000E+00  0.00000000E+00  0.00000000E+00
-9.66002725E+00  2.54800000E-02  2.47100000E-02  2.20900000E-02  2.02400000E-02  5.78900000E-05  4.59600000E-05  2.94400000E-02  2.78700000E-02  0.00000000E+00  0.00000000E+00  0.00000000E+00  0.00000000E+00  0.00000000E+00  0.00000000E+00  0.00000000E+00  0.00000000E+00  0.00000000E+00  0.00000000E+00
-9.64202725E+00  2.47900000E-02  2.35600000E-02  2.37600000E-02  1.97800000E-02  6.34500000E-05  4.72000000E-05  3.06000000E-02  2.71800000E-02  0.00000000E+00  0.00000000E+00  0.00000000E+00  0.00000000E+00  0.00000000E+00  0.00000000E+00  0.00000000E+00  0.00000000E+00  0.00000000E+00  0.00000000E+00
-9.62502725E+00  2.27100000E-02  2.17800000E-02  2.51000000E-02  2.03300000E-02  6.83400000E-05  5.36800000E-05  3.22700000E-02  2.80800000E-02  0.00000000E+00  0.00000000E+00  0.00000000E+00  0.00000000E+00  0.00000000E+00  0.00000000E+00  0.00000000E+00  0.00000000E+00  0.00000000E+00  0.00000000E+00
-9.60702725E+00  2.02700000E-02  1.99500000E-02  2.66700000E-02  2.23300000E-02  7.08500000E-05  6.40600000E-05  3.38700000E-02  3.04800000E-02  0.00000000E+00  0.00000000E+00  0.00000000E+00  0.00000000E+00  0.00000000E+00  0.00000000E+00  0.00000000E+00  0.00000000E+00  0.00000000E+00  0.00000000E+00
-9.59002725E+00  1.91700000E-02  1.89700000E-02  2.98100000E-02  2.57300000E-02  7.28100000E-05  7.29700000E-05  3.53800000E-02  3.28400000E-02  0.00000000E+00  0.00000000E+00  0.00000000E+00  0.00000000E+00  0.00000000E+00  0.00000000E+00  0.00000000E+00  0.00000000E+00  0.00000000E+00  0.00000000E+00
-9.57202725E+00  2.03200000E-02  1.94400000E-02  3.54300000E-02  3.02100000E-02  7.86100000E-05  7.70100000E-05  3.74100000E-02  3.39100000E-02  0.00000000E+00  0.00000000E+00  0.00000000E+00  0.00000000E+00  0.00000000E+00  0.00000000E+00  0.00000000E+00  0.00000000E+00  0.00000000E+00  0.00000000E+00
-9.55502725E+00  2.34400000E-02  2.14100000E-02  4.31000000E-02  3.56400000E-02  9.07300000E-05  7.90600000E-05  4.03700000E-02  3.40800000E-02  0.00000000E+00  0.00000000E+00  0.00000000E+00  0.00000000E+00  0.00000000E+00  0.00000000E+00  0.00000000E+00  0.00000000E+00  0.00000000E+00  0.00000000E+00
-9.53702725E+00  2.77400000E-02  2.46600000E-02  5.11600000E-02  4.21100000E-02  1.06000000E-04  8.53700000E-05  4.33200000E-02  3.50400000E-02  0.00000000E+00  0.00000000E+00  0.00000000E+00  0.00000000E+00  0.00000000E+00  0.00000000E+00  0.00000000E+00  0.00000000E+00  0.00000000E+00  0.00000000E+00
-9.52002725E+00  3.24300000E-02  2.87900000E-02  5.75600000E-02  4.94600000E-02  1.17000000E-04  9.83900000E-05  4.42200000E-02  3.77500000E-02  0.00000000E+00  0.00000000E+00  0.00000000E+00  0.00000000E+00  0.00000000E+00  0.00000000E+00  0.00000000E+00  0.00000000E+00  0.00000000E+00  0.00000000E+00
-9.50202725E+00  3.63200000E-02  3.30400000E-02  6.04300000E-02  5.66500000E-02  1.17300000E-04  1.13200000E-04  4.16300000E-02  4.11700000E-02  0.00000000E+00  0.00000000E+00  0.00000000E+00  0.00000000E+00  0.00000000E+00  0.00000000E+00  0.00000000E+00  0.00000000E+00  0.00000000E+00  0.00000000E+00
-9.48502725E+00  3.72500000E-02  3.60600000E-02  5.79700000E-02  6.13200000E-02  1.04800000E-04  1.20800000E-04  3.56000000E-02  4.27100000E-02  0.00000000E+00  0.00000000E+00  0.00000000E+00  0.00000000E+00  0.00000000E+00  0.00000000E+00  0.00000000E+00  0.00000000E+00  0.00000000E+00  0.00000000E+00
-9.46702725E+00  3.32600000E-02  3.60300000E-02  4.91000000E-02  6.05200000E-02  8.20400000E-05  1.14700000E-04  2.72500000E-02  4.01000000E-02  0.00000000E+00  0.00000000E+00  0.00000000E+00  0.00000000E+00  0.00000000E+00  0.00000000E+00  0.00000000E+00  0.00000000E+00  0.00000000E+00  0.00000000E+00
-9.45002725E+00  2.48200000E-02  3.18400000E-02  3.54200000E-02  5.27200000E-02  5.51800000E-05  9.53700000E-05  1.82500000E-02  3.30600000E-02  0.00000000E+00  0.00000000E+00  0.00000000E+00  0.00000000E+00  0.00000000E+00  0.00000000E+00  0.00000000E+00  0.00000000E+00  0.00000000E+00  0.00000000E+00
-9.43202725E+00  1.51100000E-02  2.43000000E-02  2.11500000E-02  3.95200000E-02  3.15000000E-05  6.90000000E-05  1.05100000E-02  2.35300000E-02  0.00000000E+00  0.00000000E+00  0.00000000E+00  0.00000000E+00  0.00000000E+00  0.00000000E+00  0.00000000E+00  0.00000000E+00  0.00000000E+00  0.00000000E+00
-9.41502725E+00  7.48300000E-03  1.58300000E-02  1.03400000E-02  2.51100000E-02  1.61700000E-05  4.35300000E-05  5.47200000E-03  1.44200000E-02  0.00000000E+00  0.00000000E+00  0.00000000E+00  0.00000000E+00  0.00000000E+00  0.00000000E+00  0.00000000E+00  0.00000000E+00  0.00000000E+00  0.00000000E+00
-9.39702725E+00  3.25400000E-03  8.85400000E-03  4.30400000E-03  1.34800000E-02  1.03800000E-05  2.50500000E-05  3.56700000E-03  7.99700000E-03  0.00000000E+00  0.00000000E+00  0.00000000E+00  0.00000000E+00  0.00000000E+00  0.00000000E+00  0.00000000E+00  0.00000000E+00  0.00000000E+00  0.00000000E+00
-9.38002725E+00  1.99200000E-03  4.59600000E-03  1.99800000E-03  6.34800000E-03  1.23300000E-05  1.62000000E-05  4.35400000E-03  5.15300000E-03  0.00000000E+00  0.00000000E+00  0.00000000E+00  0.00000000E+00  0.00000000E+00  0.00000000E+00  0.00000000E+00  0.00000000E+00  0.00000000E+00  0.00000000E+00
-9.36302725E+00  2.88900000E-03  3.14200000E-03  1.82200000E-03  3.16700000E-03  1.90100000E-05  1.62600000E-05  7.03600000E-03  5.55200000E-03  0.00000000E+00  0.00000000E+00  0.00000000E+00  0.00000000E+00  0.00000000E+00  0.00000000E+00  0.00000000E+00  0.00000000E+00  0.00000000E+00  0.00000000E+00
-9.34502725E+00  5.42900000E-03  4.08800000E-03  2.82200000E-03  2.52800000E-03  2.72700000E-05  2.20900000E-05  1.07500000E-02  8.19400000E-03  0.00000000E+00  0.00000000E+00  0.00000000E+00  0.00000000E+00  0.00000000E+00  0.00000000E+00  0.00000000E+00  0.00000000E+00  0.00000000E+00  0.00000000E+00
-9.32802725E+00  9.19000000E-03  6.86800000E-03  4.86000000E-03  3.32600000E-03  3.51100000E-05  2.96900000E-05  1.48200000E-02  1.18700000E-02  0.00000000E+00  0.00000000E+00  0.00000000E+00  0.00000000E+00  0.00000000E+00  0.00000000E+00  0.00000000E+00  0.00000000E+00  0.00000000E+00  0.00000000E+00
-9.31002725E+00  1.35800000E-02  1.06800000E-02  8.20200000E-03  5.22400000E-03  4.29200000E-05  3.65400000E-05  1.90300000E-02  1.56700000E-02  0.00000000E+00  0.00000000E+00  0.00000000E+00  0.00000000E+00  0.00000000E+00  0.00000000E+00  0.00000000E+00  0.00000000E+00  0.00000000E+00  0.00000000E+00
-9.29302725E+00  1.78700000E-02  1.45700000E-02  1.27800000E-02  8.47100000E-03  5.25300000E-05  4.34000000E-05  2.33700000E-02  1.94700000E-02  0.00000000E+00  0.00000000E+00  0.00000000E+00  0.00000000E+00  0.00000000E+00  0.00000000E+00  0.00000000E+00  0.00000000E+00  0.00000000E+00  0.00000000E+00
-9.27502725E+00  2.12200000E-02  1.77800000E-02  1.75300000E-02  1.31600000E-02  6.36500000E-05  5.28600000E-05  2.73200000E-02  2.36200000E-02  0.00000000E+00  0.00000000E+00  0.00000000E+00  0.00000000E+00  0.00000000E+00  0.00000000E+00  0.00000000E+00  0.00000000E+00  0.00000000E+00  0.00000000E+00
-9.25802725E+00  2.28100000E-02  1.98400000E-02  2.07000000E-02  1.83200000E-02  7.18100000E-05  6.47000000E-05  2.94400000E-02  2.77300000E-02  0.00000000E+00  0.00000000E+00  0.00000000E+00  0.00000000E+00  0.00000000E+00  0.00000000E+00  0.00000000E+00  0.00000000E+00  0.00000000E+00  0.00000000E+00
-9.24002725E+00  2.24800000E-02  2.04900000E-02  2.12800000E-02  2.19700000E-02  7.20400000E-05  7.35700000E-05  2.82000000E-02  2.99900000E-02  0.00000000E+00  0.00000000E+00  0.00000000E+00  0.00000000E+00  0.00000000E+00  0.00000000E+00  0.00000000E+00  0.00000000E+00  0.00000000E+00  0.00000000E+00
-9.22302725E+00  2.13000000E-02  1.99800000E-02  2.01200000E-02  2.26700000E-02  6.46100000E-05  7.36100000E-05  2.35200000E-02  2.84500000E-02  0.00000000E+00  0.00000000E+00  0.00000000E+00  0.00000000E+00  0.00000000E+00  0.00000000E+00  0.00000000E+00  0.00000000E+00  0.00000000E+00  0.00000000E+00
-9.20502725E+00  2.07200000E-02  1.92400000E-02  1.92400000E-02  2.11200000E-02  5.53700000E-05  6.50200000E-05  1.74300000E-02  2.30900000E-02  0.00000000E+00  0.00000000E+00  0.00000000E+00  0.00000000E+00  0.00000000E+00  0.00000000E+00  0.00000000E+00  0.00000000E+00  0.00000000E+00  0.00000000E+00
-9.18802725E+00  2.11300000E-02  1.92200000E-02  2.02600000E-02  1.94800000E-02  5.04000000E-05  5.40700000E-05  1.31300000E-02  1.63600000E-02  0.00000000E+00  0.00000000E+00  0.00000000E+00  0.00000000E+00  0.00000000E+00  0.00000000E+00  0.00000000E+00  0.00000000E+00  0.00000000E+00  0.00000000E+00
-9.17002725E+00  2.18300000E-02  1.99100000E-02  2.37500000E-02  1.95900000E-02  5.21700000E-05  4.70000000E-05  1.32200000E-02  1.15900000E-02  0.00000000E+00  0.00000000E+00  0.00000000E+00  0.00000000E+00  0.00000000E+00  0.00000000E+00  0.00000000E+00  0.00000000E+00  0.00000000E+00  0.00000000E+00
-9.15302725E+00  2.23400000E-02  2.06300000E-02  2.95800000E-02  2.21200000E-02  5.97700000E-05  4.64700000E-05  1.83000000E-02  1.11800000E-02  0.00000000E+00  0.00000000E+00  0.00000000E+00  0.00000000E+00  0.00000000E+00  0.00000000E+00  0.00000000E+00  0.00000000E+00  0.00000000E+00  0.00000000E+00
-9.13502725E+00  2.28500000E-02  2.12100000E-02  3.66900000E-02  2.71500000E-02  6.97400000E-05  5.25500000E-05  2.63100000E-02  1.56300000E-02  0.00000000E+00  0.00000000E+00  0.00000000E+00  0.00000000E+00  0.00000000E+00  0.00000000E+00  0.00000000E+00  0.00000000E+00  0.00000000E+00  0.00000000E+00
-9.11802725E+00  2.31500000E-02  2.20100000E-02  4.24300000E-02  3.40200000E-02  7.63900000E-05  6.33300000E-05  3.33000000E-02  2.32400000E-02  0.00000000E+00  0.00000000E+00  0.00000000E+00  0.00000000E+00  0.00000000E+00  0.00000000E+00  0.00000000E+00  0.00000000E+00  0.00000000E+00  0.00000000E+00
-9.10002725E+00  2.21800000E-02  2.28300000E-02  4.35300000E-02  4.04900000E-02  7.46000000E-05  7.37700000E-05  3.57900000E-02  3.06000000E-02  0.00000000E+00  0.00000000E+00  0.00000000E+00  0.00000000E+00  0.00000000E+00  0.00000000E+00  0.00000000E+00  0.00000000E+00  0.00000000E+00  0.00000000E+00
-9.08302725E+00  1.90900000E-02  2.24900000E-02  3.87100000E-02  4.32600000E-02  6.41800000E-05  7.74100000E-05  3.33900000E-02  3.45400000E-02  0.00000000E+00  0.00000000E+00  0.00000000E+00  0.00000000E+00  0.00000000E+00  0.00000000E+00  0.00000000E+00  0.00000000E+00  0.00000000E+00  0.00000000E+00
-9.06502725E+00  1.46200000E-02  2.00200000E-02  3.03600000E-02  4.04500000E-02  5.10000000E-05  7.14500000E-05  2.88900000E-02  3.42100000E-02  0.00000000E+00  0.00000000E+00  0.00000000E+00  0.00000000E+00  0.00000000E+00  0.00000000E+00  0.00000000E+00  0.00000000E+00  0.00000000E+00  0.00000000E+00
-9.04802725E+00  1.08100000E-02  1.59300000E-02  2.31900000E-02  3.35900000E-02  4.32800000E-05  6.00400000E-05  2.58400000E-02  3.15000000E-02  0.00000000E+00  0.00000000E+00  0.00000000E+00  0.00000000E+00  0.00000000E+00  0.00000000E+00  0.00000000E+00  0.00000000E+00  0.00000000E+00  0.00000000E+00
-9.03002725E+00  9.48000000E-03  1.21500000E-02  2.08300000E-02  2.68300000E-02  4.61800000E-05  5.16400000E-05  2.59700000E-02  2.94000000E-02  0.00000000E+00  0.00000000E+00  0.00000000E+00  0.00000000E+00  0.00000000E+00  0.00000000E+00  0.00000000E+00  0.00000000E+00  0.00000000E+00  0.00000000E+00
-9.01302725E+00  1.10200000E-02  1.06400000E-02  2.35500000E-02  2.39800000E-02  5.87600000E-05  5.29400000E-05  2.85700000E-02  3.01100000E-02  0.00000000E+00  0.00000000E+00  0.00000000E+00  0.00000000E+00  0.00000000E+00  0.00000000E+00  0.00000000E+00  0.00000000E+00  0.00000000E+00  0.00000000E+00
-8.99502725E+00  1.45900000E-02  1.21100000E-02  2.87500000E-02  2.59700000E-02  7.52700000E-05  6.42200000E-05  3.18900000E-02  3.37300000E-02  0.00000000E+00  0.00000000E+00  0.00000000E+00  0.00000000E+00  0.00000000E+00  0.00000000E+00  0.00000000E+00  0.00000000E+00  0.00000000E+00  0.00000000E+00
-8.97802725E+00  1.91600000E-02  1.58800000E-02  3.36700000E-02  3.08200000E-02  8.94600000E-05  7.99300000E-05  3.49600000E-02  3.86000000E-02  0.00000000E+00  0.00000000E+00  0.00000000E+00  0.00000000E+00  0.00000000E+00  0.00000000E+00  0.00000000E+00  0.00000000E+00  0.00000000E+00  0.00000000E+00
-8.96002725E+00  2.41300000E-02  2.06500000E-02  3.74000000E-02  3.58700000E-02  9.83800000E-05  9.34100000E-05  3.79600000E-02  4.27400000E-02  0.00000000E+00  0.00000000E+00  0.00000000E+00  0.00000000E+00  0.00000000E+00  0.00000000E+00  0.00000000E+00  0.00000000E+00  0.00000000E+00  0.00000000E+00
-8.94302725E+00  2.91400000E-02  2.51800000E-02  4.05600000E-02  3.96100000E-02  1.02500000E-04  1.01000000E-04  4.11100000E-02  4.51000000E-02  0.00000000E+00  0.00000000E+00  0.00000000E+00  0.00000000E+00  0.00000000E+00  0.00000000E+00  0.00000000E+00  0.00000000E+00  0.00000000E+00  0.00000000E+00
-8.92502725E+00  3.36700000E-02  2.86700000E-02  4.36700000E-02  4.18700000E-02  1.03500000E-04  1.02900000E-04  4.36200000E-02  4.53500000E-02  0.00000000E+00  0.00000000E+00  0.00000000E+00  0.00000000E+00  0.00000000E+00  0.00000000E+00  0.00000000E+00  0.00000000E+00  0.00000000E+00  0.00000000E+00
-8.90802725E+00  3.70000000E-02  3.09900000E-02  4.61300000E-02  4.30500000E-02  1.02400000E-04  1.01100000E-04  4.40800000E-02  4.36900000E-02  0.00000000E+00  0.00000000E+00  0.00000000E+00  0.00000000E+00  0.00000000E+00  0.00000000E+00  0.00000000E+00  0.00000000E+00  0.00000000E+00  0.00000000E+00
-8.89102725E+00  3.82300000E-02  3.22900000E-02  4.64000000E-02  4.33300000E-02  9.74400000E-05  9.78800000E-05  4.17100000E-02  4.07200000E-02  0.00000000E+00  0.00000000E+00  0.00000000E+00  0.00000000E+00  0.00000000E+00  0.00000000E+00  0.00000000E+00  0.00000000E+00  0.00000000E+00  0.00000000E+00
-8.87302725E+00  3.69000000E-02  3.21300000E-02  4.32900000E-02  4.21200000E-02  8.57700000E-05  9.21400000E-05  3.71600000E-02  3.67700000E-02  0.00000000E+00  0.00000000E+00  0.00000000E+00  0.00000000E+00  0.00000000E+00  0.00000000E+00  0.00000000E+00  0.00000000E+00  0.00000000E+00  0.00000000E+00
-8.85602725E+00  3.35900000E-02  2.98000000E-02  3.75400000E-02  3.84000000E-02  6.75900000E-05  8.06500000E-05  3.24900000E-02  3.18200000E-02  0.00000000E+00  0.00000000E+00  0.00000000E+00  0.00000000E+00  0.00000000E+00  0.00000000E+00  0.00000000E+00  0.00000000E+00  0.00000000E+00  0.00000000E+00
-8.83802725E+00  2.95700000E-02  2.59800000E-02  3.14600000E-02  3.26500000E-02  4.78500000E-05  6.30700000E-05  2.94400000E-02  2.66800000E-02  0.00000000E+00  0.00000000E+00  0.00000000E+00  0.00000000E+00  0.00000000E+00  0.00000000E+00  0.00000000E+00  0.00000000E+00  0.00000000E+00  0.00000000E+00
-8.82102725E+00  2.55300000E-02  2.29500000E-02  2.68300000E-02  2.73800000E-02  3.24300000E-05  4.44700000E-05  2.75600000E-02  2.32900000E-02  0.00000000E+00  0.00000000E+00  0.00000000E+00  0.00000000E+00  0.00000000E+00  0.00000000E+00  0.00000000E+00  0.00000000E+00  0.00000000E+00  0.00000000E+00
-8.80302725E+00  2.12500000E-02  2.21800000E-02  2.37000000E-02  2.48800000E-02  2.36200000E-05  3.09800000E-05  2.48200000E-02  2.27400000E-02  0.00000000E+00  0.00000000E+00  0.00000000E+00  0.00000000E+00  0.00000000E+00  0.00000000E+00  0.00000000E+00  0.00000000E+00  0.00000000E+00  0.00000000E+00
-8.78602725E+00  1.65000000E-02  2.25400000E-02  2.10900000E-02  2.48100000E-02  1.98500000E-05  2.44400000E-05  2.01000000E-02  2.35100000E-02  0.00000000E+00  0.00000000E+00  0.00000000E+00  0.00000000E+00  0.00000000E+00  0.00000000E+00  0.00000000E+00  0.00000000E+00  0.00000000E+00  0.00000000E+00
-8.76802725E+00  1.16700000E-02  2.16000000E-02  1.81500000E-02  2.49000000E-02  1.80800000E-05  2.25000000E-05  1.44100000E-02  2.27800000E-02  0.00000000E+00  0.00000000E+00  0.00000000E+00  0.00000000E+00  0.00000000E+00  0.00000000E+00  0.00000000E+00  0.00000000E+00  0.00000000E+00  0.00000000E+00
-8.75102725E+00  7.53900000E-03  1.82000000E-02  1.45400000E-02  2.33200000E-02  1.60900000E-05  2.20000000E-05  9.50300000E-03  1.92500000E-02  0.00000000E+00  0.00000000E+00  0.00000000E+00  0.00000000E+00  0.00000000E+00  0.00000000E+00  0.00000000E+00  0.00000000E+00  0.00000000E+00  0.00000000E+00
-8.73302725E+00  4.68500000E-03  1.33000000E-02  1.05100000E-02  1.98200000E-02  1.34000000E-05  2.10600000E-05  6.40600000E-03  1.41400000E-02  0.00000000E+00  0.00000000E+00  0.00000000E+00  0.00000000E+00  0.00000000E+00  0.00000000E+00  0.00000000E+00  0.00000000E+00  0.00000000E+00  0.00000000E+00
-8.71602725E+00  3.29700000E-03  8.68900000E-03  6.79000000E-03  1.52300000E-02  1.09000000E-05  1.90100000E-05  5.20700000E-03  9.63700000E-03  0.00000000E+00  0.00000000E+00  0.00000000E+00  0.00000000E+00  0.00000000E+00  0.00000000E+00  0.00000000E+00  0.00000000E+00  0.00000000E+00  0.00000000E+00
-8.69802725E+00  3.26200000E-03  5.59000000E-03  4.20800000E-03  1.06100000E-02  9.67200000E-06  1.60800000E-05  5.55100000E-03  7.08300000E-03  0.00000000E+00  0.00000000E+00  0.00000000E+00  0.00000000E+00  0.00000000E+00  0.00000000E+00  0.00000000E+00  0.00000000E+00  0.00000000E+00  0.00000000E+00
-8.68102725E+00  4.32300000E-03  4.33400000E-03  3.20400000E-03  6.96300000E-03  1.01600000E-05  1.32000000E-05  7.03600000E-03  6.55400000E-03  0.00000000E+00  0.00000000E+00  0.00000000E+00  0.00000000E+00  0.00000000E+00  0.00000000E+00  0.00000000E+00  0.00000000E+00  0.00000000E+00  0.00000000E+00
-8.66302725E+00  6.19600000E-03  4.69300000E-03  3.73900000E-03  4.89700000E-03  1.26600000E-05  1.16400000E-05  9.61200000E-03  7.55800000E-03  0.00000000E+00  0.00000000E+00  0.00000000E+00  0.00000000E+00  0.00000000E+00  0.00000000E+00  0.00000000E+00  0.00000000E+00  0.00000000E+00  0.00000000E+00
-8.64602725E+00  8.60000000E-03  6.27400000E-03  5.57700000E-03  4.53200000E-03  1.80900000E-05  1.26600000E-05  1.38000000E-02  9.97200000E-03  0.00000000E+00  0.00000000E+00  0.00000000E+00  0.00000000E+00  0.00000000E+00  0.00000000E+00  0.00000000E+00  0.00000000E+00  0.00000000E+00  0.00000000E+00
-8.62802725E+00  1.13100000E-02  8.66500000E-03  8.50500000E-03  5.58700000E-03  2.72800000E-05  1.72800000E-05  2.01600000E-02  1.43500000E-02  0.00000000E+00  0.00000000E+00  0.00000000E+00  0.00000000E+00  0.00000000E+00  0.00000000E+00  0.00000000E+00  0.00000000E+00  0.00000000E+00  0.00000000E+00
-8.61102725E+00  1.42400000E-02  1.15300000E-02  1.22400000E-02  7.70900000E-03  3.88000000E-05  2.55000000E-05  2.83000000E-02  2.12500000E-02  0.00000000E+00  0.00000000E+00  0.00000000E+00  0.00000000E+00  0.00000000E+00  0.00000000E+00  0.00000000E+00  0.00000000E+00  0.00000000E+00  0.00000000E+00
-8.59302725E+00  1.72500000E-02  1.47200000E-02  1.60100000E-02  1.06900000E-02  4.83200000E-05  3.53800000E-05  3.61900000E-02  3.00400000E-02  0.00000000E+00  0.00000000E+00  0.00000000E+00  0.00000000E+00  0.00000000E+00  0.00000000E+00  0.00000000E+00  0.00000000E+00  0.00000000E+00  0.00000000E+00
-8.57602725E+00  1.96100000E-02  1.79600000E-02  1.84800000E-02  1.42100000E-02  5.14600000E-05  4.34600000E-05  4.08300000E-02  3.83100000E-02  0.00000000E+00  0.00000000E+00  0.00000000E+00  0.00000000E+00  0.00000000E+00  0.00000000E+00  0.00000000E+00  0.00000000E+00  0.00000000E+00  0.00000000E+00
-8.55802725E+00  2.01000000E-02  2.02900000E-02  1.83800000E-02  1.72400000E-02  4.83900000E-05  4.67400000E-05  3.98800000E-02  4.25200000E-02  0.00000000E+00  0.00000000E+00  0.00000000E+00  0.00000000E+00  0.00000000E+00  0.00000000E+00  0.00000000E+00  0.00000000E+00  0.00000000E+00  0.00000000E+00
-8.54102725E+00  1.83000000E-02  2.02700000E-02  1.59400000E-02  1.82400000E-02  4.56800000E-05  4.48500000E-05  3.35800000E-02  4.01400000E-02  0.00000000E+00  0.00000000E+00  0.00000000E+00  0.00000000E+00  0.00000000E+00  0.00000000E+00  0.00000000E+00  0.00000000E+00  0.00000000E+00  0.00000000E+00
-8.52302725E+00  1.55500000E-02  1.75900000E-02  1.31800000E-02  1.65100000E-02  5.25400000E-05  4.12000000E-05  2.52500000E-02  3.18600000E-02  0.00000000E+00  0.00000000E+00  0.00000000E+00  0.00000000E+00  0.00000000E+00  0.00000000E+00  0.00000000E+00  0.00000000E+00  0.00000000E+00  0.00000000E+00
-8.50602725E+00  1.39500000E-02  1.39600000E-02  1.26800000E-02  1.33300000E-02  7.32900000E-05  4.26400000E-05  1.93300000E-02  2.15900000E-02  0.00000000E+00  0.00000000E+00  0.00000000E+00  0.00000000E+00  0.00000000E+00  0.00000000E+00  0.00000000E+00  0.00000000E+00  0.00000000E+00  0.00000000E+00
-8.48802725E+00  1.44300000E-02  1.18900000E-02  1.56600000E-02  1.14000000E-02  1.02200000E-04  5.62800000E-05  1.84600000E-02  1.40500000E-02  0.00000000E+00  0.00000000E+00  0.00000000E+00  0.00000000E+00  0.00000000E+00  0.00000000E+00  0.00000000E+00  0.00000000E+00  0.00000000E+00  0.00000000E+00
-8.47102725E+00  1.62600000E-02  1.25300000E-02  2.11300000E-02  1.28300000E-02  1.26400000E-04  8.38600000E-05  2.21600000E-02  1.20700000E-02  0.00000000E+00  0.00000000E+00  0.00000000E+00  0.00000000E+00  0.00000000E+00  0.00000000E+00  0.00000000E+00  0.00000000E+00  0.00000000E+00  0.00000000E+00
-8.45302725E+00  1.83800000E-02  1.50600000E-02  2.66000000E-02  1.78300000E-02  1.35100000E-04  1.18200000E-04  2.76500000E-02  1.57500000E-02  0.00000000E+00  0.00000000E+00  0.00000000E+00  0.00000000E+00  0.00000000E+00  0.00000000E+00  0.00000000E+00  0.00000000E+00  0.00000000E+00  0.00000000E+00
-8.43602725E+00  2.02300000E-02  1.80200000E-02  2.95500000E-02  2.45900000E-02  1.26300000E-04  1.46400000E-04  3.17900000E-02  2.30100000E-02  0.00000000E+00  0.00000000E+00  0.00000000E+00  0.00000000E+00  0.00000000E+00  0.00000000E+00  0.00000000E+00  0.00000000E+00  0.00000000E+00  0.00000000E+00
-8.41902725E+00  2.11400000E-02  2.05500000E-02  2.87800000E-02  3.01600000E-02  1.06100000E-04  1.57700000E-04  3.23700000E-02  3.04800000E-02  0.00000000E+00  0.00000000E+00  0.00000000E+00  0.00000000E+00  0.00000000E+00  0.00000000E+00  0.00000000E+00  0.00000000E+00  0.00000000E+00  0.00000000E+00
-8.40102725E+00  1.99600000E-02  2.21000000E-02  2.47900000E-02  3.19000000E-02  8.21300000E-05  1.48700000E-04  2.88200000E-02  3.47300000E-02  0.00000000E+00  0.00000000E+00  0.00000000E+00  0.00000000E+00  0.00000000E+00  0.00000000E+00  0.00000000E+00  0.00000000E+00  0.00000000E+00  0.00000000E+00
-8.38402725E+00  1.62500000E-02  2.16600000E-02  1.95800000E-02  2.91300000E-02  6.16900000E-05  1.24100000E-04  2.25800000E-02  3.37400000E-02  0.00000000E+00  0.00000000E+00  0.00000000E+00  0.00000000E+00  0.00000000E+00  0.00000000E+00  0.00000000E+00  0.00000000E+00  0.00000000E+00  0.00000000E+00
-8.36602725E+00  1.14200000E-02  1.84800000E-02  1.58700000E-02  2.36900000E-02  5.28000000E-05  9.36900000E-05  1.69200000E-02  2.80600000E-02  0.00000000E+00  0.00000000E+00  0.00000000E+00  0.00000000E+00  0.00000000E+00  0.00000000E+00  0.00000000E+00  0.00000000E+00  0.00000000E+00  0.00000000E+00
-8.34902725E+00  7.85700000E-03  1.33700000E-02  1.56900000E-02  1.86600000E-02  6.30000000E-05  6.85300000E-05  1.56300000E-02  2.07500000E-02  0.00000000E+00  0.00000000E+00  0.00000000E+00  0.00000000E+00  0.00000000E+00  0.00000000E+00  0.00000000E+00  0.00000000E+00  0.00000000E+00  0.00000000E+00
-8.33102725E+00  7.12400000E-03  8.60400000E-03  1.90800000E-02  1.63800000E-02  9.43000000E-05  5.76600000E-05  2.09600000E-02  1.60500000E-02  0.00000000E+00  0.00000000E+00  0.00000000E+00  0.00000000E+00  0.00000000E+00  0.00000000E+00  0.00000000E+00  0.00000000E+00  0.00000000E+00  0.00000000E+00
-8.31402725E+00  8.97600000E-03  6.38500000E-03  2.42400000E-02  1.74700000E-02  1.38500000E-04  6.60300000E-05  3.18800000E-02  1.76100000E-02  0.00000000E+00  0.00000000E+00  0.00000000E+00  0.00000000E+00  0.00000000E+00  0.00000000E+00  0.00000000E+00  0.00000000E+00  0.00000000E+00  0.00000000E+00
-8.29602725E+00  1.18100000E-02  7.50900000E-03  2.87700000E-02  2.15200000E-02  1.78700000E-04  9.33000000E-05  4.39100000E-02  2.67300000E-02  0.00000000E+00  0.00000000E+00  0.00000000E+00  0.00000000E+00  0.00000000E+00  0.00000000E+00  0.00000000E+00  0.00000000E+00  0.00000000E+00  0.00000000E+00
-8.27902725E+00  1.38600000E-02  1.10600000E-02  3.11200000E-02  2.75800000E-02  2.01100000E-04  1.31400000E-04  5.13500000E-02  4.07500000E-02  0.00000000E+00  0.00000000E+00  0.00000000E+00  0.00000000E+00  0.00000000E+00  0.00000000E+00  0.00000000E+00  0.00000000E+00  0.00000000E+00  0.00000000E+00
-8.26102725E+00  1.44400000E-02  1.49300000E-02  3.15200000E-02  3.37300000E-02  2.08300000E-04  1.64500000E-04  5.15200000E-02  5.31400000E-02  0.00000000E+00  0.00000000E+00  0.00000000E+00  0.00000000E+00  0.00000000E+00  0.00000000E+00  0.00000000E+00  0.00000000E+00  0.00000000E+00  0.00000000E+00
-8.24402725E+00  1.41500000E-02  1.70500000E-02  3.19900000E-02  3.77800000E-02  2.21400000E-04  1.79800000E-04  4.71100000E-02  5.75400000E-02  0.00000000E+00  0.00000000E+00  0.00000000E+00  0.00000000E+00  0.00000000E+00  0.00000000E+00  0.00000000E+00  0.00000000E+00  0.00000000E+00  0.00000000E+00
-8.22602725E+00  1.41100000E-02  1.69400000E-02  3.49900000E-02  3.96400000E-02  2.63300000E-04  1.83000000E-04  4.37300000E-02  5.34400000E-02  0.00000000E+00  0.00000000E+00  0.00000000E+00  0.00000000E+00  0.00000000E+00  0.00000000E+00  0.00000000E+00  0.00000000E+00  0.00000000E+00  0.00000000E+00
-8.20902725E+00  1.47700000E-02  1.57800000E-02  4.13200000E-02  4.19900000E-02  3.35200000E-04  1.97100000E-04  4.48700000E-02  4.69500000E-02  0.00000000E+00  0.00000000E+00  0.00000000E+00  0.00000000E+00  0.00000000E+00  0.00000000E+00  0.00000000E+00  0.00000000E+00  0.00000000E+00  0.00000000E+00
-8.19102725E+00  1.58400000E-02  1.50200000E-02  4.91400000E-02  4.74800000E-02  4.11800000E-04  2.41900000E-04  4.96700000E-02  4.48900000E-02  0.00000000E+00  0.00000000E+00  0.00000000E+00  0.00000000E+00  0.00000000E+00  0.00000000E+00  0.00000000E+00  0.00000000E+00  0.00000000E+00  0.00000000E+00
-8.17402725E+00  1.69600000E-02  1.50500000E-02  5.53100000E-02  5.51600000E-02  4.65600000E-04  3.11000000E-04  5.51800000E-02  4.86200000E-02  0.00000000E+00  0.00000000E+00  0.00000000E+00  0.00000000E+00  0.00000000E+00  0.00000000E+00  0.00000000E+00  0.00000000E+00  0.00000000E+00  0.00000000E+00
-8.15602725E+00  1.81000000E-02  1.52900000E-02  5.76100000E-02  6.04200000E-02  5.09600000E-04  3.74400000E-04  5.94900000E-02  5.39700000E-02  0.00000000E+00  0.00000000E+00  0.00000000E+00  0.00000000E+00  0.00000000E+00  0.00000000E+00  0.00000000E+00  0.00000000E+00  0.00000000E+00  0.00000000E+00
-8.13902725E+00  1.91900000E-02  1.51600000E-02  5.57700000E-02  5.89500000E-02  6.38600000E-04  4.18000000E-04  6.21700000E-02  5.63500000E-02  0.00000000E+00  0.00000000E+00  0.00000000E+00  0.00000000E+00  0.00000000E+00  0.00000000E+00  0.00000000E+00  0.00000000E+00  0.00000000E+00  0.00000000E+00
-8.12102725E+00  1.96000000E-02  1.47600000E-02  5.08700000E-02  5.09400000E-02  1.06700000E-03  5.07100000E-04  6.27000000E-02  5.51900000E-02  0.00000000E+00  0.00000000E+00  0.00000000E+00  0.00000000E+00  0.00000000E+00  0.00000000E+00  0.00000000E+00  0.00000000E+00  0.00000000E+00  0.00000000E+00
-8.10402725E+00  1.84500000E-02  1.46900000E-02  4.43000000E-02  4.13500000E-02  2.14200000E-03  8.40700000E-04  5.99800000E-02  5.33500000E-02  0.00000000E+00  0.00000000E+00  0.00000000E+00  0.00000000E+00  0.00000000E+00  0.00000000E+00  0.00000000E+00  0.00000000E+00  0.00000000E+00  0.00000000E+00
-8.08602725E+00  1.54800000E-02  1.52300000E-02  3.73500000E-02  3.54100000E-02  4.22500000E-03  1.75900000E-03  5.36200000E-02  5.28800000E-02  0.00000000E+00  0.00000000E+00  0.00000000E+00  0.00000000E+00  0.00000000E+00  0.00000000E+00  0.00000000E+00  0.00000000E+00  0.00000000E+00  0.00000000E+00
-8.06902725E+00  1.15300000E-02  1.57500000E-02  3.14100000E-02  3.41300000E-02  7.33300000E-03  3.63600000E-03  4.50900000E-02  5.24400000E-02  0.00000000E+00  0.00000000E+00  0.00000000E+00  0.00000000E+00  0.00000000E+00  0.00000000E+00  0.00000000E+00  0.00000000E+00  0.00000000E+00  0.00000000E+00
-8.05102725E+00  7.96600000E-03  1.50900000E-02  2.75600000E-02  3.45800000E-02  1.07900000E-02  6.58200000E-03  3.70200000E-02  4.93000000E-02  0.00000000E+00  0.00000000E+00  0.00000000E+00  0.00000000E+00  0.00000000E+00  0.00000000E+00  0.00000000E+00  0.00000000E+00  0.00000000E+00  0.00000000E+00
-8.03402725E+00  5.84800000E-03  1.27700000E-02  2.57900000E-02  3.36700000E-02  1.34500000E-02  1.00900000E-02  3.13000000E-02  4.29800000E-02  0.00000000E+00  0.00000000E+00  0.00000000E+00  0.00000000E+00  0.00000000E+00  0.00000000E+00  0.00000000E+00  0.00000000E+00  0.00000000E+00  0.00000000E+00
-8.01602725E+00  5.76000000E-03  9.54600000E-03  2.53900000E-02  3.07500000E-02  1.46400000E-02  1.31100000E-02  2.80300000E-02  3.58400000E-02  0.00000000E+00  0.00000000E+00  0.00000000E+00  0.00000000E+00  0.00000000E+00  0.00000000E+00  0.00000000E+00  0.00000000E+00  0.00000000E+00  0.00000000E+00
-7.99902725E+00  8.04100000E-03  6.90700000E-03  2.62200000E-02  2.70900000E-02  1.49500000E-02  1.47600000E-02  2.63300000E-02  3.05100000E-02  0.00000000E+00  0.00000000E+00  0.00000000E+00  0.00000000E+00  0.00000000E+00  0.00000000E+00  0.00000000E+00  0.00000000E+00  0.00000000E+00  0.00000000E+00
-7.98202725E+00  1.24900000E-02  6.13300000E-03  2.88600000E-02  2.43100000E-02  1.57200000E-02  1.52700000E-02  2.54400000E-02  2.77000000E-02  0.00000000E+00  0.00000000E+00  0.00000000E+00  0.00000000E+00  0.00000000E+00  0.00000000E+00  0.00000000E+00  0.00000000E+00  0.00000000E+00  0.00000000E+00
-7.96402725E+00  1.76400000E-02  7.79400000E-03  3.29000000E-02  2.35900000E-02  1.74900000E-02  1.59200000E-02  2.47100000E-02  2.63400000E-02  0.00000000E+00  0.00000000E+00  0.00000000E+00  0.00000000E+00  0.00000000E+00  0.00000000E+00  0.00000000E+00  0.00000000E+00  0.00000000E+00  0.00000000E+00
-7.94702725E+00  2.09100000E-02  1.15000000E-02  3.57700000E-02  2.53700000E-02  1.91300000E-02  1.77700000E-02  2.32100000E-02  2.50600000E-02  0.00000000E+00  0.00000000E+00  0.00000000E+00  0.00000000E+00  0.00000000E+00  0.00000000E+00  0.00000000E+00  0.00000000E+00  0.00000000E+00  0.00000000E+00
-7.92902725E+00  2.05500000E-02  1.57700000E-02  3.45400000E-02  2.87700000E-02  1.89900000E-02  2.02900000E-02  2.02800000E-02  2.30900000E-02  0.00000000E+00  0.00000000E+00  0.00000000E+00  0.00000000E+00  0.00000000E+00  0.00000000E+00  0.00000000E+00  0.00000000E+00  0.00000000E+00  0.00000000E+00
-7.91202725E+00  1.74000000E-02  1.86000000E-02  2.94100000E-02  3.15200000E-02  1.68400000E-02  2.15100000E-02  1.67200000E-02  2.03000000E-02  0.00000000E+00  0.00000000E+00  0.00000000E+00  0.00000000E+00  0.00000000E+00  0.00000000E+00  0.00000000E+00  0.00000000E+00  0.00000000E+00  0.00000000E+00
-7.89402725E+00  1.42900000E-02  1.88500000E-02  2.43200000E-02  3.15100000E-02  1.42900000E-02  1.99800000E-02  1.45800000E-02  1.72200000E-02  0.00000000E+00  0.00000000E+00  0.00000000E+00  0.00000000E+00  0.00000000E+00  0.00000000E+00  0.00000000E+00  0.00000000E+00  0.00000000E+00  0.00000000E+00
-7.87702725E+00  1.34000000E-02  1.73200000E-02  2.33300000E-02  2.90500000E-02  1.30200000E-02  1.64700000E-02  1.53400000E-02  1.51900000E-02  0.00000000E+00  0.00000000E+00  0.00000000E+00  0.00000000E+00  0.00000000E+00  0.00000000E+00  0.00000000E+00  0.00000000E+00  0.00000000E+00  0.00000000E+00
-7.85902725E+00  1.44600000E-02  1.60200000E-02  2.66400000E-02  2.70900000E-02  1.32100000E-02  1.34100000E-02  1.83900000E-02  1.56600000E-02  0.00000000E+00  0.00000000E+00  0.00000000E+00  0.00000000E+00  0.00000000E+00  0.00000000E+00  0.00000000E+00  0.00000000E+00  0.00000000E+00  0.00000000E+00
-7.84202725E+00  1.54700000E-02  1.61400000E-02  3.06000000E-02  2.82100000E-02  1.36800000E-02  1.24800000E-02  2.15400000E-02  1.86800000E-02  0.00000000E+00  0.00000000E+00  0.00000000E+00  0.00000000E+00  0.00000000E+00  0.00000000E+00  0.00000000E+00  0.00000000E+00  0.00000000E+00  0.00000000E+00
-7.82402725E+00  1.47500000E-02  1.68800000E-02  3.15200000E-02  3.16800000E-02  1.32700000E-02  1.33100000E-02  2.31400000E-02  2.24500000E-02  0.00000000E+00  0.00000000E+00  0.00000000E+00  0.00000000E+00  0.00000000E+00  0.00000000E+00  0.00000000E+00  0.00000000E+00  0.00000000E+00  0.00000000E+00
-7.80702725E+00  1.22800000E-02  1.65600000E-02  2.91100000E-02  3.43400000E-02  1.18100000E-02  1.42600000E-02  2.36900000E-02  2.48800000E-02  0.00000000E+00  0.00000000E+00  0.00000000E+00  0.00000000E+00  0.00000000E+00  0.00000000E+00  0.00000000E+00  0.00000000E+00  0.00000000E+00  0.00000000E+00
-7.78902725E+00  9.36000000E-03  1.44900000E-02  2.60700000E-02  3.40300000E-02  1.00400000E-02  1.40600000E-02  2.54200000E-02  2.54700000E-02  0.00000000E+00  0.00000000E+00  0.00000000E+00  0.00000000E+00  0.00000000E+00  0.00000000E+00  0.00000000E+00  0.00000000E+00  0.00000000E+00  0.00000000E+00
-7.77202725E+00  7.33500000E-03  1.14900000E-02  2.51700000E-02  3.14400000E-02  8.89900000E-03  1.27000000E-02  3.02900000E-02  2.57100000E-02  0.00000000E+00  0.00000000E+00  0.00000000E+00  0.00000000E+00  0.00000000E+00  0.00000000E+00  0.00000000E+00  0.00000000E+00  0.00000000E+00  0.00000000E+00
-7.75402725E+00  6.85600000E-03  8.90900000E-03  2.74400000E-02  2.89200000E-02  8.83900000E-03  1.10400000E-02  3.83900000E-02  2.79900000E-02  0.00000000E+00  0.00000000E+00  0.00000000E+00  0.00000000E+00  0.00000000E+00  0.00000000E+00  0.00000000E+00  0.00000000E+00  0.00000000E+00  0.00000000E+00
-7.73702725E+00  7.85200000E-03  7.59200000E-03  3.23800000E-02  2.85600000E-02  9.52000000E-03  9.97700000E-03  4.80000000E-02  3.39800000E-02  0.00000000E+00  0.00000000E+00  0.00000000E+00  0.00000000E+00  0.00000000E+00  0.00000000E+00  0.00000000E+00  0.00000000E+00  0.00000000E+00  0.00000000E+00
-7.71902725E+00  9.91200000E-03  7.68000000E-03  3.88300000E-02  3.09400000E-02  1.02300000E-02  9.83700000E-03  5.69500000E-02  4.31000000E-02  0.00000000E+00  0.00000000E+00  0.00000000E+00  0.00000000E+00  0.00000000E+00  0.00000000E+00  0.00000000E+00  0.00000000E+00  0.00000000E+00  0.00000000E+00
-7.70202725E+00  1.26100000E-02  8.85200000E-03  4.56700000E-02  3.50700000E-02  1.05400000E-02  1.03900000E-02  6.38100000E-02  5.21800000E-02  0.00000000E+00  0.00000000E+00  0.00000000E+00  0.00000000E+00  0.00000000E+00  0.00000000E+00  0.00000000E+00  0.00000000E+00  0.00000000E+00  0.00000000E+00
-7.68402725E+00  1.54900000E-02  1.07100000E-02  5.18800000E-02  3.96900000E-02  1.06700000E-02  1.13200000E-02  6.78400000E-02  5.78400000E-02  0.00000000E+00  0.00000000E+00  0.00000000E+00  0.00000000E+00  0.00000000E+00  0.00000000E+00  0.00000000E+00  0.00000000E+00  0.00000000E+00  0.00000000E+00
-7.66702725E+00  1.78000000E-02  1.30500000E-02  5.58100000E-02  4.46900000E-02  1.11400000E-02  1.25500000E-02  6.79200000E-02  5.94700000E-02  0.00000000E+00  0.00000000E+00  0.00000000E+00  0.00000000E+00  0.00000000E+00  0.00000000E+00  0.00000000E+00  0.00000000E+00  0.00000000E+00  0.00000000E+00
-7.64902725E+00  1.85700000E-02  1.55800000E-02  5.50000000E-02  5.01300000E-02  1.22200000E-02  1.39300000E-02  6.25200000E-02  5.88300000E-02  0.00000000E+00  0.00000000E+00  0.00000000E+00  0.00000000E+00  0.00000000E+00  0.00000000E+00  0.00000000E+00  0.00000000E+00  0.00000000E+00  0.00000000E+00
-7.63202725E+00  1.72800000E-02  1.74800000E-02  4.80600000E-02  5.39000000E-02  1.36800000E-02  1.49800000E-02  5.16900000E-02  5.65000000E-02  0.00000000E+00  0.00000000E+00  0.00000000E+00  0.00000000E+00  0.00000000E+00  0.00000000E+00  0.00000000E+00  0.00000000E+00  0.00000000E+00  0.00000000E+00
-7.61402725E+00  1.45100000E-02  1.76300000E-02  3.70900000E-02  5.22400000E-02  1.51900000E-02  1.52400000E-02  3.86300000E-02  5.07900000E-02  0.00000000E+00  0.00000000E+00  0.00000000E+00  0.00000000E+00  0.00000000E+00  0.00000000E+00  0.00000000E+00  0.00000000E+00  0.00000000E+00  0.00000000E+00
-7.59702725E+00  1.15400000E-02  1.57100000E-02  2.72100000E-02  4.41400000E-02  1.64600000E-02  1.50000000E-02  2.82000000E-02  4.11600000E-02  0.00000000E+00  0.00000000E+00  0.00000000E+00  0.00000000E+00  0.00000000E+00  0.00000000E+00  0.00000000E+00  0.00000000E+00  0.00000000E+00  0.00000000E+00
-7.57902725E+00  9.41100000E-03  1.28100000E-02  2.35900000E-02  3.40400000E-02  1.73600000E-02  1.52400000E-02  2.38700000E-02  3.10300000E-02  0.00000000E+00  0.00000000E+00  0.00000000E+00  0.00000000E+00  0.00000000E+00  0.00000000E+00  0.00000000E+00  0.00000000E+00  0.00000000E+00  0.00000000E+00
-7.56202725E+00  8.62000000E-03  1.05000000E-02  2.89300000E-02  2.91300000E-02  1.80500000E-02  1.66200000E-02  2.64000000E-02  2.55700000E-02  0.00000000E+00  0.00000000E+00  0.00000000E+00  0.00000000E+00  0.00000000E+00  0.00000000E+00  0.00000000E+00  0.00000000E+00  0.00000000E+00  0.00000000E+00
-7.54402725E+00  9.28600000E-03  9.67800000E-03  4.25800000E-02  3.40000000E-02  1.90300000E-02  1.88600000E-02  3.42100000E-02  2.76000000E-02  0.00000000E+00  0.00000000E+00  0.00000000E+00  0.00000000E+00  0.00000000E+00  0.00000000E+00  0.00000000E+00  0.00000000E+00  0.00000000E+00  0.00000000E+00
-7.52702725E+00  1.12500000E-02  1.03600000E-02  6.04300000E-02  4.76400000E-02  2.06900000E-02  2.12100000E-02  4.42000000E-02  3.59100000E-02  0.00000000E+00  0.00000000E+00  0.00000000E+00  0.00000000E+00  0.00000000E+00  0.00000000E+00  0.00000000E+00  0.00000000E+00  0.00000000E+00  0.00000000E+00
-7.51002725E+00  1.40700000E-02  1.22300000E-02  7.66400000E-02  6.44200000E-02  2.27800000E-02  2.31400000E-02  5.30200000E-02  4.64100000E-02  0.00000000E+00  0.00000000E+00  0.00000000E+00  0.00000000E+00  0.00000000E+00  0.00000000E+00  0.00000000E+00  0.00000000E+00  0.00000000E+00  0.00000000E+00
-7.49202725E+00  1.72700000E-02  1.49200000E-02  8.69600000E-02  7.80500000E-02  2.47300000E-02  2.45500000E-02  5.85300000E-02  5.49100000E-02  0.00000000E+00  0.00000000E+00  0.00000000E+00  0.00000000E+00  0.00000000E+00  0.00000000E+00  0.00000000E+00  0.00000000E+00  0.00000000E+00  0.00000000E+00
-7.47502725E+00  2.03700000E-02  1.81200000E-02  9.06100000E-02  8.54800000E-02  2.60600000E-02  2.57200000E-02  6.00700000E-02  5.94500000E-02  0.00000000E+00  0.00000000E+00  0.00000000E+00  0.00000000E+00  0.00000000E+00  0.00000000E+00  0.00000000E+00  0.00000000E+00  0.00000000E+00  0.00000000E+00
-7.45702725E+00  2.26200000E-02  2.12500000E-02  8.89600000E-02  8.72000000E-02  2.63900000E-02  2.68300000E-02  5.79000000E-02  6.02400000E-02  0.00000000E+00  0.00000000E+00  0.00000000E+00  0.00000000E+00  0.00000000E+00  0.00000000E+00  0.00000000E+00  0.00000000E+00  0.00000000E+00  0.00000000E+00
-7.44002725E+00  2.30200000E-02  2.33100000E-02  8.34700000E-02  8.44800000E-02  2.53900000E-02  2.74200000E-02  5.28300000E-02  5.78100000E-02  0.00000000E+00  0.00000000E+00  0.00000000E+00  0.00000000E+00  0.00000000E+00  0.00000000E+00  0.00000000E+00  0.00000000E+00  0.00000000E+00  0.00000000E+00
-7.42202725E+00  2.10600000E-02  2.31400000E-02  7.55200000E-02  7.77600000E-02  2.30700000E-02  2.65500000E-02  4.64700000E-02  5.22500000E-02  0.00000000E+00  0.00000000E+00  0.00000000E+00  0.00000000E+00  0.00000000E+00  0.00000000E+00  0.00000000E+00  0.00000000E+00  0.00000000E+00  0.00000000E+00
-7.40502725E+00  1.74500000E-02  2.03700000E-02  6.73500000E-02  6.77000000E-02  2.01600000E-02  2.38000000E-02  4.09100000E-02  4.44200000E-02  0.00000000E+00  0.00000000E+00  0.00000000E+00  0.00000000E+00  0.00000000E+00  0.00000000E+00  0.00000000E+00  0.00000000E+00  0.00000000E+00  0.00000000E+00
-7.38702725E+00  1.38400000E-02  1.59500000E-02  6.17800000E-02  5.70000000E-02  1.78300000E-02  1.99900000E-02  3.79700000E-02  3.68300000E-02  0.00000000E+00  0.00000000E+00  0.00000000E+00  0.00000000E+00  0.00000000E+00  0.00000000E+00  0.00000000E+00  0.00000000E+00  0.00000000E+00  0.00000000E+00
-7.37002725E+00  1.17900000E-02  1.18400000E-02  6.03600000E-02  5.01200000E-02  1.68400000E-02  1.66800000E-02  3.84200000E-02  3.28000000E-02  0.00000000E+00  0.00000000E+00  0.00000000E+00  0.00000000E+00  0.00000000E+00  0.00000000E+00  0.00000000E+00  0.00000000E+00  0.00000000E+00  0.00000000E+00
-7.35202725E+00  1.17000000E-02  9.71700000E-03  6.18800000E-02  5.02600000E-02  1.68500000E-02  1.51600000E-02  4.14800000E-02  3.42800000E-02  0.00000000E+00  0.00000000E+00  0.00000000E+00  0.00000000E+00  0.00000000E+00  0.00000000E+00  0.00000000E+00  0.00000000E+00  0.00000000E+00  0.00000000E+00
-7.33502725E+00  1.27400000E-02  9.95800000E-03  6.34200000E-02  5.62000000E-02  1.67500000E-02  1.56200000E-02  4.52700000E-02  4.01600000E-02  0.00000000E+00  0.00000000E+00  0.00000000E+00  0.00000000E+00  0.00000000E+00  0.00000000E+00  0.00000000E+00  0.00000000E+00  0.00000000E+00  0.00000000E+00
-7.31702725E+00  1.36000000E-02  1.16300000E-02  6.27300000E-02  6.29200000E-02  1.57000000E-02  1.70300000E-02  4.77400000E-02  4.69500000E-02  0.00000000E+00  0.00000000E+00  0.00000000E+00  0.00000000E+00  0.00000000E+00  0.00000000E+00  0.00000000E+00  0.00000000E+00  0.00000000E+00  0.00000000E+00
-7.30002725E+00  1.34300000E-02  1.32900000E-02  5.88900000E-02  6.58300000E-02  1.37700000E-02  1.77700000E-02  4.72800000E-02  5.13900000E-02  0.00000000E+00  0.00000000E+00  0.00000000E+00  0.00000000E+00  0.00000000E+00  0.00000000E+00  0.00000000E+00  0.00000000E+00  0.00000000E+00  0.00000000E+00
-7.28202725E+00  1.23700000E-02  1.39100000E-02  5.17900000E-02  6.36100000E-02  1.15900000E-02  1.67800000E-02  4.31700000E-02  5.20000000E-02  0.00000000E+00  0.00000000E+00  0.00000000E+00  0.00000000E+00  0.00000000E+00  0.00000000E+00  0.00000000E+00  0.00000000E+00  0.00000000E+00  0.00000000E+00
-7.26502725E+00  1.11500000E-02  1.32700000E-02  4.22400000E-02  5.71400000E-02  9.69300000E-03  1.43500000E-02  3.62400000E-02  4.86900000E-02  0.00000000E+00  0.00000000E+00  0.00000000E+00  0.00000000E+00  0.00000000E+00  0.00000000E+00  0.00000000E+00  0.00000000E+00  0.00000000E+00  0.00000000E+00
-7.24702725E+00  1.04200000E-02  1.18400000E-02  3.21300000E-02  4.77100000E-02  8.19200000E-03  1.16000000E-02  2.88400000E-02  4.21600000E-02  0.00000000E+00  0.00000000E+00  0.00000000E+00  0.00000000E+00  0.00000000E+00  0.00000000E+00  0.00000000E+00  0.00000000E+00  0.00000000E+00  0.00000000E+00
-7.23002725E+00  1.01500000E-02  1.03100000E-02  2.33300000E-02  3.67400000E-02  7.05000000E-03  9.52100000E-03  2.32300000E-02  3.40200000E-02  0.00000000E+00  0.00000000E+00  0.00000000E+00  0.00000000E+00  0.00000000E+00  0.00000000E+00  0.00000000E+00  0.00000000E+00  0.00000000E+00  0.00000000E+00
-7.21202725E+00  9.77100000E-03  9.15800000E-03  1.68700000E-02  2.60200000E-02  6.42400000E-03  8.53400000E-03  2.04200000E-02  2.65500000E-02  0.00000000E+00  0.00000000E+00  0.00000000E+00  0.00000000E+00  0.00000000E+00  0.00000000E+00  0.00000000E+00  0.00000000E+00  0.00000000E+00  0.00000000E+00
-7.19502725E+00  8.84700000E-03  8.36700000E-03  1.32300000E-02  1.73100000E-02  6.86700000E-03  8.69500000E-03  2.02700000E-02  2.16700000E-02  0.00000000E+00  0.00000000E+00  0.00000000E+00  0.00000000E+00  0.00000000E+00  0.00000000E+00  0.00000000E+00  0.00000000E+00  0.00000000E+00  0.00000000E+00
-7.17702725E+00  7.51100000E-03  7.64400000E-03  1.28400000E-02  1.18600000E-02  9.10100000E-03  1.00700000E-02  2.24700000E-02  2.02300000E-02  0.00000000E+00  0.00000000E+00  0.00000000E+00  0.00000000E+00  0.00000000E+00  0.00000000E+00  0.00000000E+00  0.00000000E+00  0.00000000E+00  0.00000000E+00
-7.16002725E+00  6.33500000E-03  6.82800000E-03  1.59000000E-02  1.03900000E-02  1.32600000E-02  1.27800000E-02  2.71900000E-02  2.22200000E-02  0.00000000E+00  0.00000000E+00  0.00000000E+00  0.00000000E+00  0.00000000E+00  0.00000000E+00  0.00000000E+00  0.00000000E+00  0.00000000E+00  0.00000000E+00
-7.14202725E+00  5.94400000E-03  6.19500000E-03  2.18100000E-02  1.31600000E-02  1.82900000E-02  1.66200000E-02  3.49900000E-02  2.73500000E-02  0.00000000E+00  0.00000000E+00  0.00000000E+00  0.00000000E+00  0.00000000E+00  0.00000000E+00  0.00000000E+00  0.00000000E+00  0.00000000E+00  0.00000000E+00
-7.12502725E+00  6.82400000E-03  6.40800000E-03  2.89800000E-02  1.99000000E-02  2.26300000E-02  2.07500000E-02  4.59300000E-02  3.57100000E-02  0.00000000E+00  0.00000000E+00  0.00000000E+00  0.00000000E+00  0.00000000E+00  0.00000000E+00  0.00000000E+00  0.00000000E+00  0.00000000E+00  0.00000000E+00
-7.10702725E+00  9.15100000E-03  8.06800000E-03  3.50100000E-02  2.90400000E-02  2.56000000E-02  2.42200000E-02  5.83500000E-02  4.73900000E-02  0.00000000E+00  0.00000000E+00  0.00000000E+00  0.00000000E+00  0.00000000E+00  0.00000000E+00  0.00000000E+00  0.00000000E+00  0.00000000E+00  0.00000000E+00
-7.09002725E+00  1.24600000E-02  1.10700000E-02  3.77800000E-02  3.74700000E-02  2.75500000E-02  2.66300000E-02  6.90400000E-02  6.11600000E-02  0.00000000E+00  0.00000000E+00  0.00000000E+00  0.00000000E+00  0.00000000E+00  0.00000000E+00  0.00000000E+00  0.00000000E+00  0.00000000E+00  0.00000000E+00
-7.07202725E+00  1.56300000E-02  1.43200000E-02  3.67900000E-02  4.18100000E-02  2.86400000E-02  2.77700000E-02  7.51600000E-02  7.35800000E-02  0.00000000E+00  0.00000000E+00  0.00000000E+00  0.00000000E+00  0.00000000E+00  0.00000000E+00  0.00000000E+00  0.00000000E+00  0.00000000E+00  0.00000000E+00
-7.05502725E+00  1.76500000E-02  1.64100000E-02  3.35800000E-02  4.07800000E-02  2.89200000E-02  2.71000000E-02  7.63100000E-02  8.05100000E-02  0.00000000E+00  0.00000000E+00  0.00000000E+00  0.00000000E+00  0.00000000E+00  0.00000000E+00  0.00000000E+00  0.00000000E+00  0.00000000E+00  0.00000000E+00
-7.03802725E+00  1.84400000E-02  1.69000000E-02  3.05400000E-02  3.63400000E-02  2.98800000E-02  2.48600000E-02  7.48500000E-02  8.07500000E-02  0.00000000E+00  0.00000000E+00  0.00000000E+00  0.00000000E+00  0.00000000E+00  0.00000000E+00  0.00000000E+00  0.00000000E+00  0.00000000E+00  0.00000000E+00
-7.02002725E+00  1.85600000E-02  1.67500000E-02  2.89400000E-02  3.20600000E-02  3.42600000E-02  2.33700000E-02  7.36000000E-02  7.77200000E-02  0.00000000E+00  0.00000000E+00  0.00000000E+00  0.00000000E+00  0.00000000E+00  0.00000000E+00  0.00000000E+00  0.00000000E+00  0.00000000E+00  0.00000000E+00
-7.00302725E+00  1.81300000E-02  1.69400000E-02  2.80900000E-02  2.99900000E-02  4.28300000E-02  2.58200000E-02  7.33300000E-02  7.61100000E-02  0.00000000E+00  0.00000000E+00  0.00000000E+00  0.00000000E+00  0.00000000E+00  0.00000000E+00  0.00000000E+00  0.00000000E+00  0.00000000E+00  0.00000000E+00
-6.98502725E+00  1.66600000E-02  1.71500000E-02  2.66200000E-02  2.92400000E-02  5.20300000E-02  3.32500000E-02  7.31500000E-02  7.71200000E-02  0.00000000E+00  0.00000000E+00  0.00000000E+00  0.00000000E+00  0.00000000E+00  0.00000000E+00  0.00000000E+00  0.00000000E+00  0.00000000E+00  0.00000000E+00
-6.96802725E+00  1.40300000E-02  1.62800000E-02  2.47100000E-02  2.77900000E-02  5.59900000E-02  4.30300000E-02  7.30100000E-02  7.86700000E-02  0.00000000E+00  0.00000000E+00  0.00000000E+00  0.00000000E+00  0.00000000E+00  0.00000000E+00  0.00000000E+00  0.00000000E+00  0.00000000E+00  0.00000000E+00
-6.95002725E+00  1.12100000E-02  1.40200000E-02  2.47400000E-02  2.56400000E-02  5.13200000E-02  5.02600000E-02  7.39300000E-02  7.92800000E-02  0.00000000E+00  0.00000000E+00  0.00000000E+00  0.00000000E+00  0.00000000E+00  0.00000000E+00  0.00000000E+00  0.00000000E+00  0.00000000E+00  0.00000000E+00
-6.93302725E+00  9.60400000E-03  1.13900000E-02  2.96500000E-02  2.51700000E-02  3.97900000E-02  5.09800000E-02  7.56300000E-02  7.88900000E-02  0.00000000E+00  0.00000000E+00  0.00000000E+00  0.00000000E+00  0.00000000E+00  0.00000000E+00  0.00000000E+00  0.00000000E+00  0.00000000E+00  0.00000000E+00
-6.91502725E+00  9.85900000E-03  9.72700000E-03  4.05600000E-02  2.86900000E-02  2.66800000E-02  4.45800000E-02  7.60400000E-02  7.68600000E-02  0.00000000E+00  0.00000000E+00  0.00000000E+00  0.00000000E+00  0.00000000E+00  0.00000000E+00  0.00000000E+00  0.00000000E+00  0.00000000E+00  0.00000000E+00
-6.89802725E+00  1.14100000E-02  9.57600000E-03  5.58700000E-02  3.61600000E-02  1.70000000E-02  3.38600000E-02  7.36600000E-02  7.20700000E-02  0.00000000E+00  0.00000000E+00  0.00000000E+00  0.00000000E+00  0.00000000E+00  0.00000000E+00  0.00000000E+00  0.00000000E+00  0.00000000E+00  0.00000000E+00
-6.88002725E+00  1.29500000E-02  1.05200000E-02  7.19700000E-02  4.57100000E-02  1.29300000E-02  2.31400000E-02  6.91000000E-02  6.48900000E-02  0.00000000E+00  0.00000000E+00  0.00000000E+00  0.00000000E+00  0.00000000E+00  0.00000000E+00  0.00000000E+00  0.00000000E+00  0.00000000E+00  0.00000000E+00
-6.86302725E+00  1.33800000E-02  1.17000000E-02  8.47200000E-02  5.61400000E-02  1.40900000E-02  1.58300000E-02  6.38100000E-02  5.78300000E-02  0.00000000E+00  0.00000000E+00  0.00000000E+00  0.00000000E+00  0.00000000E+00  0.00000000E+00  0.00000000E+00  0.00000000E+00  0.00000000E+00  0.00000000E+00
-6.84502725E+00  1.24100000E-02  1.24800000E-02  9.09600000E-02  6.80800000E-02  1.91700000E-02  1.31900000E-02  5.83600000E-02  5.38700000E-02  0.00000000E+00  0.00000000E+00  0.00000000E+00  0.00000000E+00  0.00000000E+00  0.00000000E+00  0.00000000E+00  0.00000000E+00  0.00000000E+00  0.00000000E+00
-6.82802725E+00  1.05600000E-02  1.25700000E-02  9.00400000E-02  8.13000000E-02  2.72600000E-02  1.46700000E-02  5.24200000E-02  5.39100000E-02  0.00000000E+00  0.00000000E+00  0.00000000E+00  0.00000000E+00  0.00000000E+00  0.00000000E+00  0.00000000E+00  0.00000000E+00  0.00000000E+00  0.00000000E+00
-6.81002725E+00  8.61200000E-03  1.18700000E-02  8.40900000E-02  9.17400000E-02  3.73400000E-02  1.91500000E-02  4.61200000E-02  5.55300000E-02  0.00000000E+00  0.00000000E+00  0.00000000E+00  0.00000000E+00  0.00000000E+00  0.00000000E+00  0.00000000E+00  0.00000000E+00  0.00000000E+00  0.00000000E+00
-6.79302725E+00  7.14800000E-03  1.04100000E-02  7.61200000E-02  9.35800000E-02  4.69500000E-02  2.59000000E-02  4.10800000E-02  5.53800000E-02  0.00000000E+00  0.00000000E+00  0.00000000E+00  0.00000000E+00  0.00000000E+00  0.00000000E+00  0.00000000E+00  0.00000000E+00  0.00000000E+00  0.00000000E+00
-6.77502725E+00  6.31900000E-03  8.49700000E-03  6.79500000E-02  8.49500000E-02  5.24700000E-02  3.41100000E-02  4.02400000E-02  5.29500000E-02  0.00000000E+00  0.00000000E+00  0.00000000E+00  0.00000000E+00  0.00000000E+00  0.00000000E+00  0.00000000E+00  0.00000000E+00  0.00000000E+00  0.00000000E+00
-6.75802725E+00  6.05800000E-03  6.69900000E-03  6.04900000E-02  7.02200000E-02  5.21200000E-02  4.21000000E-02  4.65400000E-02  5.15600000E-02  0.00000000E+00  0.00000000E+00  0.00000000E+00  0.00000000E+00  0.00000000E+00  0.00000000E+00  0.00000000E+00  0.00000000E+00  0.00000000E+00  0.00000000E+00
-6.74002725E+00  6.29100000E-03  5.55400000E-03  5.45500000E-02  5.62600000E-02  4.81800000E-02  4.76800000E-02  6.04100000E-02  5.52000000E-02  0.00000000E+00  0.00000000E+00  0.00000000E+00  0.00000000E+00  0.00000000E+00  0.00000000E+00  0.00000000E+00  0.00000000E+00  0.00000000E+00  0.00000000E+00
-6.72302725E+00  6.88000000E-03  5.30200000E-03  5.02300000E-02  4.74200000E-02  4.47000000E-02  4.97700000E-02  7.72600000E-02  6.47800000E-02  0.00000000E+00  0.00000000E+00  0.00000000E+00  0.00000000E+00  0.00000000E+00  0.00000000E+00  0.00000000E+00  0.00000000E+00  0.00000000E+00  0.00000000E+00
-6.70502725E+00  7.47000000E-03  5.86300000E-03  4.61300000E-02  4.38000000E-02  4.31100000E-02  4.91500000E-02  8.86800000E-02  7.69600000E-02  0.00000000E+00  0.00000000E+00  0.00000000E+00  0.00000000E+00  0.00000000E+00  0.00000000E+00  0.00000000E+00  0.00000000E+00  0.00000000E+00  0.00000000E+00
-6.68802725E+00  7.59500000E-03  6.87900000E-03  4.06000000E-02  4.27300000E-02  4.12000000E-02  4.73300000E-02  8.80900000E-02  8.60000000E-02  0.00000000E+00  0.00000000E+00  0.00000000E+00  0.00000000E+00  0.00000000E+00  0.00000000E+00  0.00000000E+00  0.00000000E+00  0.00000000E+00  0.00000000E+00
-6.67002725E+00  7.01000000E-03  7.79000000E-03  3.37500000E-02  4.12900000E-02  3.62900000E-02  4.49700000E-02  7.59600000E-02  8.71900000E-02  0.00000000E+00  0.00000000E+00  0.00000000E+00  0.00000000E+00  0.00000000E+00  0.00000000E+00  0.00000000E+00  0.00000000E+00  0.00000000E+00  0.00000000E+00
-6.65302725E+00  5.86900000E-03  8.04400000E-03  2.79700000E-02  3.81000000E-02  2.84300000E-02  4.14800000E-02  5.95800000E-02  7.96500000E-02  0.00000000E+00  0.00000000E+00  0.00000000E+00  0.00000000E+00  0.00000000E+00  0.00000000E+00  0.00000000E+00  0.00000000E+00  0.00000000E+00  0.00000000E+00
-6.63502725E+00  4.64200000E-03  7.41000000E-03  2.67300000E-02  3.42300000E-02  2.02800000E-02  3.60500000E-02  4.84600000E-02  6.72600000E-02  0.00000000E+00  0.00000000E+00  0.00000000E+00  0.00000000E+00  0.00000000E+00  0.00000000E+00  0.00000000E+00  0.00000000E+00  0.00000000E+00  0.00000000E+00
-6.61802725E+00  3.84200000E-03  6.17500000E-03  3.23500000E-02  3.27800000E-02  1.48400000E-02  2.89500000E-02  4.90400000E-02  5.70200000E-02  0.00000000E+00  0.00000000E+00  0.00000000E+00  0.00000000E+00  0.00000000E+00  0.00000000E+00  0.00000000E+00  0.00000000E+00  0.00000000E+00  0.00000000E+00
-6.60102725E+00  3.74000000E-03  4.99000000E-03  4.42900000E-02  3.68800000E-02  1.35000000E-02  2.18500000E-02  6.11600000E-02  5.51500000E-02  0.00000000E+00  0.00000000E+00  0.00000000E+00  0.00000000E+00  0.00000000E+00  0.00000000E+00  0.00000000E+00  0.00000000E+00  0.00000000E+00  0.00000000E+00
-6.58302725E+00  4.21900000E-03  4.42500000E-03  5.95400000E-02  4.75600000E-02  1.54600000E-02  1.67100000E-02  7.79900000E-02  6.32200000E-02  0.00000000E+00  0.00000000E+00  0.00000000E+00  0.00000000E+00  0.00000000E+00  0.00000000E+00  0.00000000E+00  0.00000000E+00  0.00000000E+00  0.00000000E+00
-6.56602725E+00  4.88400000E-03  4.59500000E-03  7.50200000E-02  6.33500000E-02  1.83800000E-02  1.43300000E-02  9.06300000E-02  7.74100000E-02  0.00000000E+00  0.00000000E+00  0.00000000E+00  0.00000000E+00  0.00000000E+00  0.00000000E+00  0.00000000E+00  0.00000000E+00  0.00000000E+00  0.00000000E+00
-6.54802725E+00  5.37200000E-03  5.16400000E-03  8.86500000E-02  8.10900000E-02  1.97300000E-02  1.40300000E-02  9.42000000E-02  9.11000000E-02  0.00000000E+00  0.00000000E+00  0.00000000E+00  0.00000000E+00  0.00000000E+00  0.00000000E+00  0.00000000E+00  0.00000000E+00  0.00000000E+00  0.00000000E+00
-6.53102725E+00  5.57700000E-03  5.64100000E-03  9.78200000E-02  9.60600000E-02  1.85900000E-02  1.44300000E-02  8.99500000E-02  9.82300000E-02  0.00000000E+00  0.00000000E+00  0.00000000E+00  0.00000000E+00  0.00000000E+00  0.00000000E+00  0.00000000E+00  0.00000000E+00  0.00000000E+00  0.00000000E+00
-6.51302725E+00  5.63600000E-03  5.73900000E-03  9.92400000E-02  1.02900000E-01  1.64700000E-02  1.45300000E-02  8.18800000E-02  9.60300000E-02  0.00000000E+00  0.00000000E+00  0.00000000E+00  0.00000000E+00  0.00000000E+00  0.00000000E+00  0.00000000E+00  0.00000000E+00  0.00000000E+00  0.00000000E+00
-6.49602725E+00  5.73100000E-03  5.56400000E-03  9.21600000E-02  9.91800000E-02  1.66500000E-02  1.45000000E-02  7.26500000E-02  8.60100000E-02  0.00000000E+00  0.00000000E+00  0.00000000E+00  0.00000000E+00  0.00000000E+00  0.00000000E+00  0.00000000E+00  0.00000000E+00  0.00000000E+00  0.00000000E+00
-6.47802725E+00  5.96300000E-03  5.51000000E-03  8.08700000E-02  8.83200000E-02  2.24100000E-02  1.57400000E-02  6.30400000E-02  7.26400000E-02  0.00000000E+00  0.00000000E+00  0.00000000E+00  0.00000000E+00  0.00000000E+00  0.00000000E+00  0.00000000E+00  0.00000000E+00  0.00000000E+00  0.00000000E+00
-6.46102725E+00  6.36900000E-03  5.94100000E-03  7.22100000E-02  7.80200000E-02  3.50100000E-02  2.06800000E-02  5.40300000E-02  6.03900000E-02  0.00000000E+00  0.00000000E+00  0.00000000E+00  0.00000000E+00  0.00000000E+00  0.00000000E+00  0.00000000E+00  0.00000000E+00  0.00000000E+00  0.00000000E+00
-6.44302725E+00  6.92500000E-03  6.89300000E-03  7.04400000E-02  7.39600000E-02  5.24600000E-02  3.11700000E-02  4.75700000E-02  5.17600000E-02  0.00000000E+00  0.00000000E+00  0.00000000E+00  0.00000000E+00  0.00000000E+00  0.00000000E+00  0.00000000E+00  0.00000000E+00  0.00000000E+00  0.00000000E+00
-6.42602725E+00  7.49300000E-03  7.93800000E-03  7.46700000E-02  7.55600000E-02  6.97200000E-02  4.59500000E-02  4.49900000E-02  4.71200000E-02  0.00000000E+00  0.00000000E+00  0.00000000E+00  0.00000000E+00  0.00000000E+00  0.00000000E+00  0.00000000E+00  0.00000000E+00  0.00000000E+00  0.00000000E+00
-6.40802725E+00  7.88200000E-03  8.36900000E-03  8.09200000E-02  7.75400000E-02  8.07800000E-02  6.00000000E-02  4.57600000E-02  4.51800000E-02  0.00000000E+00  0.00000000E+00  0.00000000E+00  0.00000000E+00  0.00000000E+00  0.00000000E+00  0.00000000E+00  0.00000000E+00  0.00000000E+00  0.00000000E+00
-6.39102725E+00  8.06800000E-03  7.76700000E-03  8.65400000E-02  7.58800000E-02  8.17600000E-02  6.83600000E-02  4.89400000E-02  4.40300000E-02  0.00000000E+00  0.00000000E+00  0.00000000E+00  0.00000000E+00  0.00000000E+00  0.00000000E+00  0.00000000E+00  0.00000000E+00  0.00000000E+00  0.00000000E+00
-6.37302725E+00  8.23900000E-03  6.48000000E-03  9.19900000E-02  7.22600000E-02  7.29500000E-02  7.05300000E-02  5.47700000E-02  4.31000000E-02  0.00000000E+00  0.00000000E+00  0.00000000E+00  0.00000000E+00  0.00000000E+00  0.00000000E+00  0.00000000E+00  0.00000000E+00  0.00000000E+00  0.00000000E+00
-6.35602725E+00  8.52800000E-03  5.40500000E-03  9.72900000E-02  7.15500000E-02  5.84700000E-02  6.93600000E-02  6.34100000E-02  4.40100000E-02  0.00000000E+00  0.00000000E+00  0.00000000E+00  0.00000000E+00  0.00000000E+00  0.00000000E+00  0.00000000E+00  0.00000000E+00  0.00000000E+00  0.00000000E+00
-6.33802725E+00  8.78900000E-03  5.20900000E-03  9.89100000E-02  7.51600000E-02  4.37800000E-02  6.59800000E-02  7.27800000E-02  4.86600000E-02  0.00000000E+00  0.00000000E+00  0.00000000E+00  0.00000000E+00  0.00000000E+00  0.00000000E+00  0.00000000E+00  0.00000000E+00  0.00000000E+00  0.00000000E+00
-6.32102725E+00  8.73600000E-03  5.88500000E-03  9.30500000E-02  7.94600000E-02  3.25600000E-02  5.88500000E-02  7.91100000E-02  5.71800000E-02  0.00000000E+00  0.00000000E+00  0.00000000E+00  0.00000000E+00  0.00000000E+00  0.00000000E+00  0.00000000E+00  0.00000000E+00  0.00000000E+00  0.00000000E+00
-6.30302725E+00  8.19400000E-03  6.96300000E-03  8.12400000E-02  8.15200000E-02  2.52600000E-02  4.75900000E-02  7.93500000E-02  6.79300000E-02  0.00000000E+00  0.00000000E+00  0.00000000E+00  0.00000000E+00  0.00000000E+00  0.00000000E+00  0.00000000E+00  0.00000000E+00  0.00000000E+00  0.00000000E+00
-6.28602725E+00  7.20500000E-03  7.89800000E-03  6.97600000E-02  8.28900000E-02  2.00400000E-02  3.50100000E-02  7.26600000E-02  7.76700000E-02  0.00000000E+00  0.00000000E+00  0.00000000E+00  0.00000000E+00  0.00000000E+00  0.00000000E+00  0.00000000E+00  0.00000000E+00  0.00000000E+00  0.00000000E+00
-6.26802725E+00  5.96200000E-03  8.25700000E-03  6.30300000E-02  8.56500000E-02  1.52500000E-02  2.43800000E-02  6.03600000E-02  8.14800000E-02  0.00000000E+00  0.00000000E+00  0.00000000E+00  0.00000000E+00  0.00000000E+00  0.00000000E+00  0.00000000E+00  0.00000000E+00  0.00000000E+00  0.00000000E+00
-6.25102725E+00  4.68600000E-03  7.80100000E-03  5.93800000E-02  8.72500000E-02  1.08300000E-02  1.67300000E-02  4.53200000E-02  7.52200000E-02  0.00000000E+00  0.00000000E+00  0.00000000E+00  0.00000000E+00  0.00000000E+00  0.00000000E+00  0.00000000E+00  0.00000000E+00  0.00000000E+00  0.00000000E+00
-6.23302725E+00  3.51900000E-03  6.58500000E-03  5.39600000E-02  8.21900000E-02  7.80700000E-03  1.14300000E-02  3.08400000E-02  5.94700000E-02  0.00000000E+00  0.00000000E+00  0.00000000E+00  0.00000000E+00  0.00000000E+00  0.00000000E+00  0.00000000E+00  0.00000000E+00  0.00000000E+00  0.00000000E+00
-6.21602725E+00  2.52600000E-03  4.94500000E-03  4.49100000E-02  6.83500000E-02  7.45400000E-03  7.96500000E-03  1.94100000E-02  3.98200000E-02  0.00000000E+00  0.00000000E+00  0.00000000E+00  0.00000000E+00  0.00000000E+00  0.00000000E+00  0.00000000E+00  0.00000000E+00  0.00000000E+00  0.00000000E+00
-6.19802725E+00  1.79600000E-03  3.32300000E-03  3.53100000E-02  4.98300000E-02  1.08900000E-02  6.82600000E-03  1.24400000E-02  2.27800000E-02  0.00000000E+00  0.00000000E+00  0.00000000E+00  0.00000000E+00  0.00000000E+00  0.00000000E+00  0.00000000E+00  0.00000000E+00  0.00000000E+00  0.00000000E+00
-6.18102725E+00  1.47200000E-03  2.08300000E-03  2.92600000E-02  3.36600000E-02  1.87600000E-02  9.18900000E-03  1.05300000E-02  1.19100000E-02  0.00000000E+00  0.00000000E+00  0.00000000E+00  0.00000000E+00  0.00000000E+00  0.00000000E+00  0.00000000E+00  0.00000000E+00  0.00000000E+00  0.00000000E+00
-6.16302725E+00  1.65300000E-03  1.41600000E-03  2.76100000E-02  2.44400000E-02  3.05000000E-02  1.62600000E-02  1.36900000E-02  7.59100000E-03  0.00000000E+00  0.00000000E+00  0.00000000E+00  0.00000000E+00  0.00000000E+00  0.00000000E+00  0.00000000E+00  0.00000000E+00  0.00000000E+00  0.00000000E+00
-6.14602725E+00  2.33900000E-03  1.36300000E-03  2.84800000E-02  2.22300000E-02  4.37700000E-02  2.83100000E-02  2.12600000E-02  9.05400000E-03  0.00000000E+00  0.00000000E+00  0.00000000E+00  0.00000000E+00  0.00000000E+00  0.00000000E+00  0.00000000E+00  0.00000000E+00  0.00000000E+00  0.00000000E+00
-6.12902725E+00  3.45900000E-03  1.92000000E-03  3.03100000E-02  2.46500000E-02  5.46700000E-02  4.35800000E-02  3.17500000E-02  1.57900000E-02  0.00000000E+00  0.00000000E+00  0.00000000E+00  0.00000000E+00  0.00000000E+00  0.00000000E+00  0.00000000E+00  0.00000000E+00  0.00000000E+00  0.00000000E+00
-6.11102725E+00  4.89400000E-03  3.08500000E-03  3.30000000E-02  2.94500000E-02  5.94100000E-02  5.75900000E-02  4.29300000E-02  2.69600000E-02  0.00000000E+00  0.00000000E+00  0.00000000E+00  0.00000000E+00  0.00000000E+00  0.00000000E+00  0.00000000E+00  0.00000000E+00  0.00000000E+00  0.00000000E+00
-6.09402725E+00  6.41000000E-03  4.71000000E-03  3.64500000E-02  3.46600000E-02  5.68200000E-02  6.46100000E-02  5.22200000E-02  3.98100000E-02  0.00000000E+00  0.00000000E+00  0.00000000E+00  0.00000000E+00  0.00000000E+00  0.00000000E+00  0.00000000E+00  0.00000000E+00  0.00000000E+00  0.00000000E+00
-6.07602725E+00  7.59100000E-03  6.34300000E-03  3.96500000E-02  3.79900000E-02  4.96700000E-02  6.16700000E-02  5.74400000E-02  4.98400000E-02  0.00000000E+00  0.00000000E+00  0.00000000E+00  0.00000000E+00  0.00000000E+00  0.00000000E+00  0.00000000E+00  0.00000000E+00  0.00000000E+00  0.00000000E+00
-6.05902725E+00  8.02000000E-03  7.37500000E-03  4.14300000E-02  3.80600000E-02  4.27700000E-02  5.18200000E-02  5.73500000E-02  5.37200000E-02  0.00000000E+00  0.00000000E+00  0.00000000E+00  0.00000000E+00  0.00000000E+00  0.00000000E+00  0.00000000E+00  0.00000000E+00  0.00000000E+00  0.00000000E+00
-6.04102725E+00  7.59800000E-03  7.50000000E-03  4.12200000E-02  3.58700000E-02  3.93500000E-02  4.19700000E-02  5.21600000E-02  5.15400000E-02  0.00000000E+00  0.00000000E+00  0.00000000E+00  0.00000000E+00  0.00000000E+00  0.00000000E+00  0.00000000E+00  0.00000000E+00  0.00000000E+00  0.00000000E+00
-6.02402725E+00  6.58700000E-03  6.95800000E-03  3.91600000E-02  3.37000000E-02  3.93100000E-02  3.70400000E-02  4.39800000E-02  4.57400000E-02  0.00000000E+00  0.00000000E+00  0.00000000E+00  0.00000000E+00  0.00000000E+00  0.00000000E+00  0.00000000E+00  0.00000000E+00  0.00000000E+00  0.00000000E+00
-6.00602725E+00  5.34500000E-03  6.18900000E-03  3.63400000E-02  3.24800000E-02  4.04900000E-02  3.70000000E-02  3.64100000E-02  3.85900000E-02  0.00000000E+00  0.00000000E+00  0.00000000E+00  0.00000000E+00  0.00000000E+00  0.00000000E+00  0.00000000E+00  0.00000000E+00  0.00000000E+00  0.00000000E+00
-5.98902725E+00  4.12500000E-03  5.34500000E-03  3.45000000E-02  3.16400000E-02  4.06300000E-02  3.89500000E-02  3.26000000E-02  3.18500000E-02  0.00000000E+00  0.00000000E+00  0.00000000E+00  0.00000000E+00  0.00000000E+00  0.00000000E+00  0.00000000E+00  0.00000000E+00  0.00000000E+00  0.00000000E+00
-5.97102725E+00  3.10300000E-03  4.33700000E-03  3.46800000E-02  3.11600000E-02  3.86000000E-02  4.03500000E-02  3.30000000E-02  2.76600000E-02  0.00000000E+00  0.00000000E+00  0.00000000E+00  0.00000000E+00  0.00000000E+00  0.00000000E+00  0.00000000E+00  0.00000000E+00  0.00000000E+00  0.00000000E+00
-5.95402725E+00  2.41200000E-03  3.21200000E-03  3.62000000E-02  3.22100000E-02  3.49000000E-02  3.99300000E-02  3.49900000E-02  2.77200000E-02  0.00000000E+00  0.00000000E+00  0.00000000E+00  0.00000000E+00  0.00000000E+00  0.00000000E+00  0.00000000E+00  0.00000000E+00  0.00000000E+00  0.00000000E+00
-5.93602725E+00  2.16000000E-03  2.24000000E-03  3.79200000E-02  3.49400000E-02  3.11900000E-02  3.74800000E-02  3.55700000E-02  3.11400000E-02  0.00000000E+00  0.00000000E+00  0.00000000E+00  0.00000000E+00  0.00000000E+00  0.00000000E+00  0.00000000E+00  0.00000000E+00  0.00000000E+00  0.00000000E+00
-5.91902725E+00  2.52000000E-03  1.70000000E-03  4.03300000E-02  3.73600000E-02  2.86300000E-02  3.36300000E-02  3.44000000E-02  3.43400000E-02  0.00000000E+00  0.00000000E+00  0.00000000E+00  0.00000000E+00  0.00000000E+00  0.00000000E+00  0.00000000E+00  0.00000000E+00  0.00000000E+00  0.00000000E+00
-5.90102725E+00  3.73500000E-03  1.76700000E-03  4.51700000E-02  3.78100000E-02  2.68700000E-02  2.93100000E-02  3.40300000E-02  3.44200000E-02  0.00000000E+00  0.00000000E+00  0.00000000E+00  0.00000000E+00  0.00000000E+00  0.00000000E+00  0.00000000E+00  0.00000000E+00  0.00000000E+00  0.00000000E+00
-5.88402725E+00  5.83300000E-03  2.56700000E-03  5.29700000E-02  3.76600000E-02  2.48100000E-02  2.50700000E-02  3.66600000E-02  3.23500000E-02  0.00000000E+00  0.00000000E+00  0.00000000E+00  0.00000000E+00  0.00000000E+00  0.00000000E+00  0.00000000E+00  0.00000000E+00  0.00000000E+00  0.00000000E+00
-5.86602725E+00  8.23200000E-03  4.12600000E-03  6.13300000E-02  4.02300000E-02  2.20700000E-02  2.11600000E-02  4.14300000E-02  3.18700000E-02  0.00000000E+00  0.00000000E+00  0.00000000E+00  0.00000000E+00  0.00000000E+00  0.00000000E+00  0.00000000E+00  0.00000000E+00  0.00000000E+00  0.00000000E+00
-5.84902725E+00  9.84600000E-03  6.16900000E-03  6.60900000E-02  4.74600000E-02  1.94500000E-02  1.81900000E-02  4.52800000E-02  3.53600000E-02  0.00000000E+00  0.00000000E+00  0.00000000E+00  0.00000000E+00  0.00000000E+00  0.00000000E+00  0.00000000E+00  0.00000000E+00  0.00000000E+00  0.00000000E+00
-5.83102725E+00  9.89900000E-03  8.09300000E-03  6.50500000E-02  5.82000000E-02  1.83600000E-02  1.70400000E-02  4.64500000E-02  4.17500000E-02  0.00000000E+00  0.00000000E+00  0.00000000E+00  0.00000000E+00  0.00000000E+00  0.00000000E+00  0.00000000E+00  0.00000000E+00  0.00000000E+00  0.00000000E+00
-5.81402725E+00  8.60500000E-03  9.27000000E-03  6.02600000E-02  6.89400000E-02  2.00300000E-02  1.81200000E-02  4.61700000E-02  4.82100000E-02  0.00000000E+00  0.00000000E+00  0.00000000E+00  0.00000000E+00  0.00000000E+00  0.00000000E+00  0.00000000E+00  0.00000000E+00  0.00000000E+00  0.00000000E+00
-5.79602725E+00  6.87300000E-03  9.40900000E-03  5.60800000E-02  7.58300000E-02  2.44900000E-02  2.10900000E-02  4.62200000E-02  5.25700000E-02  0.00000000E+00  0.00000000E+00  0.00000000E+00  0.00000000E+00  0.00000000E+00  0.00000000E+00  0.00000000E+00  0.00000000E+00  0.00000000E+00  0.00000000E+00
-5.77902725E+00  5.48000000E-03  8.63700000E-03  5.52000000E-02  7.67800000E-02  3.02900000E-02  2.52000000E-02  4.63600000E-02  5.37100000E-02  0.00000000E+00  0.00000000E+00  0.00000000E+00  0.00000000E+00  0.00000000E+00  0.00000000E+00  0.00000000E+00  0.00000000E+00  0.00000000E+00  0.00000000E+00
-5.76102725E+00  4.73000000E-03  7.36700000E-03  5.69800000E-02  7.25300000E-02  3.53300000E-02  2.95200000E-02  4.56900000E-02  5.11700000E-02  0.00000000E+00  0.00000000E+00  0.00000000E+00  0.00000000E+00  0.00000000E+00  0.00000000E+00  0.00000000E+00  0.00000000E+00  0.00000000E+00  0.00000000E+00
-5.74402725E+00  4.62300000E-03  6.14800000E-03  5.87400000E-02  6.59200000E-02  3.82600000E-02  3.32900000E-02  4.52700000E-02  4.60400000E-02  0.00000000E+00  0.00000000E+00  0.00000000E+00  0.00000000E+00  0.00000000E+00  0.00000000E+00  0.00000000E+00  0.00000000E+00  0.00000000E+00  0.00000000E+00
-5.72602725E+00  4.94500000E-03  5.44200000E-03  5.75600000E-02  5.97600000E-02  3.92700000E-02  3.60100000E-02  4.66900000E-02  4.12400000E-02  0.00000000E+00  0.00000000E+00  0.00000000E+00  0.00000000E+00  0.00000000E+00  0.00000000E+00  0.00000000E+00  0.00000000E+00  0.00000000E+00  0.00000000E+00
-5.70902725E+00  5.20700000E-03  5.31600000E-03  5.18200000E-02  5.49000000E-02  3.93300000E-02  3.75900000E-02  4.84400000E-02  3.94800000E-02  0.00000000E+00  0.00000000E+00  0.00000000E+00  0.00000000E+00  0.00000000E+00  0.00000000E+00  0.00000000E+00  0.00000000E+00  0.00000000E+00  0.00000000E+00
-5.69102725E+00  4.89500000E-03  5.34700000E-03  4.21300000E-02  5.01800000E-02  3.88800000E-02  3.83600000E-02  4.65300000E-02  4.05700000E-02  0.00000000E+00  0.00000000E+00  0.00000000E+00  0.00000000E+00  0.00000000E+00  0.00000000E+00  0.00000000E+00  0.00000000E+00  0.00000000E+00  0.00000000E+00
-5.67402725E+00  3.91600000E-03  4.99500000E-03  3.10600000E-02  4.39200000E-02  3.76300000E-02  3.84700000E-02  3.91100000E-02  4.14700000E-02  0.00000000E+00  0.00000000E+00  0.00000000E+00  0.00000000E+00  0.00000000E+00  0.00000000E+00  0.00000000E+00  0.00000000E+00  0.00000000E+00  0.00000000E+00
-5.65702725E+00  2.67500000E-03  4.07700000E-03  2.15300000E-02  3.55500000E-02  3.58300000E-02  3.74400000E-02  2.87500000E-02  3.90800000E-02  0.00000000E+00  0.00000000E+00  0.00000000E+00  0.00000000E+00  0.00000000E+00  0.00000000E+00  0.00000000E+00  0.00000000E+00  0.00000000E+00  0.00000000E+00
-5.63902725E+00  1.71800000E-03  2.86200000E-03  1.55100000E-02  2.62500000E-02  3.46200000E-02  3.50100000E-02  1.99000000E-02  3.26600000E-02  0.00000000E+00  0.00000000E+00  0.00000000E+00  0.00000000E+00  0.00000000E+00  0.00000000E+00  0.00000000E+00  0.00000000E+00  0.00000000E+00  0.00000000E+00
-5.62202725E+00  1.37200000E-03  1.78100000E-03  1.38300000E-02  1.82800000E-02  3.47400000E-02  3.27900000E-02  1.56700000E-02  2.43800000E-02  0.00000000E+00  0.00000000E+00  0.00000000E+00  0.00000000E+00  0.00000000E+00  0.00000000E+00  0.00000000E+00  0.00000000E+00  0.00000000E+00  0.00000000E+00
-5.60402725E+00  1.70500000E-03  1.13500000E-03  1.68200000E-02  1.36900000E-02  3.53900000E-02  3.34000000E-02  1.70000000E-02  1.76800000E-02  0.00000000E+00  0.00000000E+00  0.00000000E+00  0.00000000E+00  0.00000000E+00  0.00000000E+00  0.00000000E+00  0.00000000E+00  0.00000000E+00  0.00000000E+00
-5.58702725E+00  2.58300000E-03  1.04900000E-03  2.42800000E-02  1.33900000E-02  3.51800000E-02  3.74400000E-02  2.28400000E-02  1.51000000E-02  0.00000000E+00  0.00000000E+00  0.00000000E+00  0.00000000E+00  0.00000000E+00  0.00000000E+00  0.00000000E+00  0.00000000E+00  0.00000000E+00  0.00000000E+00
-5.56902725E+00  3.67000000E-03  1.53400000E-03  3.47300000E-02  1.74100000E-02  3.36700000E-02  4.24300000E-02  3.00400000E-02  1.71200000E-02  0.00000000E+00  0.00000000E+00  0.00000000E+00  0.00000000E+00  0.00000000E+00  0.00000000E+00  0.00000000E+00  0.00000000E+00  0.00000000E+00  0.00000000E+00
-5.55202725E+00  4.48700000E-03  2.48800000E-03  4.50500000E-02  2.53300000E-02  3.16600000E-02  4.51700000E-02  3.44600000E-02  2.23500000E-02  0.00000000E+00  0.00000000E+00  0.00000000E+00  0.00000000E+00  0.00000000E+00  0.00000000E+00  0.00000000E+00  0.00000000E+00  0.00000000E+00  0.00000000E+00
-5.53402725E+00  4.69900000E-03  3.61400000E-03  5.19600000E-02  3.59100000E-02  3.06800000E-02  4.43600000E-02  3.39300000E-02  2.82200000E-02  0.00000000E+00  0.00000000E+00  0.00000000E+00  0.00000000E+00  0.00000000E+00  0.00000000E+00  0.00000000E+00  0.00000000E+00  0.00000000E+00  0.00000000E+00
-5.51702725E+00  4.38300000E-03  4.45600000E-03  5.42500000E-02  4.66500000E-02  3.26600000E-02  4.10900000E-02  3.02700000E-02  3.20500000E-02  0.00000000E+00  0.00000000E+00  0.00000000E+00  0.00000000E+00  0.00000000E+00  0.00000000E+00  0.00000000E+00  0.00000000E+00  0.00000000E+00  0.00000000E+00
-5.49902725E+00  3.94500000E-03  4.71800000E-03  5.34400000E-02  5.50200000E-02  3.84700000E-02  3.80900000E-02  2.76100000E-02  3.30000000E-02  0.00000000E+00  0.00000000E+00  0.00000000E+00  0.00000000E+00  0.00000000E+00  0.00000000E+00  0.00000000E+00  0.00000000E+00  0.00000000E+00  0.00000000E+00
-5.48202725E+00  3.73300000E-03  4.53700000E-03  5.22200000E-02  6.05200000E-02  4.58100000E-02  3.83400000E-02  2.87800000E-02  3.32100000E-02  0.00000000E+00  0.00000000E+00  0.00000000E+00  0.00000000E+00  0.00000000E+00  0.00000000E+00  0.00000000E+00  0.00000000E+00  0.00000000E+00  0.00000000E+00
-5.46402725E+00  3.79900000E-03  4.33400000E-03  5.23100000E-02  6.44700000E-02  4.97900000E-02  4.27000000E-02  3.34500000E-02  3.58300000E-02  0.00000000E+00  0.00000000E+00  0.00000000E+00  0.00000000E+00  0.00000000E+00  0.00000000E+00  0.00000000E+00  0.00000000E+00  0.00000000E+00  0.00000000E+00
-5.44702725E+00  4.02400000E-03  4.38100000E-03  5.35400000E-02  6.75500000E-02  4.70800000E-02  4.80300000E-02  3.88600000E-02  4.13900000E-02  0.00000000E+00  0.00000000E+00  0.00000000E+00  0.00000000E+00  0.00000000E+00  0.00000000E+00  0.00000000E+00  0.00000000E+00  0.00000000E+00  0.00000000E+00
-5.42902725E+00  4.30700000E-03  4.61200000E-03  5.41500000E-02  6.85500000E-02  3.91800000E-02  4.90000000E-02  4.16000000E-02  4.65400000E-02  0.00000000E+00  0.00000000E+00  0.00000000E+00  0.00000000E+00  0.00000000E+00  0.00000000E+00  0.00000000E+00  0.00000000E+00  0.00000000E+00  0.00000000E+00
-5.41202725E+00  4.52900000E-03  4.82400000E-03  5.20100000E-02  6.55200000E-02  3.06000000E-02  4.27200000E-02  3.95500000E-02  4.68300000E-02  0.00000000E+00  0.00000000E+00  0.00000000E+00  0.00000000E+00  0.00000000E+00  0.00000000E+00  0.00000000E+00  0.00000000E+00  0.00000000E+00  0.00000000E+00
-5.39402725E+00  4.47000000E-03  4.84100000E-03  4.59300000E-02  5.76500000E-02  2.45000000E-02  3.12900000E-02  3.33200000E-02  4.06400000E-02  0.00000000E+00  0.00000000E+00  0.00000000E+00  0.00000000E+00  0.00000000E+00  0.00000000E+00  0.00000000E+00  0.00000000E+00  0.00000000E+00  0.00000000E+00
-5.37702725E+00  3.97100000E-03  4.50400000E-03  3.66900000E-02  4.57800000E-02  2.09000000E-02  1.96100000E-02  2.57800000E-02  3.02800000E-02  0.00000000E+00  0.00000000E+00  0.00000000E+00  0.00000000E+00  0.00000000E+00  0.00000000E+00  0.00000000E+00  0.00000000E+00  0.00000000E+00  0.00000000E+00
-5.35902725E+00  3.18400000E-03  3.73700000E-03  2.69100000E-02  3.23600000E-02  1.85300000E-02  1.15700000E-02  1.99700000E-02  1.98800000E-02  0.00000000E+00  0.00000000E+00  0.00000000E+00  0.00000000E+00  0.00000000E+00  0.00000000E+00  0.00000000E+00  0.00000000E+00  0.00000000E+00  0.00000000E+00
-5.34202725E+00  2.50300000E-03  2.72400000E-03  1.98200000E-02  2.08500000E-02  1.69600000E-02  8.42400000E-03  1.75800000E-02  1.29100000E-02  0.00000000E+00  0.00000000E+00  0.00000000E+00  0.00000000E+00  0.00000000E+00  0.00000000E+00  0.00000000E+00  0.00000000E+00  0.00000000E+00  0.00000000E+00
-5.32402725E+00  2.20500000E-03  1.87700000E-03  1.80200000E-02  1.44800000E-02  1.66500000E-02  9.58800000E-03  1.92100000E-02  1.12000000E-02  0.00000000E+00  0.00000000E+00  0.00000000E+00  0.00000000E+00  0.00000000E+00  0.00000000E+00  0.00000000E+00  0.00000000E+00  0.00000000E+00  0.00000000E+00
-5.30702725E+00  2.25200000E-03  1.55300000E-03  2.29800000E-02  1.51000000E-02  1.76500000E-02  1.37200000E-02  2.52100000E-02  1.52700000E-02  0.00000000E+00  0.00000000E+00  0.00000000E+00  0.00000000E+00  0.00000000E+00  0.00000000E+00  0.00000000E+00  0.00000000E+00  0.00000000E+00  0.00000000E+00
-5.28902725E+00  2.41600000E-03  1.80900000E-03  3.45700000E-02  2.30400000E-02  1.91700000E-02  1.91000000E-02  3.47100000E-02  2.44500000E-02  0.00000000E+00  0.00000000E+00  0.00000000E+00  0.00000000E+00  0.00000000E+00  0.00000000E+00  0.00000000E+00  0.00000000E+00  0.00000000E+00  0.00000000E+00
-5.27202725E+00  2.49600000E-03  2.39700000E-03  4.95900000E-02  3.70800000E-02  2.00600000E-02  2.39300000E-02  4.40200000E-02  3.66100000E-02  0.00000000E+00  0.00000000E+00  0.00000000E+00  0.00000000E+00  0.00000000E+00  0.00000000E+00  0.00000000E+00  0.00000000E+00  0.00000000E+00  0.00000000E+00
-5.25402725E+00  2.38900000E-03  2.92400000E-03  6.17800000E-02  5.35700000E-02  1.94600000E-02  2.68500000E-02  4.76900000E-02  4.77000000E-02  0.00000000E+00  0.00000000E+00  0.00000000E+00  0.00000000E+00  0.00000000E+00  0.00000000E+00  0.00000000E+00  0.00000000E+00  0.00000000E+00  0.00000000E+00
-5.23702725E+00  2.11400000E-03  3.07100000E-03  6.53500000E-02  6.64400000E-02  1.74700000E-02  2.71700000E-02  4.30900000E-02  5.28900000E-02  0.00000000E+00  0.00000000E+00  0.00000000E+00  0.00000000E+00  0.00000000E+00  0.00000000E+00  0.00000000E+00  0.00000000E+00  0.00000000E+00  0.00000000E+00
-5.21902725E+00  1.86300000E-03  2.78200000E-03  5.95500000E-02  7.00500000E-02  1.54900000E-02  2.50000000E-02  3.33600000E-02  4.95800000E-02  0.00000000E+00  0.00000000E+00  0.00000000E+00  0.00000000E+00  0.00000000E+00  0.00000000E+00  0.00000000E+00  0.00000000E+00  0.00000000E+00  0.00000000E+00
-5.20202725E+00  1.96600000E-03  2.28300000E-03  4.91900000E-02  6.34600000E-02  1.53700000E-02  2.16000000E-02  2.49000000E-02  3.99300000E-02  0.00000000E+00  0.00000000E+00  0.00000000E+00  0.00000000E+00  0.00000000E+00  0.00000000E+00  0.00000000E+00  0.00000000E+00  0.00000000E+00  0.00000000E+00
-5.18502725E+00  2.66400000E-03  1.93700000E-03  4.02900000E-02  5.14200000E-02  1.77100000E-02  1.89800000E-02  2.19000000E-02  2.95700000E-02  0.00000000E+00  0.00000000E+00  0.00000000E+00  0.00000000E+00  0.00000000E+00  0.00000000E+00  0.00000000E+00  0.00000000E+00  0.00000000E+00  0.00000000E+00
-5.16702725E+00  3.85100000E-03  2.02500000E-03  3.58700000E-02  4.04000000E-02  2.14700000E-02  1.83700000E-02  2.39800000E-02  2.31100000E-02  0.00000000E+00  0.00000000E+00  0.00000000E+00  0.00000000E+00  0.00000000E+00  0.00000000E+00  0.00000000E+00  0.00000000E+00  0.00000000E+00  0.00000000E+00
-5.15002725E+00  5.01500000E-03  2.62100000E-03  3.56100000E-02  3.42600000E-02  2.56200000E-02  1.92600000E-02  2.79800000E-02  2.13100000E-02  0.00000000E+00  0.00000000E+00  0.00000000E+00  0.00000000E+00  0.00000000E+00  0.00000000E+00  0.00000000E+00  0.00000000E+00  0.00000000E+00  0.00000000E+00
-5.13202725E+00  5.50700000E-03  3.57700000E-03  3.80800000E-02  3.35500000E-02  3.07500000E-02  2.06400000E-02  3.12000000E-02  2.22500000E-02  0.00000000E+00  0.00000000E+00  0.00000000E+00  0.00000000E+00  0.00000000E+00  0.00000000E+00  0.00000000E+00  0.00000000E+00  0.00000000E+00  0.00000000E+00
-5.11502725E+00  5.03000000E-03  4.53000000E-03  4.21100000E-02  3.71500000E-02  3.79300000E-02  2.29000000E-02  3.27800000E-02  2.39800000E-02  0.00000000E+00  0.00000000E+00  0.00000000E+00  0.00000000E+00  0.00000000E+00  0.00000000E+00  0.00000000E+00  0.00000000E+00  0.00000000E+00  0.00000000E+00
-5.09702725E+00  3.86700000E-03  5.00100000E-03  4.62100000E-02  4.29900000E-02  4.60800000E-02  2.73500000E-02  3.29900000E-02  2.55700000E-02  0.00000000E+00  0.00000000E+00  0.00000000E+00  0.00000000E+00  0.00000000E+00  0.00000000E+00  0.00000000E+00  0.00000000E+00  0.00000000E+00  0.00000000E+00
-5.08002725E+00  2.60000000E-03  4.68800000E-03  4.83500000E-02  4.81300000E-02  5.14900000E-02  3.42000000E-02  3.17100000E-02  2.67300000E-02  0.00000000E+00  0.00000000E+00  0.00000000E+00  0.00000000E+00  0.00000000E+00  0.00000000E+00  0.00000000E+00  0.00000000E+00  0.00000000E+00  0.00000000E+00
-5.06202725E+00  1.64600000E-03  3.72300000E-03  4.76100000E-02  5.02400000E-02  5.09100000E-02  4.16100000E-02  2.86200000E-02  2.72500000E-02  0.00000000E+00  0.00000000E+00  0.00000000E+00  0.00000000E+00  0.00000000E+00  0.00000000E+00  0.00000000E+00  0.00000000E+00  0.00000000E+00  0.00000000E+00
-5.04502725E+00  1.10200000E-03  2.55700000E-03  4.57100000E-02  4.94200000E-02  4.49700000E-02  4.73700000E-02  2.43600000E-02  2.67600000E-02  0.00000000E+00  0.00000000E+00  0.00000000E+00  0.00000000E+00  0.00000000E+00  0.00000000E+00  0.00000000E+00  0.00000000E+00  0.00000000E+00  0.00000000E+00
-5.02702725E+00  8.87100000E-04  1.59800000E-03  4.55000000E-02  4.73600000E-02  3.76700000E-02  5.03500000E-02  2.05400000E-02  2.48400000E-02  0.00000000E+00  0.00000000E+00  0.00000000E+00  0.00000000E+00  0.00000000E+00  0.00000000E+00  0.00000000E+00  0.00000000E+00  0.00000000E+00  0.00000000E+00
-5.01002725E+00  8.91200000E-04  1.00100000E-03  4.77800000E-02  4.48500000E-02  3.24100000E-02  5.02300000E-02  1.83300000E-02  2.15100000E-02  0.00000000E+00  0.00000000E+00  0.00000000E+00  0.00000000E+00  0.00000000E+00  0.00000000E+00  0.00000000E+00  0.00000000E+00  0.00000000E+00  0.00000000E+00
-4.99202725E+00  1.02300000E-03  7.36900000E-04  5.04400000E-02  4.15600000E-02  2.93300000E-02  4.68800000E-02  1.78900000E-02  1.76700000E-02  0.00000000E+00  0.00000000E+00  0.00000000E+00  0.00000000E+00  0.00000000E+00  0.00000000E+00  0.00000000E+00  0.00000000E+00  0.00000000E+00  0.00000000E+00
-4.97502725E+00  1.23400000E-03  7.37100000E-04  5.08700000E-02  3.85500000E-02  2.68900000E-02  4.11100000E-02  1.93400000E-02  1.50100000E-02  0.00000000E+00  0.00000000E+00  0.00000000E+00  0.00000000E+00  0.00000000E+00  0.00000000E+00  0.00000000E+00  0.00000000E+00  0.00000000E+00  0.00000000E+00
-4.95702725E+00  1.53300000E-03  9.61700000E-04  4.87300000E-02  3.85100000E-02  2.51200000E-02  3.50900000E-02  2.34600000E-02  1.52900000E-02  0.00000000E+00  0.00000000E+00  0.00000000E+00  0.00000000E+00  0.00000000E+00  0.00000000E+00  0.00000000E+00  0.00000000E+00  0.00000000E+00  0.00000000E+00
-4.94002725E+00  1.91400000E-03  1.36200000E-03  4.61700000E-02  4.26300000E-02  2.62300000E-02  3.14000000E-02  3.04400000E-02  1.94200000E-02  0.00000000E+00  0.00000000E+00  0.00000000E+00  0.00000000E+00  0.00000000E+00  0.00000000E+00  0.00000000E+00  0.00000000E+00  0.00000000E+00  0.00000000E+00
-4.92202725E+00  2.26500000E-03  1.83000000E-03  4.52500000E-02  4.84100000E-02  3.18000000E-02  3.13600000E-02  3.80200000E-02  2.68400000E-02  0.00000000E+00  0.00000000E+00  0.00000000E+00  0.00000000E+00  0.00000000E+00  0.00000000E+00  0.00000000E+00  0.00000000E+00  0.00000000E+00  0.00000000E+00
-4.90502725E+00  2.38900000E-03  2.20600000E-03  4.51300000E-02  5.16700000E-02  3.98700000E-02  3.41100000E-02  4.20400000E-02  3.53800000E-02  0.00000000E+00  0.00000000E+00  0.00000000E+00  0.00000000E+00  0.00000000E+00  0.00000000E+00  0.00000000E+00  0.00000000E+00  0.00000000E+00  0.00000000E+00
-4.88702725E+00  2.17100000E-03  2.34500000E-03  4.26300000E-02  5.00900000E-02  4.56500000E-02  3.71400000E-02  4.00500000E-02  4.17800000E-02  0.00000000E+00  0.00000000E+00  0.00000000E+00  0.00000000E+00  0.00000000E+00  0.00000000E+00  0.00000000E+00  0.00000000E+00  0.00000000E+00  0.00000000E+00
-4.87002725E+00  1.71800000E-03  2.18700000E-03  3.61600000E-02  4.42300000E-02  4.55200000E-02  3.84000000E-02  3.45200000E-02  4.32700000E-02  0.00000000E+00  0.00000000E+00  0.00000000E+00  0.00000000E+00  0.00000000E+00  0.00000000E+00  0.00000000E+00  0.00000000E+00  0.00000000E+00  0.00000000E+00
-4.85202725E+00  1.27800000E-03  1.79800000E-03  2.81500000E-02  3.61700000E-02  3.95500000E-02  3.79900000E-02  3.13300000E-02  3.99100000E-02  0.00000000E+00  0.00000000E+00  0.00000000E+00  0.00000000E+00  0.00000000E+00  0.00000000E+00  0.00000000E+00  0.00000000E+00  0.00000000E+00  0.00000000E+00
-4.83502725E+00  1.02200000E-03  1.33700000E-03  2.27900000E-02  2.83500000E-02  3.05900000E-02  3.71500000E-02  3.44800000E-02  3.55300000E-02  0.00000000E+00  0.00000000E+00  0.00000000E+00  0.00000000E+00  0.00000000E+00  0.00000000E+00  0.00000000E+00  0.00000000E+00  0.00000000E+00  0.00000000E+00
-4.81702725E+00  9.46100000E-04  9.79300000E-04  2.18800000E-02  2.31500000E-02  2.17800000E-02  3.57900000E-02  4.21900000E-02  3.52800000E-02  0.00000000E+00  0.00000000E+00  0.00000000E+00  0.00000000E+00  0.00000000E+00  0.00000000E+00  0.00000000E+00  0.00000000E+00  0.00000000E+00  0.00000000E+00
-4.80002725E+00  9.60200000E-04  8.30900000E-04  2.35600000E-02  2.17100000E-02  1.50900000E-02  3.23700000E-02  4.85300000E-02  4.08900000E-02  0.00000000E+00  0.00000000E+00  0.00000000E+00  0.00000000E+00  0.00000000E+00  0.00000000E+00  0.00000000E+00  0.00000000E+00  0.00000000E+00  0.00000000E+00
-4.78202725E+00  1.04400000E-03  8.94500000E-04  2.48200000E-02  2.29300000E-02  1.13400000E-02  2.64400000E-02  4.90900000E-02  4.83000000E-02  0.00000000E+00  0.00000000E+00  0.00000000E+00  0.00000000E+00  0.00000000E+00  0.00000000E+00  0.00000000E+00  0.00000000E+00  0.00000000E+00  0.00000000E+00
-4.76502725E+00  1.26400000E-03  1.11200000E-03  2.44000000E-02  2.41600000E-02  1.05100000E-02  2.00200000E-02  4.45400000E-02  5.09200000E-02  0.00000000E+00  0.00000000E+00  0.00000000E+00  0.00000000E+00  0.00000000E+00  0.00000000E+00  0.00000000E+00  0.00000000E+00  0.00000000E+00  0.00000000E+00
-4.74802725E+00  1.62300000E-03  1.42700000E-03  2.30600000E-02  2.36500000E-02  1.20300000E-02  1.58000000E-02  3.84200000E-02  4.58400000E-02  0.00000000E+00  0.00000000E+00  0.00000000E+00  0.00000000E+00  0.00000000E+00  0.00000000E+00  0.00000000E+00  0.00000000E+00  0.00000000E+00  0.00000000E+00
-4.73002725E+00  1.94300000E-03  1.77900000E-03  2.15900000E-02  2.17300000E-02  1.47500000E-02  1.45600000E-02  3.27400000E-02  3.63300000E-02  0.00000000E+00  0.00000000E+00  0.00000000E+00  0.00000000E+00  0.00000000E+00  0.00000000E+00  0.00000000E+00  0.00000000E+00  0.00000000E+00  0.00000000E+00
-4.71302725E+00  1.97800000E-03  2.03400000E-03  1.99700000E-02  1.94900000E-02  1.72800000E-02  1.47600000E-02  2.71700000E-02  2.82400000E-02  0.00000000E+00  0.00000000E+00  0.00000000E+00  0.00000000E+00  0.00000000E+00  0.00000000E+00  0.00000000E+00  0.00000000E+00  0.00000000E+00  0.00000000E+00
-4.69502725E+00  1.66500000E-03  2.01200000E-03  1.83400000E-02  1.73000000E-02  1.89500000E-02  1.45100000E-02  2.17400000E-02  2.48700000E-02  0.00000000E+00  0.00000000E+00  0.00000000E+00  0.00000000E+00  0.00000000E+00  0.00000000E+00  0.00000000E+00  0.00000000E+00  0.00000000E+00  0.00000000E+00
-4.67802725E+00  1.21300000E-03  1.66200000E-03  1.79000000E-02  1.50100000E-02  2.02500000E-02  1.33300000E-02  1.84800000E-02  2.54900000E-02  0.00000000E+00  0.00000000E+00  0.00000000E+00  0.00000000E+00  0.00000000E+00  0.00000000E+00  0.00000000E+00  0.00000000E+00  0.00000000E+00  0.00000000E+00
-4.66002725E+00  9.34700000E-04  1.14500000E-03  2.02500000E-02  1.31100000E-02  2.21100000E-02  1.21800000E-02  2.03100000E-02  2.74200000E-02  0.00000000E+00  0.00000000E+00  0.00000000E+00  0.00000000E+00  0.00000000E+00  0.00000000E+00  0.00000000E+00  0.00000000E+00  0.00000000E+00  0.00000000E+00
-4.64302725E+00  1.03400000E-03  7.18900000E-04  2.64300000E-02  1.29800000E-02  2.49200000E-02  1.24400000E-02  2.89500000E-02  2.92400000E-02  0.00000000E+00  0.00000000E+00  0.00000000E+00  0.00000000E+00  0.00000000E+00  0.00000000E+00  0.00000000E+00  0.00000000E+00  0.00000000E+00  0.00000000E+00
-4.62502725E+00  1.50900000E-03  5.71700000E-04  3.63400000E-02  1.64700000E-02  2.81400000E-02  1.52200000E-02  4.35200000E-02  3.27600000E-02  0.00000000E+00  0.00000000E+00  0.00000000E+00  0.00000000E+00  0.00000000E+00  0.00000000E+00  0.00000000E+00  0.00000000E+00  0.00000000E+00  0.00000000E+00
-4.60802725E+00  2.15000000E-03  7.70600000E-04  4.79100000E-02  2.49600000E-02  3.04500000E-02  2.08700000E-02  6.03700000E-02  4.16300000E-02  0.00000000E+00  0.00000000E+00  0.00000000E+00  0.00000000E+00  0.00000000E+00  0.00000000E+00  0.00000000E+00  0.00000000E+00  0.00000000E+00  0.00000000E+00
-4.59002725E+00  2.63700000E-03  1.27100000E-03  5.73500000E-02  3.77300000E-02  3.04700000E-02  2.80500000E-02  7.45800000E-02  5.71900000E-02  0.00000000E+00  0.00000000E+00  0.00000000E+00  0.00000000E+00  0.00000000E+00  0.00000000E+00  0.00000000E+00  0.00000000E+00  0.00000000E+00  0.00000000E+00
-4.57302725E+00  2.75800000E-03  1.91400000E-03  6.15600000E-02  5.12600000E-02  2.81300000E-02  3.36400000E-02  8.23900000E-02  7.54800000E-02  0.00000000E+00  0.00000000E+00  0.00000000E+00  0.00000000E+00  0.00000000E+00  0.00000000E+00  0.00000000E+00  0.00000000E+00  0.00000000E+00  0.00000000E+00
-4.55502725E+00  2.55600000E-03  2.45900000E-03  6.04300000E-02  6.07900000E-02  2.51700000E-02  3.48800000E-02  8.26800000E-02  8.88800000E-02  0.00000000E+00  0.00000000E+00  0.00000000E+00  0.00000000E+00  0.00000000E+00  0.00000000E+00  0.00000000E+00  0.00000000E+00  0.00000000E+00  0.00000000E+00
-4.53802725E+00  2.23800000E-03  2.72000000E-03  5.62300000E-02  6.36200000E-02  2.36400000E-02  3.19600000E-02  7.71300000E-02  9.12000000E-02  0.00000000E+00  0.00000000E+00  0.00000000E+00  0.00000000E+00  0.00000000E+00  0.00000000E+00  0.00000000E+00  0.00000000E+00  0.00000000E+00  0.00000000E+00
-4.52002725E+00  1.94900000E-03  2.67000000E-03  5.09500000E-02  6.07200000E-02  2.43600000E-02  2.79400000E-02  6.93400000E-02  8.23900000E-02  0.00000000E+00  0.00000000E+00  0.00000000E+00  0.00000000E+00  0.00000000E+00  0.00000000E+00  0.00000000E+00  0.00000000E+00  0.00000000E+00  0.00000000E+00
-4.50302725E+00  1.67700000E-03  2.42900000E-03  4.51300000E-02  5.52300000E-02  2.71700000E-02  2.58900000E-02  6.29600000E-02  6.89500000E-02  0.00000000E+00  0.00000000E+00  0.00000000E+00  0.00000000E+00  0.00000000E+00  0.00000000E+00  0.00000000E+00  0.00000000E+00  0.00000000E+00  0.00000000E+00
-4.48502725E+00  1.35900000E-03  2.13000000E-03  3.89700000E-02  4.96900000E-02  3.16100000E-02  2.68400000E-02  5.95000000E-02  5.90700000E-02  0.00000000E+00  0.00000000E+00  0.00000000E+00  0.00000000E+00  0.00000000E+00  0.00000000E+00  0.00000000E+00  0.00000000E+00  0.00000000E+00  0.00000000E+00
-4.46802725E+00  1.00100000E-03  1.82100000E-03  3.32000000E-02  4.48300000E-02  3.65200000E-02  3.00000000E-02  5.74800000E-02  5.63300000E-02  0.00000000E+00  0.00000000E+00  0.00000000E+00  0.00000000E+00  0.00000000E+00  0.00000000E+00  0.00000000E+00  0.00000000E+00  0.00000000E+00  0.00000000E+00
-4.45002725E+00  6.78200000E-04  1.47500000E-03  2.85900000E-02  4.01400000E-02  3.97900000E-02  3.38200000E-02  5.40300000E-02  5.78000000E-02  0.00000000E+00  0.00000000E+00  0.00000000E+00  0.00000000E+00  0.00000000E+00  0.00000000E+00  0.00000000E+00  0.00000000E+00  0.00000000E+00  0.00000000E+00
-4.43302725E+00  4.56800000E-04  1.08400000E-03  2.52900000E-02  3.51500000E-02  3.97400000E-02  3.65000000E-02  4.76900000E-02  5.77400000E-02  0.00000000E+00  0.00000000E+00  0.00000000E+00  0.00000000E+00  0.00000000E+00  0.00000000E+00  0.00000000E+00  0.00000000E+00  0.00000000E+00  0.00000000E+00
-4.41502725E+00  3.68700000E-04  7.14000000E-04  2.34500000E-02  2.99900000E-02  3.66900000E-02  3.66800000E-02  3.99700000E-02  5.27000000E-02  0.00000000E+00  0.00000000E+00  0.00000000E+00  0.00000000E+00  0.00000000E+00  0.00000000E+00  0.00000000E+00  0.00000000E+00  0.00000000E+00  0.00000000E+00
-4.39802725E+00  4.32900000E-04  4.54500000E-04  2.40500000E-02  2.53400000E-02  3.24800000E-02  3.43400000E-02  3.40300000E-02  4.34900000E-02  0.00000000E+00  0.00000000E+00  0.00000000E+00  0.00000000E+00  0.00000000E+00  0.00000000E+00  0.00000000E+00  0.00000000E+00  0.00000000E+00  0.00000000E+00
-4.38002725E+00  6.45800000E-04  3.66000000E-04  2.80900000E-02  2.23900000E-02  2.85000000E-02  3.07200000E-02  3.17100000E-02  3.37200000E-02  0.00000000E+00  0.00000000E+00  0.00000000E+00  0.00000000E+00  0.00000000E+00  0.00000000E+00  0.00000000E+00  0.00000000E+00  0.00000000E+00  0.00000000E+00
-4.36302725E+00  9.27600000E-04  4.60300000E-04  3.41900000E-02  2.27400000E-02  2.47800000E-02  2.70800000E-02  3.14700000E-02  2.71100000E-02  0.00000000E+00  0.00000000E+00  0.00000000E+00  0.00000000E+00  0.00000000E+00  0.00000000E+00  0.00000000E+00  0.00000000E+00  0.00000000E+00  0.00000000E+00
-4.34502725E+00  1.11900000E-03  6.92300000E-04  3.80100000E-02  2.70600000E-02  2.10200000E-02  2.40700000E-02  2.96800000E-02  2.49800000E-02  0.00000000E+00  0.00000000E+00  0.00000000E+00  0.00000000E+00  0.00000000E+00  0.00000000E+00  0.00000000E+00  0.00000000E+00  0.00000000E+00  0.00000000E+00
-4.32802725E+00  1.08500000E-03  9.44300000E-04  3.55400000E-02  3.30100000E-02  1.78200000E-02  2.20200000E-02  2.42300000E-02  2.53300000E-02  0.00000000E+00  0.00000000E+00  0.00000000E+00  0.00000000E+00  0.00000000E+00  0.00000000E+00  0.00000000E+00  0.00000000E+00  0.00000000E+00  0.00000000E+00
-4.31002725E+00  8.35400000E-04  1.06100000E-03  2.70400000E-02  3.57100000E-02  1.64200000E-02  2.12200000E-02  1.64100000E-02  2.44700000E-02  0.00000000E+00  0.00000000E+00  0.00000000E+00  0.00000000E+00  0.00000000E+00  0.00000000E+00  0.00000000E+00  0.00000000E+00  0.00000000E+00  0.00000000E+00
-4.29302725E+00  5.11500000E-04  9.54900000E-04  1.67700000E-02  3.18900000E-02  1.72000000E-02  2.16000000E-02  9.39500000E-03  2.03000000E-02  0.00000000E+00  0.00000000E+00  0.00000000E+00  0.00000000E+00  0.00000000E+00  0.00000000E+00  0.00000000E+00  0.00000000E+00  0.00000000E+00  0.00000000E+00
-4.27602725E+00  2.59000000E-04  6.84700000E-04  9.02800000E-03  2.30300000E-02  1.91100000E-02  2.26500000E-02  5.59700000E-03  1.40700000E-02  0.00000000E+00  0.00000000E+00  0.00000000E+00  0.00000000E+00  0.00000000E+00  0.00000000E+00  0.00000000E+00  0.00000000E+00  0.00000000E+00  0.00000000E+00
-4.25802725E+00  1.40500000E-04  3.96300000E-04  5.53100000E-03  1.38300000E-02  2.11500000E-02  2.37500000E-02  6.04100000E-03  8.89100000E-03  0.00000000E+00  0.00000000E+00  0.00000000E+00  0.00000000E+00  0.00000000E+00  0.00000000E+00  0.00000000E+00  0.00000000E+00  0.00000000E+00  0.00000000E+00
-4.24102725E+00  1.51900000E-04  2.06200000E-04  5.83500000E-03  8.10300000E-03  2.38500000E-02  2.46500000E-02  1.11100000E-02  7.40100000E-03  0.00000000E+00  0.00000000E+00  0.00000000E+00  0.00000000E+00  0.00000000E+00  0.00000000E+00  0.00000000E+00  0.00000000E+00  0.00000000E+00  0.00000000E+00
-4.22302725E+00  2.68500000E-04  1.50200000E-04  8.64200000E-03  6.87600000E-03  2.83400000E-02  2.59400000E-02  2.04300000E-02  1.07300000E-02  0.00000000E+00  0.00000000E+00  0.00000000E+00  0.00000000E+00  0.00000000E+00  0.00000000E+00  0.00000000E+00  0.00000000E+00  0.00000000E+00  0.00000000E+00
-4.20602725E+00  4.51700000E-04  2.10800000E-04  1.22300000E-02  8.97700000E-03  3.40100000E-02  2.83500000E-02  3.17900000E-02  1.84400000E-02  0.00000000E+00  0.00000000E+00  0.00000000E+00  0.00000000E+00  0.00000000E+00  0.00000000E+00  0.00000000E+00  0.00000000E+00  0.00000000E+00  0.00000000E+00
-4.18802725E+00  6.36200000E-04  3.49800000E-04  1.47600000E-02  1.22800000E-02  3.79300000E-02  3.13700000E-02  4.11300000E-02  2.83300000E-02  0.00000000E+00  0.00000000E+00  0.00000000E+00  0.00000000E+00  0.00000000E+00  0.00000000E+00  0.00000000E+00  0.00000000E+00  0.00000000E+00  0.00000000E+00
-4.17102725E+00  7.53900000E-04  5.12500000E-04  1.52900000E-02  1.47400000E-02  3.69700000E-02  3.31000000E-02  4.51100000E-02  3.70700000E-02  0.00000000E+00  0.00000000E+00  0.00000000E+00  0.00000000E+00  0.00000000E+00  0.00000000E+00  0.00000000E+00  0.00000000E+00  0.00000000E+00  0.00000000E+00
-4.15302725E+00  7.92400000E-04  6.36500000E-04  1.46100000E-02  1.53800000E-02  3.06300000E-02  3.17200000E-02  4.41300000E-02  4.19800000E-02  0.00000000E+00  0.00000000E+00  0.00000000E+00  0.00000000E+00  0.00000000E+00  0.00000000E+00  0.00000000E+00  0.00000000E+00  0.00000000E+00  0.00000000E+00
-4.13602725E+00  8.19500000E-04  6.87400000E-04  1.46700000E-02  1.48700000E-02  2.17100000E-02  2.69500000E-02  4.25400000E-02  4.29400000E-02  0.00000000E+00  0.00000000E+00  0.00000000E+00  0.00000000E+00  0.00000000E+00  0.00000000E+00  0.00000000E+00  0.00000000E+00  0.00000000E+00  0.00000000E+00
-4.11802725E+00  9.15100000E-04  6.90600000E-04  1.67100000E-02  1.48800000E-02  1.41700000E-02  2.01400000E-02  4.46800000E-02  4.26400000E-02  0.00000000E+00  0.00000000E+00  0.00000000E+00  0.00000000E+00  0.00000000E+00  0.00000000E+00  0.00000000E+00  0.00000000E+00  0.00000000E+00  0.00000000E+00
-4.10102725E+00  1.06800000E-03  7.13100000E-04  1.98000000E-02  1.66300000E-02  1.02800000E-02  1.33900000E-02  5.01700000E-02  4.45600000E-02  0.00000000E+00  0.00000000E+00  0.00000000E+00  0.00000000E+00  0.00000000E+00  0.00000000E+00  0.00000000E+00  0.00000000E+00  0.00000000E+00  0.00000000E+00
-4.08302725E+00  1.16500000E-03  7.98500000E-04  2.14000000E-02  1.96700000E-02  9.80600000E-03  8.61900000E-03  5.36700000E-02  4.99200000E-02  0.00000000E+00  0.00000000E+00  0.00000000E+00  0.00000000E+00  0.00000000E+00  0.00000000E+00  0.00000000E+00  0.00000000E+00  0.00000000E+00  0.00000000E+00
-4.06602725E+00  1.09700000E-03  9.13400000E-04  1.98200000E-02  2.20000000E-02  1.13500000E-02  6.81300000E-03  5.01700000E-02  5.57400000E-02  0.00000000E+00  0.00000000E+00  0.00000000E+00  0.00000000E+00  0.00000000E+00  0.00000000E+00  0.00000000E+00  0.00000000E+00  0.00000000E+00  0.00000000E+00
-4.04802725E+00  8.72200000E-04  9.69200000E-04  1.57800000E-02  2.16800000E-02  1.40200000E-02  7.89800000E-03  4.01500000E-02  5.68000000E-02  0.00000000E+00  0.00000000E+00  0.00000000E+00  0.00000000E+00  0.00000000E+00  0.00000000E+00  0.00000000E+00  0.00000000E+00  0.00000000E+00  0.00000000E+00
-4.03102725E+00  5.95500000E-04  9.04600000E-04  1.15100000E-02  1.85000000E-02  1.79200000E-02  1.12500000E-02  2.86900000E-02  5.02800000E-02  0.00000000E+00  0.00000000E+00  0.00000000E+00  0.00000000E+00  0.00000000E+00  0.00000000E+00  0.00000000E+00  0.00000000E+00  0.00000000E+00  0.00000000E+00
-4.01302725E+00  3.70900000E-04  7.39200000E-04  8.62200000E-03  1.39900000E-02  2.35500000E-02  1.62200000E-02  2.04100000E-02  3.83200000E-02  0.00000000E+00  0.00000000E+00  0.00000000E+00  0.00000000E+00  0.00000000E+00  0.00000000E+00  0.00000000E+00  0.00000000E+00  0.00000000E+00  0.00000000E+00
-3.99602725E+00  2.38400000E-04  5.43900000E-04  7.27600000E-03  9.90400000E-03  3.09000000E-02  2.21400000E-02  1.64600000E-02  2.58600000E-02  0.00000000E+00  0.00000000E+00  0.00000000E+00  0.00000000E+00  0.00000000E+00  0.00000000E+00  0.00000000E+00  0.00000000E+00  0.00000000E+00  0.00000000E+00
-3.97802725E+00  1.85300000E-04  3.74700000E-04  6.88800000E-03  7.00300000E-03  3.90800000E-02  2.84100000E-02  1.56600000E-02  1.65700000E-02  0.00000000E+00  0.00000000E+00  0.00000000E+00  0.00000000E+00  0.00000000E+00  0.00000000E+00  0.00000000E+00  0.00000000E+00  0.00000000E+00  0.00000000E+00
-3.96102725E+00  1.84800000E-04  2.50500000E-04  6.94600000E-03  5.14700000E-03  4.62800000E-02  3.48800000E-02  1.68100000E-02  1.11900000E-02  0.00000000E+00  0.00000000E+00  0.00000000E+00  0.00000000E+00  0.00000000E+00  0.00000000E+00  0.00000000E+00  0.00000000E+00  0.00000000E+00  0.00000000E+00
-3.94302725E+00  2.19400000E-04  1.73400000E-04  7.20800000E-03  4.06800000E-03  5.00600000E-02  4.18600000E-02  1.93800000E-02  9.00600000E-03  0.00000000E+00  0.00000000E+00  0.00000000E+00  0.00000000E+00  0.00000000E+00  0.00000000E+00  0.00000000E+00  0.00000000E+00  0.00000000E+00  0.00000000E+00
-3.92602725E+00  2.83300000E-04  1.47100000E-04  7.61800000E-03  3.76600000E-03  4.89100000E-02  4.87400000E-02  2.30500000E-02  9.73500000E-03  0.00000000E+00  0.00000000E+00  0.00000000E+00  0.00000000E+00  0.00000000E+00  0.00000000E+00  0.00000000E+00  0.00000000E+00  0.00000000E+00  0.00000000E+00
-3.90802725E+00  3.76700000E-04  1.78200000E-04  8.33700000E-03  4.39000000E-03  4.40600000E-02  5.31000000E-02  2.77200000E-02  1.37400000E-02  0.00000000E+00  0.00000000E+00  0.00000000E+00  0.00000000E+00  0.00000000E+00  0.00000000E+00  0.00000000E+00  0.00000000E+00  0.00000000E+00  0.00000000E+00
-3.89102725E+00  4.92400000E-04  2.73400000E-04  9.73000000E-03  6.04100000E-03  3.90100000E-02  5.28600000E-02  3.39700000E-02  2.13000000E-02  0.00000000E+00  0.00000000E+00  0.00000000E+00  0.00000000E+00  0.00000000E+00  0.00000000E+00  0.00000000E+00  0.00000000E+00  0.00000000E+00  0.00000000E+00
-3.87302725E+00  6.03200000E-04  4.29100000E-04  1.20400000E-02  8.66000000E-03  3.65700000E-02  4.88800000E-02  4.23900000E-02  3.17500000E-02  0.00000000E+00  0.00000000E+00  0.00000000E+00  0.00000000E+00  0.00000000E+00  0.00000000E+00  0.00000000E+00  0.00000000E+00  0.00000000E+00  0.00000000E+00
-3.85602725E+00  6.68600000E-04  6.10300000E-04  1.49100000E-02  1.18400000E-02  3.65800000E-02  4.39200000E-02  5.14700000E-02  4.31200000E-02  0.00000000E+00  0.00000000E+00  0.00000000E+00  0.00000000E+00  0.00000000E+00  0.00000000E+00  0.00000000E+00  0.00000000E+00  0.00000000E+00  0.00000000E+00
-3.83802725E+00  6.63800000E-04  7.43200000E-04  1.72900000E-02  1.47100000E-02  3.66900000E-02  3.91600000E-02  5.71100000E-02  5.22100000E-02  0.00000000E+00  0.00000000E+00  0.00000000E+00  0.00000000E+00  0.00000000E+00  0.00000000E+00  0.00000000E+00  0.00000000E+00  0.00000000E+00  0.00000000E+00
-3.82102725E+00  6.04200000E-04  7.55400000E-04  1.81400000E-02  1.62600000E-02  3.49600000E-02  3.35000000E-02  5.55200000E-02  5.58500000E-02  0.00000000E+00  0.00000000E+00  0.00000000E+00  0.00000000E+00  0.00000000E+00  0.00000000E+00  0.00000000E+00  0.00000000E+00  0.00000000E+00  0.00000000E+00
-3.80402725E+00  5.40700000E-04  6.38100000E-04  1.74100000E-02  1.60600000E-02  3.15400000E-02  2.63000000E-02  4.70500000E-02  5.30900000E-02  0.00000000E+00  0.00000000E+00  0.00000000E+00  0.00000000E+00  0.00000000E+00  0.00000000E+00  0.00000000E+00  0.00000000E+00  0.00000000E+00  0.00000000E+00
-3.78602725E+00  5.39600000E-04  4.61900000E-04  1.65200000E-02  1.45800000E-02  2.88100000E-02  1.94300000E-02  3.67700000E-02  4.60600000E-02  0.00000000E+00  0.00000000E+00  0.00000000E+00  0.00000000E+00  0.00000000E+00  0.00000000E+00  0.00000000E+00  0.00000000E+00  0.00000000E+00  0.00000000E+00
-3.76902725E+00  6.56300000E-04  3.22400000E-04  1.75400000E-02  1.28100000E-02  3.04400000E-02  1.63600000E-02  3.10600000E-02  3.82600000E-02  0.00000000E+00  0.00000000E+00  0.00000000E+00  0.00000000E+00  0.00000000E+00  0.00000000E+00  0.00000000E+00  0.00000000E+00  0.00000000E+00  0.00000000E+00
-3.75102725E+00  8.90100000E-04  2.83300000E-04  2.13900000E-02  1.18100000E-02  3.97200000E-02  2.03400000E-02  3.30700000E-02  3.26900000E-02  0.00000000E+00  0.00000000E+00  0.00000000E+00  0.00000000E+00  0.00000000E+00  0.00000000E+00  0.00000000E+00  0.00000000E+00  0.00000000E+00  0.00000000E+00
-3.73402725E+00  1.14600000E-03  3.63000000E-04  2.64400000E-02  1.26000000E-02  5.72900000E-02  3.34300000E-02  4.05700000E-02  3.15300000E-02  0.00000000E+00  0.00000000E+00  0.00000000E+00  0.00000000E+00  0.00000000E+00  0.00000000E+00  0.00000000E+00  0.00000000E+00  0.00000000E+00  0.00000000E+00
-3.71602725E+00  1.27800000E-03  5.44000000E-04  2.95100000E-02  1.56700000E-02  7.93800000E-02  5.56000000E-02  4.74100000E-02  3.53900000E-02  0.00000000E+00  0.00000000E+00  0.00000000E+00  0.00000000E+00  0.00000000E+00  0.00000000E+00  0.00000000E+00  0.00000000E+00  0.00000000E+00  0.00000000E+00
-3.69902725E+00  1.20400000E-03  7.78900000E-04  2.85800000E-02  2.02700000E-02  9.83100000E-02  8.26200000E-02  4.78800000E-02  4.15500000E-02  0.00000000E+00  0.00000000E+00  0.00000000E+00  0.00000000E+00  0.00000000E+00  0.00000000E+00  0.00000000E+00  0.00000000E+00  0.00000000E+00  0.00000000E+00
-3.68102725E+00  9.82700000E-04  1.00300000E-03  2.45100000E-02  2.46200000E-02  1.05700000E-01  1.05400000E-01  4.05600000E-02  4.46000000E-02  0.00000000E+00  0.00000000E+00  0.00000000E+00  0.00000000E+00  0.00000000E+00  0.00000000E+00  0.00000000E+00  0.00000000E+00  0.00000000E+00  0.00000000E+00
-3.66402725E+00  7.43100000E-04  1.15800000E-03  1.98100000E-02  2.71500000E-02  9.72400000E-02  1.13700000E-01  2.86900000E-02  4.06100000E-02  0.00000000E+00  0.00000000E+00  0.00000000E+00  0.00000000E+00  0.00000000E+00  0.00000000E+00  0.00000000E+00  0.00000000E+00  0.00000000E+00  0.00000000E+00
-3.64602725E+00  5.65600000E-04  1.20500000E-03  1.62500000E-02  2.73200000E-02  7.67600000E-02  1.03400000E-01  1.72100000E-02  3.06000000E-02  0.00000000E+00  0.00000000E+00  0.00000000E+00  0.00000000E+00  0.00000000E+00  0.00000000E+00  0.00000000E+00  0.00000000E+00  0.00000000E+00  0.00000000E+00
-3.62902725E+00  4.45700000E-04  1.12600000E-03  1.40600000E-02  2.53900000E-02  5.40200000E-02  7.97600000E-02  9.39500000E-03  1.92200000E-02  0.00000000E+00  0.00000000E+00  0.00000000E+00  0.00000000E+00  0.00000000E+00  0.00000000E+00  0.00000000E+00  0.00000000E+00  0.00000000E+00  0.00000000E+00
-3.61102725E+00  3.51800000E-04  9.34700000E-04  1.29700000E-02  2.19300000E-02  3.81600000E-02  5.39500000E-02  5.77300000E-03  1.05600000E-02  0.00000000E+00  0.00000000E+00  0.00000000E+00  0.00000000E+00  0.00000000E+00  0.00000000E+00  0.00000000E+00  0.00000000E+00  0.00000000E+00  0.00000000E+00
-3.59402725E+00  2.80900000E-04  6.87400000E-04  1.32000000E-02  1.78800000E-02  3.21600000E-02  3.52900000E-02  5.19300000E-03  5.86800000E-03  0.00000000E+00  0.00000000E+00  0.00000000E+00  0.00000000E+00  0.00000000E+00  0.00000000E+00  0.00000000E+00  0.00000000E+00  0.00000000E+00  0.00000000E+00
-3.57602725E+00  2.53000000E-04  4.59600000E-04  1.54900000E-02  1.46200000E-02  3.31400000E-02  2.63400000E-02  6.37700000E-03  4.32600000E-03  0.00000000E+00  0.00000000E+00  0.00000000E+00  0.00000000E+00  0.00000000E+00  0.00000000E+00  0.00000000E+00  0.00000000E+00  0.00000000E+00  0.00000000E+00
-3.55902725E+00  2.79600000E-04  3.10300000E-04  2.04100000E-02  1.35300000E-02  3.65900000E-02  2.42900000E-02  8.53500000E-03  4.71800000E-03  0.00000000E+00  0.00000000E+00  0.00000000E+00  0.00000000E+00  0.00000000E+00  0.00000000E+00  0.00000000E+00  0.00000000E+00  0.00000000E+00  0.00000000E+00
-3.54102725E+00  3.44200000E-04  2.54700000E-04  2.74900000E-02  1.52400000E-02  3.97500000E-02  2.54500000E-02  1.10400000E-02  6.20700000E-03  0.00000000E+00  0.00000000E+00  0.00000000E+00  0.00000000E+00  0.00000000E+00  0.00000000E+00  0.00000000E+00  0.00000000E+00  0.00000000E+00  0.00000000E+00
-3.52402725E+00  4.07800000E-04  2.65000000E-04  3.47900000E-02  1.90500000E-02  4.19800000E-02  2.78300000E-02  1.30800000E-02  8.14300000E-03  0.00000000E+00  0.00000000E+00  0.00000000E+00  0.00000000E+00  0.00000000E+00  0.00000000E+00  0.00000000E+00  0.00000000E+00  0.00000000E+00  0.00000000E+00
-3.50602725E+00  4.32400000E-04  2.94800000E-04  3.98100000E-02  2.34800000E-02  4.36900000E-02  3.06900000E-02  1.39400000E-02  9.83100000E-03  0.00000000E+00  0.00000000E+00  0.00000000E+00  0.00000000E+00  0.00000000E+00  0.00000000E+00  0.00000000E+00  0.00000000E+00  0.00000000E+00  0.00000000E+00
-3.48902725E+00  4.03800000E-04  3.13100000E-04  4.12100000E-02  2.76100000E-02  4.51400000E-02  3.39400000E-02  1.35000000E-02  1.08200000E-02  0.00000000E+00  0.00000000E+00  0.00000000E+00  0.00000000E+00  0.00000000E+00  0.00000000E+00  0.00000000E+00  0.00000000E+00  0.00000000E+00  0.00000000E+00
-3.47102725E+00  3.35600000E-04  3.18800000E-04  3.94500000E-02  3.16400000E-02  4.61500000E-02  3.79900000E-02  1.22200000E-02  1.12200000E-02  0.00000000E+00  0.00000000E+00  0.00000000E+00  0.00000000E+00  0.00000000E+00  0.00000000E+00  0.00000000E+00  0.00000000E+00  0.00000000E+00  0.00000000E+00
-3.45402725E+00  2.52600000E-04  3.20500000E-04  3.59200000E-02  3.56500000E-02  4.66900000E-02  4.26800000E-02  1.06500000E-02  1.13000000E-02  0.00000000E+00  0.00000000E+00  0.00000000E+00  0.00000000E+00  0.00000000E+00  0.00000000E+00  0.00000000E+00  0.00000000E+00  0.00000000E+00  0.00000000E+00
-3.43602725E+00  1.75000000E-04  3.12300000E-04  3.17100000E-02  3.84400000E-02  4.70200000E-02  4.65100000E-02  9.12000000E-03  1.10600000E-02  0.00000000E+00  0.00000000E+00  0.00000000E+00  0.00000000E+00  0.00000000E+00  0.00000000E+00  0.00000000E+00  0.00000000E+00  0.00000000E+00  0.00000000E+00
-3.41902725E+00  1.13900000E-04  2.79200000E-04  2.74200000E-02  3.83100000E-02  4.69700000E-02  4.81200000E-02  7.68100000E-03  1.02700000E-02  0.00000000E+00  0.00000000E+00  0.00000000E+00  0.00000000E+00  0.00000000E+00  0.00000000E+00  0.00000000E+00  0.00000000E+00  0.00000000E+00  0.00000000E+00
-3.40102725E+00  7.30600000E-05  2.19900000E-04  2.35100000E-02  3.46300000E-02  4.61600000E-02  4.75900000E-02  6.35800000E-03  8.86600000E-03  0.00000000E+00  0.00000000E+00  0.00000000E+00  0.00000000E+00  0.00000000E+00  0.00000000E+00  0.00000000E+00  0.00000000E+00  0.00000000E+00  0.00000000E+00
-3.38402725E+00  5.09200000E-05  1.50100000E-04  2.02300000E-02  2.83200000E-02  4.53300000E-02  4.55600000E-02  5.19900000E-03  7.03400000E-03  0.00000000E+00  0.00000000E+00  0.00000000E+00  0.00000000E+00  0.00000000E+00  0.00000000E+00  0.00000000E+00  0.00000000E+00  0.00000000E+00  0.00000000E+00
-3.36702725E+00  4.12600000E-05  8.89400000E-05  1.70600000E-02  2.14800000E-02  4.62200000E-02  4.25400000E-02  4.17600000E-03  5.17900000E-03  0.00000000E+00  0.00000000E+00  0.00000000E+00  0.00000000E+00  0.00000000E+00  0.00000000E+00  0.00000000E+00  0.00000000E+00  0.00000000E+00  0.00000000E+00
-3.34902725E+00  3.66900000E-05  4.65000000E-05  1.32700000E-02  1.62300000E-02  4.92100000E-02  4.02400000E-02  3.17700000E-03  3.72900000E-03  0.00000000E+00  0.00000000E+00  0.00000000E+00  0.00000000E+00  0.00000000E+00  0.00000000E+00  0.00000000E+00  0.00000000E+00  0.00000000E+00  0.00000000E+00
-3.33202725E+00  3.23100000E-05  2.29100000E-05  8.93100000E-03  1.31900000E-02  5.21100000E-02  4.18700000E-02  2.18400000E-03  2.85000000E-03  0.00000000E+00  0.00000000E+00  0.00000000E+00  0.00000000E+00  0.00000000E+00  0.00000000E+00  0.00000000E+00  0.00000000E+00  0.00000000E+00  0.00000000E+00
-3.31402725E+00  2.69400000E-05  1.28400000E-05  5.00700000E-03  1.12100000E-02  5.27000000E-02  4.91200000E-02  1.32700000E-03  2.33700000E-03  0.00000000E+00  0.00000000E+00  0.00000000E+00  0.00000000E+00  0.00000000E+00  0.00000000E+00  0.00000000E+00  0.00000000E+00  0.00000000E+00  0.00000000E+00
-3.29702725E+00  2.16700000E-05  1.01800000E-05  2.33800000E-03  8.89000000E-03  5.17100000E-02  5.96100000E-02  7.37400000E-04  1.87200000E-03  0.00000000E+00  0.00000000E+00  0.00000000E+00  0.00000000E+00  0.00000000E+00  0.00000000E+00  0.00000000E+00  0.00000000E+00  0.00000000E+00  0.00000000E+00
-3.27902725E+00  1.77200000E-05  1.05300000E-05  9.76200000E-04  6.02800000E-03  5.14800000E-02  6.83400000E-02  4.17400000E-04  1.34700000E-03  0.00000000E+00  0.00000000E+00  0.00000000E+00  0.00000000E+00  0.00000000E+00  0.00000000E+00  0.00000000E+00  0.00000000E+00  0.00000000E+00  0.00000000E+00
-3.26202725E+00  1.51200000E-05  1.15100000E-05  4.50700000E-04  3.40000000E-03  5.23400000E-02  7.13500000E-02  2.70600000E-04  8.53900000E-04  0.00000000E+00  0.00000000E+00  0.00000000E+00  0.00000000E+00  0.00000000E+00  0.00000000E+00  0.00000000E+00  0.00000000E+00  0.00000000E+00  0.00000000E+00
-3.24402725E+00  1.30300000E-05  1.20500000E-05  2.88100000E-04  1.64200000E-03  5.26800000E-02  6.82300000E-02  1.96400000E-04  4.98500000E-04  0.00000000E+00  0.00000000E+00  0.00000000E+00  0.00000000E+00  0.00000000E+00  0.00000000E+00  0.00000000E+00  0.00000000E+00  0.00000000E+00  0.00000000E+00
-3.22702725E+00  1.08700000E-05  1.16900000E-05  2.32800000E-04  7.58100000E-04  5.25000000E-02  6.22000000E-02  1.43700000E-04  2.90100000E-04  0.00000000E+00  0.00000000E+00  0.00000000E+00  0.00000000E+00  0.00000000E+00  0.00000000E+00  0.00000000E+00  0.00000000E+00  0.00000000E+00  0.00000000E+00
-3.20902725E+00  8.87700000E-06  1.04000000E-05  2.01000000E-04  4.01700000E-04  5.37900000E-02  5.81100000E-02  1.04400000E-04  1.80600000E-04  0.00000000E+00  0.00000000E+00  0.00000000E+00  0.00000000E+00  0.00000000E+00  0.00000000E+00  0.00000000E+00  0.00000000E+00  0.00000000E+00  0.00000000E+00
-3.19202725E+00  7.53000000E-06  8.58200000E-06  1.76300000E-04  2.68900000E-04  5.65000000E-02  5.87000000E-02  8.21700000E-05  1.25700000E-04  0.00000000E+00  0.00000000E+00  0.00000000E+00  0.00000000E+00  0.00000000E+00  0.00000000E+00  0.00000000E+00  0.00000000E+00  0.00000000E+00  0.00000000E+00
-3.17402725E+00  6.77700000E-06  6.85400000E-06  1.52200000E-04  2.07900000E-04  5.66800000E-02  6.15400000E-02  7.23100000E-05  9.98300000E-05  0.00000000E+00  0.00000000E+00  0.00000000E+00  0.00000000E+00  0.00000000E+00  0.00000000E+00  0.00000000E+00  0.00000000E+00  0.00000000E+00  0.00000000E+00
-3.15702725E+00  6.06700000E-06  5.52200000E-06  1.23000000E-04  1.63900000E-04  5.07600000E-02  6.05200000E-02  6.47400000E-05  8.63500000E-05  0.00000000E+00  0.00000000E+00  0.00000000E+00  0.00000000E+00  0.00000000E+00  0.00000000E+00  0.00000000E+00  0.00000000E+00  0.00000000E+00  0.00000000E+00
-3.13902725E+00  5.09000000E-06  4.40000000E-06  9.16400000E-05  1.21100000E-04  4.05400000E-02  5.17100000E-02  5.56500000E-05  7.31600000E-05  0.00000000E+00  0.00000000E+00  0.00000000E+00  0.00000000E+00  0.00000000E+00  0.00000000E+00  0.00000000E+00  0.00000000E+00  0.00000000E+00  0.00000000E+00
-3.12202725E+00  4.28700000E-06  3.22600000E-06  7.18600000E-05  7.96900000E-05  3.22100000E-02  3.73600000E-02  5.21200000E-05  5.65700000E-05  0.00000000E+00  0.00000000E+00  0.00000000E+00  0.00000000E+00  0.00000000E+00  0.00000000E+00  0.00000000E+00  0.00000000E+00  0.00000000E+00  0.00000000E+00
-3.10402725E+00  4.51300000E-06  2.08800000E-06  7.82300000E-05  4.78300000E-05  3.10300000E-02  2.41100000E-02  6.53500000E-05  4.26000000E-05  0.00000000E+00  0.00000000E+00  0.00000000E+00  0.00000000E+00  0.00000000E+00  0.00000000E+00  0.00000000E+00  0.00000000E+00  0.00000000E+00  0.00000000E+00
-3.08702725E+00  6.25400000E-06  1.33500000E-06  1.14300000E-04  3.22700000E-05  3.71700000E-02  1.79100000E-02  9.90100000E-05  4.03500000E-05  0.00000000E+00  0.00000000E+00  0.00000000E+00  0.00000000E+00  0.00000000E+00  0.00000000E+00  0.00000000E+00  0.00000000E+00  0.00000000E+00  0.00000000E+00
-3.06902725E+00  9.06900000E-06  1.27900000E-06  1.66200000E-04  3.34700000E-05  4.58600000E-02  2.06500000E-02  1.42100000E-04  5.32100000E-05  0.00000000E+00  0.00000000E+00  0.00000000E+00  0.00000000E+00  0.00000000E+00  0.00000000E+00  0.00000000E+00  0.00000000E+00  0.00000000E+00  0.00000000E+00
-3.05202725E+00  1.16800000E-05  2.09500000E-06  2.08400000E-04  4.59900000E-05  5.11700000E-02  2.96900000E-02  1.73400000E-04  7.47200000E-05  0.00000000E+00  0.00000000E+00  0.00000000E+00  0.00000000E+00  0.00000000E+00  0.00000000E+00  0.00000000E+00  0.00000000E+00  0.00000000E+00  0.00000000E+00
-3.03402725E+00  1.27400000E-05  3.87000000E-06  2.21500000E-04  6.23200000E-05  5.07400000E-02  3.93900000E-02  1.76300000E-04  9.23200000E-05  0.00000000E+00  0.00000000E+00  0.00000000E+00  0.00000000E+00  0.00000000E+00  0.00000000E+00  0.00000000E+00  0.00000000E+00  0.00000000E+00  0.00000000E+00
-3.01702725E+00  1.18900000E-05  6.55500000E-06  2.07200000E-04  7.73100000E-05  4.75900000E-02  4.47000000E-02  1.51700000E-04  9.71500000E-05  0.00000000E+00  0.00000000E+00  0.00000000E+00  0.00000000E+00  0.00000000E+00  0.00000000E+00  0.00000000E+00  0.00000000E+00  0.00000000E+00  0.00000000E+00
-2.99902725E+00  9.93200000E-06  9.81000000E-06  1.84300000E-04  9.06700000E-05  4.73400000E-02  4.51900000E-02  1.16200000E-04  9.11100000E-05  0.00000000E+00  0.00000000E+00  0.00000000E+00  0.00000000E+00  0.00000000E+00  0.00000000E+00  0.00000000E+00  0.00000000E+00  0.00000000E+00  0.00000000E+00
-2.98202725E+00  8.20700000E-06  1.30000000E-05  1.72200000E-04  1.05700000E-04  5.39100000E-02  4.59900000E-02  8.86600000E-05  8.38200000E-05  0.00000000E+00  0.00000000E+00  0.00000000E+00  0.00000000E+00  0.00000000E+00  0.00000000E+00  0.00000000E+00  0.00000000E+00  0.00000000E+00  0.00000000E+00
-2.96402725E+00  7.45100000E-06  1.54600000E-05  1.78000000E-04  1.25800000E-04  6.65400000E-02  5.36500000E-02  7.84400000E-05  8.34000000E-05  0.00000000E+00  0.00000000E+00  0.00000000E+00  0.00000000E+00  0.00000000E+00  0.00000000E+00  0.00000000E+00  0.00000000E+00  0.00000000E+00  0.00000000E+00
-2.94702725E+00  7.33900000E-06  1.67000000E-05  1.93400000E-04  1.50600000E-04  7.96200000E-02  7.01000000E-02  8.41900000E-05  9.11400000E-05  0.00000000E+00  0.00000000E+00  0.00000000E+00  0.00000000E+00  0.00000000E+00  0.00000000E+00  0.00000000E+00  0.00000000E+00  0.00000000E+00  0.00000000E+00
-2.92902725E+00  6.99400000E-06  1.64200000E-05  2.01700000E-04  1.72600000E-04  8.59300000E-02  8.95100000E-02  9.76800000E-05  1.02900000E-04  0.00000000E+00  0.00000000E+00  0.00000000E+00  0.00000000E+00  0.00000000E+00  0.00000000E+00  0.00000000E+00  0.00000000E+00  0.00000000E+00  0.00000000E+00
-2.91202725E+00  5.91300000E-06  1.45700000E-05  1.89600000E-04  1.79900000E-04  8.16700000E-02  1.01500000E-01  1.08500000E-04  1.12200000E-04  0.00000000E+00  0.00000000E+00  0.00000000E+00  0.00000000E+00  0.00000000E+00  0.00000000E+00  0.00000000E+00  0.00000000E+00  0.00000000E+00  0.00000000E+00
-2.89502725E+00  4.37700000E-06  1.14900000E-05  1.56200000E-04  1.64100000E-04  6.90200000E-02  9.86600000E-02  1.09000000E-04  1.13200000E-04  0.00000000E+00  0.00000000E+00  0.00000000E+00  0.00000000E+00  0.00000000E+00  0.00000000E+00  0.00000000E+00  0.00000000E+00  0.00000000E+00  0.00000000E+00
-2.87702725E+00  3.05600000E-06  7.97300000E-06  1.12800000E-04  1.28400000E-04  5.42800000E-02  8.21800000E-02  9.97400000E-05  1.02800000E-04  0.00000000E+00  0.00000000E+00  0.00000000E+00  0.00000000E+00  0.00000000E+00  0.00000000E+00  0.00000000E+00  0.00000000E+00  0.00000000E+00  0.00000000E+00
-2.86002725E+00  2.40600000E-06  4.94500000E-06  7.44900000E-05  8.61700000E-05  4.35800000E-02  6.03200000E-02  8.91800000E-05  8.41500000E-05  0.00000000E+00  0.00000000E+00  0.00000000E+00  0.00000000E+00  0.00000000E+00  0.00000000E+00  0.00000000E+00  0.00000000E+00  0.00000000E+00  0.00000000E+00
-2.84202725E+00  2.42700000E-06  2.95500000E-06  5.05600000E-05  5.16200000E-05  3.93500000E-02  4.24000000E-02  8.53600000E-05  6.62400000E-05  0.00000000E+00  0.00000000E+00  0.00000000E+00  0.00000000E+00  0.00000000E+00  0.00000000E+00  0.00000000E+00  0.00000000E+00  0.00000000E+00  0.00000000E+00
-2.82502725E+00  2.82800000E-06  2.02600000E-06  4.16000000E-05  3.14800000E-05  4.01400000E-02  3.34900000E-02  8.80600000E-05  5.78500000E-05  0.00000000E+00  0.00000000E+00  0.00000000E+00  0.00000000E+00  0.00000000E+00  0.00000000E+00  0.00000000E+00  0.00000000E+00  0.00000000E+00  0.00000000E+00
-2.80702725E+00  3.35200000E-06  1.84000000E-06  4.30800000E-05  2.45900000E-05  4.35800000E-02  3.33800000E-02  9.14800000E-05  6.08100000E-05  0.00000000E+00  0.00000000E+00  0.00000000E+00  0.00000000E+00  0.00000000E+00  0.00000000E+00  0.00000000E+00  0.00000000E+00  0.00000000E+00  0.00000000E+00
-2.79002725E+00  3.94000000E-06  2.03200000E-06  4.96100000E-05  2.63600000E-05  4.85900000E-02  3.88800000E-02  9.20500000E-05  6.98100000E-05  0.00000000E+00  0.00000000E+00  0.00000000E+00  0.00000000E+00  0.00000000E+00  0.00000000E+00  0.00000000E+00  0.00000000E+00  0.00000000E+00  0.00000000E+00
-2.77202725E+00  4.58200000E-06  2.36900000E-06  5.58000000E-05  3.26100000E-05  5.41600000E-02  4.67700000E-02  9.00100000E-05  7.83600000E-05  0.00000000E+00  0.00000000E+00  0.00000000E+00  0.00000000E+00  0.00000000E+00  0.00000000E+00  0.00000000E+00  0.00000000E+00  0.00000000E+00  0.00000000E+00
-2.75502725E+00  5.06800000E-06  2.74700000E-06  5.63800000E-05  4.00300000E-05  5.72200000E-02  5.46500000E-02  8.48000000E-05  8.33000000E-05  0.00000000E+00  0.00000000E+00  0.00000000E+00  0.00000000E+00  0.00000000E+00  0.00000000E+00  0.00000000E+00  0.00000000E+00  0.00000000E+00  0.00000000E+00
-2.73702725E+00  5.05600000E-06  3.05600000E-06  4.90800000E-05  4.49800000E-05  5.42800000E-02  5.95900000E-02  7.42800000E-05  8.32400000E-05  0.00000000E+00  0.00000000E+00  0.00000000E+00  0.00000000E+00  0.00000000E+00  0.00000000E+00  0.00000000E+00  0.00000000E+00  0.00000000E+00  0.00000000E+00
-2.72002725E+00  4.47900000E-06  3.14200000E-06  3.72600000E-05  4.42600000E-05  4.57000000E-02  5.82900000E-02  5.92000000E-05  7.62200000E-05  0.00000000E+00  0.00000000E+00  0.00000000E+00  0.00000000E+00  0.00000000E+00  0.00000000E+00  0.00000000E+00  0.00000000E+00  0.00000000E+00  0.00000000E+00
-2.70202725E+00  3.82700000E-06  3.02500000E-06  2.83100000E-05  3.82500000E-05  3.72800000E-02  5.04700000E-02  4.58800000E-05  6.22200000E-05  0.00000000E+00  0.00000000E+00  0.00000000E+00  0.00000000E+00  0.00000000E+00  0.00000000E+00  0.00000000E+00  0.00000000E+00  0.00000000E+00  0.00000000E+00
-2.68502725E+00  3.93300000E-06  3.11300000E-06  2.90900000E-05  3.23500000E-05  3.69800000E-02  4.14900000E-02  4.23900000E-05  4.64500000E-05  0.00000000E+00  0.00000000E+00  0.00000000E+00  0.00000000E+00  0.00000000E+00  0.00000000E+00  0.00000000E+00  0.00000000E+00  0.00000000E+00  0.00000000E+00
-2.66702725E+00  5.35100000E-06  4.03300000E-06  4.23300000E-05  3.39000000E-05  4.89500000E-02  3.94300000E-02  5.18700000E-05  3.69100000E-05  0.00000000E+00  0.00000000E+00  0.00000000E+00  0.00000000E+00  0.00000000E+00  0.00000000E+00  0.00000000E+00  0.00000000E+00  0.00000000E+00  0.00000000E+00
-2.65002725E+00  7.81600000E-06  6.06400000E-06  6.63100000E-05  4.78700000E-05  6.99000000E-02  4.89100000E-02  6.91500000E-05  3.82100000E-05  0.00000000E+00  0.00000000E+00  0.00000000E+00  0.00000000E+00  0.00000000E+00  0.00000000E+00  0.00000000E+00  0.00000000E+00  0.00000000E+00  0.00000000E+00
-2.63202725E+00  1.03400000E-05  8.73300000E-06  9.91900000E-05  7.66300000E-05  9.18000000E-02  6.81700000E-02  8.46800000E-05  4.87700000E-05  0.00000000E+00  0.00000000E+00  0.00000000E+00  0.00000000E+00  0.00000000E+00  0.00000000E+00  0.00000000E+00  0.00000000E+00  0.00000000E+00  0.00000000E+00
-2.61502725E+00  1.19900000E-05  1.11000000E-05  1.44100000E-04  1.22700000E-04  1.09400000E-01  9.20800000E-02  9.30500000E-05  6.37900000E-05  0.00000000E+00  0.00000000E+00  0.00000000E+00  0.00000000E+00  0.00000000E+00  0.00000000E+00  0.00000000E+00  0.00000000E+00  0.00000000E+00  0.00000000E+00
-2.59702725E+00  1.25900000E-05  1.24900000E-05  2.05200000E-04  1.86800000E-04  1.24200000E-01  1.16300000E-01  9.72500000E-05  7.92900000E-05  0.00000000E+00  0.00000000E+00  0.00000000E+00  0.00000000E+00  0.00000000E+00  0.00000000E+00  0.00000000E+00  0.00000000E+00  0.00000000E+00  0.00000000E+00
-2.58002725E+00  1.24100000E-05  1.27400000E-05  2.74000000E-04  2.57400000E-04  1.38300000E-01  1.36300000E-01  1.03000000E-04  9.21100000E-05  0.00000000E+00  0.00000000E+00  0.00000000E+00  0.00000000E+00  0.00000000E+00  0.00000000E+00  0.00000000E+00  0.00000000E+00  0.00000000E+00  0.00000000E+00
-2.56202725E+00  1.15100000E-05  1.19100000E-05  3.22700000E-04  3.06800000E-04  1.47100000E-01  1.45200000E-01  1.10100000E-04  9.79100000E-05  0.00000000E+00  0.00000000E+00  0.00000000E+00  0.00000000E+00  0.00000000E+00  0.00000000E+00  0.00000000E+00  0.00000000E+00  0.00000000E+00  0.00000000E+00
-2.54502725E+00  9.66800000E-06  1.00300000E-05  3.22200000E-04  3.09200000E-04  1.41400000E-01  1.36500000E-01  1.11000000E-04  9.29900000E-05  0.00000000E+00  0.00000000E+00  0.00000000E+00  0.00000000E+00  0.00000000E+00  0.00000000E+00  0.00000000E+00  0.00000000E+00  0.00000000E+00  0.00000000E+00
-2.52702725E+00  7.06400000E-06  7.43200000E-06  2.68200000E-04  2.65100000E-04  1.17700000E-01  1.12600000E-01  9.90000000E-05  7.89700000E-05  0.00000000E+00  0.00000000E+00  0.00000000E+00  0.00000000E+00  0.00000000E+00  0.00000000E+00  0.00000000E+00  0.00000000E+00  0.00000000E+00  0.00000000E+00
-2.51002725E+00  4.36900000E-06  4.80200000E-06  1.84900000E-04  2.03200000E-04  8.27100000E-02  8.49900000E-02  7.49700000E-05  6.31600000E-05  0.00000000E+00  0.00000000E+00  0.00000000E+00  0.00000000E+00  0.00000000E+00  0.00000000E+00  0.00000000E+00  0.00000000E+00  0.00000000E+00  0.00000000E+00
-2.49202725E+00  2.26000000E-06  2.79800000E-06  1.05300000E-04  1.54100000E-04  4.84400000E-02  6.46100000E-02  4.71000000E-05  5.23500000E-05  0.00000000E+00  0.00000000E+00  0.00000000E+00  0.00000000E+00  0.00000000E+00  0.00000000E+00  0.00000000E+00  0.00000000E+00  0.00000000E+00  0.00000000E+00
-2.47502725E+00  9.72700000E-07  1.60400000E-06  4.93300000E-05  1.25500000E-04  2.34000000E-02  5.33200000E-02  2.41900000E-05  4.68300000E-05  0.00000000E+00  0.00000000E+00  0.00000000E+00  0.00000000E+00  0.00000000E+00  0.00000000E+00  0.00000000E+00  0.00000000E+00  0.00000000E+00  0.00000000E+00
-2.45702725E+00  3.48700000E-07  9.84800000E-07  1.89400000E-05  1.05100000E-04  9.25200000E-03  4.51700000E-02  1.00500000E-05  4.15400000E-05  0.00000000E+00  0.00000000E+00  0.00000000E+00  0.00000000E+00  0.00000000E+00  0.00000000E+00  0.00000000E+00  0.00000000E+00  0.00000000E+00  0.00000000E+00
-2.44002725E+00  1.11200000E-07  6.29300000E-07  5.96700000E-06  8.04200000E-05  3.00400000E-03  3.47600000E-02  3.38400000E-06  3.25900000E-05  0.00000000E+00  0.00000000E+00  0.00000000E+00  0.00000000E+00  0.00000000E+00  0.00000000E+00  0.00000000E+00  0.00000000E+00  0.00000000E+00  0.00000000E+00
-2.42302725E+00  6.72600000E-08  3.72800000E-07  1.76300000E-06  5.16000000E-05  9.66400000E-04  2.23600000E-02  1.05900000E-06  2.11100000E-05  0.00000000E+00  0.00000000E+00  0.00000000E+00  0.00000000E+00  0.00000000E+00  0.00000000E+00  0.00000000E+00  0.00000000E+00  0.00000000E+00  0.00000000E+00
-2.40502725E+00  1.64500000E-07  1.87200000E-07  1.34900000E-06  2.67200000E-05  9.28800000E-04  1.15800000E-02  8.28100000E-07  1.09700000E-05  0.00000000E+00  0.00000000E+00  0.00000000E+00  0.00000000E+00  0.00000000E+00  0.00000000E+00  0.00000000E+00  0.00000000E+00  0.00000000E+00  0.00000000E+00
-2.38802725E+00  4.74600000E-07  7.79200000E-08  3.31700000E-06  1.10900000E-05  2.38300000E-03  4.79400000E-03  1.98400000E-06  4.53200000E-06  0.00000000E+00  0.00000000E+00  0.00000000E+00  0.00000000E+00  0.00000000E+00  0.00000000E+00  0.00000000E+00  0.00000000E+00  0.00000000E+00  0.00000000E+00
-2.37002725E+00  1.11900000E-06  3.63100000E-08  8.49300000E-06  4.16400000E-06  5.88900000E-03  1.72600000E-03  4.86500000E-06  1.57800000E-06  0.00000000E+00  0.00000000E+00  0.00000000E+00  0.00000000E+00  0.00000000E+00  0.00000000E+00  0.00000000E+00  0.00000000E+00  0.00000000E+00  0.00000000E+00
-2.35302725E+00  2.12600000E-06  6.00000000E-08  1.89700000E-05  3.41900000E-06  1.23600000E-02  1.16400000E-03  1.01700000E-05  8.56800000E-07  0.00000000E+00  0.00000000E+00  0.00000000E+00  0.00000000E+00  0.00000000E+00  0.00000000E+00  0.00000000E+00  0.00000000E+00  0.00000000E+00  0.00000000E+00
-2.33502725E+00  3.33000000E-06  1.96500000E-07  3.77900000E-05  8.44200000E-06  2.26900000E-02  2.68000000E-03  1.85500000E-05  1.71100000E-06  0.00000000E+00  0.00000000E+00  0.00000000E+00  0.00000000E+00  0.00000000E+00  0.00000000E+00  0.00000000E+00  0.00000000E+00  0.00000000E+00  0.00000000E+00
-2.31802725E+00  4.47800000E-06  5.71300000E-07  6.79900000E-05  2.17100000E-05  3.75200000E-02  7.06200000E-03  3.05400000E-05  4.46400000E-06  0.00000000E+00  0.00000000E+00  0.00000000E+00  0.00000000E+00  0.00000000E+00  0.00000000E+00  0.00000000E+00  0.00000000E+00  0.00000000E+00  0.00000000E+00
-2.30002725E+00  5.48200000E-06  1.36500000E-06  1.09000000E-04  4.58300000E-05  5.63200000E-02  1.55200000E-02  4.57300000E-05  9.84600000E-06  0.00000000E+00  0.00000000E+00  0.00000000E+00  0.00000000E+00  0.00000000E+00  0.00000000E+00  0.00000000E+00  0.00000000E+00  0.00000000E+00  0.00000000E+00
-2.28302725E+00  6.46600000E-06  2.72500000E-06  1.51500000E-04  7.93700000E-05  7.52900000E-02  2.83100000E-02  6.12000000E-05  1.80500000E-05  0.00000000E+00  0.00000000E+00  0.00000000E+00  0.00000000E+00  0.00000000E+00  0.00000000E+00  0.00000000E+00  0.00000000E+00  0.00000000E+00  0.00000000E+00
-2.26502725E+00  7.56500000E-06  4.66100000E-06  1.80200000E-04  1.15700000E-04  8.79000000E-02  4.40000000E-02  7.16700000E-05  2.82300000E-05  0.00000000E+00  0.00000000E+00  0.00000000E+00  0.00000000E+00  0.00000000E+00  0.00000000E+00  0.00000000E+00  0.00000000E+00  0.00000000E+00  0.00000000E+00
-2.24802725E+00  8.86100000E-06  7.00200000E-06  1.86400000E-04  1.47400000E-04  8.98800000E-02  6.01400000E-02  7.35000000E-05  3.88700000E-05  0.00000000E+00  0.00000000E+00  0.00000000E+00  0.00000000E+00  0.00000000E+00  0.00000000E+00  0.00000000E+00  0.00000000E+00  0.00000000E+00  0.00000000E+00
-2.23002725E+00  1.04700000E-05  9.41000000E-06  1.77700000E-04  1.69900000E-04  8.38700000E-02  7.41200000E-02  6.85000000E-05  4.83700000E-05  0.00000000E+00  0.00000000E+00  0.00000000E+00  0.00000000E+00  0.00000000E+00  0.00000000E+00  0.00000000E+00  0.00000000E+00  0.00000000E+00  0.00000000E+00
-2.21302725E+00  1.23700000E-05  1.14800000E-05  1.68500000E-04  1.81700000E-04  7.65000000E-02  8.37000000E-02  6.19600000E-05  5.54400000E-05  0.00000000E+00  0.00000000E+00  0.00000000E+00  0.00000000E+00  0.00000000E+00  0.00000000E+00  0.00000000E+00  0.00000000E+00  0.00000000E+00  0.00000000E+00
-2.19502725E+00  1.40000000E-05  1.29600000E-05  1.62300000E-04  1.83500000E-04  7.09700000E-02  8.81700000E-02  5.69000000E-05  5.97900000E-05  0.00000000E+00  0.00000000E+00  0.00000000E+00  0.00000000E+00  0.00000000E+00  0.00000000E+00  0.00000000E+00  0.00000000E+00  0.00000000E+00  0.00000000E+00
-2.17802725E+00  1.43900000E-05  1.38600000E-05  1.49100000E-04  1.78300000E-04  6.46300000E-02  8.88000000E-02  5.19200000E-05  6.21100000E-05  0.00000000E+00  0.00000000E+00  0.00000000E+00  0.00000000E+00  0.00000000E+00  0.00000000E+00  0.00000000E+00  0.00000000E+00  0.00000000E+00  0.00000000E+00
-2.16002725E+00  1.29500000E-05  1.40600000E-05  1.20600000E-04  1.67600000E-04  5.38800000E-02  8.62700000E-02  4.43700000E-05  6.22200000E-05  0.00000000E+00  0.00000000E+00  0.00000000E+00  0.00000000E+00  0.00000000E+00  0.00000000E+00  0.00000000E+00  0.00000000E+00  0.00000000E+00  0.00000000E+00
-2.14302725E+00  9.99500000E-06  1.31600000E-05  8.20600000E-05  1.47700000E-04  3.91700000E-02  7.84500000E-02  3.39900000E-05  5.79500000E-05  0.00000000E+00  0.00000000E+00  0.00000000E+00  0.00000000E+00  0.00000000E+00  0.00000000E+00  0.00000000E+00  0.00000000E+00  0.00000000E+00  0.00000000E+00
-2.12502725E+00  6.61000000E-06  1.08700000E-05  4.68000000E-05  1.15500000E-04  2.43800000E-02  6.33200000E-02  2.32900000E-05  4.76000000E-05  0.00000000E+00  0.00000000E+00  0.00000000E+00  0.00000000E+00  0.00000000E+00  0.00000000E+00  0.00000000E+00  0.00000000E+00  0.00000000E+00  0.00000000E+00
-2.10802725E+00  3.92600000E-06  7.64300000E-06  2.38400000E-05  7.62200000E-05  1.31500000E-02  4.33600000E-02  1.54800000E-05  3.31100000E-05  0.00000000E+00  0.00000000E+00  0.00000000E+00  0.00000000E+00  0.00000000E+00  0.00000000E+00  0.00000000E+00  0.00000000E+00  0.00000000E+00  0.00000000E+00
-2.09002725E+00  2.57300000E-06  4.46600000E-06  1.41000000E-05  4.11700000E-05  6.82800000E-03  2.45400000E-02  1.25100000E-05  1.90400000E-05  0.00000000E+00  0.00000000E+00  0.00000000E+00  0.00000000E+00  0.00000000E+00  0.00000000E+00  0.00000000E+00  0.00000000E+00  0.00000000E+00  0.00000000E+00
-2.07302725E+00  2.62300000E-06  2.15700000E-06  1.40400000E-05  1.79700000E-05  4.89900000E-03  1.13700000E-02  1.44300000E-05  8.96000000E-06  0.00000000E+00  0.00000000E+00  0.00000000E+00  0.00000000E+00  0.00000000E+00  0.00000000E+00  0.00000000E+00  0.00000000E+00  0.00000000E+00  0.00000000E+00
-2.05502725E+00  3.86200000E-06  9.27600000E-07  1.98800000E-05  6.45900000E-06  6.27800000E-03  4.45600000E-03  1.98700000E-05  3.47200000E-06  0.00000000E+00  0.00000000E+00  0.00000000E+00  0.00000000E+00  0.00000000E+00  0.00000000E+00  0.00000000E+00  0.00000000E+00  0.00000000E+00  0.00000000E+00
-2.03802725E+00  5.94900000E-06  6.01500000E-07  2.86900000E-05  2.47900000E-06  9.92300000E-03  2.09300000E-03  2.70100000E-05  1.27500000E-06  0.00000000E+00  0.00000000E+00  0.00000000E+00  0.00000000E+00  0.00000000E+00  0.00000000E+00  0.00000000E+00  0.00000000E+00  0.00000000E+00  0.00000000E+00
-2.02002725E+00  8.28000000E-06  1.00500000E-06  3.76300000E-05  2.48400000E-06  1.45800000E-02  2.66000000E-03  3.37600000E-05  9.51800000E-07  0.00000000E+00  0.00000000E+00  0.00000000E+00  0.00000000E+00  0.00000000E+00  0.00000000E+00  0.00000000E+00  0.00000000E+00  0.00000000E+00  0.00000000E+00
-2.00302725E+00  9.90000000E-06  2.05800000E-06  4.33500000E-05  4.86200000E-06  1.84600000E-02  5.43500000E-03  3.76700000E-05  1.76600000E-06  0.00000000E+00  0.00000000E+00  0.00000000E+00  0.00000000E+00  0.00000000E+00  0.00000000E+00  0.00000000E+00  0.00000000E+00  0.00000000E+00  0.00000000E+00
-1.98502725E+00  9.91400000E-06  3.54100000E-06  4.30000000E-05  8.98100000E-06  1.96500000E-02  9.81900000E-03  3.66000000E-05  3.41200000E-06  0.00000000E+00  0.00000000E+00  0.00000000E+00  0.00000000E+00  0.00000000E+00  0.00000000E+00  0.00000000E+00  0.00000000E+00  0.00000000E+00  0.00000000E+00
-1.96802725E+00  8.19200000E-06  4.96000000E-06  3.62200000E-05  1.43100000E-05  1.74000000E-02  1.44500000E-02  3.04100000E-05  5.49200000E-06  0.00000000E+00  0.00000000E+00  0.00000000E+00  0.00000000E+00  0.00000000E+00  0.00000000E+00  0.00000000E+00  0.00000000E+00  0.00000000E+00  0.00000000E+00
-1.95102725E+00  5.54700000E-06  5.91300000E-06  2.56700000E-05  2.07600000E-05  1.27400000E-02  1.76400000E-02  2.14500000E-05  7.44000000E-06  0.00000000E+00  0.00000000E+00  0.00000000E+00  0.00000000E+00  0.00000000E+00  0.00000000E+00  0.00000000E+00  0.00000000E+00  0.00000000E+00  0.00000000E+00
-1.93302725E+00  3.10400000E-06  6.67600000E-06  1.53300000E-05  2.91900000E-05  7.68000000E-03  1.88400000E-02  1.30500000E-05  9.04000000E-06  0.00000000E+00  0.00000000E+00  0.00000000E+00  0.00000000E+00  0.00000000E+00  0.00000000E+00  0.00000000E+00  0.00000000E+00  0.00000000E+00  0.00000000E+00
-1.91602725E+00  1.53900000E-06  8.14200000E-06  8.00500000E-06  4.04200000E-05  3.84900000E-03  1.92200000E-02  7.31400000E-06  1.07900000E-05  0.00000000E+00  0.00000000E+00  0.00000000E+00  0.00000000E+00  0.00000000E+00  0.00000000E+00  0.00000000E+00  0.00000000E+00  0.00000000E+00  0.00000000E+00
-1.89802725E+00  9.35500000E-07  1.08900000E-05  4.38400000E-06  5.34600000E-05  1.74900000E-03  2.04400000E-02  4.42900000E-06  1.35600000E-05  0.00000000E+00  0.00000000E+00  0.00000000E+00  0.00000000E+00  0.00000000E+00  0.00000000E+00  0.00000000E+00  0.00000000E+00  0.00000000E+00  0.00000000E+00
-1.88102725E+00  1.15000000E-06  1.43300000E-05  3.87800000E-06  6.59500000E-05  1.12400000E-03  2.31500000E-02  3.48100000E-06  1.78900000E-05  0.00000000E+00  0.00000000E+00  0.00000000E+00  0.00000000E+00  0.00000000E+00  0.00000000E+00  0.00000000E+00  0.00000000E+00  0.00000000E+00  0.00000000E+00
-1.86302725E+00  2.12000000E-06  1.68900000E-05  5.71400000E-06  7.61800000E-05  1.57700000E-03  2.67300000E-02  3.64000000E-06  2.35000000E-05  0.00000000E+00  0.00000000E+00  0.00000000E+00  0.00000000E+00  0.00000000E+00  0.00000000E+00  0.00000000E+00  0.00000000E+00  0.00000000E+00  0.00000000E+00
-1.84602725E+00  3.80600000E-06  1.72800000E-05  9.21700000E-06  8.25500000E-05  2.82500000E-03  2.96300000E-02  4.61600000E-06  2.89100000E-05  0.00000000E+00  0.00000000E+00  0.00000000E+00  0.00000000E+00  0.00000000E+00  0.00000000E+00  0.00000000E+00  0.00000000E+00  0.00000000E+00  0.00000000E+00
-1.82802725E+00  5.97000000E-06  1.53300000E-05  1.36700000E-05  8.18700000E-05  4.68400000E-03  2.97800000E-02  6.40700000E-06  3.14500000E-05  0.00000000E+00  0.00000000E+00  0.00000000E+00  0.00000000E+00  0.00000000E+00  0.00000000E+00  0.00000000E+00  0.00000000E+00  0.00000000E+00  0.00000000E+00
-1.81102725E+00  8.17400000E-06  1.20200000E-05  1.87400000E-05  7.11800000E-05  7.17600000E-03  2.58800000E-02  9.12700000E-06  2.89400000E-05  0.00000000E+00  0.00000000E+00  0.00000000E+00  0.00000000E+00  0.00000000E+00  0.00000000E+00  0.00000000E+00  0.00000000E+00  0.00000000E+00  0.00000000E+00
-1.79302725E+00  1.00600000E-05  8.64100000E-06  2.51100000E-05  5.23000000E-05  1.06600000E-02  1.87900000E-02  1.31700000E-05  2.18800000E-05  0.00000000E+00  0.00000000E+00  0.00000000E+00  0.00000000E+00  0.00000000E+00  0.00000000E+00  0.00000000E+00  0.00000000E+00  0.00000000E+00  0.00000000E+00
-1.77602725E+00  1.14500000E-05  6.01900000E-06  3.35700000E-05  3.19600000E-05  1.53400000E-02  1.11800000E-02  1.87400000E-05  1.33600000E-05  0.00000000E+00  0.00000000E+00  0.00000000E+00  0.00000000E+00  0.00000000E+00  0.00000000E+00  0.00000000E+00  0.00000000E+00  0.00000000E+00  0.00000000E+00
-1.75802725E+00  1.20900000E-05  4.22300000E-06  4.25600000E-05  1.63800000E-05  2.01700000E-02  5.42400000E-03  2.45700000E-05  6.55400000E-06  0.00000000E+00  0.00000000E+00  0.00000000E+00  0.00000000E+00  0.00000000E+00  0.00000000E+00  0.00000000E+00  0.00000000E+00  0.00000000E+00  0.00000000E+00
-1.74102725E+00  1.15700000E-05  2.90900000E-06  4.75600000E-05  7.30900000E-06  2.27700000E-02  2.20400000E-03  2.76500000E-05  2.62300000E-06  0.00000000E+00  0.00000000E+00  0.00000000E+00  0.00000000E+00  0.00000000E+00  0.00000000E+00  0.00000000E+00  0.00000000E+00  0.00000000E+00  0.00000000E+00
-1.72302725E+00  9.75500000E-06  1.84600000E-06  4.48400000E-05  3.09000000E-06  2.11800000E-02  9.48800000E-04  2.57200000E-05  1.00800000E-06  0.00000000E+00  0.00000000E+00  0.00000000E+00  0.00000000E+00  0.00000000E+00  0.00000000E+00  0.00000000E+00  0.00000000E+00  0.00000000E+00  0.00000000E+00
-1.70602725E+00  7.50400000E-06  1.10500000E-06  3.66600000E-05  1.65100000E-06  1.59800000E-02  1.05500000E-03  2.01700000E-05  8.63300000E-07  0.00000000E+00  0.00000000E+00  0.00000000E+00  0.00000000E+00  0.00000000E+00  0.00000000E+00  0.00000000E+00  0.00000000E+00  0.00000000E+00  0.00000000E+00
-1.68802725E+00  6.91100000E-06  9.06700000E-07  3.27300000E-05  2.05400000E-06  9.91200000E-03  2.58600000E-03  1.62900000E-05  1.92100000E-06  0.00000000E+00  0.00000000E+00  0.00000000E+00  0.00000000E+00  0.00000000E+00  0.00000000E+00  0.00000000E+00  0.00000000E+00  0.00000000E+00  0.00000000E+00
-1.67102725E+00  1.11600000E-05  1.46700000E-06  4.77300000E-05  4.41100000E-06  5.78600000E-03  6.11000000E-03  2.12100000E-05  4.37100000E-06  0.00000000E+00  0.00000000E+00  0.00000000E+00  0.00000000E+00  0.00000000E+00  0.00000000E+00  0.00000000E+00  0.00000000E+00  0.00000000E+00  0.00000000E+00
-1.65302725E+00  2.37800000E-05  2.90400000E-06  9.58500000E-05  9.03500000E-06  4.96500000E-03  1.18100000E-02  4.13200000E-05  8.11300000E-06  0.00000000E+00  0.00000000E+00  0.00000000E+00  0.00000000E+00  0.00000000E+00  0.00000000E+00  0.00000000E+00  0.00000000E+00  0.00000000E+00  0.00000000E+00
-1.63602725E+00  4.62100000E-05  5.01400000E-06  1.80300000E-04  1.53400000E-05  7.37400000E-03  1.84300000E-02  7.81700000E-05  1.20700000E-05  0.00000000E+00  0.00000000E+00  0.00000000E+00  0.00000000E+00  0.00000000E+00  0.00000000E+00  0.00000000E+00  0.00000000E+00  0.00000000E+00  0.00000000E+00
-1.61802725E+00  7.42200000E-05  7.10100000E-06  2.80800000E-04  2.13000000E-05  1.18500000E-02  2.33800000E-02  1.23100000E-04  1.44700000E-05  0.00000000E+00  0.00000000E+00  0.00000000E+00  0.00000000E+00  0.00000000E+00  0.00000000E+00  0.00000000E+00  0.00000000E+00  0.00000000E+00  0.00000000E+00
-1.60102725E+00  9.71600000E-05  8.26200000E-06  3.55000000E-04  2.44600000E-05  1.63200000E-02  2.44600000E-02  1.57400000E-04  1.41700000E-05  0.00000000E+00  0.00000000E+00  0.00000000E+00  0.00000000E+00  0.00000000E+00  0.00000000E+00  0.00000000E+00  0.00000000E+00  0.00000000E+00  0.00000000E+00
-1.58302725E+00  1.03700000E-04  8.08000000E-06  3.64100000E-04  2.39000000E-05  1.85200000E-02  2.17100000E-02  1.63000000E-04  1.16500000E-05  0.00000000E+00  0.00000000E+00  0.00000000E+00  0.00000000E+00  0.00000000E+00  0.00000000E+00  0.00000000E+00  0.00000000E+00  0.00000000E+00  0.00000000E+00
-1.56602725E+00  9.03000000E-05  6.92300000E-06  3.03400000E-04  2.07900000E-05  1.74700000E-02  1.71800000E-02  1.36900000E-04  8.49700000E-06  0.00000000E+00  0.00000000E+00  0.00000000E+00  0.00000000E+00  0.00000000E+00  0.00000000E+00  0.00000000E+00  0.00000000E+00  0.00000000E+00  0.00000000E+00
-1.54802725E+00  6.43700000E-05  5.45300000E-06  2.05600000E-04  1.68800000E-05  1.41300000E-02  1.28700000E-02  9.32700000E-05  5.91900000E-06  0.00000000E+00  0.00000000E+00  0.00000000E+00  0.00000000E+00  0.00000000E+00  0.00000000E+00  0.00000000E+00  0.00000000E+00  0.00000000E+00  0.00000000E+00
-1.53102725E+00  3.78500000E-05  4.04000000E-06  1.13100000E-04  1.29200000E-05  1.04700000E-02  9.41000000E-03  5.16700000E-05  4.14800000E-06  0.00000000E+00  0.00000000E+00  0.00000000E+00  0.00000000E+00  0.00000000E+00  0.00000000E+00  0.00000000E+00  0.00000000E+00  0.00000000E+00  0.00000000E+00
-1.51402725E+00  1.88300000E-05  2.77700000E-06  5.05900000E-05  9.08000000E-06  7.78600000E-03  6.72600000E-03  2.34600000E-05  3.00500000E-06  0.00000000E+00  0.00000000E+00  0.00000000E+00  0.00000000E+00  0.00000000E+00  0.00000000E+00  0.00000000E+00  0.00000000E+00  0.00000000E+00  0.00000000E+00
-1.49602725E+00  8.43600000E-06  1.80300000E-06  1.84400000E-05  5.88100000E-06  5.99900000E-03  5.19100000E-03  8.96500000E-06  2.60000000E-06  0.00000000E+00  0.00000000E+00  0.00000000E+00  0.00000000E+00  0.00000000E+00  0.00000000E+00  0.00000000E+00  0.00000000E+00  0.00000000E+00  0.00000000E+00
-1.47902725E+00  3.74800000E-06  1.32200000E-06  5.57200000E-06  4.12300000E-06  4.45600000E-03  5.55000000E-03  3.08400000E-06  3.31100000E-06  0.00000000E+00  0.00000000E+00  0.00000000E+00  0.00000000E+00  0.00000000E+00  0.00000000E+00  0.00000000E+00  0.00000000E+00  0.00000000E+00  0.00000000E+00
-1.46102725E+00  1.74100000E-06  1.37700000E-06  1.49300000E-06  4.02500000E-06  2.90700000E-03  7.92900000E-03  1.08700000E-06  5.18600000E-06  0.00000000E+00  0.00000000E+00  0.00000000E+00  0.00000000E+00  0.00000000E+00  0.00000000E+00  0.00000000E+00  0.00000000E+00  0.00000000E+00  0.00000000E+00
-1.44402725E+00  8.05700000E-07  1.71800000E-06  5.36500000E-07  4.86700000E-06  1.63400000E-03  1.10800000E-02  5.26700000E-07  7.43100000E-06  0.00000000E+00  0.00000000E+00  0.00000000E+00  0.00000000E+00  0.00000000E+00  0.00000000E+00  0.00000000E+00  0.00000000E+00  0.00000000E+00  0.00000000E+00
-1.42602725E+00  3.79900000E-07  1.94600000E-06  7.61000000E-07  5.46300000E-06  1.01300000E-03  1.28900000E-02  6.78200000E-07  8.68500000E-06  0.00000000E+00  0.00000000E+00  0.00000000E+00  0.00000000E+00  0.00000000E+00  0.00000000E+00  0.00000000E+00  0.00000000E+00  0.00000000E+00  0.00000000E+00
-1.40902725E+00  2.97900000E-07  1.81200000E-06  2.03300000E-06  5.04500000E-06  1.29300000E-03  1.19900000E-02  1.66600000E-06  8.06200000E-06  0.00000000E+00  0.00000000E+00  0.00000000E+00  0.00000000E+00  0.00000000E+00  0.00000000E+00  0.00000000E+00  0.00000000E+00  0.00000000E+00  0.00000000E+00
-1.39102725E+00  4.92100000E-07  1.41100000E-06  4.76900000E-06  3.79800000E-06  2.60900000E-03  9.02300000E-03  3.85500000E-06  5.95600000E-06  0.00000000E+00  0.00000000E+00  0.00000000E+00  0.00000000E+00  0.00000000E+00  0.00000000E+00  0.00000000E+00  0.00000000E+00  0.00000000E+00  0.00000000E+00
-1.37402725E+00  9.01600000E-07  1.11300000E-06  8.93400000E-06  2.58700000E-06  4.84800000E-03  6.09200000E-03  7.19200000E-06  3.65600000E-06  0.00000000E+00  0.00000000E+00  0.00000000E+00  0.00000000E+00  0.00000000E+00  0.00000000E+00  0.00000000E+00  0.00000000E+00  0.00000000E+00  0.00000000E+00
-1.35602725E+00  1.42800000E-06  1.29800000E-06  1.33400000E-05  2.23600000E-06  7.41600000E-03  5.14100000E-03  1.06800000E-05  2.26600000E-06  0.00000000E+00  0.00000000E+00  0.00000000E+00  0.00000000E+00  0.00000000E+00  0.00000000E+00  0.00000000E+00  0.00000000E+00  0.00000000E+00  0.00000000E+00
-1.33902725E+00  1.97100000E-06  2.10700000E-06  1.61400000E-05  3.00500000E-06  9.49600000E-03  6.77200000E-03  1.27400000E-05  2.07400000E-06  0.00000000E+00  0.00000000E+00  0.00000000E+00  0.00000000E+00  0.00000000E+00  0.00000000E+00  0.00000000E+00  0.00000000E+00  0.00000000E+00  0.00000000E+00
-1.32102725E+00  2.51500000E-06  3.27300000E-06  1.63400000E-05  4.44300000E-06  1.07400000E-02  9.95500000E-03  1.25300000E-05  2.64900000E-06  0.00000000E+00  0.00000000E+00  0.00000000E+00  0.00000000E+00  0.00000000E+00  0.00000000E+00  0.00000000E+00  0.00000000E+00  0.00000000E+00  0.00000000E+00
-1.30402725E+00  3.07200000E-06  4.16400000E-06  1.46600000E-05  5.60300000E-06  1.14000000E-02  1.25400000E-02  1.06700000E-05  3.24000000E-06  0.00000000E+00  0.00000000E+00  0.00000000E+00  0.00000000E+00  0.00000000E+00  0.00000000E+00  0.00000000E+00  0.00000000E+00  0.00000000E+00  0.00000000E+00
-1.28602725E+00  3.48700000E-06  4.19900000E-06  1.23800000E-05  5.65700000E-06  1.15600000E-02  1.26300000E-02  8.38300000E-06  3.25900000E-06  0.00000000E+00  0.00000000E+00  0.00000000E+00  0.00000000E+00  0.00000000E+00  0.00000000E+00  0.00000000E+00  0.00000000E+00  0.00000000E+00  0.00000000E+00
-1.26902725E+00  3.45300000E-06  3.33800000E-06  9.97500000E-06  4.57200000E-06  1.07100000E-02  1.01000000E-02  6.31400000E-06  2.66300000E-06  0.00000000E+00  0.00000000E+00  0.00000000E+00  0.00000000E+00  0.00000000E+00  0.00000000E+00  0.00000000E+00  0.00000000E+00  0.00000000E+00  0.00000000E+00
-1.25102725E+00  2.83700000E-06  2.09100000E-06  7.33300000E-06  3.17000000E-06  8.54500000E-03  6.57600000E-03  4.50600000E-06  1.97000000E-06  0.00000000E+00  0.00000000E+00  0.00000000E+00  0.00000000E+00  0.00000000E+00  0.00000000E+00  0.00000000E+00  0.00000000E+00  0.00000000E+00  0.00000000E+00
-1.23402725E+00  1.89000000E-06  1.04100000E-06  4.68300000E-06  2.52700000E-06  5.73300000E-03  4.04600000E-03  3.14700000E-06  1.91800000E-06  0.00000000E+00  0.00000000E+00  0.00000000E+00  0.00000000E+00  0.00000000E+00  0.00000000E+00  0.00000000E+00  0.00000000E+00  0.00000000E+00  0.00000000E+00
-1.21602725E+00  1.04600000E-06  4.32300000E-07  2.73800000E-06  3.35000000E-06  3.58500000E-03  3.55000000E-03  2.98600000E-06  3.06800000E-06  0.00000000E+00  0.00000000E+00  0.00000000E+00  0.00000000E+00  0.00000000E+00  0.00000000E+00  0.00000000E+00  0.00000000E+00  0.00000000E+00  0.00000000E+00
-1.19902725E+00  5.99700000E-07  1.87900000E-07  2.22000000E-06  5.59500000E-06  3.21900000E-03  4.90800000E-03  5.26500000E-06  5.42000000E-06  0.00000000E+00  0.00000000E+00  0.00000000E+00  0.00000000E+00  0.00000000E+00  0.00000000E+00  0.00000000E+00  0.00000000E+00  0.00000000E+00  0.00000000E+00
-1.18102725E+00  6.22000000E-07  1.30400000E-07  3.71000000E-06  8.28500000E-06  5.23600000E-03  6.98600000E-03  1.14300000E-05  8.10800000E-06  0.00000000E+00  0.00000000E+00  0.00000000E+00  0.00000000E+00  0.00000000E+00  0.00000000E+00  0.00000000E+00  0.00000000E+00  0.00000000E+00  0.00000000E+00
-1.16402725E+00  1.08600000E-06  1.26900000E-07  7.79800000E-06  9.85900000E-06  9.69700000E-03  8.26100000E-03  2.23300000E-05  9.66400000E-06  0.00000000E+00  0.00000000E+00  0.00000000E+00  0.00000000E+00  0.00000000E+00  0.00000000E+00  0.00000000E+00  0.00000000E+00  0.00000000E+00  0.00000000E+00
-1.14602725E+00  1.93600000E-06  1.17400000E-07  1.48800000E-05  9.26500000E-06  1.58300000E-02  7.77200000E-03  3.69400000E-05  9.08600000E-06  0.00000000E+00  0.00000000E+00  0.00000000E+00  0.00000000E+00  0.00000000E+00  0.00000000E+00  0.00000000E+00  0.00000000E+00  0.00000000E+00  0.00000000E+00
-1.12902725E+00  3.03000000E-06  9.82300000E-08  2.45400000E-05  6.86400000E-06  2.18600000E-02  5.83800000E-03  5.16600000E-05  6.74200000E-06  0.00000000E+00  0.00000000E+00  0.00000000E+00  0.00000000E+00  0.00000000E+00  0.00000000E+00  0.00000000E+00  0.00000000E+00  0.00000000E+00  0.00000000E+00
-1.11102725E+00  4.07400000E-06  1.02000000E-07  3.50500000E-05  4.03400000E-06  2.56200000E-02  3.73700000E-03  6.15200000E-05  3.99900000E-06  0.00000000E+00  0.00000000E+00  0.00000000E+00  0.00000000E+00  0.00000000E+00  0.00000000E+00  0.00000000E+00  0.00000000E+00  0.00000000E+00  0.00000000E+00
-1.09402725E+00  4.67000000E-06  1.80100000E-07  4.36300000E-05  1.96000000E-06  2.58700000E-02  2.71900000E-03  6.30200000E-05  2.05200000E-06  0.00000000E+00  0.00000000E+00  0.00000000E+00  0.00000000E+00  0.00000000E+00  0.00000000E+00  0.00000000E+00  0.00000000E+00  0.00000000E+00  0.00000000E+00
-1.07602725E+00  4.53800000E-06  3.77200000E-07  4.82000000E-05  9.67100000E-07  2.32300000E-02  3.33700000E-03  5.63500000E-05  1.25400000E-06  0.00000000E+00  0.00000000E+00  0.00000000E+00  0.00000000E+00  0.00000000E+00  0.00000000E+00  0.00000000E+00  0.00000000E+00  0.00000000E+00  0.00000000E+00
-1.05902725E+00  3.75500000E-06  6.82500000E-07  5.02300000E-05  7.54600000E-07  2.00300000E-02  5.29000000E-03  4.58200000E-05  1.30400000E-06  0.00000000E+00  0.00000000E+00  0.00000000E+00  0.00000000E+00  0.00000000E+00  0.00000000E+00  0.00000000E+00  0.00000000E+00  0.00000000E+00  0.00000000E+00
-1.04202725E+00  2.74700000E-06  9.86900000E-07  5.51300000E-05  8.64900000E-07  1.91200000E-02  7.48000000E-03  3.75300000E-05  1.66600000E-06  0.00000000E+00  0.00000000E+00  0.00000000E+00  0.00000000E+00  0.00000000E+00  0.00000000E+00  0.00000000E+00  0.00000000E+00  0.00000000E+00  0.00000000E+00
-1.02402725E+00  1.96900000E-06  1.12600000E-06  6.71200000E-05  9.46900000E-07  2.17400000E-02  8.50300000E-03  3.52400000E-05  1.86200000E-06  0.00000000E+00  0.00000000E+00  0.00000000E+00  0.00000000E+00  0.00000000E+00  0.00000000E+00  0.00000000E+00  0.00000000E+00  0.00000000E+00  0.00000000E+00
-1.00702725E+00  1.57200000E-06  1.01100000E-06  8.23500000E-05  8.45400000E-07  2.60400000E-02  7.63400000E-03  3.72600000E-05  1.66700000E-06  0.00000000E+00  0.00000000E+00  0.00000000E+00  0.00000000E+00  0.00000000E+00  0.00000000E+00  0.00000000E+00  0.00000000E+00  0.00000000E+00  0.00000000E+00
-9.89027250E-01  1.38400000E-06  7.15700000E-07  8.96500000E-05  6.00500000E-07  2.80700000E-02  5.40300000E-03  3.79500000E-05  1.18100000E-06  0.00000000E+00  0.00000000E+00  0.00000000E+00  0.00000000E+00  0.00000000E+00  0.00000000E+00  0.00000000E+00  0.00000000E+00  0.00000000E+00  0.00000000E+00
-9.72027250E-01  1.19400000E-06  4.03500000E-07  8.09400000E-05  3.55400000E-07  2.53700000E-02  3.05400000E-03  3.31200000E-05  6.74800000E-07  0.00000000E+00  0.00000000E+00  0.00000000E+00  0.00000000E+00  0.00000000E+00  0.00000000E+00  0.00000000E+00  0.00000000E+00  0.00000000E+00  0.00000000E+00
-9.54027250E-01  1.00100000E-06  2.02400000E-07  5.98400000E-05  2.58500000E-07  1.93900000E-02  1.57000000E-03  2.37300000E-05  3.82500000E-07  0.00000000E+00  0.00000000E+00  0.00000000E+00  0.00000000E+00  0.00000000E+00  0.00000000E+00  0.00000000E+00  0.00000000E+00  0.00000000E+00  0.00000000E+00
-9.37027250E-01  1.01300000E-06  1.67000000E-07  3.87300000E-05  4.78100000E-07  1.42400000E-02  1.42000000E-03  1.42700000E-05  4.60800000E-07  0.00000000E+00  0.00000000E+00  0.00000000E+00  0.00000000E+00  0.00000000E+00  0.00000000E+00  0.00000000E+00  0.00000000E+00  0.00000000E+00  0.00000000E+00
-9.19027250E-01  1.49100000E-06  3.34500000E-07  2.86800000E-05  1.28600000E-06  1.32500000E-02  2.99900000E-03  8.55700000E-06  1.10300000E-06  0.00000000E+00  0.00000000E+00  0.00000000E+00  0.00000000E+00  0.00000000E+00  0.00000000E+00  0.00000000E+00  0.00000000E+00  0.00000000E+00  0.00000000E+00
-9.02027250E-01  2.55600000E-06  7.47600000E-07  3.28400000E-05  2.98000000E-06  1.68700000E-02  6.75400000E-03  7.53500000E-06  2.52400000E-06  0.00000000E+00  0.00000000E+00  0.00000000E+00  0.00000000E+00  0.00000000E+00  0.00000000E+00  0.00000000E+00  0.00000000E+00  0.00000000E+00  0.00000000E+00
-8.84027250E-01  4.03300000E-06  1.37000000E-06  4.60700000E-05  5.48000000E-06  2.28200000E-02  1.23900000E-02  9.80600000E-06  4.63600000E-06  0.00000000E+00  0.00000000E+00  0.00000000E+00  0.00000000E+00  0.00000000E+00  0.00000000E+00  0.00000000E+00  0.00000000E+00  0.00000000E+00  0.00000000E+00
-8.67027250E-01  5.36200000E-06  1.98300000E-06  5.88200000E-05  7.94100000E-06  2.76000000E-02  1.79500000E-02  1.29100000E-05  6.72100000E-06  0.00000000E+00  0.00000000E+00  0.00000000E+00  0.00000000E+00  0.00000000E+00  0.00000000E+00  0.00000000E+00  0.00000000E+00  0.00000000E+00  0.00000000E+00
-8.49027250E-01  5.83900000E-06  2.26500000E-06  6.39900000E-05  9.08500000E-06  2.86600000E-02  2.05200000E-02  1.46400000E-05  7.70000000E-06  0.00000000E+00  0.00000000E+00  0.00000000E+00  0.00000000E+00  0.00000000E+00  0.00000000E+00  0.00000000E+00  0.00000000E+00  0.00000000E+00  0.00000000E+00
-8.32027250E-01  5.16400000E-06  2.05500000E-06  6.26100000E-05  8.32000000E-06  2.62700000E-02  1.87000000E-02  1.43500000E-05  7.10100000E-06  0.00000000E+00  0.00000000E+00  0.00000000E+00  0.00000000E+00  0.00000000E+00  0.00000000E+00  0.00000000E+00  0.00000000E+00  0.00000000E+00  0.00000000E+00
-8.14027250E-01  3.77400000E-06  1.54200000E-06  6.16400000E-05  6.56700000E-06  2.33300000E-02  1.43400000E-02  1.31900000E-05  5.77900000E-06  0.00000000E+00  0.00000000E+00  0.00000000E+00  0.00000000E+00  0.00000000E+00  0.00000000E+00  0.00000000E+00  0.00000000E+00  0.00000000E+00  0.00000000E+00
-7.97027250E-01  2.54000000E-06  1.12900000E-06  6.48100000E-05  5.88700000E-06  2.27300000E-02  1.14400000E-02  1.26400000E-05  5.61400000E-06  0.00000000E+00  0.00000000E+00  0.00000000E+00  0.00000000E+00  0.00000000E+00  0.00000000E+00  0.00000000E+00  0.00000000E+00  0.00000000E+00  0.00000000E+00
-7.79027250E-01  2.15100000E-06  1.13400000E-06  6.77100000E-05  8.31800000E-06  2.49000000E-02  1.34300000E-02  1.30400000E-05  8.45100000E-06  0.00000000E+00  0.00000000E+00  0.00000000E+00  0.00000000E+00  0.00000000E+00  0.00000000E+00  0.00000000E+00  0.00000000E+00  0.00000000E+00  0.00000000E+00
-7.62027250E-01  2.75200000E-06  1.57900000E-06  6.34100000E-05  1.45600000E-05  2.79600000E-02  2.08900000E-02  1.36900000E-05  1.48000000E-05  0.00000000E+00  0.00000000E+00  0.00000000E+00  0.00000000E+00  0.00000000E+00  0.00000000E+00  0.00000000E+00  0.00000000E+00  0.00000000E+00  0.00000000E+00
-7.44027250E-01  3.94600000E-06  2.17700000E-06  5.08500000E-05  2.28600000E-05  2.93900000E-02  3.06000000E-02  1.38000000E-05  2.27300000E-05  0.00000000E+00  0.00000000E+00  0.00000000E+00  0.00000000E+00  0.00000000E+00  0.00000000E+00  0.00000000E+00  0.00000000E+00  0.00000000E+00  0.00000000E+00
-7.27027250E-01  5.01000000E-06  2.50500000E-06  3.52600000E-05  2.91300000E-05  2.74900000E-02  3.69000000E-02  1.29800000E-05  2.82800000E-05  0.00000000E+00  0.00000000E+00  0.00000000E+00  0.00000000E+00  0.00000000E+00  0.00000000E+00  0.00000000E+00  0.00000000E+00  0.00000000E+00  0.00000000E+00
-7.09027250E-01  5.29700000E-06  2.31000000E-06  2.20500000E-05  2.95400000E-05  2.21900000E-02  3.56100000E-02  1.10800000E-05  2.80300000E-05  0.00000000E+00  0.00000000E+00  0.00000000E+00  0.00000000E+00  0.00000000E+00  0.00000000E+00  0.00000000E+00  0.00000000E+00  0.00000000E+00  0.00000000E+00
-6.92027250E-01  4.71500000E-06  1.69600000E-06  1.30000000E-05  2.37400000E-05  1.52400000E-02  2.73500000E-02  8.33000000E-06  2.20700000E-05  0.00000000E+00  0.00000000E+00  0.00000000E+00  0.00000000E+00  0.00000000E+00  0.00000000E+00  0.00000000E+00  0.00000000E+00  0.00000000E+00  0.00000000E+00
-6.74027250E-01  3.90600000E-06  9.96800000E-07  7.52900000E-06  1.51100000E-05  9.24000000E-03  1.67800000E-02  5.45100000E-06  1.38100000E-05  0.00000000E+00  0.00000000E+00  0.00000000E+00  0.00000000E+00  0.00000000E+00  0.00000000E+00  0.00000000E+00  0.00000000E+00  0.00000000E+00  0.00000000E+00
-6.57027250E-01  3.91400000E-06  4.90000000E-07  4.98900000E-06  7.61300000E-06  6.33200000E-03  8.42900000E-03  3.37500000E-06  6.90200000E-06  0.00000000E+00  0.00000000E+00  0.00000000E+00  0.00000000E+00  0.00000000E+00  0.00000000E+00  0.00000000E+00  0.00000000E+00  0.00000000E+00  0.00000000E+00
-6.39027250E-01  5.52400000E-06  2.49600000E-07  5.24700000E-06  3.05000000E-06  7.47700000E-03  3.97200000E-03  2.69800000E-06  2.87100000E-06  0.00000000E+00  0.00000000E+00  0.00000000E+00  0.00000000E+00  0.00000000E+00  0.00000000E+00  0.00000000E+00  0.00000000E+00  0.00000000E+00  0.00000000E+00
-6.22027250E-01  8.66500000E-06  2.05000000E-07  7.87900000E-06  1.00300000E-06  1.22800000E-02  2.60200000E-03  3.37700000E-06  1.20700000E-06  0.00000000E+00  0.00000000E+00  0.00000000E+00  0.00000000E+00  0.00000000E+00  0.00000000E+00  0.00000000E+00  0.00000000E+00  0.00000000E+00  0.00000000E+00
-6.04027250E-01  1.22500000E-05  2.46500000E-07  1.14100000E-05  3.26100000E-07  1.86700000E-02  2.71800000E-03  4.73400000E-06  7.81200000E-07  0.00000000E+00  0.00000000E+00  0.00000000E+00  0.00000000E+00  0.00000000E+00  0.00000000E+00  0.00000000E+00  0.00000000E+00  0.00000000E+00  0.00000000E+00
-5.87027250E-01  1.47400000E-05  2.90100000E-07  1.36100000E-05  2.14700000E-07  2.32800000E-02  3.04600000E-03  5.75800000E-06  7.91900000E-07  0.00000000E+00  0.00000000E+00  0.00000000E+00  0.00000000E+00  0.00000000E+00  0.00000000E+00  0.00000000E+00  0.00000000E+00  0.00000000E+00  0.00000000E+00
-5.70027250E-01  1.51100000E-05  3.17200000E-07  1.29300000E-05  4.35000000E-07  2.35300000E-02  3.11400000E-03  5.72200000E-06  1.02000000E-06  0.00000000E+00  0.00000000E+00  0.00000000E+00  0.00000000E+00  0.00000000E+00  0.00000000E+00  0.00000000E+00  0.00000000E+00  0.00000000E+00  0.00000000E+00
-5.52027250E-01  1.35500000E-05  4.05400000E-07  9.78000000E-06  1.25000000E-06  1.97400000E-02  3.41200000E-03  4.68000000E-06  1.82800000E-06  0.00000000E+00  0.00000000E+00  0.00000000E+00  0.00000000E+00  0.00000000E+00  0.00000000E+00  0.00000000E+00  0.00000000E+00  0.00000000E+00  0.00000000E+00
-5.35027250E-01  1.12000000E-05  7.11000000E-07  6.01400000E-06  3.26200000E-06  1.46900000E-02  5.11800000E-03  3.30300000E-06  3.99000000E-06  0.00000000E+00  0.00000000E+00  0.00000000E+00  0.00000000E+00  0.00000000E+00  0.00000000E+00  0.00000000E+00  0.00000000E+00  0.00000000E+00  0.00000000E+00
-5.17027250E-01  9.42800000E-06  1.36500000E-06  3.28300000E-06  6.92900000E-06  1.09400000E-02  9.19200000E-03  2.22800000E-06  8.09300000E-06  0.00000000E+00  0.00000000E+00  0.00000000E+00  0.00000000E+00  0.00000000E+00  0.00000000E+00  0.00000000E+00  0.00000000E+00  0.00000000E+00  0.00000000E+00
-5.00027250E-01  9.22400000E-06  2.32000000E-06  2.13600000E-06  1.17300000E-05  9.26300000E-03  1.51400000E-02  1.65900000E-06  1.36000000E-05  0.00000000E+00  0.00000000E+00  0.00000000E+00  0.00000000E+00  0.00000000E+00  0.00000000E+00  0.00000000E+00  0.00000000E+00  0.00000000E+00  0.00000000E+00
-4.82027250E-01  1.09300000E-05  3.33100000E-06  2.33700000E-06  1.59000000E-05  9.17100000E-03  2.06100000E-02  1.49500000E-06  1.87100000E-05  0.00000000E+00  0.00000000E+00  0.00000000E+00  0.00000000E+00  0.00000000E+00  0.00000000E+00  0.00000000E+00  0.00000000E+00  0.00000000E+00  0.00000000E+00
-4.65027250E-01  1.41600000E-05  4.21700000E-06  3.46400000E-06  1.78700000E-05  1.00800000E-02  2.30300000E-02  1.61100000E-06  2.20800000E-05  0.00000000E+00  0.00000000E+00  0.00000000E+00  0.00000000E+00  0.00000000E+00  0.00000000E+00  0.00000000E+00  0.00000000E+00  0.00000000E+00  0.00000000E+00
-4.47027250E-01  1.78200000E-05  5.20500000E-06  5.12800000E-06  1.84600000E-05  1.15700000E-02  2.23900000E-02  1.94800000E-06  2.52100000E-05  0.00000000E+00  0.00000000E+00  0.00000000E+00  0.00000000E+00  0.00000000E+00  0.00000000E+00  0.00000000E+00  0.00000000E+00  0.00000000E+00  0.00000000E+00
-4.30027250E-01  2.05200000E-05  6.83700000E-06  6.90200000E-06  2.12300000E-05  1.32200000E-02  2.20100000E-02  2.45000000E-06  3.23600000E-05  0.00000000E+00  0.00000000E+00  0.00000000E+00  0.00000000E+00  0.00000000E+00  0.00000000E+00  0.00000000E+00  0.00000000E+00  0.00000000E+00  0.00000000E+00
-4.12027250E-01  2.11900000E-05  9.31400000E-06  8.29400000E-06  2.96300000E-05  1.45700000E-02  2.56900000E-02  3.04300000E-06  4.66200000E-05  0.00000000E+00  0.00000000E+00  0.00000000E+00  0.00000000E+00  0.00000000E+00  0.00000000E+00  0.00000000E+00  0.00000000E+00  0.00000000E+00  0.00000000E+00
-3.95027250E-01  1.95500000E-05  1.19200000E-05  8.95600000E-06  4.31700000E-05  1.55300000E-02  3.37100000E-02  3.72300000E-06  6.52500000E-05  0.00000000E+00  0.00000000E+00  0.00000000E+00  0.00000000E+00  0.00000000E+00  0.00000000E+00  0.00000000E+00  0.00000000E+00  0.00000000E+00  0.00000000E+00
-3.77027250E-01  1.63500000E-05  1.32600000E-05  9.08500000E-06  5.61800000E-05  1.65800000E-02  4.17400000E-02  4.65100000E-06  7.94500000E-05  0.00000000E+00  0.00000000E+00  0.00000000E+00  0.00000000E+00  0.00000000E+00  0.00000000E+00  0.00000000E+00  0.00000000E+00  0.00000000E+00  0.00000000E+00
-3.60027250E-01  1.32200000E-05  1.23400000E-05  9.38900000E-06  6.12000000E-05  1.83500000E-02  4.40600000E-02  5.98800000E-06  8.03900000E-05  0.00000000E+00  0.00000000E+00  0.00000000E+00  0.00000000E+00  0.00000000E+00  0.00000000E+00  0.00000000E+00  0.00000000E+00  0.00000000E+00  0.00000000E+00
-3.42027250E-01  1.17000000E-05  9.46000000E-06  1.02900000E-05  5.47700000E-05  2.07400000E-02  3.83000000E-02  7.50300000E-06  6.65800000E-05  0.00000000E+00  0.00000000E+00  0.00000000E+00  0.00000000E+00  0.00000000E+00  0.00000000E+00  0.00000000E+00  0.00000000E+00  0.00000000E+00  0.00000000E+00
-3.25027250E-01  1.19900000E-05  5.93800000E-06  1.12800000E-05  4.00500000E-05  2.25200000E-02  2.71900000E-02  8.49600000E-06  4.49400000E-05  0.00000000E+00  0.00000000E+00  0.00000000E+00  0.00000000E+00  0.00000000E+00  0.00000000E+00  0.00000000E+00  0.00000000E+00  0.00000000E+00  0.00000000E+00
-3.07027250E-01  1.30900000E-05  3.04800000E-06  1.15100000E-05  2.38900000E-05  2.24700000E-02  1.57300000E-02  8.37800000E-06  2.46800000E-05  0.00000000E+00  0.00000000E+00  0.00000000E+00  0.00000000E+00  0.00000000E+00  0.00000000E+00  0.00000000E+00  0.00000000E+00  0.00000000E+00  0.00000000E+00
-2.90027250E-01  1.38300000E-05  1.28100000E-06  1.07400000E-05  1.16300000E-05  2.06100000E-02  7.42600000E-03  7.28500000E-06  1.10400000E-05  0.00000000E+00  0.00000000E+00  0.00000000E+00  0.00000000E+00  0.00000000E+00  0.00000000E+00  0.00000000E+00  0.00000000E+00  0.00000000E+00  0.00000000E+00
-2.72027250E-01  1.36100000E-05  4.43100000E-07  9.41900000E-06  4.71100000E-06  1.78400000E-02  2.90900000E-03  5.87700000E-06  4.06300000E-06  0.00000000E+00  0.00000000E+00  0.00000000E+00  0.00000000E+00  0.00000000E+00  0.00000000E+00  0.00000000E+00  0.00000000E+00  0.00000000E+00  0.00000000E+00
-2.55027250E-01  1.21600000E-05  1.29200000E-07  7.85300000E-06  2.02000000E-06  1.47700000E-02  1.17200000E-03  4.64800000E-06  1.46600000E-06  0.00000000E+00  0.00000000E+00  0.00000000E+00  0.00000000E+00  0.00000000E+00  0.00000000E+00  0.00000000E+00  0.00000000E+00  0.00000000E+00  0.00000000E+00
-2.37027250E-01  9.51500000E-06  4.25300000E-08  6.01100000E-06  2.44000000E-06  1.14300000E-02  1.28900000E-03  3.69900000E-06  1.36100000E-06  0.00000000E+00  0.00000000E+00  0.00000000E+00  0.00000000E+00  0.00000000E+00  0.00000000E+00  0.00000000E+00  0.00000000E+00  0.00000000E+00  0.00000000E+00
-2.20027250E-01  6.27900000E-06  4.56300000E-08  4.01800000E-06  6.26600000E-06  8.07700000E-03  3.23300000E-03  2.99600000E-06  3.24700000E-06  0.00000000E+00  0.00000000E+00  0.00000000E+00  0.00000000E+00  0.00000000E+00  0.00000000E+00  0.00000000E+00  0.00000000E+00  0.00000000E+00  0.00000000E+00
-2.02027250E-01  3.40000000E-06  9.79500000E-08  2.28500000E-06  1.47200000E-05  5.29000000E-03  7.55200000E-03  2.50600000E-06  7.45200000E-06  0.00000000E+00  0.00000000E+00  0.00000000E+00  0.00000000E+00  0.00000000E+00  0.00000000E+00  0.00000000E+00  0.00000000E+00  0.00000000E+00  0.00000000E+00
-1.85027250E-01  1.49100000E-06  1.86200000E-07  1.12200000E-06  2.75800000E-05  3.37300000E-03  1.40900000E-02  2.10500000E-06  1.36900000E-05  0.00000000E+00  0.00000000E+00  0.00000000E+00  0.00000000E+00  0.00000000E+00  0.00000000E+00  0.00000000E+00  0.00000000E+00  0.00000000E+00  0.00000000E+00
-1.67027250E-01  5.31000000E-07  2.81400000E-07  5.03200000E-07  4.08000000E-05  2.13200000E-03  2.07600000E-02  1.63900000E-06  1.98400000E-05  0.00000000E+00  0.00000000E+00  0.00000000E+00  0.00000000E+00  0.00000000E+00  0.00000000E+00  0.00000000E+00  0.00000000E+00  0.00000000E+00  0.00000000E+00
-1.50027250E-01  1.57400000E-07  3.35300000E-07  2.19700000E-07  4.76100000E-05  1.26700000E-03  2.41300000E-02  1.09200000E-06  2.26900000E-05  0.00000000E+00  0.00000000E+00  0.00000000E+00  0.00000000E+00  0.00000000E+00  0.00000000E+00  0.00000000E+00  0.00000000E+00  0.00000000E+00  0.00000000E+00
-1.33027250E-01  4.10900000E-08  3.15000000E-07  9.60300000E-08  4.38400000E-05  6.55400000E-04  2.21300000E-02  5.95500000E-07  2.04700000E-05  0.00000000E+00  0.00000000E+00  0.00000000E+00  0.00000000E+00  0.00000000E+00  0.00000000E+00  0.00000000E+00  0.00000000E+00  0.00000000E+00  0.00000000E+00
-1.15027250E-01  1.07800000E-08  2.33700000E-07  5.65400000E-08  3.18700000E-05  2.87300000E-04  1.60200000E-02  2.68300000E-07  1.45700000E-05  0.00000000E+00  0.00000000E+00  0.00000000E+00  0.00000000E+00  0.00000000E+00  0.00000000E+00  0.00000000E+00  0.00000000E+00  0.00000000E+00  0.00000000E+00
-9.80272500E-02  5.99500000E-09  1.38700000E-07  1.19900000E-07  1.84300000E-05  1.42800000E-04  9.21600000E-03  1.42200000E-07  8.21500000E-06  0.00000000E+00  0.00000000E+00  0.00000000E+00  0.00000000E+00  0.00000000E+00  0.00000000E+00  0.00000000E+00  0.00000000E+00  0.00000000E+00  0.00000000E+00
-8.00272500E-02  1.53400000E-08  7.30300000E-08  4.48100000E-07  9.02500000E-06  2.23400000E-04  4.44800000E-03  2.44400000E-07  3.78200000E-06  0.00000000E+00  0.00000000E+00  0.00000000E+00  0.00000000E+00  0.00000000E+00  0.00000000E+00  0.00000000E+00  0.00000000E+00  0.00000000E+00  0.00000000E+00
-6.30272500E-02  4.92200000E-08  5.48200000E-08  1.45000000E-06  5.36200000E-06  6.51900000E-04  2.49900000E-03  7.25000000E-07  1.76500000E-06  0.00000000E+00  0.00000000E+00  0.00000000E+00  0.00000000E+00  0.00000000E+00  0.00000000E+00  0.00000000E+00  0.00000000E+00  0.00000000E+00  0.00000000E+00
-4.50272500E-02  1.31900000E-07  8.38800000E-08  3.75700000E-06  6.67100000E-06  1.68800000E-03  2.91400000E-03  1.87800000E-06  1.55400000E-06  0.00000000E+00  0.00000000E+00  0.00000000E+00  0.00000000E+00  0.00000000E+00  0.00000000E+00  0.00000000E+00  0.00000000E+00  0.00000000E+00  0.00000000E+00
-2.80272500E-02  2.91400000E-07  1.48100000E-07  7.82800000E-06  1.12500000E-05  3.55600000E-03  4.83300000E-03  3.95000000E-06  2.35900000E-06  0.00000000E+00  0.00000000E+00  0.00000000E+00  0.00000000E+00  0.00000000E+00  0.00000000E+00  0.00000000E+00  0.00000000E+00  0.00000000E+00  0.00000000E+00
-1.00272500E-02  5.42300000E-07  2.19400000E-07  1.33000000E-05  1.65200000E-05  6.16000000E-03  7.08000000E-03  6.82400000E-06  3.41400000E-06  0.00000000E+00  0.00000000E+00  0.00000000E+00  0.00000000E+00  0.00000000E+00  0.00000000E+00  0.00000000E+00  0.00000000E+00  0.00000000E+00  0.00000000E+00
 6.97275000E-03  8.69300000E-07  2.61600000E-07  1.88400000E-05  1.93500000E-05  8.97400000E-03  8.29000000E-03  9.90400000E-06  3.99300000E-06  0.00000000E+00  0.00000000E+00  0.00000000E+00  0.00000000E+00  0.00000000E+00  0.00000000E+00  0.00000000E+00  0.00000000E+00  0.00000000E+00  0.00000000E+00
 2.49727500E-02  1.21200000E-06  2.65300000E-07  2.27700000E-05  1.80000000E-05  1.12400000E-02  7.69100000E-03  1.23500000E-05  3.70800000E-06  0.00000000E+00  0.00000000E+00  0.00000000E+00  0.00000000E+00  0.00000000E+00  0.00000000E+00  0.00000000E+00  0.00000000E+00  0.00000000E+00  0.00000000E+00
 4.19727500E-02  1.45900000E-06  2.89000000E-07  2.38800000E-05  1.36600000E-05  1.22500000E-02  5.76200000E-03  1.34000000E-05  2.79700000E-06  0.00000000E+00  0.00000000E+00  0.00000000E+00  0.00000000E+00  0.00000000E+00  0.00000000E+00  0.00000000E+00  0.00000000E+00  0.00000000E+00  0.00000000E+00
 5.99727500E-02  1.48300000E-06  4.80200000E-07  2.17400000E-05  9.67900000E-06  1.15400000E-02  3.85600000E-03  1.25600000E-05  1.93000000E-06  0.00000000E+00  0.00000000E+00  0.00000000E+00  0.00000000E+00  0.00000000E+00  0.00000000E+00  0.00000000E+00  0.00000000E+00  0.00000000E+00  0.00000000E+00
 7.69727500E-02  1.24400000E-06  1.06500000E-06  1.69000000E-05  9.13500000E-06  9.19200000E-03  3.17700000E-03  9.97800000E-06  1.72100000E-06  0.00000000E+00  0.00000000E+00  0.00000000E+00  0.00000000E+00  0.00000000E+00  0.00000000E+00  0.00000000E+00  0.00000000E+00  0.00000000E+00  0.00000000E+00
 9.49727500E-02  8.44900000E-07  2.29500000E-06  1.09500000E-05  1.33200000E-05  6.05200000E-03  4.17600000E-03  6.55800000E-06  2.43100000E-06  0.00000000E+00  0.00000000E+00  0.00000000E+00  0.00000000E+00  0.00000000E+00  0.00000000E+00  0.00000000E+00  0.00000000E+00  0.00000000E+00  0.00000000E+00
 1.11972750E-01  4.59200000E-07  4.31100000E-06  5.78900000E-06  2.15900000E-05  3.23100000E-03  6.59300000E-03  3.49700000E-06  3.95400000E-06  0.00000000E+00  0.00000000E+00  0.00000000E+00  0.00000000E+00  0.00000000E+00  0.00000000E+00  0.00000000E+00  0.00000000E+00  0.00000000E+00  0.00000000E+00
 1.29972750E-01  1.98200000E-07  6.93300000E-06  2.46000000E-06  3.16400000E-05  1.38000000E-03  9.68000000E-03  1.49300000E-06  5.88800000E-06  0.00000000E+00  0.00000000E+00  0.00000000E+00  0.00000000E+00  0.00000000E+00  0.00000000E+00  0.00000000E+00  0.00000000E+00  0.00000000E+00  0.00000000E+00
 1.46972750E-01  6.76200000E-08  9.49400000E-06  8.32600000E-07  4.00600000E-05  4.68500000E-04  1.23700000E-02  5.06600000E-07  7.58700000E-06  0.00000000E+00  0.00000000E+00  0.00000000E+00  0.00000000E+00  0.00000000E+00  0.00000000E+00  0.00000000E+00  0.00000000E+00  0.00000000E+00  0.00000000E+00
 1.64972750E-01  1.82000000E-08  1.09800000E-05  2.23100000E-07  4.33900000E-05  1.25800000E-04  1.35300000E-02  1.36000000E-07  8.36400000E-06  0.00000000E+00  0.00000000E+00  0.00000000E+00  0.00000000E+00  0.00000000E+00  0.00000000E+00  0.00000000E+00  0.00000000E+00  0.00000000E+00  0.00000000E+00
 1.81972750E-01  3.86000000E-09  1.06300000E-05  4.76300000E-08  4.01300000E-05  2.68200000E-05  1.25700000E-02  2.90200000E-08  7.90100000E-06  0.00000000E+00  0.00000000E+00  0.00000000E+00  0.00000000E+00  0.00000000E+00  0.00000000E+00  0.00000000E+00  0.00000000E+00  0.00000000E+00  0.00000000E+00
 1.99972750E-01  6.62500000E-10  8.58200000E-06  1.18800000E-08  3.21300000E-05  6.23300000E-06  9.89800000E-03  7.05200000E-09  6.55800000E-06  0.00000000E+00  0.00000000E+00  0.00000000E+00  0.00000000E+00  0.00000000E+00  0.00000000E+00  0.00000000E+00  0.00000000E+00  0.00000000E+00  0.00000000E+00
 2.16972750E-01  2.27300000E-10  5.79700000E-06  2.99800000E-08  2.33900000E-05  1.35300000E-05  6.72200000E-03  1.69000000E-08  5.12800000E-06  0.00000000E+00  0.00000000E+00  0.00000000E+00  0.00000000E+00  0.00000000E+00  0.00000000E+00  0.00000000E+00  0.00000000E+00  0.00000000E+00  0.00000000E+00
 2.34972750E-01  8.96100000E-10  3.32800000E-06  1.64800000E-07  1.70800000E-05  7.36900000E-05  4.24400000E-03  9.27100000E-08  4.25400000E-06  0.00000000E+00  0.00000000E+00  0.00000000E+00  0.00000000E+00  0.00000000E+00  0.00000000E+00  0.00000000E+00  0.00000000E+00  0.00000000E+00  0.00000000E+00
 2.51972750E-01  4.55200000E-09  1.68800000E-06  7.41100000E-07  1.42000000E-05  3.31000000E-04  3.06800000E-03  4.17200000E-07  4.19400000E-06  0.00000000E+00  0.00000000E+00  0.00000000E+00  0.00000000E+00  0.00000000E+00  0.00000000E+00  0.00000000E+00  0.00000000E+00  0.00000000E+00  0.00000000E+00
 2.69972750E-01  1.95200000E-08  8.59300000E-07  2.64500000E-06  1.46000000E-05  1.18000000E-03  3.29100000E-03  1.49200000E-06  5.06600000E-06  0.00000000E+00  0.00000000E+00  0.00000000E+00  0.00000000E+00  0.00000000E+00  0.00000000E+00  0.00000000E+00  0.00000000E+00  0.00000000E+00  0.00000000E+00
 2.86972750E-01  7.05400000E-08  7.24100000E-07  7.53200000E-06  1.83500000E-05  3.35400000E-03  4.86800000E-03  4.25800000E-06  7.06000000E-06  0.00000000E+00  0.00000000E+00  0.00000000E+00  0.00000000E+00  0.00000000E+00  0.00000000E+00  0.00000000E+00  0.00000000E+00  0.00000000E+00  0.00000000E+00
 3.04972750E-01  2.14600000E-07  1.51600000E-06  1.72500000E-05  2.63600000E-05  7.66100000E-03  7.83000000E-03  9.78900000E-06  1.03700000E-05  0.00000000E+00  0.00000000E+00  0.00000000E+00  0.00000000E+00  0.00000000E+00  0.00000000E+00  0.00000000E+00  0.00000000E+00  0.00000000E+00  0.00000000E+00
 3.21972750E-01  5.44500000E-07  4.10800000E-06  3.21700000E-05  4.04700000E-05  1.42200000E-02  1.21900000E-02  1.83600000E-05  1.49700000E-05  0.00000000E+00  0.00000000E+00  0.00000000E+00  0.00000000E+00  0.00000000E+00  0.00000000E+00  0.00000000E+00  0.00000000E+00  0.00000000E+00  0.00000000E+00
 3.38972750E-01  1.13900000E-06  9.79000000E-06  4.96400000E-05  6.23300000E-05  2.18200000E-02  1.74700000E-02  2.85500000E-05  2.01100000E-05  0.00000000E+00  0.00000000E+00  0.00000000E+00  0.00000000E+00  0.00000000E+00  0.00000000E+00  0.00000000E+00  0.00000000E+00  0.00000000E+00  0.00000000E+00
 3.56972750E-01  1.94000000E-06  1.90500000E-05  6.47800000E-05  9.02100000E-05  2.82600000E-02  2.22600000E-02  3.76100000E-05  2.41700000E-05  0.00000000E+00  0.00000000E+00  0.00000000E+00  0.00000000E+00  0.00000000E+00  0.00000000E+00  0.00000000E+00  0.00000000E+00  0.00000000E+00  0.00000000E+00
 3.73972750E-01  2.67600000E-06  2.98800000E-05  7.35500000E-05  1.16700000E-04  3.18100000E-02  2.50000000E-02  4.31100000E-05  2.56700000E-05  0.00000000E+00  0.00000000E+00  0.00000000E+00  0.00000000E+00  0.00000000E+00  0.00000000E+00  0.00000000E+00  0.00000000E+00  0.00000000E+00  0.00000000E+00
 3.91972750E-01  2.98900000E-06  3.77000000E-05  7.54900000E-05  1.31900000E-04  3.23700000E-02  2.55100000E-02  4.45900000E-05  2.51200000E-05  0.00000000E+00  0.00000000E+00  0.00000000E+00  0.00000000E+00  0.00000000E+00  0.00000000E+00  0.00000000E+00  0.00000000E+00  0.00000000E+00  0.00000000E+00
 4.08972750E-01  2.73700000E-06  3.83400000E-05  7.33100000E-05  1.30500000E-04  3.12200000E-02  2.54200000E-02  4.34700000E-05  2.50200000E-05  0.00000000E+00  0.00000000E+00  0.00000000E+00  0.00000000E+00  0.00000000E+00  0.00000000E+00  0.00000000E+00  0.00000000E+00  0.00000000E+00  0.00000000E+00
 4.26972750E-01  2.12300000E-06  3.16700000E-05  6.93200000E-05  1.15900000E-04  2.93900000E-02  2.64400000E-02  4.10900000E-05  2.73700000E-05  0.00000000E+00  0.00000000E+00  0.00000000E+00  0.00000000E+00  0.00000000E+00  0.00000000E+00  0.00000000E+00  0.00000000E+00  0.00000000E+00  0.00000000E+00
 4.43972750E-01  1.51000000E-06  2.16900000E-05  6.28300000E-05  9.69100000E-05  2.66200000E-02  2.85400000E-02  3.72000000E-05  3.16500000E-05  0.00000000E+00  0.00000000E+00  0.00000000E+00  0.00000000E+00  0.00000000E+00  0.00000000E+00  0.00000000E+00  0.00000000E+00  0.00000000E+00  0.00000000E+00
 4.61972750E-01  1.19500000E-06  1.30600000E-05  5.26800000E-05  8.06300000E-05  2.24600000E-02  3.04500000E-02  3.12700000E-05  3.57000000E-05  0.00000000E+00  0.00000000E+00  0.00000000E+00  0.00000000E+00  0.00000000E+00  0.00000000E+00  0.00000000E+00  0.00000000E+00  0.00000000E+00  0.00000000E+00
 4.78972750E-01  1.37700000E-06  7.90600000E-06  4.17800000E-05  6.91100000E-05  1.82300000E-02  3.09900000E-02  2.51300000E-05  3.77500000E-05  0.00000000E+00  0.00000000E+00  0.00000000E+00  0.00000000E+00  0.00000000E+00  0.00000000E+00  0.00000000E+00  0.00000000E+00  0.00000000E+00  0.00000000E+00
 4.96972750E-01  2.14400000E-06  5.63100000E-06  3.63900000E-05  6.01800000E-05  1.67400000E-02  2.95800000E-02  2.25300000E-05  3.68900000E-05  0.00000000E+00  0.00000000E+00  0.00000000E+00  0.00000000E+00  0.00000000E+00  0.00000000E+00  0.00000000E+00  0.00000000E+00  0.00000000E+00  0.00000000E+00
 5.13972750E-01  3.30700000E-06  4.69000000E-06  3.99300000E-05  5.08100000E-05  1.94600000E-02  2.61300000E-02  2.53500000E-05  3.28400000E-05  0.00000000E+00  0.00000000E+00  0.00000000E+00  0.00000000E+00  0.00000000E+00  0.00000000E+00  0.00000000E+00  0.00000000E+00  0.00000000E+00  0.00000000E+00
 5.31972750E-01  4.31400000E-06  4.04400000E-06  4.84800000E-05  4.08600000E-05  2.43900000E-02  2.17100000E-02  3.09700000E-05  2.68800000E-05  0.00000000E+00  0.00000000E+00  0.00000000E+00  0.00000000E+00  0.00000000E+00  0.00000000E+00  0.00000000E+00  0.00000000E+00  0.00000000E+00  0.00000000E+00
 5.48972750E-01  4.54500000E-06  3.49500000E-06  5.34100000E-05  3.35400000E-05  2.72700000E-02  1.85400000E-02  3.39800000E-05  2.19300000E-05  0.00000000E+00  0.00000000E+00  0.00000000E+00  0.00000000E+00  0.00000000E+00  0.00000000E+00  0.00000000E+00  0.00000000E+00  0.00000000E+00  0.00000000E+00
 5.66972750E-01  3.82600000E-06  3.28100000E-06  4.87500000E-05  3.14500000E-05  2.51100000E-02  1.81100000E-02  3.08100000E-05  2.02000000E-05  0.00000000E+00  0.00000000E+00  0.00000000E+00  0.00000000E+00  0.00000000E+00  0.00000000E+00  0.00000000E+00  0.00000000E+00  0.00000000E+00  0.00000000E+00
 5.83972750E-01  2.57600000E-06  3.67400000E-06  3.59700000E-05  3.34800000E-05  1.86400000E-02  1.97100000E-02  2.25800000E-05  2.14200000E-05  0.00000000E+00  0.00000000E+00  0.00000000E+00  0.00000000E+00  0.00000000E+00  0.00000000E+00  0.00000000E+00  0.00000000E+00  0.00000000E+00  0.00000000E+00
 6.01972750E-01  1.41700000E-06  4.92700000E-06  2.17700000E-05  3.71100000E-05  1.12700000E-02  2.19100000E-02  1.36400000E-05  2.43100000E-05  0.00000000E+00  0.00000000E+00  0.00000000E+00  0.00000000E+00  0.00000000E+00  0.00000000E+00  0.00000000E+00  0.00000000E+00  0.00000000E+00  0.00000000E+00
 6.18972750E-01  7.52400000E-07  7.33100000E-06  1.26700000E-05  4.26600000E-05  6.30700000E-03  2.49600000E-02  8.13800000E-06  2.91800000E-05  0.00000000E+00  0.00000000E+00  0.00000000E+00  0.00000000E+00  0.00000000E+00  0.00000000E+00  0.00000000E+00  0.00000000E+00  0.00000000E+00  0.00000000E+00
 6.36972750E-01  7.14800000E-07  1.09400000E-05  1.23200000E-05  5.25100000E-05  5.48400000E-03  3.04000000E-02  8.50400000E-06  3.73700000E-05  0.00000000E+00  0.00000000E+00  0.00000000E+00  0.00000000E+00  0.00000000E+00  0.00000000E+00  0.00000000E+00  0.00000000E+00  0.00000000E+00  0.00000000E+00
 6.53972750E-01  1.35200000E-06  1.50100000E-05  2.22900000E-05  6.58800000E-05  9.43200000E-03  3.81300000E-02  1.59800000E-05  4.78800000E-05  0.00000000E+00  0.00000000E+00  0.00000000E+00  0.00000000E+00  0.00000000E+00  0.00000000E+00  0.00000000E+00  0.00000000E+00  0.00000000E+00  0.00000000E+00
 6.71972750E-01  2.68600000E-06  1.81100000E-05  4.22000000E-05  7.69700000E-05  1.80300000E-02  4.51600000E-02  3.04800000E-05  5.64400000E-05  0.00000000E+00  0.00000000E+00  0.00000000E+00  0.00000000E+00  0.00000000E+00  0.00000000E+00  0.00000000E+00  0.00000000E+00  0.00000000E+00  0.00000000E+00
 6.88972750E-01  4.56100000E-06  1.89600000E-05  6.78500000E-05  7.95600000E-05  2.96400000E-02  4.78600000E-02  4.90400000E-05  5.86800000E-05  0.00000000E+00  0.00000000E+00  0.00000000E+00  0.00000000E+00  0.00000000E+00  0.00000000E+00  0.00000000E+00  0.00000000E+00  0.00000000E+00  0.00000000E+00
 7.06972750E-01  6.50100000E-06  1.73200000E-05  9.07400000E-05  7.19000000E-05  4.06600000E-02  4.46200000E-02  6.55300000E-05  5.33600000E-05  0.00000000E+00  0.00000000E+00  0.00000000E+00  0.00000000E+00  0.00000000E+00  0.00000000E+00  0.00000000E+00  0.00000000E+00  0.00000000E+00  0.00000000E+00
 7.23972750E-01  7.80000000E-06  1.38900000E-05  1.01700000E-04  5.68000000E-05  4.67300000E-02  3.63500000E-02  7.33000000E-05  4.24200000E-05  0.00000000E+00  0.00000000E+00  0.00000000E+00  0.00000000E+00  0.00000000E+00  0.00000000E+00  0.00000000E+00  0.00000000E+00  0.00000000E+00  0.00000000E+00
 7.41972750E-01  7.88600000E-06  9.83800000E-06  9.60800000E-05  3.90800000E-05  4.52000000E-02  2.56100000E-02  6.91300000E-05  2.93100000E-05  0.00000000E+00  0.00000000E+00  0.00000000E+00  0.00000000E+00  0.00000000E+00  0.00000000E+00  0.00000000E+00  0.00000000E+00  0.00000000E+00  0.00000000E+00
 7.58972750E-01  6.76600000E-06  6.47200000E-06  7.69200000E-05  2.37900000E-05  3.69300000E-02  1.57100000E-02  5.52500000E-05  1.77600000E-05  0.00000000E+00  0.00000000E+00  0.00000000E+00  0.00000000E+00  0.00000000E+00  0.00000000E+00  0.00000000E+00  0.00000000E+00  0.00000000E+00  0.00000000E+00
 7.76972750E-01  5.16800000E-06  5.02200000E-06  5.31600000E-05  1.49000000E-05  2.61400000E-02  9.51200000E-03  3.82700000E-05  1.07600000E-05  0.00000000E+00  0.00000000E+00  0.00000000E+00  0.00000000E+00  0.00000000E+00  0.00000000E+00  0.00000000E+00  0.00000000E+00  0.00000000E+00  0.00000000E+00
 7.93972750E-01  4.14000000E-06  6.13500000E-06  3.45800000E-05  1.41600000E-05  1.78700000E-02  8.39800000E-03  2.53500000E-05  9.73000000E-06  0.00000000E+00  0.00000000E+00  0.00000000E+00  0.00000000E+00  0.00000000E+00  0.00000000E+00  0.00000000E+00  0.00000000E+00  0.00000000E+00  0.00000000E+00
 8.10972750E-01  4.36900000E-06  9.44400000E-06  2.62200000E-05  2.04600000E-05  1.50600000E-02  1.19200000E-02  2.03300000E-05  1.40800000E-05  0.00000000E+00  0.00000000E+00  0.00000000E+00  0.00000000E+00  0.00000000E+00  0.00000000E+00  0.00000000E+00  0.00000000E+00  0.00000000E+00  0.00000000E+00
 8.28972750E-01  5.82800000E-06  1.36700000E-05  2.67700000E-05  2.98600000E-05  1.74200000E-02  1.80200000E-02  2.24900000E-05  2.13000000E-05  0.00000000E+00  0.00000000E+00  0.00000000E+00  0.00000000E+00  0.00000000E+00  0.00000000E+00  0.00000000E+00  0.00000000E+00  0.00000000E+00  0.00000000E+00
 8.45972750E-01  7.86300000E-06  1.75500000E-05  3.12500000E-05  3.71000000E-05  2.24200000E-02  2.39000000E-02  2.81800000E-05  2.79000000E-05  0.00000000E+00  0.00000000E+00  0.00000000E+00  0.00000000E+00  0.00000000E+00  0.00000000E+00  0.00000000E+00  0.00000000E+00  0.00000000E+00  0.00000000E+00
 8.63972750E-01  9.48800000E-06  2.08400000E-05  3.44900000E-05  3.91100000E-05  2.67700000E-02  2.77400000E-02  3.29800000E-05  3.16700000E-05  0.00000000E+00  0.00000000E+00  0.00000000E+00  0.00000000E+00  0.00000000E+00  0.00000000E+00  0.00000000E+00  0.00000000E+00  0.00000000E+00  0.00000000E+00
 8.80972750E-01  9.78600000E-06  2.39600000E-05  3.31900000E-05  3.74600000E-05  2.77200000E-02  2.98500000E-02  3.34000000E-05  3.35200000E-05  0.00000000E+00  0.00000000E+00  0.00000000E+00  0.00000000E+00  0.00000000E+00  0.00000000E+00  0.00000000E+00  0.00000000E+00  0.00000000E+00  0.00000000E+00
 8.98972750E-01  8.47000000E-06  2.65700000E-05  2.68900000E-05  3.61700000E-05  2.44200000E-02  3.14200000E-02  2.84900000E-05  3.58200000E-05  0.00000000E+00  0.00000000E+00  0.00000000E+00  0.00000000E+00  0.00000000E+00  0.00000000E+00  0.00000000E+00  0.00000000E+00  0.00000000E+00  0.00000000E+00
 9.15972750E-01  6.12700000E-06  2.70900000E-05  1.79400000E-05  3.66900000E-05  1.83200000E-02  3.22100000E-02  2.02900000E-05  3.86500000E-05  0.00000000E+00  0.00000000E+00  0.00000000E+00  0.00000000E+00  0.00000000E+00  0.00000000E+00  0.00000000E+00  0.00000000E+00  0.00000000E+00  0.00000000E+00
 9.33972750E-01  3.75000000E-06  2.41900000E-05  9.73100000E-06  3.63100000E-05  1.19300000E-02  3.03800000E-02  1.21800000E-05  3.89800000E-05  0.00000000E+00  0.00000000E+00  0.00000000E+00  0.00000000E+00  0.00000000E+00  0.00000000E+00  0.00000000E+00  0.00000000E+00  0.00000000E+00  0.00000000E+00
 9.50972750E-01  2.02400000E-06  1.84300000E-05  4.35100000E-06  3.18800000E-05  7.00100000E-03  2.48900000E-02  6.45700000E-06  3.41600000E-05  0.00000000E+00  0.00000000E+00  0.00000000E+00  0.00000000E+00  0.00000000E+00  0.00000000E+00  0.00000000E+00  0.00000000E+00  0.00000000E+00  0.00000000E+00
 9.68972750E-01  1.13100000E-06  1.20600000E-05  2.02000000E-06  2.39500000E-05  4.12500000E-03  1.72400000E-02  3.75900000E-06  2.54500000E-05  0.00000000E+00  0.00000000E+00  0.00000000E+00  0.00000000E+00  0.00000000E+00  0.00000000E+00  0.00000000E+00  0.00000000E+00  0.00000000E+00  0.00000000E+00
 9.85972750E-01  1.07000000E-06  7.31600000E-06  2.25400000E-06  1.61900000E-05  3.53400000E-03  1.03700000E-02  4.22400000E-06  1.71000000E-05  0.00000000E+00  0.00000000E+00  0.00000000E+00  0.00000000E+00  0.00000000E+00  0.00000000E+00  0.00000000E+00  0.00000000E+00  0.00000000E+00  0.00000000E+00
 1.00397275E+00  1.94200000E-06  5.06800000E-06  5.04400000E-06  1.17900000E-05  5.66000000E-03  6.41000000E-03  8.43900000E-06  1.26600000E-05  0.00000000E+00  0.00000000E+00  0.00000000E+00  0.00000000E+00  0.00000000E+00  0.00000000E+00  0.00000000E+00  0.00000000E+00  0.00000000E+00  0.00000000E+00
 1.02097275E+00  3.86500000E-06  4.80300000E-06  1.07900000E-05  1.12100000E-05  1.08000000E-02  5.82400000E-03  1.68700000E-05  1.28800000E-05  0.00000000E+00  0.00000000E+00  0.00000000E+00  0.00000000E+00  0.00000000E+00  0.00000000E+00  0.00000000E+00  0.00000000E+00  0.00000000E+00  0.00000000E+00
 1.03897275E+00  6.61100000E-06  5.49200000E-06  1.91800000E-05  1.30300000E-05  1.81400000E-02  7.94900000E-03  2.82100000E-05  1.65200000E-05  0.00000000E+00  0.00000000E+00  0.00000000E+00  0.00000000E+00  0.00000000E+00  0.00000000E+00  0.00000000E+00  0.00000000E+00  0.00000000E+00  0.00000000E+00
 1.05597275E+00  9.36500000E-06  6.30800000E-06  2.81500000E-05  1.55000000E-05  2.52800000E-02  1.15000000E-02  3.86300000E-05  2.15500000E-05  0.00000000E+00  0.00000000E+00  0.00000000E+00  0.00000000E+00  0.00000000E+00  0.00000000E+00  0.00000000E+00  0.00000000E+00  0.00000000E+00  0.00000000E+00
 1.07397275E+00  1.09900000E-05  6.72200000E-06  3.42000000E-05  1.70000000E-05  2.91000000E-02  1.45800000E-02  4.34800000E-05  2.54000000E-05  0.00000000E+00  0.00000000E+00  0.00000000E+00  0.00000000E+00  0.00000000E+00  0.00000000E+00  0.00000000E+00  0.00000000E+00  0.00000000E+00  0.00000000E+00
 1.09097275E+00  1.06900000E-05  6.42400000E-06  3.44100000E-05  1.62600000E-05  2.77700000E-02  1.52800000E-02  4.04600000E-05  2.55600000E-05  0.00000000E+00  0.00000000E+00  0.00000000E+00  0.00000000E+00  0.00000000E+00  0.00000000E+00  0.00000000E+00  0.00000000E+00  0.00000000E+00  0.00000000E+00
 1.10897275E+00  8.60800000E-06  5.54800000E-06  2.85100000E-05  1.30900000E-05  2.19600000E-02  1.31600000E-02  3.11800000E-05  2.15300000E-05  0.00000000E+00  0.00000000E+00  0.00000000E+00  0.00000000E+00  0.00000000E+00  0.00000000E+00  0.00000000E+00  0.00000000E+00  0.00000000E+00  0.00000000E+00
 1.12597275E+00  5.70800000E-06  4.80100000E-06  1.93500000E-05  8.89500000E-06  1.43400000E-02  9.80200000E-03  1.98900000E-05  1.57300000E-05  0.00000000E+00  0.00000000E+00  0.00000000E+00  0.00000000E+00  0.00000000E+00  0.00000000E+00  0.00000000E+00  0.00000000E+00  0.00000000E+00  0.00000000E+00
 1.14397275E+00  3.13600000E-06  4.95200000E-06  1.08400000E-05  5.87100000E-06  7.83500000E-03  7.49200000E-03  1.05700000E-05  1.17000000E-05  0.00000000E+00  0.00000000E+00  0.00000000E+00  0.00000000E+00  0.00000000E+00  0.00000000E+00  0.00000000E+00  0.00000000E+00  0.00000000E+00  0.00000000E+00
 1.16097275E+00  1.58300000E-06  6.09600000E-06  5.69500000E-06  5.64200000E-06  4.13700000E-03  7.46000000E-03  5.19600000E-06  1.14400000E-05  0.00000000E+00  0.00000000E+00  0.00000000E+00  0.00000000E+00  0.00000000E+00  0.00000000E+00  0.00000000E+00  0.00000000E+00  0.00000000E+00  0.00000000E+00
 1.17897275E+00  1.19500000E-06  7.53600000E-06  4.95100000E-06  8.66200000E-06  3.77000000E-03  9.41300000E-03  4.03900000E-06  1.46300000E-05  0.00000000E+00  0.00000000E+00  0.00000000E+00  0.00000000E+00  0.00000000E+00  0.00000000E+00  0.00000000E+00  0.00000000E+00  0.00000000E+00  0.00000000E+00
 1.19597275E+00  1.88600000E-06  8.42700000E-06  9.04700000E-06  1.41300000E-05  6.92300000E-03  1.22800000E-02  7.04700000E-06  1.95300000E-05  0.00000000E+00  0.00000000E+00  0.00000000E+00  0.00000000E+00  0.00000000E+00  0.00000000E+00  0.00000000E+00  0.00000000E+00  0.00000000E+00  0.00000000E+00
 1.21397275E+00  3.53400000E-06  8.49400000E-06  1.82700000E-05  2.04500000E-05  1.37000000E-02  1.52300000E-02  1.44900000E-05  2.42700000E-05  0.00000000E+00  0.00000000E+00  0.00000000E+00  0.00000000E+00  0.00000000E+00  0.00000000E+00  0.00000000E+00  0.00000000E+00  0.00000000E+00  0.00000000E+00
 1.23097275E+00  5.90600000E-06  8.23300000E-06  3.16000000E-05  2.67600000E-05  2.33300000E-02  1.85800000E-02  2.60500000E-05  2.84500000E-05  0.00000000E+00  0.00000000E+00  0.00000000E+00  0.00000000E+00  0.00000000E+00  0.00000000E+00  0.00000000E+00  0.00000000E+00  0.00000000E+00  0.00000000E+00
 1.24797275E+00  8.51700000E-06  8.59200000E-06  4.55000000E-05  3.42600000E-05  3.34600000E-02  2.38700000E-02  3.95100000E-05  3.39400000E-05  0.00000000E+00  0.00000000E+00  0.00000000E+00  0.00000000E+00  0.00000000E+00  0.00000000E+00  0.00000000E+00  0.00000000E+00  0.00000000E+00  0.00000000E+00
 1.26597275E+00  1.07300000E-05  1.02000000E-05  5.53100000E-05  4.44100000E-05  4.09400000E-02  3.21500000E-02  5.08700000E-05  4.28700000E-05  0.00000000E+00  0.00000000E+00  0.00000000E+00  0.00000000E+00  0.00000000E+00  0.00000000E+00  0.00000000E+00  0.00000000E+00  0.00000000E+00  0.00000000E+00
 1.28297275E+00  1.21300000E-05  1.25000000E-05  5.90300000E-05  5.49900000E-05  4.42000000E-02  4.11900000E-02  5.70500000E-05  5.34800000E-05  0.00000000E+00  0.00000000E+00  0.00000000E+00  0.00000000E+00  0.00000000E+00  0.00000000E+00  0.00000000E+00  0.00000000E+00  0.00000000E+00  0.00000000E+00
 1.30097275E+00  1.28800000E-05  1.38100000E-05  5.93000000E-05  5.96900000E-05  4.46200000E-02  4.56700000E-02  5.86200000E-05  5.93300000E-05  0.00000000E+00  0.00000000E+00  0.00000000E+00  0.00000000E+00  0.00000000E+00  0.00000000E+00  0.00000000E+00  0.00000000E+00  0.00000000E+00  0.00000000E+00
 1.31797275E+00  1.34200000E-05  1.27300000E-05  6.02500000E-05  5.37900000E-05  4.48700000E-02  4.16600000E-02  5.85600000E-05  5.48100000E-05  0.00000000E+00  0.00000000E+00  0.00000000E+00  0.00000000E+00  0.00000000E+00  0.00000000E+00  0.00000000E+00  0.00000000E+00  0.00000000E+00  0.00000000E+00
 1.33597275E+00  1.37500000E-05  9.52900000E-06  6.21700000E-05  3.94500000E-05  4.54400000E-02  3.07600000E-02  5.79500000E-05  4.12100000E-05  0.00000000E+00  0.00000000E+00  0.00000000E+00  0.00000000E+00  0.00000000E+00  0.00000000E+00  0.00000000E+00  0.00000000E+00  0.00000000E+00  0.00000000E+00
 1.35297275E+00  1.33400000E-05  5.92800000E-06  6.13700000E-05  2.42400000E-05  4.43500000E-02  1.88200000E-02  5.47100000E-05  2.59600000E-05  0.00000000E+00  0.00000000E+00  0.00000000E+00  0.00000000E+00  0.00000000E+00  0.00000000E+00  0.00000000E+00  0.00000000E+00  0.00000000E+00  0.00000000E+00
 1.37097275E+00  1.20700000E-05  3.65000000E-06  5.60800000E-05  1.52000000E-05  4.08400000E-02  1.12800000E-02  4.78700000E-05  1.67000000E-05  0.00000000E+00  0.00000000E+00  0.00000000E+00  0.00000000E+00  0.00000000E+00  0.00000000E+00  0.00000000E+00  0.00000000E+00  0.00000000E+00  0.00000000E+00
 1.38797275E+00  1.09600000E-05  3.42800000E-06  4.96400000E-05  1.51300000E-05  3.75800000E-02  1.02500000E-02  4.08100000E-05  1.69500000E-05  0.00000000E+00  0.00000000E+00  0.00000000E+00  0.00000000E+00  0.00000000E+00  0.00000000E+00  0.00000000E+00  0.00000000E+00  0.00000000E+00  0.00000000E+00
 1.40597275E+00  1.11400000E-05  4.97000000E-06  4.63100000E-05  2.26200000E-05  3.75000000E-02  1.46800000E-02  3.78700000E-05  2.55200000E-05  0.00000000E+00  0.00000000E+00  0.00000000E+00  0.00000000E+00  0.00000000E+00  0.00000000E+00  0.00000000E+00  0.00000000E+00  0.00000000E+00  0.00000000E+00
 1.42297275E+00  1.26100000E-05  7.33500000E-06  4.60200000E-05  3.32300000E-05  4.01200000E-02  2.16100000E-02  3.91800000E-05  3.76600000E-05  0.00000000E+00  0.00000000E+00  0.00000000E+00  0.00000000E+00  0.00000000E+00  0.00000000E+00  0.00000000E+00  0.00000000E+00  0.00000000E+00  0.00000000E+00
 1.44097275E+00  1.41900000E-05  9.48200000E-06  4.55500000E-05  4.15100000E-05  4.25700000E-02  2.75900000E-02  4.09400000E-05  4.71500000E-05  0.00000000E+00  0.00000000E+00  0.00000000E+00  0.00000000E+00  0.00000000E+00  0.00000000E+00  0.00000000E+00  0.00000000E+00  0.00000000E+00  0.00000000E+00
 1.45797275E+00  1.48400000E-05  1.08900000E-05  4.32100000E-05  4.41400000E-05  4.34800000E-02  3.05800000E-02  4.02000000E-05  4.97200000E-05  0.00000000E+00  0.00000000E+00  0.00000000E+00  0.00000000E+00  0.00000000E+00  0.00000000E+00  0.00000000E+00  0.00000000E+00  0.00000000E+00  0.00000000E+00
 1.47597275E+00  1.47000000E-05  1.16400000E-05  4.02900000E-05  4.15000000E-05  4.43400000E-02  3.06200000E-02  3.77300000E-05  4.53300000E-05  0.00000000E+00  0.00000000E+00  0.00000000E+00  0.00000000E+00  0.00000000E+00  0.00000000E+00  0.00000000E+00  0.00000000E+00  0.00000000E+00  0.00000000E+00
 1.49297275E+00  1.47100000E-05  1.17600000E-05  3.85600000E-05  3.61200000E-05  4.69700000E-02  2.87600000E-02  3.61000000E-05  3.69100000E-05  0.00000000E+00  0.00000000E+00  0.00000000E+00  0.00000000E+00  0.00000000E+00  0.00000000E+00  0.00000000E+00  0.00000000E+00  0.00000000E+00  0.00000000E+00
 1.51097275E+00  1.53500000E-05  1.10800000E-05  3.78500000E-05  3.04800000E-05  5.05700000E-02  2.60700000E-02  3.62100000E-05  2.78300000E-05  0.00000000E+00  0.00000000E+00  0.00000000E+00  0.00000000E+00  0.00000000E+00  0.00000000E+00  0.00000000E+00  0.00000000E+00  0.00000000E+00  0.00000000E+00
 1.52797275E+00  1.59000000E-05  9.80200000E-06  3.61300000E-05  2.70000000E-05  5.16700000E-02  2.41600000E-02  3.61300000E-05  2.08000000E-05  0.00000000E+00  0.00000000E+00  0.00000000E+00  0.00000000E+00  0.00000000E+00  0.00000000E+00  0.00000000E+00  0.00000000E+00  0.00000000E+00  0.00000000E+00
 1.54597275E+00  1.51200000E-05  8.95900000E-06  3.15200000E-05  2.81200000E-05  4.70100000E-02  2.54600000E-02  3.31500000E-05  1.77700000E-05  0.00000000E+00  0.00000000E+00  0.00000000E+00  0.00000000E+00  0.00000000E+00  0.00000000E+00  0.00000000E+00  0.00000000E+00  0.00000000E+00  0.00000000E+00
 1.56297275E+00  1.25700000E-05  9.64900000E-06  2.41000000E-05  3.46200000E-05  3.68200000E-02  3.14200000E-02  2.66700000E-05  1.94000000E-05  0.00000000E+00  0.00000000E+00  0.00000000E+00  0.00000000E+00  0.00000000E+00  0.00000000E+00  0.00000000E+00  0.00000000E+00  0.00000000E+00  0.00000000E+00
 1.58097275E+00  9.23700000E-06  1.21000000E-05  1.63200000E-05  4.39500000E-05  2.53000000E-02  4.06800000E-02  1.92700000E-05  2.45800000E-05  0.00000000E+00  0.00000000E+00  0.00000000E+00  0.00000000E+00  0.00000000E+00  0.00000000E+00  0.00000000E+00  0.00000000E+00  0.00000000E+00  0.00000000E+00
 1.59797275E+00  6.75900000E-06  1.55900000E-05  1.14400000E-05  5.16800000E-05  1.78500000E-02  4.99300000E-02  1.50500000E-05  3.10100000E-05  0.00000000E+00  0.00000000E+00  0.00000000E+00  0.00000000E+00  0.00000000E+00  0.00000000E+00  0.00000000E+00  0.00000000E+00  0.00000000E+00  0.00000000E+00
 1.61597275E+00  6.38400000E-06  1.90500000E-05  1.18200000E-05  5.46500000E-05  1.78900000E-02  5.61600000E-02  1.69800000E-05  3.63700000E-05  0.00000000E+00  0.00000000E+00  0.00000000E+00  0.00000000E+00  0.00000000E+00  0.00000000E+00  0.00000000E+00  0.00000000E+00  0.00000000E+00  0.00000000E+00
 1.63297275E+00  8.50000000E-06  2.15100000E-05  1.80600000E-05  5.24800000E-05  2.56200000E-02  5.79200000E-02  2.53300000E-05  3.92100000E-05  0.00000000E+00  0.00000000E+00  0.00000000E+00  0.00000000E+00  0.00000000E+00  0.00000000E+00  0.00000000E+00  0.00000000E+00  0.00000000E+00  0.00000000E+00
 1.65097275E+00  1.26800000E-05  2.25300000E-05  2.90100000E-05  4.69400000E-05  3.87700000E-02  5.54700000E-02  3.78800000E-05  3.95100000E-05  0.00000000E+00  0.00000000E+00  0.00000000E+00  0.00000000E+00  0.00000000E+00  0.00000000E+00  0.00000000E+00  0.00000000E+00  0.00000000E+00  0.00000000E+00
 1.66797275E+00  1.79800000E-05  2.24800000E-05  4.23700000E-05  4.09100000E-05  5.40000000E-02  5.07300000E-02  5.15100000E-05  3.89800000E-05  0.00000000E+00  0.00000000E+00  0.00000000E+00  0.00000000E+00  0.00000000E+00  0.00000000E+00  0.00000000E+00  0.00000000E+00  0.00000000E+00  0.00000000E+00
 1.68597275E+00  2.33500000E-05  2.22700000E-05  5.54000000E-05  3.75100000E-05  6.82800000E-02  4.67800000E-02  6.38800000E-05  4.01600000E-05  0.00000000E+00  0.00000000E+00  0.00000000E+00  0.00000000E+00  0.00000000E+00  0.00000000E+00  0.00000000E+00  0.00000000E+00  0.00000000E+00  0.00000000E+00
 1.70297275E+00  2.78400000E-05  2.24500000E-05  6.52000000E-05  3.89300000E-05  7.90300000E-02  4.64000000E-02  7.35300000E-05  4.46700000E-05  0.00000000E+00  0.00000000E+00  0.00000000E+00  0.00000000E+00  0.00000000E+00  0.00000000E+00  0.00000000E+00  0.00000000E+00  0.00000000E+00  0.00000000E+00
 1.71997275E+00  3.04000000E-05  2.29000000E-05  6.91900000E-05  4.53700000E-05  8.35900000E-02  5.07300000E-02  7.85600000E-05  5.21500000E-05  0.00000000E+00  0.00000000E+00  0.00000000E+00  0.00000000E+00  0.00000000E+00  0.00000000E+00  0.00000000E+00  0.00000000E+00  0.00000000E+00  0.00000000E+00
 1.73797275E+00  3.00600000E-05  2.33400000E-05  6.72600000E-05  5.51700000E-05  8.02900000E-02  5.91000000E-02  7.73300000E-05  6.08800000E-05  0.00000000E+00  0.00000000E+00  0.00000000E+00  0.00000000E+00  0.00000000E+00  0.00000000E+00  0.00000000E+00  0.00000000E+00  0.00000000E+00  0.00000000E+00
 1.75497275E+00  2.68000000E-05  2.40000000E-05  6.37800000E-05  6.61400000E-05  7.10800000E-02  7.00800000E-02  7.11900000E-05  6.95600000E-05  0.00000000E+00  0.00000000E+00  0.00000000E+00  0.00000000E+00  0.00000000E+00  0.00000000E+00  0.00000000E+00  0.00000000E+00  0.00000000E+00  0.00000000E+00
 1.77297275E+00  2.19400000E-05  2.51900000E-05  6.47200000E-05  7.65600000E-05  6.10200000E-02  8.19800000E-02  6.44000000E-05  7.79200000E-05  0.00000000E+00  0.00000000E+00  0.00000000E+00  0.00000000E+00  0.00000000E+00  0.00000000E+00  0.00000000E+00  0.00000000E+00  0.00000000E+00  0.00000000E+00
 1.78997275E+00  1.72200000E-05  2.63900000E-05  7.10800000E-05  8.44400000E-05  5.39000000E-02  9.17200000E-02  5.95800000E-05  8.49600000E-05  0.00000000E+00  0.00000000E+00  0.00000000E+00  0.00000000E+00  0.00000000E+00  0.00000000E+00  0.00000000E+00  0.00000000E+00  0.00000000E+00  0.00000000E+00
 1.80797275E+00  1.36800000E-05  2.62100000E-05  7.74100000E-05  8.70600000E-05  4.96200000E-02  9.47200000E-02  5.53800000E-05  8.74300000E-05  0.00000000E+00  0.00000000E+00  0.00000000E+00  0.00000000E+00  0.00000000E+00  0.00000000E+00  0.00000000E+00  0.00000000E+00  0.00000000E+00  0.00000000E+00
 1.82497275E+00  1.17300000E-05  2.40300000E-05  7.84700000E-05  8.35300000E-05  4.67500000E-02  8.86600000E-02  4.97200000E-05  8.26000000E-05  0.00000000E+00  0.00000000E+00  0.00000000E+00  0.00000000E+00  0.00000000E+00  0.00000000E+00  0.00000000E+00  0.00000000E+00  0.00000000E+00  0.00000000E+00
 1.84297275E+00  1.16400000E-05  2.12200000E-05  7.53500000E-05  7.73600000E-05  4.56500000E-02  7.71900000E-02  4.34500000E-05  7.25300000E-05  0.00000000E+00  0.00000000E+00  0.00000000E+00  0.00000000E+00  0.00000000E+00  0.00000000E+00  0.00000000E+00  0.00000000E+00  0.00000000E+00  0.00000000E+00
 1.85997275E+00  1.32900000E-05  1.99500000E-05  7.24000000E-05  7.33000000E-05  4.72500000E-02  6.70200000E-02  3.87600000E-05  6.28700000E-05  0.00000000E+00  0.00000000E+00  0.00000000E+00  0.00000000E+00  0.00000000E+00  0.00000000E+00  0.00000000E+00  0.00000000E+00  0.00000000E+00  0.00000000E+00
 1.87797275E+00  1.56700000E-05  2.06800000E-05  7.05900000E-05  7.16600000E-05  5.02400000E-02  6.10700000E-02  3.57300000E-05  5.69200000E-05  0.00000000E+00  0.00000000E+00  0.00000000E+00  0.00000000E+00  0.00000000E+00  0.00000000E+00  0.00000000E+00  0.00000000E+00  0.00000000E+00  0.00000000E+00
 1.89497275E+00  1.71700000E-05  2.15700000E-05  6.66400000E-05  6.82400000E-05  5.15400000E-02  5.66900000E-02  3.25200000E-05  5.31900000E-05  0.00000000E+00  0.00000000E+00  0.00000000E+00  0.00000000E+00  0.00000000E+00  0.00000000E+00  0.00000000E+00  0.00000000E+00  0.00000000E+00  0.00000000E+00
 1.91297275E+00  1.68000000E-05  2.05300000E-05  5.80100000E-05  6.01700000E-05  4.92200000E-02  5.04200000E-02  2.84800000E-05  4.86800000E-05  0.00000000E+00  0.00000000E+00  0.00000000E+00  0.00000000E+00  0.00000000E+00  0.00000000E+00  0.00000000E+00  0.00000000E+00  0.00000000E+00  0.00000000E+00
 1.92997275E+00  1.48700000E-05  1.73000000E-05  4.60000000E-05  4.90400000E-05  4.38700000E-02  4.21900000E-02  2.50100000E-05  4.23300000E-05  0.00000000E+00  0.00000000E+00  0.00000000E+00  0.00000000E+00  0.00000000E+00  0.00000000E+00  0.00000000E+00  0.00000000E+00  0.00000000E+00  0.00000000E+00
 1.94797275E+00  1.23900000E-05  1.33100000E-05  3.39700000E-05  3.84000000E-05  3.71000000E-02  3.44800000E-02  2.33300000E-05  3.48300000E-05  0.00000000E+00  0.00000000E+00  0.00000000E+00  0.00000000E+00  0.00000000E+00  0.00000000E+00  0.00000000E+00  0.00000000E+00  0.00000000E+00  0.00000000E+00
 1.96497275E+00  1.00600000E-05  1.01300000E-05  2.42600000E-05  3.03200000E-05  2.99200000E-02  2.92400000E-02  2.25200000E-05  2.71900000E-05  0.00000000E+00  0.00000000E+00  0.00000000E+00  0.00000000E+00  0.00000000E+00  0.00000000E+00  0.00000000E+00  0.00000000E+00  0.00000000E+00  0.00000000E+00
 1.98297275E+00  8.10900000E-06  8.33700000E-06  1.75200000E-05  2.48800000E-05  2.29700000E-02  2.64300000E-02  2.08600000E-05  2.03800000E-05  0.00000000E+00  0.00000000E+00  0.00000000E+00  0.00000000E+00  0.00000000E+00  0.00000000E+00  0.00000000E+00  0.00000000E+00  0.00000000E+00  0.00000000E+00
 1.99997275E+00  6.71400000E-06  7.60200000E-06  1.41200000E-05  2.12600000E-05  1.75000000E-02  2.46600000E-02  1.86400000E-05  1.52700000E-05  0.00000000E+00  0.00000000E+00  0.00000000E+00  0.00000000E+00  0.00000000E+00  0.00000000E+00  0.00000000E+00  0.00000000E+00  0.00000000E+00  0.00000000E+00
 2.01797275E+00  6.21400000E-06  7.35100000E-06  1.48100000E-05  1.88600000E-05  1.55100000E-02  2.25700000E-02  1.86600000E-05  1.22000000E-05  0.00000000E+00  0.00000000E+00  0.00000000E+00  0.00000000E+00  0.00000000E+00  0.00000000E+00  0.00000000E+00  0.00000000E+00  0.00000000E+00  0.00000000E+00
 2.03497275E+00  6.88800000E-06  7.27200000E-06  2.01900000E-05  1.77000000E-05  1.85500000E-02  1.99000000E-02  2.38600000E-05  1.08100000E-05  0.00000000E+00  0.00000000E+00  0.00000000E+00  0.00000000E+00  0.00000000E+00  0.00000000E+00  0.00000000E+00  0.00000000E+00  0.00000000E+00  0.00000000E+00
 2.05297275E+00  8.91700000E-06  7.39500000E-06  2.99900000E-05  1.81400000E-05  2.70500000E-02  1.74600000E-02  3.51200000E-05  1.08400000E-05  0.00000000E+00  0.00000000E+00  0.00000000E+00  0.00000000E+00  0.00000000E+00  0.00000000E+00  0.00000000E+00  0.00000000E+00  0.00000000E+00  0.00000000E+00
 2.06997275E+00  1.25300000E-05  7.95400000E-06  4.33800000E-05  2.05800000E-05  4.05200000E-02  1.67200000E-02  5.12400000E-05  1.31600000E-05  0.00000000E+00  0.00000000E+00  0.00000000E+00  0.00000000E+00  0.00000000E+00  0.00000000E+00  0.00000000E+00  0.00000000E+00  0.00000000E+00  0.00000000E+00
 2.08797275E+00  1.75500000E-05  9.27700000E-06  5.87100000E-05  2.58800000E-05  5.72700000E-02  1.95200000E-02  6.96100000E-05  1.98100000E-05  0.00000000E+00  0.00000000E+00  0.00000000E+00  0.00000000E+00  0.00000000E+00  0.00000000E+00  0.00000000E+00  0.00000000E+00  0.00000000E+00  0.00000000E+00
 2.10497275E+00  2.25000000E-05  1.15900000E-05  7.19000000E-05  3.54600000E-05  7.25300000E-02  2.72500000E-02  8.51100000E-05  3.21400000E-05  0.00000000E+00  0.00000000E+00  0.00000000E+00  0.00000000E+00  0.00000000E+00  0.00000000E+00  0.00000000E+00  0.00000000E+00  0.00000000E+00  0.00000000E+00
 2.12297275E+00  2.48100000E-05  1.46200000E-05  7.63800000E-05  4.90500000E-05  7.88200000E-02  3.91000000E-02  9.03700000E-05  4.77900000E-05  0.00000000E+00  0.00000000E+00  0.00000000E+00  0.00000000E+00  0.00000000E+00  0.00000000E+00  0.00000000E+00  0.00000000E+00  0.00000000E+00  0.00000000E+00
 2.13997275E+00  2.30500000E-05  1.72700000E-05  6.80500000E-05  6.21900000E-05  7.14900000E-02  5.07100000E-02  8.12200000E-05  6.02600000E-05  0.00000000E+00  0.00000000E+00  0.00000000E+00  0.00000000E+00  0.00000000E+00  0.00000000E+00  0.00000000E+00  0.00000000E+00  0.00000000E+00  0.00000000E+00
 2.15797275E+00  1.87400000E-05  1.81100000E-05  5.03000000E-05  6.79200000E-05  5.42000000E-02  5.62800000E-02  6.21400000E-05  6.31600000E-05  0.00000000E+00  0.00000000E+00  0.00000000E+00  0.00000000E+00  0.00000000E+00  0.00000000E+00  0.00000000E+00  0.00000000E+00  0.00000000E+00  0.00000000E+00
 2.17497275E+00  1.50400000E-05  1.66000000E-05  3.18000000E-05  6.28600000E-05  3.62700000E-02  5.32900000E-02  4.34100000E-05  5.58300000E-05  0.00000000E+00  0.00000000E+00  0.00000000E+00  0.00000000E+00  0.00000000E+00  0.00000000E+00  0.00000000E+00  0.00000000E+00  0.00000000E+00  0.00000000E+00
 2.19197275E+00  1.35500000E-05  1.35500000E-05  1.90500000E-05  5.05700000E-05  2.43700000E-02  4.48000000E-02  3.18200000E-05  4.38600000E-05  0.00000000E+00  0.00000000E+00  0.00000000E+00  0.00000000E+00  0.00000000E+00  0.00000000E+00  0.00000000E+00  0.00000000E+00  0.00000000E+00  0.00000000E+00
 2.20997275E+00  1.31200000E-05  1.03000000E-05  1.24900000E-05  3.77700000E-05  1.83800000E-02  3.59200000E-02  2.62400000E-05  3.35400000E-05  0.00000000E+00  0.00000000E+00  0.00000000E+00  0.00000000E+00  0.00000000E+00  0.00000000E+00  0.00000000E+00  0.00000000E+00  0.00000000E+00  0.00000000E+00
 2.22697275E+00  1.17400000E-05  7.56600000E-06  9.20500000E-06  2.80500000E-05  1.46800000E-02  2.89200000E-02  2.19500000E-05  2.66900000E-05  0.00000000E+00  0.00000000E+00  0.00000000E+00  0.00000000E+00  0.00000000E+00  0.00000000E+00  0.00000000E+00  0.00000000E+00  0.00000000E+00  0.00000000E+00
 2.24497275E+00  8.90300000E-06  5.33600000E-06  7.31000000E-06  2.08300000E-05  1.12900000E-02  2.28300000E-02  1.68800000E-05  2.13300000E-05  0.00000000E+00  0.00000000E+00  0.00000000E+00  0.00000000E+00  0.00000000E+00  0.00000000E+00  0.00000000E+00  0.00000000E+00  0.00000000E+00  0.00000000E+00
 2.26197275E+00  5.92800000E-06  3.57500000E-06  7.51600000E-06  1.49500000E-05  9.46600000E-03  1.69500000E-02  1.32300000E-05  1.59800000E-05  0.00000000E+00  0.00000000E+00  0.00000000E+00  0.00000000E+00  0.00000000E+00  0.00000000E+00  0.00000000E+00  0.00000000E+00  0.00000000E+00  0.00000000E+00
 2.27997275E+00  4.48000000E-06  2.63000000E-06  1.19200000E-05  1.12000000E-05  1.18500000E-02  1.28900000E-02  1.46200000E-05  1.19200000E-05  0.00000000E+00  0.00000000E+00  0.00000000E+00  0.00000000E+00  0.00000000E+00  0.00000000E+00  0.00000000E+00  0.00000000E+00  0.00000000E+00  0.00000000E+00
 2.29697275E+00  5.23500000E-06  3.05000000E-06  2.16700000E-05  1.12900000E-05  1.97800000E-02  1.30000000E-02  2.25400000E-05  1.15000000E-05  0.00000000E+00  0.00000000E+00  0.00000000E+00  0.00000000E+00  0.00000000E+00  0.00000000E+00  0.00000000E+00  0.00000000E+00  0.00000000E+00  0.00000000E+00
 2.31497275E+00  7.56400000E-06  5.19400000E-06  3.49900000E-05  1.54500000E-05  3.15500000E-02  1.76400000E-02  3.42900000E-05  1.55300000E-05  0.00000000E+00  0.00000000E+00  0.00000000E+00  0.00000000E+00  0.00000000E+00  0.00000000E+00  0.00000000E+00  0.00000000E+00  0.00000000E+00  0.00000000E+00
 2.33197275E+00  1.00300000E-05  8.78900000E-06  4.77400000E-05  2.14300000E-05  4.29400000E-02  2.41500000E-02  4.38500000E-05  2.21400000E-05  0.00000000E+00  0.00000000E+00  0.00000000E+00  0.00000000E+00  0.00000000E+00  0.00000000E+00  0.00000000E+00  0.00000000E+00  0.00000000E+00  0.00000000E+00
 2.34997275E+00  1.15000000E-05  1.26200000E-05  5.68100000E-05  2.57300000E-05  5.05300000E-02  2.84500000E-02  4.62500000E-05  2.77600000E-05  0.00000000E+00  0.00000000E+00  0.00000000E+00  0.00000000E+00  0.00000000E+00  0.00000000E+00  0.00000000E+00  0.00000000E+00  0.00000000E+00  0.00000000E+00
 2.36697275E+00  1.22100000E-05  1.49200000E-05  6.26700000E-05  2.64700000E-05  5.46600000E-02  2.83700000E-02  4.18200000E-05  2.98400000E-05  0.00000000E+00  0.00000000E+00  0.00000000E+00  0.00000000E+00  0.00000000E+00  0.00000000E+00  0.00000000E+00  0.00000000E+00  0.00000000E+00  0.00000000E+00
 2.38497275E+00  1.36800000E-05  1.47000000E-05  6.74900000E-05  2.55400000E-05  5.83500000E-02  2.58200000E-02  3.55000000E-05  2.92400000E-05  0.00000000E+00  0.00000000E+00  0.00000000E+00  0.00000000E+00  0.00000000E+00  0.00000000E+00  0.00000000E+00  0.00000000E+00  0.00000000E+00  0.00000000E+00
 2.40197275E+00  1.72200000E-05  1.27500000E-05  7.19600000E-05  2.74400000E-05  6.36400000E-02  2.55900000E-02  3.21500000E-05  2.99000000E-05  0.00000000E+00  0.00000000E+00  0.00000000E+00  0.00000000E+00  0.00000000E+00  0.00000000E+00  0.00000000E+00  0.00000000E+00  0.00000000E+00  0.00000000E+00
 2.41997275E+00  2.22900000E-05  1.10700000E-05  7.49600000E-05  3.56300000E-05  6.95900000E-02  3.14100000E-02  3.29900000E-05  3.51400000E-05  0.00000000E+00  0.00000000E+00  0.00000000E+00  0.00000000E+00  0.00000000E+00  0.00000000E+00  0.00000000E+00  0.00000000E+00  0.00000000E+00  0.00000000E+00
 2.43697275E+00  2.62500000E-05  1.10900000E-05  7.45900000E-05  4.96000000E-05  7.26300000E-02  4.30900000E-02  3.55900000E-05  4.39400000E-05  0.00000000E+00  0.00000000E+00  0.00000000E+00  0.00000000E+00  0.00000000E+00  0.00000000E+00  0.00000000E+00  0.00000000E+00  0.00000000E+00  0.00000000E+00
 2.45497275E+00  2.63500000E-05  1.28300000E-05  6.86000000E-05  6.60700000E-05  6.86000000E-02  5.75300000E-02  3.62400000E-05  5.16600000E-05  0.00000000E+00  0.00000000E+00  0.00000000E+00  0.00000000E+00  0.00000000E+00  0.00000000E+00  0.00000000E+00  0.00000000E+00  0.00000000E+00  0.00000000E+00
 2.47197275E+00  2.23200000E-05  1.56600000E-05  5.62400000E-05  8.25500000E-05  5.65400000E-02  7.20900000E-02  3.33600000E-05  5.50200000E-05  0.00000000E+00  0.00000000E+00  0.00000000E+00  0.00000000E+00  0.00000000E+00  0.00000000E+00  0.00000000E+00  0.00000000E+00  0.00000000E+00  0.00000000E+00
 2.48997275E+00  1.67600000E-05  1.89800000E-05  4.08200000E-05  9.77500000E-05  4.10600000E-02  8.54500000E-02  2.92300000E-05  5.49700000E-05  0.00000000E+00  0.00000000E+00  0.00000000E+00  0.00000000E+00  0.00000000E+00  0.00000000E+00  0.00000000E+00  0.00000000E+00  0.00000000E+00  0.00000000E+00
 2.50697275E+00  1.26100000E-05  2.19600000E-05  2.84700000E-05  1.08200000E-04  2.95000000E-02  9.47700000E-02  2.80700000E-05  5.41200000E-05  0.00000000E+00  0.00000000E+00  0.00000000E+00  0.00000000E+00  0.00000000E+00  0.00000000E+00  0.00000000E+00  0.00000000E+00  0.00000000E+00  0.00000000E+00
 2.52497275E+00  1.08000000E-05  2.34500000E-05  2.35300000E-05  1.08000000E-04  2.62700000E-02  9.51800000E-02  3.19500000E-05  5.31400000E-05  0.00000000E+00  0.00000000E+00  0.00000000E+00  0.00000000E+00  0.00000000E+00  0.00000000E+00  0.00000000E+00  0.00000000E+00  0.00000000E+00  0.00000000E+00
 2.54197275E+00  1.04200000E-05  2.30400000E-05  2.56000000E-05  9.48200000E-05  3.00300000E-02  8.46400000E-02  3.88600000E-05  5.12800000E-05  0.00000000E+00  0.00000000E+00  0.00000000E+00  0.00000000E+00  0.00000000E+00  0.00000000E+00  0.00000000E+00  0.00000000E+00  0.00000000E+00  0.00000000E+00
 2.55997275E+00  1.05800000E-05  2.19900000E-05  3.11700000E-05  7.44800000E-05  3.60600000E-02  6.81300000E-02  4.49200000E-05  4.88700000E-05  0.00000000E+00  0.00000000E+00  0.00000000E+00  0.00000000E+00  0.00000000E+00  0.00000000E+00  0.00000000E+00  0.00000000E+00  0.00000000E+00  0.00000000E+00
 2.57697275E+00  1.17700000E-05  2.20400000E-05  3.78400000E-05  5.72500000E-05  4.14500000E-02  5.43400000E-02  4.88700000E-05  4.73600000E-05  0.00000000E+00  0.00000000E+00  0.00000000E+00  0.00000000E+00  0.00000000E+00  0.00000000E+00  0.00000000E+00  0.00000000E+00  0.00000000E+00  0.00000000E+00
 2.59497275E+00  1.52100000E-05  2.33200000E-05  4.66300000E-05  4.93100000E-05  4.76800000E-02  4.83100000E-02  5.37400000E-05  4.72700000E-05  0.00000000E+00  0.00000000E+00  0.00000000E+00  0.00000000E+00  0.00000000E+00  0.00000000E+00  0.00000000E+00  0.00000000E+00  0.00000000E+00  0.00000000E+00
 2.61197275E+00  2.09000000E-05  2.41100000E-05  5.90700000E-05  4.94400000E-05  5.73600000E-02  4.88400000E-02  6.26700000E-05  4.78500000E-05  0.00000000E+00  0.00000000E+00  0.00000000E+00  0.00000000E+00  0.00000000E+00  0.00000000E+00  0.00000000E+00  0.00000000E+00  0.00000000E+00  0.00000000E+00
 2.62997275E+00  2.62900000E-05  2.30500000E-05  7.22100000E-05  5.35300000E-05  6.86200000E-02  5.25300000E-02  7.30700000E-05  4.91400000E-05  0.00000000E+00  0.00000000E+00  0.00000000E+00  0.00000000E+00  0.00000000E+00  0.00000000E+00  0.00000000E+00  0.00000000E+00  0.00000000E+00  0.00000000E+00
 2.64697275E+00  2.79500000E-05  2.09500000E-05  7.91500000E-05  5.92500000E-05  7.54900000E-02  5.75500000E-02  7.76700000E-05  5.25700000E-05  0.00000000E+00  0.00000000E+00  0.00000000E+00  0.00000000E+00  0.00000000E+00  0.00000000E+00  0.00000000E+00  0.00000000E+00  0.00000000E+00  0.00000000E+00
 2.66397275E+00  2.49900000E-05  1.97100000E-05  7.60100000E-05  6.50200000E-05  7.45200000E-02  6.25000000E-02  7.24500000E-05  5.82200000E-05  0.00000000E+00  0.00000000E+00  0.00000000E+00  0.00000000E+00  0.00000000E+00  0.00000000E+00  0.00000000E+00  0.00000000E+00  0.00000000E+00  0.00000000E+00
 2.68197275E+00  2.03400000E-05  1.99200000E-05  6.62100000E-05  6.73100000E-05  6.86800000E-02  6.42400000E-02  6.13900000E-05  6.25800000E-05  0.00000000E+00  0.00000000E+00  0.00000000E+00  0.00000000E+00  0.00000000E+00  0.00000000E+00  0.00000000E+00  0.00000000E+00  0.00000000E+00  0.00000000E+00
 2.69897275E+00  1.87700000E-05  2.01800000E-05  5.65200000E-05  6.26400000E-05  6.36200000E-02  5.99400000E-02  5.25400000E-05  6.11500000E-05  0.00000000E+00  0.00000000E+00  0.00000000E+00  0.00000000E+00  0.00000000E+00  0.00000000E+00  0.00000000E+00  0.00000000E+00  0.00000000E+00  0.00000000E+00
 2.71697275E+00  2.36500000E-05  1.88100000E-05  5.11300000E-05  5.20300000E-05  6.25300000E-02  5.08300000E-02  5.15400000E-05  5.34300000E-05  0.00000000E+00  0.00000000E+00  0.00000000E+00  0.00000000E+00  0.00000000E+00  0.00000000E+00  0.00000000E+00  0.00000000E+00  0.00000000E+00  0.00000000E+00
 2.73397275E+00  3.48400000E-05  1.59400000E-05  5.04000000E-05  4.12100000E-05  6.50600000E-02  4.23100000E-02  5.90700000E-05  4.48500000E-05  0.00000000E+00  0.00000000E+00  0.00000000E+00  0.00000000E+00  0.00000000E+00  0.00000000E+00  0.00000000E+00  0.00000000E+00  0.00000000E+00  0.00000000E+00
 2.75197275E+00  4.79900000E-05  1.35700000E-05  5.23600000E-05  3.64700000E-05  6.82900000E-02  4.01500000E-02  7.10400000E-05  4.34600000E-05  0.00000000E+00  0.00000000E+00  0.00000000E+00  0.00000000E+00  0.00000000E+00  0.00000000E+00  0.00000000E+00  0.00000000E+00  0.00000000E+00  0.00000000E+00
 2.76897275E+00  5.66500000E-05  1.36300000E-05  5.37100000E-05  4.01400000E-05  6.80800000E-02  4.64300000E-02  8.07200000E-05  5.36800000E-05  0.00000000E+00  0.00000000E+00  0.00000000E+00  0.00000000E+00  0.00000000E+00  0.00000000E+00  0.00000000E+00  0.00000000E+00  0.00000000E+00  0.00000000E+00
 2.78697275E+00  5.66800000E-05  1.60600000E-05  5.11000000E-05  4.88500000E-05  6.18500000E-02  5.76300000E-02  8.27100000E-05  7.13900000E-05  0.00000000E+00  0.00000000E+00  0.00000000E+00  0.00000000E+00  0.00000000E+00  0.00000000E+00  0.00000000E+00  0.00000000E+00  0.00000000E+00  0.00000000E+00
 2.80397275E+00  4.89800000E-05  1.93400000E-05  4.32300000E-05  5.53800000E-05  5.06500000E-02  6.63200000E-02  7.59100000E-05  8.56000000E-05  0.00000000E+00  0.00000000E+00  0.00000000E+00  0.00000000E+00  0.00000000E+00  0.00000000E+00  0.00000000E+00  0.00000000E+00  0.00000000E+00  0.00000000E+00
 2.82197275E+00  3.74200000E-05  2.28800000E-05  3.18200000E-05  5.39000000E-05  3.77400000E-02  6.67100000E-02  6.25700000E-05  8.71600000E-05  0.00000000E+00  0.00000000E+00  0.00000000E+00  0.00000000E+00  0.00000000E+00  0.00000000E+00  0.00000000E+00  0.00000000E+00  0.00000000E+00  0.00000000E+00
 2.83897275E+00  2.55900000E-05  2.81400000E-05  2.01400000E-05  4.47600000E-05  2.57700000E-02  5.95400000E-02  4.60100000E-05  7.65000000E-05  0.00000000E+00  0.00000000E+00  0.00000000E+00  0.00000000E+00  0.00000000E+00  0.00000000E+00  0.00000000E+00  0.00000000E+00  0.00000000E+00  0.00000000E+00
 2.85697275E+00  1.57100000E-05  3.62300000E-05  1.08800000E-05  3.35900000E-05  1.59300000E-02  5.05300000E-02  2.97300000E-05  6.16500000E-05  0.00000000E+00  0.00000000E+00  0.00000000E+00  0.00000000E+00  0.00000000E+00  0.00000000E+00  0.00000000E+00  0.00000000E+00  0.00000000E+00  0.00000000E+00
 2.87397275E+00  9.28600000E-06  4.47300000E-05  5.02300000E-06  2.56400000E-05  8.86900000E-03  4.39700000E-02  1.70500000E-05  4.94800000E-05  0.00000000E+00  0.00000000E+00  0.00000000E+00  0.00000000E+00  0.00000000E+00  0.00000000E+00  0.00000000E+00  0.00000000E+00  0.00000000E+00  0.00000000E+00
 2.89197275E+00  7.56100000E-06  4.84500000E-05  2.06700000E-06  2.22400000E-05  4.96600000E-03  3.92900000E-02  1.02300000E-05  4.06800000E-05  0.00000000E+00  0.00000000E+00  0.00000000E+00  0.00000000E+00  0.00000000E+00  0.00000000E+00  0.00000000E+00  0.00000000E+00  0.00000000E+00  0.00000000E+00
 2.90897275E+00  1.15400000E-05  4.44100000E-05  9.91400000E-07  2.19600000E-05  4.12500000E-03  3.38200000E-02  9.73700000E-06  3.26700000E-05  0.00000000E+00  0.00000000E+00  0.00000000E+00  0.00000000E+00  0.00000000E+00  0.00000000E+00  0.00000000E+00  0.00000000E+00  0.00000000E+00  0.00000000E+00
 2.92697275E+00  2.18300000E-05  3.49500000E-05  9.09500000E-07  2.29100000E-05  5.56900000E-03  2.68600000E-02  1.41700000E-05  2.45300000E-05  0.00000000E+00  0.00000000E+00  0.00000000E+00  0.00000000E+00  0.00000000E+00  0.00000000E+00  0.00000000E+00  0.00000000E+00  0.00000000E+00  0.00000000E+00
 2.94397275E+00  3.87900000E-05  2.50400000E-05  1.30000000E-06  2.32300000E-05  7.92500000E-03  1.98500000E-02  2.03600000E-05  1.75900000E-05  0.00000000E+00  0.00000000E+00  0.00000000E+00  0.00000000E+00  0.00000000E+00  0.00000000E+00  0.00000000E+00  0.00000000E+00  0.00000000E+00  0.00000000E+00
 2.96197275E+00  6.40500000E-05  1.76200000E-05  2.07100000E-06  2.11700000E-05  9.69300000E-03  1.39800000E-02  2.45300000E-05  1.27700000E-05  0.00000000E+00  0.00000000E+00  0.00000000E+00  0.00000000E+00  0.00000000E+00  0.00000000E+00  0.00000000E+00  0.00000000E+00  0.00000000E+00  0.00000000E+00
 2.97897275E+00  1.02400000E-04  1.27500000E-05  3.70100000E-06  1.63300000E-05  1.01300000E-02  9.29300000E-03  2.45500000E-05  9.41100000E-06  0.00000000E+00  0.00000000E+00  0.00000000E+00  0.00000000E+00  0.00000000E+00  0.00000000E+00  0.00000000E+00  0.00000000E+00  0.00000000E+00  0.00000000E+00
 2.99697275E+00  1.60700000E-04  1.07200000E-05  7.19200000E-06  1.02800000E-05  9.76300000E-03  5.55900000E-03  2.15900000E-05  6.52400000E-06  0.00000000E+00  0.00000000E+00  0.00000000E+00  0.00000000E+00  0.00000000E+00  0.00000000E+00  0.00000000E+00  0.00000000E+00  0.00000000E+00  0.00000000E+00
 3.01397275E+00  2.45500000E-04  1.59400000E-05  1.34100000E-05  5.20300000E-06  9.90200000E-03  2.91900000E-03  1.90700000E-05  4.05600000E-06  0.00000000E+00  0.00000000E+00  0.00000000E+00  0.00000000E+00  0.00000000E+00  0.00000000E+00  0.00000000E+00  0.00000000E+00  0.00000000E+00  0.00000000E+00
 3.03197275E+00  3.65400000E-04  4.01000000E-05  2.21600000E-05  2.16700000E-06  1.16100000E-02  1.61100000E-03  2.05000000E-05  2.74000000E-06  0.00000000E+00  0.00000000E+00  0.00000000E+00  0.00000000E+00  0.00000000E+00  0.00000000E+00  0.00000000E+00  0.00000000E+00  0.00000000E+00  0.00000000E+00
 3.04897275E+00  5.37500000E-04  1.02600000E-04  3.20400000E-05  9.91200000E-07  1.53000000E-02  1.80500000E-03  2.81800000E-05  3.56300000E-06  0.00000000E+00  0.00000000E+00  0.00000000E+00  0.00000000E+00  0.00000000E+00  0.00000000E+00  0.00000000E+00  0.00000000E+00  0.00000000E+00  0.00000000E+00
 3.06697275E+00  7.74300000E-04  2.23400000E-04  4.12800000E-05  1.19700000E-06  2.07600000E-02  3.74900000E-03  4.24300000E-05  7.61900000E-06  0.00000000E+00  0.00000000E+00  0.00000000E+00  0.00000000E+00  0.00000000E+00  0.00000000E+00  0.00000000E+00  0.00000000E+00  0.00000000E+00  0.00000000E+00
 3.08397275E+00  1.04200000E-03  4.09700000E-04  4.82200000E-05  2.72600000E-06  2.68900000E-02  7.61800000E-03  5.99700000E-05  1.57100000E-05  0.00000000E+00  0.00000000E+00  0.00000000E+00  0.00000000E+00  0.00000000E+00  0.00000000E+00  0.00000000E+00  0.00000000E+00  0.00000000E+00  0.00000000E+00
 3.10097275E+00  1.24000000E-03  6.46100000E-04  5.11500000E-05  5.98000000E-06  3.14300000E-02  1.29400000E-02  7.35700000E-05  2.72000000E-05  0.00000000E+00  0.00000000E+00  0.00000000E+00  0.00000000E+00  0.00000000E+00  0.00000000E+00  0.00000000E+00  0.00000000E+00  0.00000000E+00  0.00000000E+00
 3.11897275E+00  1.26400000E-03  8.98600000E-04  4.94600000E-05  1.14500000E-05  3.21800000E-02  1.84100000E-02  7.63400000E-05  3.94200000E-05  0.00000000E+00  0.00000000E+00  0.00000000E+00  0.00000000E+00  0.00000000E+00  0.00000000E+00  0.00000000E+00  0.00000000E+00  0.00000000E+00  0.00000000E+00
 3.13597275E+00  1.10300000E-03  1.12600000E-03  4.55100000E-05  1.94800000E-05  2.90300000E-02  2.27700000E-02  6.76500000E-05  4.90900000E-05  0.00000000E+00  0.00000000E+00  0.00000000E+00  0.00000000E+00  0.00000000E+00  0.00000000E+00  0.00000000E+00  0.00000000E+00  0.00000000E+00  0.00000000E+00
 3.15397275E+00  8.64600000E-04  1.30100000E-03  4.41900000E-05  3.03500000E-05  2.46300000E-02  2.59900000E-02  5.41100000E-05  5.54400000E-05  0.00000000E+00  0.00000000E+00  0.00000000E+00  0.00000000E+00  0.00000000E+00  0.00000000E+00  0.00000000E+00  0.00000000E+00  0.00000000E+00  0.00000000E+00
 3.17097275E+00  7.04400000E-04  1.44100000E-03  4.97800000E-05  4.41100000E-05  2.26300000E-02  2.90000000E-02  4.43500000E-05  6.14000000E-05  0.00000000E+00  0.00000000E+00  0.00000000E+00  0.00000000E+00  0.00000000E+00  0.00000000E+00  0.00000000E+00  0.00000000E+00  0.00000000E+00  0.00000000E+00
 3.18897275E+00  7.28100000E-04  1.59600000E-03  6.36600000E-05  5.93500000E-05  2.56300000E-02  3.22800000E-02  4.42500000E-05  7.07100000E-05  0.00000000E+00  0.00000000E+00  0.00000000E+00  0.00000000E+00  0.00000000E+00  0.00000000E+00  0.00000000E+00  0.00000000E+00  0.00000000E+00  0.00000000E+00
 3.20597275E+00  9.49700000E-04  1.77000000E-03  8.39200000E-05  7.25200000E-05  3.40300000E-02  3.52500000E-02  5.58000000E-05  8.31800000E-05  0.00000000E+00  0.00000000E+00  0.00000000E+00  0.00000000E+00  0.00000000E+00  0.00000000E+00  0.00000000E+00  0.00000000E+00  0.00000000E+00  0.00000000E+00
 3.22397275E+00  1.28400000E-03  1.87900000E-03  1.05400000E-04  8.05100000E-05  4.58200000E-02  3.76400000E-02  7.68000000E-05  9.37600000E-05  0.00000000E+00  0.00000000E+00  0.00000000E+00  0.00000000E+00  0.00000000E+00  0.00000000E+00  0.00000000E+00  0.00000000E+00  0.00000000E+00  0.00000000E+00
 3.24097275E+00  1.57500000E-03  1.84000000E-03  1.21000000E-04  8.48200000E-05  5.71800000E-02  4.10700000E-02  1.00100000E-04  9.82700000E-05  0.00000000E+00  0.00000000E+00  0.00000000E+00  0.00000000E+00  0.00000000E+00  0.00000000E+00  0.00000000E+00  0.00000000E+00  0.00000000E+00  0.00000000E+00
 3.25897275E+00  1.68100000E-03  1.67500000E-03  1.25900000E-04  9.09900000E-05  6.43000000E-02  4.81400000E-02  1.16100000E-04  9.89400000E-05  0.00000000E+00  0.00000000E+00  0.00000000E+00  0.00000000E+00  0.00000000E+00  0.00000000E+00  0.00000000E+00  0.00000000E+00  0.00000000E+00  0.00000000E+00
 3.27597275E+00  1.58500000E-03  1.48100000E-03  1.21700000E-04  1.02700000E-04  6.52000000E-02  5.94800000E-02  1.18100000E-04  1.02100000E-04  0.00000000E+00  0.00000000E+00  0.00000000E+00  0.00000000E+00  0.00000000E+00  0.00000000E+00  0.00000000E+00  0.00000000E+00  0.00000000E+00  0.00000000E+00
 3.29397275E+00  1.42000000E-03  1.33300000E-03  1.16100000E-04  1.18200000E-04  6.06500000E-02  7.22200000E-02  1.08300000E-04  1.11600000E-04  0.00000000E+00  0.00000000E+00  0.00000000E+00  0.00000000E+00  0.00000000E+00  0.00000000E+00  0.00000000E+00  0.00000000E+00  0.00000000E+00  0.00000000E+00
 3.31097275E+00  1.35000000E-03  1.25800000E-03  1.16800000E-04  1.33400000E-04  5.33500000E-02  8.17800000E-02  9.52300000E-05  1.25800000E-04  0.00000000E+00  0.00000000E+00  0.00000000E+00  0.00000000E+00  0.00000000E+00  0.00000000E+00  0.00000000E+00  0.00000000E+00  0.00000000E+00  0.00000000E+00
 3.32897275E+00  1.42800000E-03  1.27600000E-03  1.23800000E-04  1.44900000E-04  4.58200000E-02  8.43000000E-02  8.61200000E-05  1.39800000E-04  0.00000000E+00  0.00000000E+00  0.00000000E+00  0.00000000E+00  0.00000000E+00  0.00000000E+00  0.00000000E+00  0.00000000E+00  0.00000000E+00  0.00000000E+00
 3.34597275E+00  1.54200000E-03  1.38800000E-03  1.28500000E-04  1.48500000E-04  3.89800000E-02  7.76400000E-02  8.11200000E-05  1.46000000E-04  0.00000000E+00  0.00000000E+00  0.00000000E+00  0.00000000E+00  0.00000000E+00  0.00000000E+00  0.00000000E+00  0.00000000E+00  0.00000000E+00  0.00000000E+00
 3.36397275E+00  1.52300000E-03  1.50500000E-03  1.22500000E-04  1.39300000E-04  3.29300000E-02  6.24300000E-02  7.54400000E-05  1.37400000E-04  0.00000000E+00  0.00000000E+00  0.00000000E+00  0.00000000E+00  0.00000000E+00  0.00000000E+00  0.00000000E+00  0.00000000E+00  0.00000000E+00  0.00000000E+00
 3.38097275E+00  1.29800000E-03  1.48900000E-03  1.06500000E-04  1.17000000E-04  2.83200000E-02  4.29400000E-02  6.66700000E-05  1.13700000E-04  0.00000000E+00  0.00000000E+00  0.00000000E+00  0.00000000E+00  0.00000000E+00  0.00000000E+00  0.00000000E+00  0.00000000E+00  0.00000000E+00  0.00000000E+00
 3.39897275E+00  9.71100000E-04  1.29800000E-03  8.99300000E-05  9.02100000E-05  2.55600000E-02  2.51200000E-02  5.79100000E-05  8.43600000E-05  0.00000000E+00  0.00000000E+00  0.00000000E+00  0.00000000E+00  0.00000000E+00  0.00000000E+00  0.00000000E+00  0.00000000E+00  0.00000000E+00  0.00000000E+00
 3.41597275E+00  7.45500000E-04  1.05600000E-03  8.27800000E-05  7.22600000E-05  2.37700000E-02  1.28500000E-02  5.44700000E-05  6.20400000E-05  0.00000000E+00  0.00000000E+00  0.00000000E+00  0.00000000E+00  0.00000000E+00  0.00000000E+00  0.00000000E+00  0.00000000E+00  0.00000000E+00  0.00000000E+00
 3.43397275E+00  7.64100000E-04  9.40900000E-04  9.04500000E-05  7.12100000E-05  2.17800000E-02  6.60600000E-03  5.96600000E-05  5.31000000E-05  0.00000000E+00  0.00000000E+00  0.00000000E+00  0.00000000E+00  0.00000000E+00  0.00000000E+00  0.00000000E+00  0.00000000E+00  0.00000000E+00  0.00000000E+00
 3.45097275E+00  1.01000000E-03  1.00500000E-03  1.12600000E-04  8.39700000E-05  1.98500000E-02  4.98400000E-03  7.29100000E-05  5.43400000E-05  0.00000000E+00  0.00000000E+00  0.00000000E+00  0.00000000E+00  0.00000000E+00  0.00000000E+00  0.00000000E+00  0.00000000E+00  0.00000000E+00  0.00000000E+00
 3.46897275E+00  1.31800000E-03  1.13600000E-03  1.41500000E-04  9.97800000E-05  1.94000000E-02  6.67900000E-03  8.93600000E-05  5.85600000E-05  0.00000000E+00  0.00000000E+00  0.00000000E+00  0.00000000E+00  0.00000000E+00  0.00000000E+00  0.00000000E+00  0.00000000E+00  0.00000000E+00  0.00000000E+00
 3.48597275E+00  1.48400000E-03  1.19700000E-03  1.62400000E-04  1.10400000E-04  2.14500000E-02  1.08900000E-02  1.02000000E-04  6.23000000E-05  0.00000000E+00  0.00000000E+00  0.00000000E+00  0.00000000E+00  0.00000000E+00  0.00000000E+00  0.00000000E+00  0.00000000E+00  0.00000000E+00  0.00000000E+00
 3.50397275E+00  1.40400000E-03  1.17400000E-03  1.62900000E-04  1.16800000E-04  2.58300000E-02  1.67200000E-02  1.06400000E-04  6.71500000E-05  0.00000000E+00  0.00000000E+00  0.00000000E+00  0.00000000E+00  0.00000000E+00  0.00000000E+00  0.00000000E+00  0.00000000E+00  0.00000000E+00  0.00000000E+00
 3.52097275E+00  1.12600000E-03  1.14800000E-03  1.42100000E-04  1.24100000E-04  3.14000000E-02  2.28000000E-02  1.02700000E-04  7.40800000E-05  0.00000000E+00  0.00000000E+00  0.00000000E+00  0.00000000E+00  0.00000000E+00  0.00000000E+00  0.00000000E+00  0.00000000E+00  0.00000000E+00  0.00000000E+00
 3.53897275E+00  7.92200000E-04  1.15000000E-03  1.11000000E-04  1.31400000E-04  3.62700000E-02  2.79000000E-02  9.44100000E-05  7.97500000E-05  0.00000000E+00  0.00000000E+00  0.00000000E+00  0.00000000E+00  0.00000000E+00  0.00000000E+00  0.00000000E+00  0.00000000E+00  0.00000000E+00  0.00000000E+00
 3.55597275E+00  5.22400000E-04  1.10800000E-03  8.34200000E-05  1.30500000E-04  3.83800000E-02  3.14500000E-02  8.45200000E-05  7.97200000E-05  0.00000000E+00  0.00000000E+00  0.00000000E+00  0.00000000E+00  0.00000000E+00  0.00000000E+00  0.00000000E+00  0.00000000E+00  0.00000000E+00  0.00000000E+00
 3.57297275E+00  3.74700000E-04  9.51500000E-04  6.86400000E-05  1.15600000E-04  3.70300000E-02  3.32800000E-02  7.66500000E-05  7.38200000E-05  0.00000000E+00  0.00000000E+00  0.00000000E+00  0.00000000E+00  0.00000000E+00  0.00000000E+00  0.00000000E+00  0.00000000E+00  0.00000000E+00  0.00000000E+00
 3.59097275E+00  3.80300000E-04  7.29200000E-04  7.32800000E-05  9.27800000E-05  3.39800000E-02  3.32500000E-02  7.77500000E-05  6.74300000E-05  0.00000000E+00  0.00000000E+00  0.00000000E+00  0.00000000E+00  0.00000000E+00  0.00000000E+00  0.00000000E+00  0.00000000E+00  0.00000000E+00  0.00000000E+00
 3.60797275E+00  5.81500000E-04  5.91800000E-04  1.04400000E-04  7.78900000E-05  3.22700000E-02  3.19300000E-02  9.66700000E-05  6.90300000E-05  0.00000000E+00  0.00000000E+00  0.00000000E+00  0.00000000E+00  0.00000000E+00  0.00000000E+00  0.00000000E+00  0.00000000E+00  0.00000000E+00  0.00000000E+00
 3.62597275E+00  9.91800000E-04  6.71500000E-04  1.64600000E-04  8.55000000E-05  3.34300000E-02  3.06600000E-02  1.35300000E-04  8.53200000E-05  0.00000000E+00  0.00000000E+00  0.00000000E+00  0.00000000E+00  0.00000000E+00  0.00000000E+00  0.00000000E+00  0.00000000E+00  0.00000000E+00  0.00000000E+00
 3.64297275E+00  1.50700000E-03  9.78900000E-04  2.40000000E-04  1.17800000E-04  3.58800000E-02  2.99900000E-02  1.80500000E-04  1.14600000E-04  0.00000000E+00  0.00000000E+00  0.00000000E+00  0.00000000E+00  0.00000000E+00  0.00000000E+00  0.00000000E+00  0.00000000E+00  0.00000000E+00  0.00000000E+00
 3.66097275E+00  1.90100000E-03  1.37600000E-03  3.00900000E-04  1.60800000E-04  3.63000000E-02  2.86400000E-02  2.08600000E-04  1.43500000E-04  0.00000000E+00  0.00000000E+00  0.00000000E+00  0.00000000E+00  0.00000000E+00  0.00000000E+00  0.00000000E+00  0.00000000E+00  0.00000000E+00  0.00000000E+00
 3.67797275E+00  1.97800000E-03  1.64500000E-03  3.21900000E-04  1.92000000E-04  3.26500000E-02  2.52200000E-02  2.03400000E-04  1.54900000E-04  0.00000000E+00  0.00000000E+00  0.00000000E+00  0.00000000E+00  0.00000000E+00  0.00000000E+00  0.00000000E+00  0.00000000E+00  0.00000000E+00  0.00000000E+00
 3.69597275E+00  1.73200000E-03  1.62900000E-03  3.01000000E-04  1.96300000E-04  2.62000000E-02  2.02900000E-02  1.68800000E-04  1.42400000E-04  0.00000000E+00  0.00000000E+00  0.00000000E+00  0.00000000E+00  0.00000000E+00  0.00000000E+00  0.00000000E+00  0.00000000E+00  0.00000000E+00  0.00000000E+00
 3.71297275E+00  1.32700000E-03  1.35400000E-03  2.55100000E-04  1.79400000E-04  2.03400000E-02  1.62200000E-02  1.23200000E-04  1.18400000E-04  0.00000000E+00  0.00000000E+00  0.00000000E+00  0.00000000E+00  0.00000000E+00  0.00000000E+00  0.00000000E+00  0.00000000E+00  0.00000000E+00  0.00000000E+00
 3.73097275E+00  9.32500000E-04  1.00300000E-03  2.01100000E-04  1.63600000E-04  1.73600000E-02  1.51200000E-02  8.30900000E-05  1.02000000E-04  0.00000000E+00  0.00000000E+00  0.00000000E+00  0.00000000E+00  0.00000000E+00  0.00000000E+00  0.00000000E+00  0.00000000E+00  0.00000000E+00  0.00000000E+00
 3.74797275E+00  6.42700000E-04  7.55900000E-04  1.50600000E-04  1.67900000E-04  1.64900000E-02  1.70100000E-02  5.65000000E-05  1.02000000E-04  0.00000000E+00  0.00000000E+00  0.00000000E+00  0.00000000E+00  0.00000000E+00  0.00000000E+00  0.00000000E+00  0.00000000E+00  0.00000000E+00  0.00000000E+00
 3.76597275E+00  4.98200000E-04  6.65800000E-04  1.15300000E-04  1.89600000E-04  1.52500000E-02  1.99500000E-02  4.58600000E-05  1.10200000E-04  0.00000000E+00  0.00000000E+00  0.00000000E+00  0.00000000E+00  0.00000000E+00  0.00000000E+00  0.00000000E+00  0.00000000E+00  0.00000000E+00  0.00000000E+00
 3.78297275E+00  5.13500000E-04  6.71600000E-04  1.04800000E-04  2.09800000E-04  1.22200000E-02  2.16900000E-02  5.10900000E-05  1.13500000E-04  0.00000000E+00  0.00000000E+00  0.00000000E+00  0.00000000E+00  0.00000000E+00  0.00000000E+00  0.00000000E+00  0.00000000E+00  0.00000000E+00  0.00000000E+00
 3.80097275E+00  6.46800000E-04  7.09400000E-04  1.16800000E-04  2.14600000E-04  8.10100000E-03  2.11400000E-02  6.72900000E-05  1.08500000E-04  0.00000000E+00  0.00000000E+00  0.00000000E+00  0.00000000E+00  0.00000000E+00  0.00000000E+00  0.00000000E+00  0.00000000E+00  0.00000000E+00  0.00000000E+00
 3.81797275E+00  7.84700000E-04  7.80400000E-04  1.34900000E-04  2.08500000E-04  4.50700000E-03  1.85400000E-02  8.30200000E-05  1.04100000E-04  0.00000000E+00  0.00000000E+00  0.00000000E+00  0.00000000E+00  0.00000000E+00  0.00000000E+00  0.00000000E+00  0.00000000E+00  0.00000000E+00  0.00000000E+00
 3.83597275E+00  8.10500000E-04  9.07700000E-04  1.41800000E-04  2.03600000E-04  2.43700000E-03  1.46900000E-02  8.62300000E-05  1.09400000E-04  0.00000000E+00  0.00000000E+00  0.00000000E+00  0.00000000E+00  0.00000000E+00  0.00000000E+00  0.00000000E+00  0.00000000E+00  0.00000000E+00  0.00000000E+00
 3.85297275E+00  7.07000000E-04  1.05100000E-03  1.37300000E-04  2.03000000E-04  1.93900000E-03  1.05000000E-02  7.48300000E-05  1.21400000E-04  0.00000000E+00  0.00000000E+00  0.00000000E+00  0.00000000E+00  0.00000000E+00  0.00000000E+00  0.00000000E+00  0.00000000E+00  0.00000000E+00  0.00000000E+00
 3.87097275E+00  5.71900000E-04  1.10900000E-03  1.38500000E-04  1.99400000E-04  2.55600000E-03  7.04800000E-03  5.94600000E-05  1.26300000E-04  0.00000000E+00  0.00000000E+00  0.00000000E+00  0.00000000E+00  0.00000000E+00  0.00000000E+00  0.00000000E+00  0.00000000E+00  0.00000000E+00  0.00000000E+00
 3.88797275E+00  5.18400000E-04  1.02100000E-03  1.58400000E-04  1.91400000E-04  3.63800000E-03  5.34900000E-03  5.37700000E-05  1.15000000E-04  0.00000000E+00  0.00000000E+00  0.00000000E+00  0.00000000E+00  0.00000000E+00  0.00000000E+00  0.00000000E+00  0.00000000E+00  0.00000000E+00  0.00000000E+00
 3.90597275E+00  5.70700000E-04  8.52000000E-04  1.88700000E-04  1.90200000E-04  4.47300000E-03  5.87600000E-03  6.21300000E-05  9.37600000E-05  0.00000000E+00  0.00000000E+00  0.00000000E+00  0.00000000E+00  0.00000000E+00  0.00000000E+00  0.00000000E+00  0.00000000E+00  0.00000000E+00  0.00000000E+00
 3.92297275E+00  6.58700000E-04  7.29800000E-04  2.07500000E-04  2.05400000E-04  4.60100000E-03  8.11900000E-03  7.68800000E-05  7.86000000E-05  0.00000000E+00  0.00000000E+00  0.00000000E+00  0.00000000E+00  0.00000000E+00  0.00000000E+00  0.00000000E+00  0.00000000E+00  0.00000000E+00  0.00000000E+00
 3.94097275E+00  7.05200000E-04  7.14900000E-04  2.02600000E-04  2.28000000E-04  4.16700000E-03  1.06700000E-02  8.78000000E-05  7.86000000E-05  0.00000000E+00  0.00000000E+00  0.00000000E+00  0.00000000E+00  0.00000000E+00  0.00000000E+00  0.00000000E+00  0.00000000E+00  0.00000000E+00  0.00000000E+00
 3.95797275E+00  7.15000000E-04  7.52500000E-04  1.86700000E-04  2.36600000E-04  3.95200000E-03  1.19800000E-02  9.47900000E-05  8.75900000E-05  0.00000000E+00  0.00000000E+00  0.00000000E+00  0.00000000E+00  0.00000000E+00  0.00000000E+00  0.00000000E+00  0.00000000E+00  0.00000000E+00  0.00000000E+00
 3.97597275E+00  7.73600000E-04  7.51600000E-04  1.85300000E-04  2.20900000E-04  5.10500000E-03  1.15300000E-02  1.09800000E-04  9.29900000E-05  0.00000000E+00  0.00000000E+00  0.00000000E+00  0.00000000E+00  0.00000000E+00  0.00000000E+00  0.00000000E+00  0.00000000E+00  0.00000000E+00  0.00000000E+00
 3.99297275E+00  9.56000000E-04  6.92200000E-04  2.13300000E-04  1.94900000E-04  8.91200000E-03  1.04600000E-02  1.44100000E-04  9.11600000E-05  0.00000000E+00  0.00000000E+00  0.00000000E+00  0.00000000E+00  0.00000000E+00  0.00000000E+00  0.00000000E+00  0.00000000E+00  0.00000000E+00  0.00000000E+00
 4.01097275E+00  1.24000000E-03  6.42200000E-04  2.61700000E-04  1.84400000E-04  1.65900000E-02  1.10500000E-02  1.93700000E-04  9.16900000E-05  0.00000000E+00  0.00000000E+00  0.00000000E+00  0.00000000E+00  0.00000000E+00  0.00000000E+00  0.00000000E+00  0.00000000E+00  0.00000000E+00  0.00000000E+00
 4.02797275E+00  1.51300000E-03  6.73600000E-04  3.06600000E-04  2.02800000E-04  2.85600000E-02  1.54200000E-02  2.38800000E-04  1.05600000E-04  0.00000000E+00  0.00000000E+00  0.00000000E+00  0.00000000E+00  0.00000000E+00  0.00000000E+00  0.00000000E+00  0.00000000E+00  0.00000000E+00  0.00000000E+00
 4.04497275E+00  1.64900000E-03  7.79600000E-04  3.27000000E-04  2.39200000E-04  4.32500000E-02  2.45600000E-02  2.58600000E-04  1.31800000E-04  0.00000000E+00  0.00000000E+00  0.00000000E+00  0.00000000E+00  0.00000000E+00  0.00000000E+00  0.00000000E+00  0.00000000E+00  0.00000000E+00  0.00000000E+00
 4.06297275E+00  1.58500000E-03  8.86100000E-04  3.15100000E-04  2.70000000E-04  5.68700000E-02  3.78000000E-02  2.46800000E-04  1.58400000E-04  0.00000000E+00  0.00000000E+00  0.00000000E+00  0.00000000E+00  0.00000000E+00  0.00000000E+00  0.00000000E+00  0.00000000E+00  0.00000000E+00  0.00000000E+00
 4.07997275E+00  1.34900000E-03  9.42100000E-04  2.77400000E-04  2.79100000E-04  6.59100000E-02  5.23500000E-02  2.15800000E-04  1.77200000E-04  0.00000000E+00  0.00000000E+00  0.00000000E+00  0.00000000E+00  0.00000000E+00  0.00000000E+00  0.00000000E+00  0.00000000E+00  0.00000000E+00  0.00000000E+00
 4.09797275E+00  1.04100000E-03  9.75900000E-04  2.31500000E-04  2.67600000E-04  7.03500000E-02  6.36600000E-02  1.85300000E-04  1.92200000E-04  0.00000000E+00  0.00000000E+00  0.00000000E+00  0.00000000E+00  0.00000000E+00  0.00000000E+00  0.00000000E+00  0.00000000E+00  0.00000000E+00  0.00000000E+00
 4.11497275E+00  7.76500000E-04  1.04600000E-03  1.97700000E-04  2.47600000E-04  7.33100000E-02  6.81800000E-02  1.67200000E-04  2.12000000E-04  0.00000000E+00  0.00000000E+00  0.00000000E+00  0.00000000E+00  0.00000000E+00  0.00000000E+00  0.00000000E+00  0.00000000E+00  0.00000000E+00  0.00000000E+00
 4.13297275E+00  6.24700000E-04  1.15400000E-03  1.88000000E-04  2.30900000E-04  7.72100000E-02  6.67800000E-02  1.61300000E-04  2.34200000E-04  0.00000000E+00  0.00000000E+00  0.00000000E+00  0.00000000E+00  0.00000000E+00  0.00000000E+00  0.00000000E+00  0.00000000E+00  0.00000000E+00  0.00000000E+00
 4.14997275E+00  5.85900000E-04  1.22900000E-03  2.00200000E-04  2.23000000E-04  8.11400000E-02  6.47500000E-02  1.61800000E-04  2.45200000E-04  0.00000000E+00  0.00000000E+00  0.00000000E+00  0.00000000E+00  0.00000000E+00  0.00000000E+00  0.00000000E+00  0.00000000E+00  0.00000000E+00  0.00000000E+00
 4.16797275E+00  6.16100000E-04  1.21200000E-03  2.22000000E-04  2.24900000E-04  8.27400000E-02  6.73800000E-02  1.63700000E-04  2.36500000E-04  0.00000000E+00  0.00000000E+00  0.00000000E+00  0.00000000E+00  0.00000000E+00  0.00000000E+00  0.00000000E+00  0.00000000E+00  0.00000000E+00  0.00000000E+00
 4.18497275E+00  6.59200000E-04  1.11100000E-03  2.40100000E-04  2.33600000E-04  8.09400000E-02  7.52400000E-02  1.63500000E-04  2.15700000E-04  0.00000000E+00  0.00000000E+00  0.00000000E+00  0.00000000E+00  0.00000000E+00  0.00000000E+00  0.00000000E+00  0.00000000E+00  0.00000000E+00  0.00000000E+00
 4.20297275E+00  6.70600000E-04  9.77700000E-04  2.45200000E-04  2.44200000E-04  7.62700000E-02  8.35900000E-02  1.58700000E-04  1.97700000E-04  0.00000000E+00  0.00000000E+00  0.00000000E+00  0.00000000E+00  0.00000000E+00  0.00000000E+00  0.00000000E+00  0.00000000E+00  0.00000000E+00  0.00000000E+00
 4.21997275E+00  6.33600000E-04  8.60500000E-04  2.35600000E-04  2.55000000E-04  6.93500000E-02  8.66200000E-02  1.49100000E-04  1.90600000E-04  0.00000000E+00  0.00000000E+00  0.00000000E+00  0.00000000E+00  0.00000000E+00  0.00000000E+00  0.00000000E+00  0.00000000E+00  0.00000000E+00  0.00000000E+00
 4.23797275E+00  5.73000000E-04  7.81700000E-04  2.18700000E-04  2.67800000E-04  6.05400000E-02  8.20100000E-02  1.38000000E-04  1.92100000E-04  0.00000000E+00  0.00000000E+00  0.00000000E+00  0.00000000E+00  0.00000000E+00  0.00000000E+00  0.00000000E+00  0.00000000E+00  0.00000000E+00  0.00000000E+00
 4.25497275E+00  5.47000000E-04  7.44100000E-04  2.07200000E-04  2.81200000E-04  5.12500000E-02  7.13600000E-02  1.31900000E-04  1.95100000E-04  0.00000000E+00  0.00000000E+00  0.00000000E+00  0.00000000E+00  0.00000000E+00  0.00000000E+00  0.00000000E+00  0.00000000E+00  0.00000000E+00  0.00000000E+00
 4.27297275E+00  6.12800000E-04  7.43500000E-04  2.09500000E-04  2.84700000E-04  4.43400000E-02  5.74400000E-02  1.37700000E-04  1.93500000E-04  0.00000000E+00  0.00000000E+00  0.00000000E+00  0.00000000E+00  0.00000000E+00  0.00000000E+00  0.00000000E+00  0.00000000E+00  0.00000000E+00  0.00000000E+00
 4.28997275E+00  7.93600000E-04  7.70800000E-04  2.25500000E-04  2.65700000E-04  4.18600000E-02  4.24400000E-02  1.58800000E-04  1.84300000E-04  0.00000000E+00  0.00000000E+00  0.00000000E+00  0.00000000E+00  0.00000000E+00  0.00000000E+00  0.00000000E+00  0.00000000E+00  0.00000000E+00  0.00000000E+00
 4.30797275E+00  1.07200000E-03  8.09500000E-04  2.51900000E-04  2.25000000E-04  4.23000000E-02  2.85800000E-02  1.94000000E-04  1.69100000E-04  0.00000000E+00  0.00000000E+00  0.00000000E+00  0.00000000E+00  0.00000000E+00  0.00000000E+00  0.00000000E+00  0.00000000E+00  0.00000000E+00  0.00000000E+00
 4.32497275E+00  1.39100000E-03  8.47100000E-04  2.85100000E-04  1.81400000E-04  4.13200000E-02  1.81900000E-02  2.37100000E-04  1.52600000E-04  0.00000000E+00  0.00000000E+00  0.00000000E+00  0.00000000E+00  0.00000000E+00  0.00000000E+00  0.00000000E+00  0.00000000E+00  0.00000000E+00  0.00000000E+00
 4.34297275E+00  1.64400000E-03  9.02300000E-04  3.15500000E-04  1.62100000E-04  3.62300000E-02  1.23100000E-02  2.76300000E-04  1.43600000E-04  0.00000000E+00  0.00000000E+00  0.00000000E+00  0.00000000E+00  0.00000000E+00  0.00000000E+00  0.00000000E+00  0.00000000E+00  0.00000000E+00  0.00000000E+00
 4.35997275E+00  1.71100000E-03  1.02700000E-03  3.25000000E-04  1.84700000E-04  2.89300000E-02  1.01300000E-02  2.96700000E-04  1.53700000E-04  0.00000000E+00  0.00000000E+00  0.00000000E+00  0.00000000E+00  0.00000000E+00  0.00000000E+00  0.00000000E+00  0.00000000E+00  0.00000000E+00  0.00000000E+00
 4.37797275E+00  1.53800000E-03  1.24300000E-03  3.01500000E-04  2.43500000E-04  2.36500000E-02  1.00400000E-02  2.88600000E-04  1.89800000E-04  0.00000000E+00  0.00000000E+00  0.00000000E+00  0.00000000E+00  0.00000000E+00  0.00000000E+00  0.00000000E+00  0.00000000E+00  0.00000000E+00  0.00000000E+00
 4.39497275E+00  1.21600000E-03  1.46100000E-03  2.55800000E-04  3.06800000E-04  2.28000000E-02  1.11500000E-02  2.58200000E-04  2.41100000E-04  0.00000000E+00  0.00000000E+00  0.00000000E+00  0.00000000E+00  0.00000000E+00  0.00000000E+00  0.00000000E+00  0.00000000E+00  0.00000000E+00  0.00000000E+00
 4.41297275E+00  9.32500000E-04  1.51500000E-03  2.18700000E-04  3.34400000E-04  2.53900000E-02  1.38200000E-02  2.25800000E-04  2.79200000E-04  0.00000000E+00  0.00000000E+00  0.00000000E+00  0.00000000E+00  0.00000000E+00  0.00000000E+00  0.00000000E+00  0.00000000E+00  0.00000000E+00  0.00000000E+00
 4.42997275E+00  8.39100000E-04  1.31800000E-03  2.17100000E-04  3.07500000E-04  2.86300000E-02  1.90600000E-02  2.11600000E-04  2.80200000E-04  0.00000000E+00  0.00000000E+00  0.00000000E+00  0.00000000E+00  0.00000000E+00  0.00000000E+00  0.00000000E+00  0.00000000E+00  0.00000000E+00  0.00000000E+00
 4.44797275E+00  9.38300000E-04  9.62900000E-04  2.50200000E-04  2.44000000E-04  3.04200000E-02  2.69800000E-02  2.18500000E-04  2.46600000E-04  0.00000000E+00  0.00000000E+00  0.00000000E+00  0.00000000E+00  0.00000000E+00  0.00000000E+00  0.00000000E+00  0.00000000E+00  0.00000000E+00  0.00000000E+00
 4.46497275E+00  1.10000000E-03  6.40000000E-04  2.90200000E-04  1.84100000E-04  3.02400000E-02  3.56900000E-02  2.32300000E-04  2.04900000E-04  0.00000000E+00  0.00000000E+00  0.00000000E+00  0.00000000E+00  0.00000000E+00  0.00000000E+00  0.00000000E+00  0.00000000E+00  0.00000000E+00  0.00000000E+00
 4.48197275E+00  1.18500000E-03  4.93900000E-04  3.11900000E-04  1.64800000E-04  2.84900000E-02  4.21200000E-02  2.37500000E-04  1.83000000E-04  0.00000000E+00  0.00000000E+00  0.00000000E+00  0.00000000E+00  0.00000000E+00  0.00000000E+00  0.00000000E+00  0.00000000E+00  0.00000000E+00  0.00000000E+00
 4.49997275E+00  1.16900000E-03  5.64400000E-04  3.19100000E-04  2.05000000E-04  2.56500000E-02  4.40300000E-02  2.33200000E-04  1.94000000E-04  0.00000000E+00  0.00000000E+00  0.00000000E+00  0.00000000E+00  0.00000000E+00  0.00000000E+00  0.00000000E+00  0.00000000E+00  0.00000000E+00  0.00000000E+00
 4.51697275E+00  1.13000000E-03  8.10700000E-04  3.32900000E-04  3.00000000E-04  2.22000000E-02  4.12900000E-02  2.29000000E-04  2.33500000E-04  0.00000000E+00  0.00000000E+00  0.00000000E+00  0.00000000E+00  0.00000000E+00  0.00000000E+00  0.00000000E+00  0.00000000E+00  0.00000000E+00  0.00000000E+00
 4.53497275E+00  1.13700000E-03  1.13000000E-03  3.57200000E-04  4.17300000E-04  1.87600000E-02  3.57200000E-02  2.30100000E-04  2.82900000E-04  0.00000000E+00  0.00000000E+00  0.00000000E+00  0.00000000E+00  0.00000000E+00  0.00000000E+00  0.00000000E+00  0.00000000E+00  0.00000000E+00  0.00000000E+00
 4.55197275E+00  1.17800000E-03  1.37800000E-03  3.67500000E-04  5.07100000E-04  1.58100000E-02  2.99000000E-02  2.30900000E-04  3.16600000E-04  0.00000000E+00  0.00000000E+00  0.00000000E+00  0.00000000E+00  0.00000000E+00  0.00000000E+00  0.00000000E+00  0.00000000E+00  0.00000000E+00  0.00000000E+00
 4.56997275E+00  1.19900000E-03  1.43100000E-03  3.39200000E-04  5.29000000E-04  1.33600000E-02  2.57200000E-02  2.23400000E-04  3.12500000E-04  0.00000000E+00  0.00000000E+00  0.00000000E+00  0.00000000E+00  0.00000000E+00  0.00000000E+00  0.00000000E+00  0.00000000E+00  0.00000000E+00  0.00000000E+00
 4.58697275E+00  1.15500000E-03  1.26800000E-03  2.75700000E-04  4.76300000E-04  1.13400000E-02  2.32800000E-02  2.03100000E-04  2.66500000E-04  0.00000000E+00  0.00000000E+00  0.00000000E+00  0.00000000E+00  0.00000000E+00  0.00000000E+00  0.00000000E+00  0.00000000E+00  0.00000000E+00  0.00000000E+00
 4.60497275E+00  1.02600000E-03  9.88200000E-04  2.02100000E-04  3.76900000E-04  1.03100000E-02  2.12500000E-02  1.70100000E-04  1.96900000E-04  0.00000000E+00  0.00000000E+00  0.00000000E+00  0.00000000E+00  0.00000000E+00  0.00000000E+00  0.00000000E+00  0.00000000E+00  0.00000000E+00  0.00000000E+00
 4.62197275E+00  8.27800000E-04  7.35700000E-04  1.40700000E-04  2.74100000E-04  1.13400000E-02  1.83900000E-02  1.29600000E-04  1.34200000E-04  0.00000000E+00  0.00000000E+00  0.00000000E+00  0.00000000E+00  0.00000000E+00  0.00000000E+00  0.00000000E+00  0.00000000E+00  0.00000000E+00  0.00000000E+00
 4.63997275E+00  6.12100000E-04  6.21700000E-04  9.86500000E-05  2.03600000E-04  1.46300000E-02  1.46400000E-02  9.23900000E-05  1.04900000E-04  0.00000000E+00  0.00000000E+00  0.00000000E+00  0.00000000E+00  0.00000000E+00  0.00000000E+00  0.00000000E+00  0.00000000E+00  0.00000000E+00  0.00000000E+00
 4.65697275E+00  4.42100000E-04  6.75400000E-04  7.31300000E-05  1.78100000E-04  1.83900000E-02  1.10900000E-02  6.91100000E-05  1.18100000E-04  0.00000000E+00  0.00000000E+00  0.00000000E+00  0.00000000E+00  0.00000000E+00  0.00000000E+00  0.00000000E+00  0.00000000E+00  0.00000000E+00  0.00000000E+00
 4.67497275E+00  3.50100000E-04  8.33400000E-04  5.92200000E-05  1.84400000E-04  1.99300000E-02  9.22700000E-03  6.32400000E-05  1.60300000E-04  0.00000000E+00  0.00000000E+00  0.00000000E+00  0.00000000E+00  0.00000000E+00  0.00000000E+00  0.00000000E+00  0.00000000E+00  0.00000000E+00  0.00000000E+00
 4.69197275E+00  3.22600000E-04  9.67900000E-04  5.29100000E-05  1.95400000E-04  1.79800000E-02  1.04700000E-02  6.91800000E-05  2.01200000E-04  0.00000000E+00  0.00000000E+00  0.00000000E+00  0.00000000E+00  0.00000000E+00  0.00000000E+00  0.00000000E+00  0.00000000E+00  0.00000000E+00  0.00000000E+00
 4.70997275E+00  3.19600000E-04  9.66500000E-04  5.08000000E-05  1.89100000E-04  1.37400000E-02  1.56500000E-02  7.63000000E-05  2.12800000E-04  0.00000000E+00  0.00000000E+00  0.00000000E+00  0.00000000E+00  0.00000000E+00  0.00000000E+00  0.00000000E+00  0.00000000E+00  0.00000000E+00  0.00000000E+00
 4.72697275E+00  3.11600000E-04  8.15500000E-04  5.29400000E-05  1.62200000E-04  9.62900000E-03  2.37800000E-02  7.73200000E-05  1.88900000E-04  0.00000000E+00  0.00000000E+00  0.00000000E+00  0.00000000E+00  0.00000000E+00  0.00000000E+00  0.00000000E+00  0.00000000E+00  0.00000000E+00  0.00000000E+00
 4.74497275E+00  3.16500000E-04  5.99800000E-04  6.96100000E-05  1.26400000E-04  7.74200000E-03  3.12200000E-02  7.72400000E-05  1.45900000E-04  0.00000000E+00  0.00000000E+00  0.00000000E+00  0.00000000E+00  0.00000000E+00  0.00000000E+00  0.00000000E+00  0.00000000E+00  0.00000000E+00  0.00000000E+00
 4.76197275E+00  4.06200000E-04  4.19700000E-04  1.23800000E-04  9.55100000E-05  9.58600000E-03  3.34700000E-02  9.50300000E-05  1.04300000E-04  0.00000000E+00  0.00000000E+00  0.00000000E+00  0.00000000E+00  0.00000000E+00  0.00000000E+00  0.00000000E+00  0.00000000E+00  0.00000000E+00  0.00000000E+00
 4.77997275E+00  6.57100000E-04  3.27200000E-04  2.38300000E-04  7.85600000E-05  1.61200000E-02  2.89200000E-02  1.52100000E-04  7.56300000E-05  0.00000000E+00  0.00000000E+00  0.00000000E+00  0.00000000E+00  0.00000000E+00  0.00000000E+00  0.00000000E+00  0.00000000E+00  0.00000000E+00  0.00000000E+00
 4.79697275E+00  1.06200000E-03  3.35800000E-04  4.07600000E-04  8.42000000E-05  2.69700000E-02  2.05800000E-02  2.51700000E-04  6.51500000E-05  0.00000000E+00  0.00000000E+00  0.00000000E+00  0.00000000E+00  0.00000000E+00  0.00000000E+00  0.00000000E+00  0.00000000E+00  0.00000000E+00  0.00000000E+00
 4.81497275E+00  1.48400000E-03  4.56100000E-04  5.80200000E-04  1.24200000E-04  3.99100000E-02  1.33900000E-02  3.65700000E-04  7.84300000E-05  0.00000000E+00  0.00000000E+00  0.00000000E+00  0.00000000E+00  0.00000000E+00  0.00000000E+00  0.00000000E+00  0.00000000E+00  0.00000000E+00  0.00000000E+00
 4.83197275E+00  1.73200000E-03  6.98000000E-04  6.83900000E-04  2.06200000E-04  5.19500000E-02  1.07000000E-02  4.48700000E-04  1.21300000E-04  0.00000000E+00  0.00000000E+00  0.00000000E+00  0.00000000E+00  0.00000000E+00  0.00000000E+00  0.00000000E+00  0.00000000E+00  0.00000000E+00  0.00000000E+00
 4.84997275E+00  1.72100000E-03  1.02800000E-03  6.84800000E-04  3.18200000E-04  6.13400000E-02  1.33100000E-02  4.75300000E-04  1.91200000E-04  0.00000000E+00  0.00000000E+00  0.00000000E+00  0.00000000E+00  0.00000000E+00  0.00000000E+00  0.00000000E+00  0.00000000E+00  0.00000000E+00  0.00000000E+00
 4.86697275E+00  1.54600000E-03  1.33700000E-03  6.19000000E-04  4.23900000E-04  6.76900000E-02  2.12700000E-02  4.63500000E-04  2.69000000E-04  0.00000000E+00  0.00000000E+00  0.00000000E+00  0.00000000E+00  0.00000000E+00  0.00000000E+00  0.00000000E+00  0.00000000E+00  0.00000000E+00  0.00000000E+00
 4.88497275E+00  1.37900000E-03  1.49200000E-03  5.58600000E-04  4.83500000E-04  7.06200000E-02  3.52300000E-02  4.54700000E-04  3.27200000E-04  0.00000000E+00  0.00000000E+00  0.00000000E+00  0.00000000E+00  0.00000000E+00  0.00000000E+00  0.00000000E+00  0.00000000E+00  0.00000000E+00  0.00000000E+00
 4.90197275E+00  1.31800000E-03  1.44000000E-03  5.50200000E-04  4.89300000E-04  6.94800000E-02  5.48600000E-02  4.71300000E-04  3.51200000E-04  0.00000000E+00  0.00000000E+00  0.00000000E+00  0.00000000E+00  0.00000000E+00  0.00000000E+00  0.00000000E+00  0.00000000E+00  0.00000000E+00  0.00000000E+00
 4.91997275E+00  1.34300000E-03  1.26300000E-03  5.85100000E-04  4.74500000E-04  6.47400000E-02  7.58000000E-02  4.99700000E-04  3.52700000E-04  0.00000000E+00  0.00000000E+00  0.00000000E+00  0.00000000E+00  0.00000000E+00  0.00000000E+00  0.00000000E+00  0.00000000E+00  0.00000000E+00  0.00000000E+00
 4.93697275E+00  1.38200000E-03  1.10100000E-03  6.21000000E-04  4.86200000E-04  5.86500000E-02  9.00200000E-02  5.09200000E-04  3.55900000E-04  0.00000000E+00  0.00000000E+00  0.00000000E+00  0.00000000E+00  0.00000000E+00  0.00000000E+00  0.00000000E+00  0.00000000E+00  0.00000000E+00  0.00000000E+00
 4.95397275E+00  1.38000000E-03  1.04500000E-03  6.23100000E-04  5.46200000E-04  5.40900000E-02  9.17200000E-02  4.83300000E-04  3.74900000E-04  0.00000000E+00  0.00000000E+00  0.00000000E+00  0.00000000E+00  0.00000000E+00  0.00000000E+00  0.00000000E+00  0.00000000E+00  0.00000000E+00  0.00000000E+00
 4.97197275E+00  1.31400000E-03  1.09300000E-03  5.86800000E-04  6.31400000E-04  5.24000000E-02  8.21900000E-02  4.30200000E-04  4.07500000E-04  0.00000000E+00  0.00000000E+00  0.00000000E+00  0.00000000E+00  0.00000000E+00  0.00000000E+00  0.00000000E+00  0.00000000E+00  0.00000000E+00  0.00000000E+00
 4.98897275E+00  1.19900000E-03  1.19300000E-03  5.31500000E-04  6.88400000E-04  5.20500000E-02  6.78100000E-02  3.70800000E-04  4.43300000E-04  0.00000000E+00  0.00000000E+00  0.00000000E+00  0.00000000E+00  0.00000000E+00  0.00000000E+00  0.00000000E+00  0.00000000E+00  0.00000000E+00  0.00000000E+00
 5.00697275E+00  1.07100000E-03  1.28200000E-03  4.81100000E-04  6.72700000E-04  4.95400000E-02  5.42300000E-02  3.20400000E-04  4.67000000E-04  0.00000000E+00  0.00000000E+00  0.00000000E+00  0.00000000E+00  0.00000000E+00  0.00000000E+00  0.00000000E+00  0.00000000E+00  0.00000000E+00  0.00000000E+00
 5.02397275E+00  9.52200000E-04  1.30000000E-03  4.47600000E-04  5.82200000E-04  4.24400000E-02  4.34600000E-02  2.83000000E-04  4.59400000E-04  0.00000000E+00  0.00000000E+00  0.00000000E+00  0.00000000E+00  0.00000000E+00  0.00000000E+00  0.00000000E+00  0.00000000E+00  0.00000000E+00  0.00000000E+00
 5.04197275E+00  8.40100000E-04  1.21100000E-03  4.29300000E-04  4.53700000E-04  3.16600000E-02  3.52200000E-02  2.56900000E-04  4.08300000E-04  0.00000000E+00  0.00000000E+00  0.00000000E+00  0.00000000E+00  0.00000000E+00  0.00000000E+00  0.00000000E+00  0.00000000E+00  0.00000000E+00  0.00000000E+00
 5.05897275E+00  7.36000000E-04  1.02600000E-03  4.21000000E-04  3.31300000E-04  2.05600000E-02  2.92000000E-02  2.41100000E-04  3.22800000E-04  0.00000000E+00  0.00000000E+00  0.00000000E+00  0.00000000E+00  0.00000000E+00  0.00000000E+00  0.00000000E+00  0.00000000E+00  0.00000000E+00  0.00000000E+00
 5.07697275E+00  6.73600000E-04  8.01700000E-04  4.23500000E-04  2.39100000E-04  1.22800000E-02  2.54300000E-02  2.38100000E-04  2.30500000E-04  0.00000000E+00  0.00000000E+00  0.00000000E+00  0.00000000E+00  0.00000000E+00  0.00000000E+00  0.00000000E+00  0.00000000E+00  0.00000000E+00  0.00000000E+00
 5.09397275E+00  7.06200000E-04  5.97700000E-04  4.42100000E-04  1.77500000E-04  7.93300000E-03  2.31900000E-02  2.50800000E-04  1.56700000E-04  0.00000000E+00  0.00000000E+00  0.00000000E+00  0.00000000E+00  0.00000000E+00  0.00000000E+00  0.00000000E+00  0.00000000E+00  0.00000000E+00  0.00000000E+00
 5.11197275E+00  8.59600000E-04  4.52200000E-04  4.77600000E-04  1.40200000E-04  6.90500000E-03  2.08900000E-02  2.80300000E-04  1.13300000E-04  0.00000000E+00  0.00000000E+00  0.00000000E+00  0.00000000E+00  0.00000000E+00  0.00000000E+00  0.00000000E+00  0.00000000E+00  0.00000000E+00  0.00000000E+00
 5.12897275E+00  1.09900000E-03  3.88300000E-04  5.22400000E-04  1.29600000E-04  7.94900000E-03  1.75000000E-02  3.25400000E-04  1.05000000E-04  0.00000000E+00  0.00000000E+00  0.00000000E+00  0.00000000E+00  0.00000000E+00  0.00000000E+00  0.00000000E+00  0.00000000E+00  0.00000000E+00  0.00000000E+00
 5.14697275E+00  1.34600000E-03  4.28700000E-04  5.65600000E-04  1.56100000E-04  9.94900000E-03  1.34700000E-02  3.81100000E-04  1.37400000E-04  0.00000000E+00  0.00000000E+00  0.00000000E+00  0.00000000E+00  0.00000000E+00  0.00000000E+00  0.00000000E+00  0.00000000E+00  0.00000000E+00  0.00000000E+00
 5.16397275E+00  1.53400000E-03  5.94900000E-04  6.00900000E-04  2.26500000E-04  1.21400000E-02  1.01200000E-02  4.39300000E-04  2.14700000E-04  0.00000000E+00  0.00000000E+00  0.00000000E+00  0.00000000E+00  0.00000000E+00  0.00000000E+00  0.00000000E+00  0.00000000E+00  0.00000000E+00  0.00000000E+00
 5.18197275E+00  1.64900000E-03  8.85200000E-04  6.29800000E-04  3.32900000E-04  1.42000000E-02  8.45900000E-03  4.90900000E-04  3.28200000E-04  0.00000000E+00  0.00000000E+00  0.00000000E+00  0.00000000E+00  0.00000000E+00  0.00000000E+00  0.00000000E+00  0.00000000E+00  0.00000000E+00  0.00000000E+00
 5.19897275E+00  1.71000000E-03  1.23800000E-03  6.51500000E-04  4.47300000E-04  1.61900000E-02  8.63500000E-03  5.25100000E-04  4.46100000E-04  0.00000000E+00  0.00000000E+00  0.00000000E+00  0.00000000E+00  0.00000000E+00  0.00000000E+00  0.00000000E+00  0.00000000E+00  0.00000000E+00  0.00000000E+00
 5.21697275E+00  1.70700000E-03  1.52600000E-03  6.53500000E-04  5.27900000E-04  1.82500000E-02  1.01900000E-02  5.26600000E-04  5.20000000E-04  0.00000000E+00  0.00000000E+00  0.00000000E+00  0.00000000E+00  0.00000000E+00  0.00000000E+00  0.00000000E+00  0.00000000E+00  0.00000000E+00  0.00000000E+00
 5.23397275E+00  1.60900000E-03  1.61200000E-03  6.22300000E-04  5.40100000E-04  2.04500000E-02  1.25800000E-02  4.84000000E-04  5.14300000E-04  0.00000000E+00  0.00000000E+00  0.00000000E+00  0.00000000E+00  0.00000000E+00  0.00000000E+00  0.00000000E+00  0.00000000E+00  0.00000000E+00  0.00000000E+00
 5.25197275E+00  1.41500000E-03  1.45400000E-03  5.59500000E-04  4.80600000E-04  2.28100000E-02  1.56600000E-02  4.04100000E-04  4.35000000E-04  0.00000000E+00  0.00000000E+00  0.00000000E+00  0.00000000E+00  0.00000000E+00  0.00000000E+00  0.00000000E+00  0.00000000E+00  0.00000000E+00  0.00000000E+00
 5.26897275E+00  1.16900000E-03  1.13400000E-03  4.81300000E-04  3.81600000E-04  2.51500000E-02  1.95700000E-02  3.12100000E-04  3.24900000E-04  0.00000000E+00  0.00000000E+00  0.00000000E+00  0.00000000E+00  0.00000000E+00  0.00000000E+00  0.00000000E+00  0.00000000E+00  0.00000000E+00  0.00000000E+00
 5.28697275E+00  9.31100000E-04  7.93400000E-04  4.03600000E-04  2.83400000E-04  2.66600000E-02  2.37700000E-02  2.33600000E-04  2.28800000E-04  0.00000000E+00  0.00000000E+00  0.00000000E+00  0.00000000E+00  0.00000000E+00  0.00000000E+00  0.00000000E+00  0.00000000E+00  0.00000000E+00  0.00000000E+00
 5.30397275E+00  7.39600000E-04  5.24700000E-04  3.38600000E-04  2.06500000E-04  2.66000000E-02  2.65700000E-02  1.82800000E-04  1.64300000E-04  0.00000000E+00  0.00000000E+00  0.00000000E+00  0.00000000E+00  0.00000000E+00  0.00000000E+00  0.00000000E+00  0.00000000E+00  0.00000000E+00  0.00000000E+00
 5.32197275E+00  6.23900000E-04  3.43600000E-04  3.06700000E-04  1.48400000E-04  2.56700000E-02  2.62000000E-02  1.68700000E-04  1.23100000E-04  0.00000000E+00  0.00000000E+00  0.00000000E+00  0.00000000E+00  0.00000000E+00  0.00000000E+00  0.00000000E+00  0.00000000E+00  0.00000000E+00  0.00000000E+00
 5.33897275E+00  6.18700000E-04  2.29800000E-04  3.35900000E-04  1.01400000E-04  2.59600000E-02  2.25100000E-02  2.01900000E-04  9.20100000E-05  0.00000000E+00  0.00000000E+00  0.00000000E+00  0.00000000E+00  0.00000000E+00  0.00000000E+00  0.00000000E+00  0.00000000E+00  0.00000000E+00  0.00000000E+00
 5.35697275E+00  7.49200000E-04  1.72300000E-04  4.36300000E-04  6.71000000E-05  2.87700000E-02  1.72700000E-02  2.87200000E-04  6.87500000E-05  0.00000000E+00  0.00000000E+00  0.00000000E+00  0.00000000E+00  0.00000000E+00  0.00000000E+00  0.00000000E+00  0.00000000E+00  0.00000000E+00  0.00000000E+00
 5.37397275E+00  9.99400000E-04  1.83600000E-04  5.72600000E-04  5.69700000E-05  3.27200000E-02  1.27600000E-02  4.07200000E-04  6.47000000E-05  0.00000000E+00  0.00000000E+00  0.00000000E+00  0.00000000E+00  0.00000000E+00  0.00000000E+00  0.00000000E+00  0.00000000E+00  0.00000000E+00  0.00000000E+00
 5.39197275E+00  1.30700000E-03  2.99600000E-04  6.76100000E-04  8.89100000E-05  3.46500000E-02  1.04200000E-02  5.22800000E-04  9.91100000E-05  0.00000000E+00  0.00000000E+00  0.00000000E+00  0.00000000E+00  0.00000000E+00  0.00000000E+00  0.00000000E+00  0.00000000E+00  0.00000000E+00  0.00000000E+00
 5.40897275E+00  1.59400000E-03  5.59200000E-04  6.98700000E-04  1.80400000E-04  3.24600000E-02  1.03600000E-02  5.96700000E-04  1.88200000E-04  0.00000000E+00  0.00000000E+00  0.00000000E+00  0.00000000E+00  0.00000000E+00  0.00000000E+00  0.00000000E+00  0.00000000E+00  0.00000000E+00  0.00000000E+00
 5.42597275E+00  1.80000000E-03  9.52600000E-04  6.54600000E-04  3.34300000E-04  2.66600000E-02  1.16300000E-02  6.15800000E-04  3.27000000E-04  0.00000000E+00  0.00000000E+00  0.00000000E+00  0.00000000E+00  0.00000000E+00  0.00000000E+00  0.00000000E+00  0.00000000E+00  0.00000000E+00  0.00000000E+00
 5.44397275E+00  1.89400000E-03  1.38100000E-03  6.00900000E-04  5.23900000E-04  1.97000000E-02  1.27500000E-02  5.89000000E-04  4.77000000E-04  0.00000000E+00  0.00000000E+00  0.00000000E+00  0.00000000E+00  0.00000000E+00  0.00000000E+00  0.00000000E+00  0.00000000E+00  0.00000000E+00  0.00000000E+00
 5.46097275E+00  1.88800000E-03  1.69800000E-03  5.80400000E-04  7.00300000E-04  1.42500000E-02  1.28800000E-02  5.33500000E-04  5.83200000E-04  0.00000000E+00  0.00000000E+00  0.00000000E+00  0.00000000E+00  0.00000000E+00  0.00000000E+00  0.00000000E+00  0.00000000E+00  0.00000000E+00  0.00000000E+00
 5.47897275E+00  1.85300000E-03  1.82500000E-03  5.91400000E-04  8.24300000E-04  1.18100000E-02  1.27000000E-02  4.68700000E-04  6.14900000E-04  0.00000000E+00  0.00000000E+00  0.00000000E+00  0.00000000E+00  0.00000000E+00  0.00000000E+00  0.00000000E+00  0.00000000E+00  0.00000000E+00  0.00000000E+00
 5.49597275E+00  1.86900000E-03  1.79300000E-03  6.07300000E-04  8.91300000E-04  1.21600000E-02  1.39900000E-02  4.13000000E-04  5.86400000E-04  0.00000000E+00  0.00000000E+00  0.00000000E+00  0.00000000E+00  0.00000000E+00  0.00000000E+00  0.00000000E+00  0.00000000E+00  0.00000000E+00  0.00000000E+00
 5.51397275E+00  1.95100000E-03  1.70200000E-03  6.08500000E-04  9.26800000E-04  1.37300000E-02  1.79400000E-02  3.73700000E-04  5.35800000E-04  0.00000000E+00  0.00000000E+00  0.00000000E+00  0.00000000E+00  0.00000000E+00  0.00000000E+00  0.00000000E+00  0.00000000E+00  0.00000000E+00  0.00000000E+00
 5.53097275E+00  2.01800000E-03  1.64600000E-03  5.89700000E-04  9.60700000E-04  1.48600000E-02  2.37100000E-02  3.43800000E-04  4.94800000E-04  0.00000000E+00  0.00000000E+00  0.00000000E+00  0.00000000E+00  0.00000000E+00  0.00000000E+00  0.00000000E+00  0.00000000E+00  0.00000000E+00  0.00000000E+00
 5.54897275E+00  1.99200000E-03  1.69500000E-03  5.54400000E-04  1.00700000E-03  1.47800000E-02  2.88800000E-02  3.18300000E-04  4.77600000E-04  0.00000000E+00  0.00000000E+00  0.00000000E+00  0.00000000E+00  0.00000000E+00  0.00000000E+00  0.00000000E+00  0.00000000E+00  0.00000000E+00  0.00000000E+00
 5.56597275E+00  1.89400000E-03  1.86600000E-03  5.14200000E-04  1.06200000E-03  1.36800000E-02  3.14100000E-02  3.11000000E-04  4.83600000E-04  0.00000000E+00  0.00000000E+00  0.00000000E+00  0.00000000E+00  0.00000000E+00  0.00000000E+00  0.00000000E+00  0.00000000E+00  0.00000000E+00  0.00000000E+00
 5.58397275E+00  1.82900000E-03  2.11200000E-03  4.87600000E-04  1.11400000E-03  1.22800000E-02  3.12900000E-02  3.44000000E-04  5.03000000E-04  0.00000000E+00  0.00000000E+00  0.00000000E+00  0.00000000E+00  0.00000000E+00  0.00000000E+00  0.00000000E+00  0.00000000E+00  0.00000000E+00  0.00000000E+00
 5.60097275E+00  1.87700000E-03  2.33700000E-03  4.87900000E-04  1.14900000E-03  1.14500000E-02  3.00100000E-02  4.17400000E-04  5.22000000E-04  0.00000000E+00  0.00000000E+00  0.00000000E+00  0.00000000E+00  0.00000000E+00  0.00000000E+00  0.00000000E+00  0.00000000E+00  0.00000000E+00  0.00000000E+00
 5.61897275E+00  1.99500000E-03  2.47500000E-03  5.09100000E-04  1.14700000E-03  1.20600000E-02  2.87000000E-02  4.96200000E-04  5.32300000E-04  0.00000000E+00  0.00000000E+00  0.00000000E+00  0.00000000E+00  0.00000000E+00  0.00000000E+00  0.00000000E+00  0.00000000E+00  0.00000000E+00  0.00000000E+00
 5.63597275E+00  2.04600000E-03  2.54500000E-03  5.30700000E-04  1.09500000E-03  1.50000000E-02  2.72400000E-02  5.32000000E-04  5.40200000E-04  0.00000000E+00  0.00000000E+00  0.00000000E+00  0.00000000E+00  0.00000000E+00  0.00000000E+00  0.00000000E+00  0.00000000E+00  0.00000000E+00  0.00000000E+00
 5.65397275E+00  1.92100000E-03  2.63100000E-03  5.38300000E-04  1.00000000E-03  2.10700000E-02  2.52800000E-02  5.01600000E-04  5.66700000E-04  0.00000000E+00  0.00000000E+00  0.00000000E+00  0.00000000E+00  0.00000000E+00  0.00000000E+00  0.00000000E+00  0.00000000E+00  0.00000000E+00  0.00000000E+00
 5.67097275E+00  1.62200000E-03  2.79000000E-03  5.33200000E-04  8.94800000E-04  3.02100000E-02  2.34300000E-02  4.23200000E-04  6.28300000E-04  0.00000000E+00  0.00000000E+00  0.00000000E+00  0.00000000E+00  0.00000000E+00  0.00000000E+00  0.00000000E+00  0.00000000E+00  0.00000000E+00  0.00000000E+00
 5.68897275E+00  1.24700000E-03  2.98900000E-03  5.21200000E-04  8.08500000E-04  4.01000000E-02  2.31000000E-02  3.34800000E-04  7.13100000E-04  0.00000000E+00  0.00000000E+00  0.00000000E+00  0.00000000E+00  0.00000000E+00  0.00000000E+00  0.00000000E+00  0.00000000E+00  0.00000000E+00  0.00000000E+00
 5.70597275E+00  9.12600000E-04  3.12300000E-03  5.01400000E-04  7.56400000E-04  4.62000000E-02  2.53400000E-02  2.61900000E-04  7.80600000E-04  0.00000000E+00  0.00000000E+00  0.00000000E+00  0.00000000E+00  0.00000000E+00  0.00000000E+00  0.00000000E+00  0.00000000E+00  0.00000000E+00  0.00000000E+00
 5.72397275E+00  6.99500000E-04  3.09500000E-03  4.74600000E-04  7.34400000E-04  4.50500000E-02  2.97800000E-02  2.10700000E-04  7.90300000E-04  0.00000000E+00  0.00000000E+00  0.00000000E+00  0.00000000E+00  0.00000000E+00  0.00000000E+00  0.00000000E+00  0.00000000E+00  0.00000000E+00  0.00000000E+00
 5.74097275E+00  6.51000000E-04  2.87100000E-03  4.56500000E-04  7.24600000E-04  3.77400000E-02  3.44300000E-02  1.82100000E-04  7.31400000E-04  0.00000000E+00  0.00000000E+00  0.00000000E+00  0.00000000E+00  0.00000000E+00  0.00000000E+00  0.00000000E+00  0.00000000E+00  0.00000000E+00  0.00000000E+00
 5.75897275E+00  7.77600000E-04  2.50200000E-03  4.70000000E-04  7.05800000E-04  2.91300000E-02  3.67400000E-02  1.80400000E-04  6.25300000E-04  0.00000000E+00  0.00000000E+00  0.00000000E+00  0.00000000E+00  0.00000000E+00  0.00000000E+00  0.00000000E+00  0.00000000E+00  0.00000000E+00  0.00000000E+00
 5.77597275E+00  1.04600000E-03  2.11200000E-03  5.21500000E-04  6.71200000E-04  2.38000000E-02  3.55100000E-02  2.06500000E-04  5.09300000E-04  0.00000000E+00  0.00000000E+00  0.00000000E+00  0.00000000E+00  0.00000000E+00  0.00000000E+00  0.00000000E+00  0.00000000E+00  0.00000000E+00  0.00000000E+00
 5.79397275E+00  1.38900000E-03  1.85000000E-03  5.92100000E-04  6.37800000E-04  2.34500000E-02  3.20800000E-02  2.53300000E-04  4.20300000E-04  0.00000000E+00  0.00000000E+00  0.00000000E+00  0.00000000E+00  0.00000000E+00  0.00000000E+00  0.00000000E+00  0.00000000E+00  0.00000000E+00  0.00000000E+00
 5.81097275E+00  1.75000000E-03  1.80600000E-03  6.60800000E-04  6.35500000E-04  2.71000000E-02  2.92400000E-02  3.16300000E-04  3.84000000E-04  0.00000000E+00  0.00000000E+00  0.00000000E+00  0.00000000E+00  0.00000000E+00  0.00000000E+00  0.00000000E+00  0.00000000E+00  0.00000000E+00  0.00000000E+00
 5.82897275E+00  2.11800000E-03  1.99000000E-03  7.30200000E-04  6.83400000E-04  3.21400000E-02  2.89500000E-02  4.03400000E-04  4.05800000E-04  0.00000000E+00  0.00000000E+00  0.00000000E+00  0.00000000E+00  0.00000000E+00  0.00000000E+00  0.00000000E+00  0.00000000E+00  0.00000000E+00  0.00000000E+00
 5.84597275E+00  2.49300000E-03  2.32000000E-03  8.27300000E-04  7.72500000E-04  3.54300000E-02  3.10300000E-02  5.27000000E-04  4.67100000E-04  0.00000000E+00  0.00000000E+00  0.00000000E+00  0.00000000E+00  0.00000000E+00  0.00000000E+00  0.00000000E+00  0.00000000E+00  0.00000000E+00  0.00000000E+00
 5.86397275E+00  2.86000000E-03  2.64300000E-03  9.82900000E-04  8.61300000E-04  3.51000000E-02  3.35500000E-02  6.82800000E-04  5.31300000E-04  0.00000000E+00  0.00000000E+00  0.00000000E+00  0.00000000E+00  0.00000000E+00  0.00000000E+00  0.00000000E+00  0.00000000E+00  0.00000000E+00  0.00000000E+00
 5.88097275E+00  3.20100000E-03  2.79700000E-03  1.20000000E-03  8.99500000E-04  3.16400000E-02  3.43500000E-02  8.35100000E-04  5.64900000E-04  0.00000000E+00  0.00000000E+00  0.00000000E+00  0.00000000E+00  0.00000000E+00  0.00000000E+00  0.00000000E+00  0.00000000E+00  0.00000000E+00  0.00000000E+00
 5.89797275E+00  3.45900000E-03  2.73700000E-03  1.41600000E-03  8.72600000E-04  2.70600000E-02  3.25600000E-02  9.21300000E-04  5.61200000E-04  0.00000000E+00  0.00000000E+00  0.00000000E+00  0.00000000E+00  0.00000000E+00  0.00000000E+00  0.00000000E+00  0.00000000E+00  0.00000000E+00  0.00000000E+00
 5.91597275E+00  3.50900000E-03  2.56800000E-03  1.51600000E-03  8.26900000E-04  2.34500000E-02  2.89500000E-02  8.88000000E-04  5.43200000E-04  0.00000000E+00  0.00000000E+00  0.00000000E+00  0.00000000E+00  0.00000000E+00  0.00000000E+00  0.00000000E+00  0.00000000E+00  0.00000000E+00  0.00000000E+00
 5.93297275E+00  3.28000000E-03  2.45400000E-03  1.42300000E-03  8.47600000E-04  2.22700000E-02  2.49500000E-02  7.38700000E-04  5.41300000E-04  0.00000000E+00  0.00000000E+00  0.00000000E+00  0.00000000E+00  0.00000000E+00  0.00000000E+00  0.00000000E+00  0.00000000E+00  0.00000000E+00  0.00000000E+00
 5.95097275E+00  2.94300000E-03  2.51700000E-03  1.20800000E-03  9.99400000E-04  2.37500000E-02  2.20500000E-02  5.44800000E-04  5.67800000E-04  0.00000000E+00  0.00000000E+00  0.00000000E+00  0.00000000E+00  0.00000000E+00  0.00000000E+00  0.00000000E+00  0.00000000E+00  0.00000000E+00  0.00000000E+00
 5.96797275E+00  2.88700000E-03  2.75000000E-03  1.06900000E-03  1.25700000E-03  2.64500000E-02  2.15500000E-02  4.01100000E-04  6.07100000E-04  0.00000000E+00  0.00000000E+00  0.00000000E+00  0.00000000E+00  0.00000000E+00  0.00000000E+00  0.00000000E+00  0.00000000E+00  0.00000000E+00  0.00000000E+00
 5.98597275E+00  3.43800000E-03  2.98800000E-03  1.18700000E-03  1.48500000E-03  2.82200000E-02  2.37200000E-02  3.66100000E-04  6.23400000E-04  0.00000000E+00  0.00000000E+00  0.00000000E+00  0.00000000E+00  0.00000000E+00  0.00000000E+00  0.00000000E+00  0.00000000E+00  0.00000000E+00  0.00000000E+00
 6.00297275E+00  4.52600000E-03  3.02000000E-03  1.57200000E-03  1.53500000E-03  2.81000000E-02  2.68100000E-02  4.37600000E-04  5.88000000E-04  0.00000000E+00  0.00000000E+00  0.00000000E+00  0.00000000E+00  0.00000000E+00  0.00000000E+00  0.00000000E+00  0.00000000E+00  0.00000000E+00  0.00000000E+00
 6.02097275E+00  5.62300000E-03  2.84800000E-03  2.04000000E-03  1.40400000E-03  2.67600000E-02  2.82200000E-02  5.67000000E-04  5.15000000E-04  0.00000000E+00  0.00000000E+00  0.00000000E+00  0.00000000E+00  0.00000000E+00  0.00000000E+00  0.00000000E+00  0.00000000E+00  0.00000000E+00  0.00000000E+00
 6.03797275E+00  6.09600000E-03  2.79200000E-03  2.33800000E-03  1.27800000E-03  2.50100000E-02  2.71000000E-02  6.93500000E-04  4.66400000E-04  0.00000000E+00  0.00000000E+00  0.00000000E+00  0.00000000E+00  0.00000000E+00  0.00000000E+00  0.00000000E+00  0.00000000E+00  0.00000000E+00  0.00000000E+00
 6.05597275E+00  5.72100000E-03  3.24900000E-03  2.31400000E-03  1.38500000E-03  2.26000000E-02  2.51300000E-02  7.75500000E-04  5.07400000E-04  0.00000000E+00  0.00000000E+00  0.00000000E+00  0.00000000E+00  0.00000000E+00  0.00000000E+00  0.00000000E+00  0.00000000E+00  0.00000000E+00  0.00000000E+00
 6.07297275E+00  4.84900000E-03  4.26800000E-03  2.00000000E-03  1.78400000E-03  1.92700000E-02  2.41800000E-02  8.05000000E-04  6.49100000E-04  0.00000000E+00  0.00000000E+00  0.00000000E+00  0.00000000E+00  0.00000000E+00  0.00000000E+00  0.00000000E+00  0.00000000E+00  0.00000000E+00  0.00000000E+00
 6.09097275E+00  4.07600000E-03  5.41700000E-03  1.55600000E-03  2.29000000E-03  1.62600000E-02  2.38700000E-02  8.05000000E-04  8.34100000E-04  0.00000000E+00  0.00000000E+00  0.00000000E+00  0.00000000E+00  0.00000000E+00  0.00000000E+00  0.00000000E+00  0.00000000E+00  0.00000000E+00  0.00000000E+00
 6.10797275E+00  3.79700000E-03  6.10400000E-03  1.16500000E-03  2.60700000E-03  1.57400000E-02  2.23100000E-02  8.11800000E-04  9.75800000E-04  0.00000000E+00  0.00000000E+00  0.00000000E+00  0.00000000E+00  0.00000000E+00  0.00000000E+00  0.00000000E+00  0.00000000E+00  0.00000000E+00  0.00000000E+00
 6.12597275E+00  4.02400000E-03  6.07700000E-03  9.50900000E-04  2.54700000E-03  1.87600000E-02  1.87800000E-02  8.49800000E-04  1.01600000E-03  0.00000000E+00  0.00000000E+00  0.00000000E+00  0.00000000E+00  0.00000000E+00  0.00000000E+00  0.00000000E+00  0.00000000E+00  0.00000000E+00  0.00000000E+00
 6.14297275E+00  4.55100000E-03  5.57500000E-03  9.59900000E-04  2.15500000E-03  2.39600000E-02  1.48900000E-02  9.27000000E-04  9.64800000E-04  0.00000000E+00  0.00000000E+00  0.00000000E+00  0.00000000E+00  0.00000000E+00  0.00000000E+00  0.00000000E+00  0.00000000E+00  0.00000000E+00  0.00000000E+00
 6.16097275E+00  5.27000000E-03  5.02500000E-03  1.19800000E-03  1.64600000E-03  2.84500000E-02  1.29000000E-02  1.05900000E-03  8.88200000E-04  0.00000000E+00  0.00000000E+00  0.00000000E+00  0.00000000E+00  0.00000000E+00  0.00000000E+00  0.00000000E+00  0.00000000E+00  0.00000000E+00  0.00000000E+00
 6.17797275E+00  6.26900000E-03  4.71000000E-03  1.64400000E-03  1.24400000E-03  2.97500000E-02  1.36200000E-02  1.27100000E-03  8.65300000E-04  0.00000000E+00  0.00000000E+00  0.00000000E+00  0.00000000E+00  0.00000000E+00  0.00000000E+00  0.00000000E+00  0.00000000E+00  0.00000000E+00  0.00000000E+00
 6.19597275E+00  7.59000000E-03  4.76300000E-03  2.19600000E-03  1.07700000E-03  2.71400000E-02  1.61400000E-02  1.54800000E-03  9.40400000E-04  0.00000000E+00  0.00000000E+00  0.00000000E+00  0.00000000E+00  0.00000000E+00  0.00000000E+00  0.00000000E+00  0.00000000E+00  0.00000000E+00  0.00000000E+00
 6.21297275E+00  9.02000000E-03  5.33600000E-03  2.66400000E-03  1.18100000E-03  2.19200000E-02  1.90700000E-02  1.80200000E-03  1.11900000E-03  0.00000000E+00  0.00000000E+00  0.00000000E+00  0.00000000E+00  0.00000000E+00  0.00000000E+00  0.00000000E+00  0.00000000E+00  0.00000000E+00  0.00000000E+00
 6.23097275E+00  1.02800000E-02  6.56200000E-03  2.89000000E-03  1.52900000E-03  1.66500000E-02  2.14400000E-02  1.94800000E-03  1.38800000E-03  0.00000000E+00  0.00000000E+00  0.00000000E+00  0.00000000E+00  0.00000000E+00  0.00000000E+00  0.00000000E+00  0.00000000E+00  0.00000000E+00  0.00000000E+00
 6.24797275E+00  1.12800000E-02  8.25000000E-03  2.88600000E-03  2.01700000E-03  1.36800000E-02  2.25300000E-02  1.98900000E-03  1.70800000E-03  0.00000000E+00  0.00000000E+00  0.00000000E+00  0.00000000E+00  0.00000000E+00  0.00000000E+00  0.00000000E+00  0.00000000E+00  0.00000000E+00  0.00000000E+00
 6.26597275E+00  1.19600000E-02  9.77400000E-03  2.77800000E-03  2.46300000E-03  1.37300000E-02  2.16700000E-02  1.97900000E-03  1.99800000E-03  0.00000000E+00  0.00000000E+00  0.00000000E+00  0.00000000E+00  0.00000000E+00  0.00000000E+00  0.00000000E+00  0.00000000E+00  0.00000000E+00  0.00000000E+00
 6.28297275E+00  1.19200000E-02  1.05300000E-02  2.62300000E-03  2.72000000E-03  1.55000000E-02  1.89400000E-02  1.91100000E-03  2.17100000E-03  0.00000000E+00  0.00000000E+00  0.00000000E+00  0.00000000E+00  0.00000000E+00  0.00000000E+00  0.00000000E+00  0.00000000E+00  0.00000000E+00  0.00000000E+00
 6.30097275E+00  1.07700000E-02  1.05800000E-02  2.40700000E-03  2.80200000E-03  1.66800000E-02  1.58000000E-02  1.73500000E-03  2.21300000E-03  0.00000000E+00  0.00000000E+00  0.00000000E+00  0.00000000E+00  0.00000000E+00  0.00000000E+00  0.00000000E+00  0.00000000E+00  0.00000000E+00  0.00000000E+00
 6.31797275E+00  8.87000000E-03  1.05300000E-02  2.22800000E-03  2.85800000E-03  1.57300000E-02  1.40500000E-02  1.48600000E-03  2.19100000E-03  0.00000000E+00  0.00000000E+00  0.00000000E+00  0.00000000E+00  0.00000000E+00  0.00000000E+00  0.00000000E+00  0.00000000E+00  0.00000000E+00  0.00000000E+00
 6.33497275E+00  7.28200000E-03  1.08000000E-02  2.32600000E-03  2.98200000E-03  1.30000000E-02  1.42100000E-02  1.31600000E-03  2.14600000E-03  0.00000000E+00  0.00000000E+00  0.00000000E+00  0.00000000E+00  0.00000000E+00  0.00000000E+00  0.00000000E+00  0.00000000E+00  0.00000000E+00  0.00000000E+00
 6.35297275E+00  6.78400000E-03  1.11500000E-02  2.82800000E-03  3.13100000E-03  1.01600000E-02  1.51000000E-02  1.34000000E-03  2.05600000E-03  0.00000000E+00  0.00000000E+00  0.00000000E+00  0.00000000E+00  0.00000000E+00  0.00000000E+00  0.00000000E+00  0.00000000E+00  0.00000000E+00  0.00000000E+00
 6.36997275E+00  7.19800000E-03  1.11400000E-02  3.51900000E-03  3.28500000E-03  8.65000000E-03  1.51000000E-02  1.53100000E-03  1.93000000E-03  0.00000000E+00  0.00000000E+00  0.00000000E+00  0.00000000E+00  0.00000000E+00  0.00000000E+00  0.00000000E+00  0.00000000E+00  0.00000000E+00  0.00000000E+00
 6.38797275E+00  7.74900000E-03  1.07600000E-02  3.97700000E-03  3.55500000E-03  8.70500000E-03  1.37000000E-02  1.76300000E-03  1.87700000E-03  0.00000000E+00  0.00000000E+00  0.00000000E+00  0.00000000E+00  0.00000000E+00  0.00000000E+00  0.00000000E+00  0.00000000E+00  0.00000000E+00  0.00000000E+00
 6.40497275E+00  7.92000000E-03  1.03300000E-02  3.95200000E-03  4.00700000E-03  9.60800000E-03  1.19000000E-02  1.92300000E-03  1.98700000E-03  0.00000000E+00  0.00000000E+00  0.00000000E+00  0.00000000E+00  0.00000000E+00  0.00000000E+00  0.00000000E+00  0.00000000E+00  0.00000000E+00  0.00000000E+00
 6.42297275E+00  7.81900000E-03  9.99200000E-03  3.57800000E-03  4.43800000E-03  1.05300000E-02  1.11600000E-02  1.96300000E-03  2.19400000E-03  0.00000000E+00  0.00000000E+00  0.00000000E+00  0.00000000E+00  0.00000000E+00  0.00000000E+00  0.00000000E+00  0.00000000E+00  0.00000000E+00  0.00000000E+00
 6.43997275E+00  7.86000000E-03  9.61900000E-03  3.23700000E-03  4.49900000E-03  1.12700000E-02  1.21000000E-02  1.88000000E-03  2.30600000E-03  0.00000000E+00  0.00000000E+00  0.00000000E+00  0.00000000E+00  0.00000000E+00  0.00000000E+00  0.00000000E+00  0.00000000E+00  0.00000000E+00  0.00000000E+00
 6.45797275E+00  8.32400000E-03  9.15200000E-03  3.28100000E-03  4.07100000E-03  1.23200000E-02  1.42500000E-02  1.71600000E-03  2.19300000E-03  0.00000000E+00  0.00000000E+00  0.00000000E+00  0.00000000E+00  0.00000000E+00  0.00000000E+00  0.00000000E+00  0.00000000E+00  0.00000000E+00  0.00000000E+00
 6.47497275E+00  9.19200000E-03  8.75300000E-03  3.83200000E-03  3.43600000E-03  1.43100000E-02  1.68600000E-02  1.54900000E-03  1.89900000E-03  0.00000000E+00  0.00000000E+00  0.00000000E+00  0.00000000E+00  0.00000000E+00  0.00000000E+00  0.00000000E+00  0.00000000E+00  0.00000000E+00  0.00000000E+00
 6.49297275E+00  1.01300000E-02  8.67600000E-03  4.67000000E-03  3.05200000E-03  1.70900000E-02  1.93800000E-02  1.44300000E-03  1.58600000E-03  0.00000000E+00  0.00000000E+00  0.00000000E+00  0.00000000E+00  0.00000000E+00  0.00000000E+00  0.00000000E+00  0.00000000E+00  0.00000000E+00  0.00000000E+00
 6.50997275E+00  1.05900000E-02  9.04500000E-03  5.29800000E-03  3.19400000E-03  1.95900000E-02  2.11700000E-02  1.40800000E-03  1.39000000E-03  0.00000000E+00  0.00000000E+00  0.00000000E+00  0.00000000E+00  0.00000000E+00  0.00000000E+00  0.00000000E+00  0.00000000E+00  0.00000000E+00  0.00000000E+00
 6.52797275E+00  1.01700000E-02  9.69400000E-03  5.26200000E-03  3.77100000E-03  2.07600000E-02  2.12200000E-02  1.42100000E-03  1.35300000E-03  0.00000000E+00  0.00000000E+00  0.00000000E+00  0.00000000E+00  0.00000000E+00  0.00000000E+00  0.00000000E+00  0.00000000E+00  0.00000000E+00  0.00000000E+00
 6.54497275E+00  9.05100000E-03  1.02000000E-02  4.53400000E-03  4.42900000E-03  2.05400000E-02  1.92000000E-02  1.47700000E-03  1.42600000E-03  0.00000000E+00  0.00000000E+00  0.00000000E+00  0.00000000E+00  0.00000000E+00  0.00000000E+00  0.00000000E+00  0.00000000E+00  0.00000000E+00  0.00000000E+00
 6.56297275E+00  7.85000000E-03  1.01800000E-02  3.54000000E-03  4.81900000E-03  1.99500000E-02  1.63500000E-02  1.58600000E-03  1.54100000E-03  0.00000000E+00  0.00000000E+00  0.00000000E+00  0.00000000E+00  0.00000000E+00  0.00000000E+00  0.00000000E+00  0.00000000E+00  0.00000000E+00  0.00000000E+00
 6.57997275E+00  7.10400000E-03  9.64300000E-03  2.76800000E-03  4.78700000E-03  2.06800000E-02  1.48700000E-02  1.75000000E-03  1.65900000E-03  0.00000000E+00  0.00000000E+00  0.00000000E+00  0.00000000E+00  0.00000000E+00  0.00000000E+00  0.00000000E+00  0.00000000E+00  0.00000000E+00  0.00000000E+00
 6.59797275E+00  6.98100000E-03  8.90700000E-03  2.40800000E-03  4.39800000E-03  2.48700000E-02  1.61700000E-02  1.97700000E-03  1.77400000E-03  0.00000000E+00  0.00000000E+00  0.00000000E+00  0.00000000E+00  0.00000000E+00  0.00000000E+00  0.00000000E+00  0.00000000E+00  0.00000000E+00  0.00000000E+00
 6.61497275E+00  7.40900000E-03  8.34000000E-03  2.35900000E-03  3.82400000E-03  3.42100000E-02  2.04400000E-02  2.29100000E-03  1.88400000E-03  0.00000000E+00  0.00000000E+00  0.00000000E+00  0.00000000E+00  0.00000000E+00  0.00000000E+00  0.00000000E+00  0.00000000E+00  0.00000000E+00  0.00000000E+00
 6.63297275E+00  8.20100000E-03  8.16100000E-03  2.45900000E-03  3.24100000E-03  4.80500000E-02  2.76400000E-02  2.67800000E-03  1.99500000E-03  0.00000000E+00  0.00000000E+00  0.00000000E+00  0.00000000E+00  0.00000000E+00  0.00000000E+00  0.00000000E+00  0.00000000E+00  0.00000000E+00  0.00000000E+00
 6.64997275E+00  9.03600000E-03  8.43300000E-03  2.62800000E-03  2.79300000E-03  6.22200000E-02  3.78800000E-02  3.04500000E-03  2.15400000E-03  0.00000000E+00  0.00000000E+00  0.00000000E+00  0.00000000E+00  0.00000000E+00  0.00000000E+00  0.00000000E+00  0.00000000E+00  0.00000000E+00  0.00000000E+00
 6.66797275E+00  9.53300000E-03  9.06200000E-03  2.81400000E-03  2.55800000E-03  7.04400000E-02  4.98600000E-02  3.25600000E-03  2.43100000E-03  0.00000000E+00  0.00000000E+00  0.00000000E+00  0.00000000E+00  0.00000000E+00  0.00000000E+00  0.00000000E+00  0.00000000E+00  0.00000000E+00  0.00000000E+00
 6.68497275E+00  9.46700000E-03  9.75900000E-03  2.91100000E-03  2.54000000E-03  6.82000000E-02  5.97600000E-02  3.21500000E-03  2.80400000E-03  0.00000000E+00  0.00000000E+00  0.00000000E+00  0.00000000E+00  0.00000000E+00  0.00000000E+00  0.00000000E+00  0.00000000E+00  0.00000000E+00  0.00000000E+00
 6.70297275E+00  8.89900000E-03  1.01400000E-02  2.80000000E-03  2.65600000E-03  5.62100000E-02  6.29700000E-02  2.93600000E-03  3.10800000E-03  0.00000000E+00  0.00000000E+00  0.00000000E+00  0.00000000E+00  0.00000000E+00  0.00000000E+00  0.00000000E+00  0.00000000E+00  0.00000000E+00  0.00000000E+00
 6.71997275E+00  8.08300000E-03  9.95400000E-03  2.49600000E-03  2.76600000E-03  4.00100000E-02  5.77100000E-02  2.55900000E-03  3.14200000E-03  0.00000000E+00  0.00000000E+00  0.00000000E+00  0.00000000E+00  0.00000000E+00  0.00000000E+00  0.00000000E+00  0.00000000E+00  0.00000000E+00  0.00000000E+00
 6.73797275E+00  7.22800000E-03  9.23500000E-03  2.17600000E-03  2.76700000E-03  2.59400000E-02  4.67100000E-02  2.26400000E-03  2.87100000E-03  0.00000000E+00  0.00000000E+00  0.00000000E+00  0.00000000E+00  0.00000000E+00  0.00000000E+00  0.00000000E+00  0.00000000E+00  0.00000000E+00  0.00000000E+00
 6.75497275E+00  6.38700000E-03  8.29000000E-03  2.01800000E-03  2.68200000E-03  1.74300000E-02  3.51000000E-02  2.13500000E-03  2.49200000E-03  0.00000000E+00  0.00000000E+00  0.00000000E+00  0.00000000E+00  0.00000000E+00  0.00000000E+00  0.00000000E+00  0.00000000E+00  0.00000000E+00  0.00000000E+00
 6.77297275E+00  5.60000000E-03  7.40700000E-03  2.02400000E-03  2.61400000E-03  1.45200000E-02  2.65800000E-02  2.09500000E-03  2.25900000E-03  0.00000000E+00  0.00000000E+00  0.00000000E+00  0.00000000E+00  0.00000000E+00  0.00000000E+00  0.00000000E+00  0.00000000E+00  0.00000000E+00  0.00000000E+00
 6.78997275E+00  5.11500000E-03  6.62100000E-03  2.05400000E-03  2.59700000E-03  1.53200000E-02  2.16300000E-02  2.00300000E-03  2.24600000E-03  0.00000000E+00  0.00000000E+00  0.00000000E+00  0.00000000E+00  0.00000000E+00  0.00000000E+00  0.00000000E+00  0.00000000E+00  0.00000000E+00  0.00000000E+00
 6.80697275E+00  5.33700000E-03  5.83700000E-03  1.98700000E-03  2.55500000E-03  1.73400000E-02  1.86900000E-02  1.80100000E-03  2.31200000E-03  0.00000000E+00  0.00000000E+00  0.00000000E+00  0.00000000E+00  0.00000000E+00  0.00000000E+00  0.00000000E+00  0.00000000E+00  0.00000000E+00  0.00000000E+00
 6.82497275E+00  6.43600000E-03  5.19100000E-03  1.81000000E-03  2.39800000E-03  1.83800000E-02  1.63600000E-02  1.55400000E-03  2.27900000E-03  0.00000000E+00  0.00000000E+00  0.00000000E+00  0.00000000E+00  0.00000000E+00  0.00000000E+00  0.00000000E+00  0.00000000E+00  0.00000000E+00  0.00000000E+00
 6.84197275E+00  7.99600000E-03  5.17500000E-03  1.57700000E-03  2.12300000E-03  1.74400000E-02  1.43500000E-02  1.37300000E-03  2.08800000E-03  0.00000000E+00  0.00000000E+00  0.00000000E+00  0.00000000E+00  0.00000000E+00  0.00000000E+00  0.00000000E+00  0.00000000E+00  0.00000000E+00  0.00000000E+00
 6.85997275E+00  9.24200000E-03  6.29800000E-03  1.35400000E-03  1.80800000E-03  1.52400000E-02  1.31800000E-02  1.33800000E-03  1.81800000E-03  0.00000000E+00  0.00000000E+00  0.00000000E+00  0.00000000E+00  0.00000000E+00  0.00000000E+00  0.00000000E+00  0.00000000E+00  0.00000000E+00  0.00000000E+00
 6.87697275E+00  9.74000000E-03  8.48500000E-03  1.21000000E-03  1.55100000E-03  1.35500000E-02  1.35800000E-02  1.47200000E-03  1.59600000E-03  0.00000000E+00  0.00000000E+00  0.00000000E+00  0.00000000E+00  0.00000000E+00  0.00000000E+00  0.00000000E+00  0.00000000E+00  0.00000000E+00  0.00000000E+00
 6.89497275E+00  9.75400000E-03  1.08200000E-02  1.19700000E-03  1.41400000E-03  1.35600000E-02  1.57000000E-02  1.73400000E-03  1.49200000E-03  0.00000000E+00  0.00000000E+00  0.00000000E+00  0.00000000E+00  0.00000000E+00  0.00000000E+00  0.00000000E+00  0.00000000E+00  0.00000000E+00  0.00000000E+00
 6.91197275E+00  9.88300000E-03  1.21700000E-02  1.31300000E-03  1.38600000E-03  1.47400000E-02  1.85100000E-02  2.02200000E-03  1.49200000E-03  0.00000000E+00  0.00000000E+00  0.00000000E+00  0.00000000E+00  0.00000000E+00  0.00000000E+00  0.00000000E+00  0.00000000E+00  0.00000000E+00  0.00000000E+00
 6.92997275E+00  1.06300000E-02  1.21700000E-02  1.52900000E-03  1.42000000E-03  1.55200000E-02  2.02800000E-02  2.26600000E-03  1.57700000E-03  0.00000000E+00  0.00000000E+00  0.00000000E+00  0.00000000E+00  0.00000000E+00  0.00000000E+00  0.00000000E+00  0.00000000E+00  0.00000000E+00  0.00000000E+00
 6.94697275E+00  1.23400000E-02  1.16200000E-02  1.84300000E-03  1.48900000E-03  1.50200000E-02  1.98800000E-02  2.51600000E-03  1.78100000E-03  0.00000000E+00  0.00000000E+00  0.00000000E+00  0.00000000E+00  0.00000000E+00  0.00000000E+00  0.00000000E+00  0.00000000E+00  0.00000000E+00  0.00000000E+00
 6.96497275E+00  1.51400000E-02  1.16800000E-02  2.29100000E-03  1.60000000E-03  1.39500000E-02  1.76300000E-02  2.88700000E-03  2.16000000E-03  0.00000000E+00  0.00000000E+00  0.00000000E+00  0.00000000E+00  0.00000000E+00  0.00000000E+00  0.00000000E+00  0.00000000E+00  0.00000000E+00  0.00000000E+00
 6.98197275E+00  1.86100000E-02  1.31900000E-02  2.87700000E-03  1.79700000E-03  1.38100000E-02  1.47900000E-02  3.38900000E-03  2.73100000E-03  0.00000000E+00  0.00000000E+00  0.00000000E+00  0.00000000E+00  0.00000000E+00  0.00000000E+00  0.00000000E+00  0.00000000E+00  0.00000000E+00  0.00000000E+00
 6.99997275E+00  2.17000000E-02  1.64100000E-02  3.53300000E-03  2.14600000E-03  1.53900000E-02  1.28100000E-02  3.88800000E-03  3.43600000E-03  0.00000000E+00  0.00000000E+00  0.00000000E+00  0.00000000E+00  0.00000000E+00  0.00000000E+00  0.00000000E+00  0.00000000E+00  0.00000000E+00  0.00000000E+00
 7.01697275E+00  2.32100000E-02  2.07100000E-02  4.16500000E-03  2.70600000E-03  1.80200000E-02  1.27200000E-02  4.20800000E-03  4.13000000E-03  0.00000000E+00  0.00000000E+00  0.00000000E+00  0.00000000E+00  0.00000000E+00  0.00000000E+00  0.00000000E+00  0.00000000E+00  0.00000000E+00  0.00000000E+00
 7.03497275E+00  2.24500000E-02  2.43000000E-02  4.68800000E-03  3.45200000E-03  2.00100000E-02  1.46900000E-02  4.24900000E-03  4.58500000E-03  0.00000000E+00  0.00000000E+00  0.00000000E+00  0.00000000E+00  0.00000000E+00  0.00000000E+00  0.00000000E+00  0.00000000E+00  0.00000000E+00  0.00000000E+00
 7.05197275E+00  1.98700000E-02  2.52100000E-02  5.01800000E-03  4.26200000E-03  2.01300000E-02  1.75700000E-02  4.01600000E-03  4.62100000E-03  0.00000000E+00  0.00000000E+00  0.00000000E+00  0.00000000E+00  0.00000000E+00  0.00000000E+00  0.00000000E+00  0.00000000E+00  0.00000000E+00  0.00000000E+00
 7.06997275E+00  1.71000000E-02  2.31400000E-02  5.13400000E-03  4.99300000E-03  1.86400000E-02  1.96200000E-02  3.61700000E-03  4.28400000E-03  0.00000000E+00  0.00000000E+00  0.00000000E+00  0.00000000E+00  0.00000000E+00  0.00000000E+00  0.00000000E+00  0.00000000E+00  0.00000000E+00  0.00000000E+00
 7.08697275E+00  1.62700000E-02  1.99800000E-02  5.16800000E-03  5.53200000E-03  1.68300000E-02  1.98800000E-02  3.23400000E-03  3.83100000E-03  0.00000000E+00  0.00000000E+00  0.00000000E+00  0.00000000E+00  0.00000000E+00  0.00000000E+00  0.00000000E+00  0.00000000E+00  0.00000000E+00  0.00000000E+00
 7.10497275E+00  1.86500000E-02  1.83200000E-02  5.39300000E-03  5.80400000E-03  1.56200000E-02  1.89800000E-02  3.07200000E-03  3.50700000E-03  0.00000000E+00  0.00000000E+00  0.00000000E+00  0.00000000E+00  0.00000000E+00  0.00000000E+00  0.00000000E+00  0.00000000E+00  0.00000000E+00  0.00000000E+00
 7.12197275E+00  2.37300000E-02  1.93800000E-02  6.01100000E-03  5.83100000E-03  1.49400000E-02  1.81900000E-02  3.26900000E-03  3.38600000E-03  0.00000000E+00  0.00000000E+00  0.00000000E+00  0.00000000E+00  0.00000000E+00  0.00000000E+00  0.00000000E+00  0.00000000E+00  0.00000000E+00  0.00000000E+00
 7.13997275E+00  2.94600000E-02  2.25800000E-02  6.90600000E-03  5.81100000E-03  1.44600000E-02  1.81100000E-02  3.80200000E-03  3.45300000E-03  0.00000000E+00  0.00000000E+00  0.00000000E+00  0.00000000E+00  0.00000000E+00  0.00000000E+00  0.00000000E+00  0.00000000E+00  0.00000000E+00  0.00000000E+00
 7.15697275E+00  3.34400000E-02  2.64900000E-02  7.67200000E-03  6.03900000E-03  1.44400000E-02  1.83400000E-02  4.46700000E-03  3.73100000E-03  0.00000000E+00  0.00000000E+00  0.00000000E+00  0.00000000E+00  0.00000000E+00  0.00000000E+00  0.00000000E+00  0.00000000E+00  0.00000000E+00  0.00000000E+00
 7.17497275E+00  3.41700000E-02  2.99400000E-02  7.93600000E-03  6.66600000E-03  1.56500000E-02  1.84200000E-02  4.97700000E-03  4.25700000E-03  0.00000000E+00  0.00000000E+00  0.00000000E+00  0.00000000E+00  0.00000000E+00  0.00000000E+00  0.00000000E+00  0.00000000E+00  0.00000000E+00  0.00000000E+00
 7.19197275E+00  3.18000000E-02  3.21900000E-02  7.66600000E-03  7.49400000E-03  1.85300000E-02  1.84700000E-02  5.14300000E-03  4.91900000E-03  0.00000000E+00  0.00000000E+00  0.00000000E+00  0.00000000E+00  0.00000000E+00  0.00000000E+00  0.00000000E+00  0.00000000E+00  0.00000000E+00  0.00000000E+00
 7.20997275E+00  2.82200000E-02  3.26900000E-02  7.20800000E-03  8.08000000E-03  2.27300000E-02  1.90800000E-02  5.05600000E-03  5.41900000E-03  0.00000000E+00  0.00000000E+00  0.00000000E+00  0.00000000E+00  0.00000000E+00  0.00000000E+00  0.00000000E+00  0.00000000E+00  0.00000000E+00  0.00000000E+00
 7.22697275E+00  2.63000000E-02  3.14900000E-02  7.10500000E-03  8.19500000E-03  2.73600000E-02  2.07200000E-02  5.05700000E-03  5.54800000E-03  0.00000000E+00  0.00000000E+00  0.00000000E+00  0.00000000E+00  0.00000000E+00  0.00000000E+00  0.00000000E+00  0.00000000E+00  0.00000000E+00  0.00000000E+00
 7.24497275E+00  2.81700000E-02  3.02800000E-02  7.78400000E-03  8.20000000E-03  3.12600000E-02  2.35000000E-02  5.42500000E-03  5.47200000E-03  0.00000000E+00  0.00000000E+00  0.00000000E+00  0.00000000E+00  0.00000000E+00  0.00000000E+00  0.00000000E+00  0.00000000E+00  0.00000000E+00  0.00000000E+00
 7.26197275E+00  3.34000000E-02  3.16500000E-02  9.21700000E-03  8.79900000E-03  3.30100000E-02  2.69800000E-02  6.02900000E-03  5.58100000E-03  0.00000000E+00  0.00000000E+00  0.00000000E+00  0.00000000E+00  0.00000000E+00  0.00000000E+00  0.00000000E+00  0.00000000E+00  0.00000000E+00  0.00000000E+00
 7.27897275E+00  3.89000000E-02  3.63300000E-02  1.08500000E-02  1.02400000E-02  3.13700000E-02  2.98600000E-02  6.37800000E-03  5.96000000E-03  0.00000000E+00  0.00000000E+00  0.00000000E+00  0.00000000E+00  0.00000000E+00  0.00000000E+00  0.00000000E+00  0.00000000E+00  0.00000000E+00  0.00000000E+00
 7.29697275E+00  4.12000000E-02  4.14300000E-02  1.20700000E-02  1.18500000E-02  2.66000000E-02  3.02400000E-02  6.13000000E-03  6.19500000E-03  0.00000000E+00  0.00000000E+00  0.00000000E+00  0.00000000E+00  0.00000000E+00  0.00000000E+00  0.00000000E+00  0.00000000E+00  0.00000000E+00  0.00000000E+00
 7.31397275E+00  3.90200000E-02  4.26500000E-02  1.27400000E-02  1.26500000E-02  2.09900000E-02  2.72200000E-02  5.49700000E-03  5.85600000E-03  0.00000000E+00  0.00000000E+00  0.00000000E+00  0.00000000E+00  0.00000000E+00  0.00000000E+00  0.00000000E+00  0.00000000E+00  0.00000000E+00  0.00000000E+00
 7.33197275E+00  3.38100000E-02  3.83800000E-02  1.32900000E-02  1.24300000E-02  1.74800000E-02  2.21500000E-02  5.07900000E-03  5.06900000E-03  0.00000000E+00  0.00000000E+00  0.00000000E+00  0.00000000E+00  0.00000000E+00  0.00000000E+00  0.00000000E+00  0.00000000E+00  0.00000000E+00  0.00000000E+00
 7.34897275E+00  2.81200000E-02  3.11500000E-02  1.41900000E-02  1.19700000E-02  1.77900000E-02  1.77500000E-02  5.32200000E-03  4.45700000E-03  0.00000000E+00  0.00000000E+00  0.00000000E+00  0.00000000E+00  0.00000000E+00  0.00000000E+00  0.00000000E+00  0.00000000E+00  0.00000000E+00  0.00000000E+00
 7.36697275E+00  2.39000000E-02  2.49200000E-02  1.53900000E-02  1.23100000E-02  2.13900000E-02  1.61000000E-02  6.17200000E-03  4.58900000E-03  0.00000000E+00  0.00000000E+00  0.00000000E+00  0.00000000E+00  0.00000000E+00  0.00000000E+00  0.00000000E+00  0.00000000E+00  0.00000000E+00  0.00000000E+00
 7.38397275E+00  2.19100000E-02  2.19900000E-02  1.62800000E-02  1.36900000E-02  2.58900000E-02  1.73800000E-02  7.20100000E-03  5.57700000E-03  0.00000000E+00  0.00000000E+00  0.00000000E+00  0.00000000E+00  0.00000000E+00  0.00000000E+00  0.00000000E+00  0.00000000E+00  0.00000000E+00  0.00000000E+00
 7.40197275E+00  2.18200000E-02  2.21000000E-02  1.60400000E-02  1.54200000E-02  2.86400000E-02  2.03100000E-02  8.00900000E-03  7.05100000E-03  0.00000000E+00  0.00000000E+00  0.00000000E+00  0.00000000E+00  0.00000000E+00  0.00000000E+00  0.00000000E+00  0.00000000E+00  0.00000000E+00  0.00000000E+00
 7.41897275E+00  2.25000000E-02  2.35300000E-02  1.43900000E-02  1.64800000E-02  2.84400000E-02  2.34600000E-02  8.49600000E-03  8.41600000E-03  0.00000000E+00  0.00000000E+00  0.00000000E+00  0.00000000E+00  0.00000000E+00  0.00000000E+00  0.00000000E+00  0.00000000E+00  0.00000000E+00  0.00000000E+00
 7.43697275E+00  2.27700000E-02  2.46500000E-02  1.19400000E-02  1.62700000E-02  2.59700000E-02  2.60500000E-02  8.79300000E-03  9.25400000E-03  0.00000000E+00  0.00000000E+00  0.00000000E+00  0.00000000E+00  0.00000000E+00  0.00000000E+00  0.00000000E+00  0.00000000E+00  0.00000000E+00  0.00000000E+00
 7.45397275E+00  2.24100000E-02  2.47800000E-02  9.80800000E-03  1.48800000E-02  2.30700000E-02  2.76200000E-02  9.05200000E-03  9.62500000E-03  0.00000000E+00  0.00000000E+00  0.00000000E+00  0.00000000E+00  0.00000000E+00  0.00000000E+00  0.00000000E+00  0.00000000E+00  0.00000000E+00  0.00000000E+00
 7.47197275E+00  2.21600000E-02  2.42900000E-02  8.75300000E-03  1.29100000E-02  2.16200000E-02  2.76400000E-02  9.42400000E-03  9.92000000E-03  0.00000000E+00  0.00000000E+00  0.00000000E+00  0.00000000E+00  0.00000000E+00  0.00000000E+00  0.00000000E+00  0.00000000E+00  0.00000000E+00  0.00000000E+00
 7.48897275E+00  2.29900000E-02  2.38000000E-02  8.71700000E-03  1.10500000E-02  2.26800000E-02  2.62100000E-02  1.01600000E-02  1.03900000E-02  0.00000000E+00  0.00000000E+00  0.00000000E+00  0.00000000E+00  0.00000000E+00  0.00000000E+00  0.00000000E+00  0.00000000E+00  0.00000000E+00  0.00000000E+00
 7.50697275E+00  2.51000000E-02  2.37300000E-02  9.06900000E-03  9.70700000E-03  2.57900000E-02  2.45600000E-02  1.14400000E-02  1.10000000E-02  0.00000000E+00  0.00000000E+00  0.00000000E+00  0.00000000E+00  0.00000000E+00  0.00000000E+00  0.00000000E+00  0.00000000E+00  0.00000000E+00  0.00000000E+00
 7.52397275E+00  2.77500000E-02  2.44900000E-02  9.25100000E-03  8.96100000E-03  2.91900000E-02  2.42600000E-02  1.30200000E-02  1.18200000E-02  0.00000000E+00  0.00000000E+00  0.00000000E+00  0.00000000E+00  0.00000000E+00  0.00000000E+00  0.00000000E+00  0.00000000E+00  0.00000000E+00  0.00000000E+00
 7.54197275E+00  2.99300000E-02  2.65600000E-02  9.19300000E-03  8.71100000E-03  3.11000000E-02  2.57000000E-02  1.41700000E-02  1.31600000E-02  0.00000000E+00  0.00000000E+00  0.00000000E+00  0.00000000E+00  0.00000000E+00  0.00000000E+00  0.00000000E+00  0.00000000E+00  0.00000000E+00  0.00000000E+00
 7.55897275E+00  3.14600000E-02  2.99400000E-02  9.24100000E-03  8.90100000E-03  3.10800000E-02  2.76700000E-02  1.43700000E-02  1.50600000E-02  0.00000000E+00  0.00000000E+00  0.00000000E+00  0.00000000E+00  0.00000000E+00  0.00000000E+00  0.00000000E+00  0.00000000E+00  0.00000000E+00  0.00000000E+00
 7.57697275E+00  3.33300000E-02  3.38100000E-02  9.85400000E-03  9.60600000E-03  3.02000000E-02  2.88000000E-02  1.40700000E-02  1.68600000E-02  0.00000000E+00  0.00000000E+00  0.00000000E+00  0.00000000E+00  0.00000000E+00  0.00000000E+00  0.00000000E+00  0.00000000E+00  0.00000000E+00  0.00000000E+00
 7.59397275E+00  3.65600000E-02  3.73000000E-02  1.12700000E-02  1.10000000E-02  2.97500000E-02  2.90600000E-02  1.42400000E-02  1.75400000E-02  0.00000000E+00  0.00000000E+00  0.00000000E+00  0.00000000E+00  0.00000000E+00  0.00000000E+00  0.00000000E+00  0.00000000E+00  0.00000000E+00  0.00000000E+00
 7.61197275E+00  4.06100000E-02  4.02200000E-02  1.32800000E-02  1.31400000E-02  2.97800000E-02  2.96500000E-02  1.52700000E-02  1.67200000E-02  0.00000000E+00  0.00000000E+00  0.00000000E+00  0.00000000E+00  0.00000000E+00  0.00000000E+00  0.00000000E+00  0.00000000E+00  0.00000000E+00  0.00000000E+00
 7.62897275E+00  4.34800000E-02  4.24000000E-02  1.54000000E-02  1.55900000E-02  2.94200000E-02  3.11100000E-02  1.64700000E-02  1.50100000E-02  0.00000000E+00  0.00000000E+00  0.00000000E+00  0.00000000E+00  0.00000000E+00  0.00000000E+00  0.00000000E+00  0.00000000E+00  0.00000000E+00  0.00000000E+00
 7.64697275E+00  4.35200000E-02  4.28900000E-02  1.73800000E-02  1.73000000E-02  2.85700000E-02  3.23200000E-02  1.68900000E-02  1.33800000E-02  0.00000000E+00  0.00000000E+00  0.00000000E+00  0.00000000E+00  0.00000000E+00  0.00000000E+00  0.00000000E+00  0.00000000E+00  0.00000000E+00  0.00000000E+00
 7.66397275E+00  4.08300000E-02  4.05900000E-02  1.93600000E-02  1.74800000E-02  2.84200000E-02  3.19000000E-02  1.62800000E-02  1.24100000E-02  0.00000000E+00  0.00000000E+00  0.00000000E+00  0.00000000E+00  0.00000000E+00  0.00000000E+00  0.00000000E+00  0.00000000E+00  0.00000000E+00  0.00000000E+00
 7.68197275E+00  3.68100000E-02  3.58300000E-02  2.12500000E-02  1.65900000E-02  2.99800000E-02  3.03000000E-02  1.52800000E-02  1.21900000E-02  0.00000000E+00  0.00000000E+00  0.00000000E+00  0.00000000E+00  0.00000000E+00  0.00000000E+00  0.00000000E+00  0.00000000E+00  0.00000000E+00  0.00000000E+00
 7.69897275E+00  3.28300000E-02  3.06300000E-02  2.23800000E-02  1.62500000E-02  3.25400000E-02  2.94600000E-02  1.46700000E-02  1.26300000E-02  0.00000000E+00  0.00000000E+00  0.00000000E+00  0.00000000E+00  0.00000000E+00  0.00000000E+00  0.00000000E+00  0.00000000E+00  0.00000000E+00  0.00000000E+00
 7.71597275E+00  2.94700000E-02  2.70100000E-02  2.21300000E-02  1.76200000E-02  3.42700000E-02  3.04300000E-02  1.46900000E-02  1.35800000E-02  0.00000000E+00  0.00000000E+00  0.00000000E+00  0.00000000E+00  0.00000000E+00  0.00000000E+00  0.00000000E+00  0.00000000E+00  0.00000000E+00  0.00000000E+00
 7.73397275E+00  2.67800000E-02  2.54700000E-02  2.07000000E-02  2.02400000E-02  3.38900000E-02  3.20000000E-02  1.50800000E-02  1.47900000E-02  0.00000000E+00  0.00000000E+00  0.00000000E+00  0.00000000E+00  0.00000000E+00  0.00000000E+00  0.00000000E+00  0.00000000E+00  0.00000000E+00  0.00000000E+00
 7.75097275E+00  2.49700000E-02  2.51200000E-02  1.90100000E-02  2.24300000E-02  3.16100000E-02  3.19200000E-02  1.58400000E-02  1.61500000E-02  0.00000000E+00  0.00000000E+00  0.00000000E+00  0.00000000E+00  0.00000000E+00  0.00000000E+00  0.00000000E+00  0.00000000E+00  0.00000000E+00  0.00000000E+00
 7.76897275E+00  2.45400000E-02  2.51500000E-02  1.80600000E-02  2.28800000E-02  2.89600000E-02  2.93600000E-02  1.75800000E-02  1.80700000E-02  0.00000000E+00  0.00000000E+00  0.00000000E+00  0.00000000E+00  0.00000000E+00  0.00000000E+00  0.00000000E+00  0.00000000E+00  0.00000000E+00  0.00000000E+00
 7.78597275E+00  2.55900000E-02  2.56100000E-02  1.84200000E-02  2.18600000E-02  2.78300000E-02  2.59800000E-02  2.06500000E-02  2.12400000E-02  0.00000000E+00  0.00000000E+00  0.00000000E+00  0.00000000E+00  0.00000000E+00  0.00000000E+00  0.00000000E+00  0.00000000E+00  0.00000000E+00  0.00000000E+00
 7.80397275E+00  2.71900000E-02  2.67700000E-02  2.01600000E-02  2.08700000E-02  2.90000000E-02  2.46800000E-02  2.40200000E-02  2.55300000E-02  0.00000000E+00  0.00000000E+00  0.00000000E+00  0.00000000E+00  0.00000000E+00  0.00000000E+00  0.00000000E+00  0.00000000E+00  0.00000000E+00  0.00000000E+00
 7.82097275E+00  2.80400000E-02  2.79100000E-02  2.25800000E-02  2.12400000E-02  3.10700000E-02  2.70100000E-02  2.56700000E-02  2.92200000E-02  0.00000000E+00  0.00000000E+00  0.00000000E+00  0.00000000E+00  0.00000000E+00  0.00000000E+00  0.00000000E+00  0.00000000E+00  0.00000000E+00  0.00000000E+00
 7.83897275E+00  2.76500000E-02  2.77300000E-02  2.43800000E-02  2.27900000E-02  3.12600000E-02  3.15000000E-02  2.48200000E-02  3.02200000E-02  0.00000000E+00  0.00000000E+00  0.00000000E+00  0.00000000E+00  0.00000000E+00  0.00000000E+00  0.00000000E+00  0.00000000E+00  0.00000000E+00  0.00000000E+00
 7.85597275E+00  2.67500000E-02  2.59900000E-02  2.47100000E-02  2.42300000E-02  2.80600000E-02  3.46100000E-02  2.32600000E-02  2.84700000E-02  0.00000000E+00  0.00000000E+00  0.00000000E+00  0.00000000E+00  0.00000000E+00  0.00000000E+00  0.00000000E+00  0.00000000E+00  0.00000000E+00  0.00000000E+00
 7.87397275E+00  2.64700000E-02  2.43800000E-02  2.41700000E-02  2.47600000E-02  2.30600000E-02  3.37200000E-02  2.38300000E-02  2.65800000E-02  0.00000000E+00  0.00000000E+00  0.00000000E+00  0.00000000E+00  0.00000000E+00  0.00000000E+00  0.00000000E+00  0.00000000E+00  0.00000000E+00  0.00000000E+00
 7.89097275E+00  2.73000000E-02  2.52000000E-02  2.41100000E-02  2.50100000E-02  1.97000000E-02  2.94700000E-02  2.73800000E-02  2.73700000E-02  0.00000000E+00  0.00000000E+00  0.00000000E+00  0.00000000E+00  0.00000000E+00  0.00000000E+00  0.00000000E+00  0.00000000E+00  0.00000000E+00  0.00000000E+00
 7.90897275E+00  2.88100000E-02  2.90600000E-02  2.50200000E-02  2.58700000E-02  2.03300000E-02  2.48900000E-02  3.20400000E-02  3.09400000E-02  0.00000000E+00  0.00000000E+00  0.00000000E+00  0.00000000E+00  0.00000000E+00  0.00000000E+00  0.00000000E+00  0.00000000E+00  0.00000000E+00  0.00000000E+00
 7.92597275E+00  3.06700000E-02  3.41200000E-02  2.63500000E-02  2.72100000E-02  2.43800000E-02  2.25300000E-02  3.57100000E-02  3.50100000E-02  0.00000000E+00  0.00000000E+00  0.00000000E+00  0.00000000E+00  0.00000000E+00  0.00000000E+00  0.00000000E+00  0.00000000E+00  0.00000000E+00  0.00000000E+00
 7.94397275E+00  3.36200000E-02  3.80300000E-02  2.76800000E-02  2.83900000E-02  2.91200000E-02  2.28000000E-02  3.85100000E-02  3.78000000E-02  0.00000000E+00  0.00000000E+00  0.00000000E+00  0.00000000E+00  0.00000000E+00  0.00000000E+00  0.00000000E+00  0.00000000E+00  0.00000000E+00  0.00000000E+00
 7.96097275E+00  3.89000000E-02  4.02000000E-02  2.91600000E-02  2.93600000E-02  3.20600000E-02  2.45200000E-02  4.19200000E-02  3.97600000E-02  0.00000000E+00  0.00000000E+00  0.00000000E+00  0.00000000E+00  0.00000000E+00  0.00000000E+00  0.00000000E+00  0.00000000E+00  0.00000000E+00  0.00000000E+00
 7.97897275E+00  4.61000000E-02  4.17100000E-02  3.07000000E-02  3.04000000E-02  3.27800000E-02  2.63100000E-02  4.60100000E-02  4.18700000E-02  0.00000000E+00  0.00000000E+00  0.00000000E+00  0.00000000E+00  0.00000000E+00  0.00000000E+00  0.00000000E+00  0.00000000E+00  0.00000000E+00  0.00000000E+00
 7.99597275E+00  5.26300000E-02  4.34100000E-02  3.16200000E-02  3.12800000E-02  3.23800000E-02  2.75300000E-02  4.90700000E-02  4.37400000E-02  0.00000000E+00  0.00000000E+00  0.00000000E+00  0.00000000E+00  0.00000000E+00  0.00000000E+00  0.00000000E+00  0.00000000E+00  0.00000000E+00  0.00000000E+00
 8.01397275E+00  5.59800000E-02  4.51300000E-02  3.12800000E-02  3.15500000E-02  3.14100000E-02  2.86000000E-02  4.98000000E-02  4.43700000E-02  0.00000000E+00  0.00000000E+00  0.00000000E+00  0.00000000E+00  0.00000000E+00  0.00000000E+00  0.00000000E+00  0.00000000E+00  0.00000000E+00  0.00000000E+00
 8.03097275E+00  5.58800000E-02  4.67100000E-02  2.97200000E-02  3.11600000E-02  2.93700000E-02  3.01200000E-02  4.83000000E-02  4.37900000E-02  0.00000000E+00  0.00000000E+00  0.00000000E+00  0.00000000E+00  0.00000000E+00  0.00000000E+00  0.00000000E+00  0.00000000E+00  0.00000000E+00  0.00000000E+00
 8.04897275E+00  5.35200000E-02  4.85400000E-02  2.74500000E-02  3.02900000E-02  2.62200000E-02  3.14900000E-02  4.49700000E-02  4.28300000E-02  0.00000000E+00  0.00000000E+00  0.00000000E+00  0.00000000E+00  0.00000000E+00  0.00000000E+00  0.00000000E+00  0.00000000E+00  0.00000000E+00  0.00000000E+00
 8.06597275E+00  4.98700000E-02  5.05600000E-02  2.54200000E-02  2.88800000E-02  2.32600000E-02  3.12700000E-02  3.99600000E-02  4.15500000E-02  0.00000000E+00  0.00000000E+00  0.00000000E+00  0.00000000E+00  0.00000000E+00  0.00000000E+00  0.00000000E+00  0.00000000E+00  0.00000000E+00  0.00000000E+00
 8.08397275E+00  4.56500000E-02  5.17300000E-02  2.48700000E-02  2.70000000E-02  2.19900000E-02  2.90000000E-02  3.41500000E-02  3.92100000E-02  0.00000000E+00  0.00000000E+00  0.00000000E+00  0.00000000E+00  0.00000000E+00  0.00000000E+00  0.00000000E+00  0.00000000E+00  0.00000000E+00  0.00000000E+00
 8.10097275E+00  4.19800000E-02  5.11200000E-02  2.65600000E-02  2.56200000E-02  2.25800000E-02  2.60400000E-02  2.94100000E-02  3.57200000E-02  0.00000000E+00  0.00000000E+00  0.00000000E+00  0.00000000E+00  0.00000000E+00  0.00000000E+00  0.00000000E+00  0.00000000E+00  0.00000000E+00  0.00000000E+00
 8.11897275E+00  3.95300000E-02  4.89700000E-02  2.97800000E-02  2.61800000E-02  2.38600000E-02  2.41400000E-02  2.69100000E-02  3.21900000E-02  0.00000000E+00  0.00000000E+00  0.00000000E+00  0.00000000E+00  0.00000000E+00  0.00000000E+00  0.00000000E+00  0.00000000E+00  0.00000000E+00  0.00000000E+00
 8.13597275E+00  3.75400000E-02  4.61300000E-02  3.25100000E-02  2.90600000E-02  2.43700000E-02  2.36500000E-02  2.59600000E-02  2.96600000E-02  0.00000000E+00  0.00000000E+00  0.00000000E+00  0.00000000E+00  0.00000000E+00  0.00000000E+00  0.00000000E+00  0.00000000E+00  0.00000000E+00  0.00000000E+00
 8.15397275E+00  3.46400000E-02  4.28800000E-02  3.30400000E-02  3.26500000E-02  2.32800000E-02  2.34200000E-02  2.49400000E-02  2.79300000E-02  0.00000000E+00  0.00000000E+00  0.00000000E+00  0.00000000E+00  0.00000000E+00  0.00000000E+00  0.00000000E+00  0.00000000E+00  0.00000000E+00  0.00000000E+00
 8.17097275E+00  3.05600000E-02  3.89500000E-02  3.13800000E-02  3.46300000E-02  2.09400000E-02  2.22500000E-02  2.29400000E-02  2.60100000E-02  0.00000000E+00  0.00000000E+00  0.00000000E+00  0.00000000E+00  0.00000000E+00  0.00000000E+00  0.00000000E+00  0.00000000E+00  0.00000000E+00  0.00000000E+00
 8.18797275E+00  2.63400000E-02  3.43800000E-02  2.90700000E-02  3.39400000E-02  1.86900000E-02  2.01700000E-02  2.02100000E-02  2.32800000E-02  0.00000000E+00  0.00000000E+00  0.00000000E+00  0.00000000E+00  0.00000000E+00  0.00000000E+00  0.00000000E+00  0.00000000E+00  0.00000000E+00  0.00000000E+00
 8.20597275E+00  2.32200000E-02  2.97900000E-02  2.77700000E-02  3.15500000E-02  1.79600000E-02  1.84100000E-02  1.75700000E-02  2.00000000E-02  0.00000000E+00  0.00000000E+00  0.00000000E+00  0.00000000E+00  0.00000000E+00  0.00000000E+00  0.00000000E+00  0.00000000E+00  0.00000000E+00  0.00000000E+00
 8.22297275E+00  2.16900000E-02  2.58200000E-02  2.81800000E-02  2.93400000E-02  1.91400000E-02  1.83200000E-02  1.59400000E-02  1.68900000E-02  0.00000000E+00  0.00000000E+00  0.00000000E+00  0.00000000E+00  0.00000000E+00  0.00000000E+00  0.00000000E+00  0.00000000E+00  0.00000000E+00  0.00000000E+00
 8.24097275E+00  2.15600000E-02  2.27400000E-02  2.97800000E-02  2.84500000E-02  2.10500000E-02  2.01700000E-02  1.62300000E-02  1.47700000E-02  0.00000000E+00  0.00000000E+00  0.00000000E+00  0.00000000E+00  0.00000000E+00  0.00000000E+00  0.00000000E+00  0.00000000E+00  0.00000000E+00  0.00000000E+00
 8.25797275E+00  2.24400000E-02  2.07300000E-02  3.14500000E-02  2.87300000E-02  2.18300000E-02  2.27600000E-02  1.92900000E-02  1.45500000E-02  0.00000000E+00  0.00000000E+00  0.00000000E+00  0.00000000E+00  0.00000000E+00  0.00000000E+00  0.00000000E+00  0.00000000E+00  0.00000000E+00  0.00000000E+00
 8.27597275E+00  2.43000000E-02  2.01400000E-02  3.25300000E-02  2.94000000E-02  2.05800000E-02  2.42700000E-02  2.53400000E-02  1.71900000E-02  0.00000000E+00  0.00000000E+00  0.00000000E+00  0.00000000E+00  0.00000000E+00  0.00000000E+00  0.00000000E+00  0.00000000E+00  0.00000000E+00  0.00000000E+00
 8.29297275E+00  2.73400000E-02  2.14200000E-02  3.31000000E-02  3.00500000E-02  1.81700000E-02  2.36600000E-02  3.34900000E-02  2.31800000E-02  0.00000000E+00  0.00000000E+00  0.00000000E+00  0.00000000E+00  0.00000000E+00  0.00000000E+00  0.00000000E+00  0.00000000E+00  0.00000000E+00  0.00000000E+00
 8.31097275E+00  3.14500000E-02  2.47500000E-02  3.35000000E-02  3.08300000E-02  1.64500000E-02  2.14400000E-02  4.15400000E-02  3.17000000E-02  0.00000000E+00  0.00000000E+00  0.00000000E+00  0.00000000E+00  0.00000000E+00  0.00000000E+00  0.00000000E+00  0.00000000E+00  0.00000000E+00  0.00000000E+00
 8.32797275E+00  3.57800000E-02  2.96900000E-02  3.35700000E-02  3.18600000E-02  1.67900000E-02  1.91000000E-02  4.69300000E-02  4.04500000E-02  0.00000000E+00  0.00000000E+00  0.00000000E+00  0.00000000E+00  0.00000000E+00  0.00000000E+00  0.00000000E+00  0.00000000E+00  0.00000000E+00  0.00000000E+00
 8.34597275E+00  3.89800000E-02  3.52700000E-02  3.26400000E-02  3.27800000E-02  1.92900000E-02  1.80700000E-02  4.81700000E-02  4.68300000E-02  0.00000000E+00  0.00000000E+00  0.00000000E+00  0.00000000E+00  0.00000000E+00  0.00000000E+00  0.00000000E+00  0.00000000E+00  0.00000000E+00  0.00000000E+00
 8.36297275E+00  3.97600000E-02  4.00100000E-02  3.00900000E-02  3.27500000E-02  2.29100000E-02  1.89800000E-02  4.55900000E-02  4.93400000E-02  0.00000000E+00  0.00000000E+00  0.00000000E+00  0.00000000E+00  0.00000000E+00  0.00000000E+00  0.00000000E+00  0.00000000E+00  0.00000000E+00  0.00000000E+00
 8.38097275E+00  3.76400000E-02  4.22000000E-02  2.59700000E-02  3.09100000E-02  2.59900000E-02  2.15200000E-02  4.05500000E-02  4.78800000E-02  0.00000000E+00  0.00000000E+00  0.00000000E+00  0.00000000E+00  0.00000000E+00  0.00000000E+00  0.00000000E+00  0.00000000E+00  0.00000000E+00  0.00000000E+00
 8.39797275E+00  3.36500000E-02  4.06000000E-02  2.12700000E-02  2.70300000E-02  2.69000000E-02  2.45000000E-02  3.43600000E-02  4.31900000E-02  0.00000000E+00  0.00000000E+00  0.00000000E+00  0.00000000E+00  0.00000000E+00  0.00000000E+00  0.00000000E+00  0.00000000E+00  0.00000000E+00  0.00000000E+00
 8.41597275E+00  2.99400000E-02  3.55400000E-02  1.74800000E-02  2.18600000E-02  2.50400000E-02  2.63000000E-02  2.82000000E-02  3.64600000E-02  0.00000000E+00  0.00000000E+00  0.00000000E+00  0.00000000E+00  0.00000000E+00  0.00000000E+00  0.00000000E+00  0.00000000E+00  0.00000000E+00  0.00000000E+00
 8.43297275E+00  2.80900000E-02  2.91100000E-02  1.55700000E-02  1.70400000E-02  2.13800000E-02  2.57700000E-02  2.33800000E-02  2.92400000E-02  0.00000000E+00  0.00000000E+00  0.00000000E+00  0.00000000E+00  0.00000000E+00  0.00000000E+00  0.00000000E+00  0.00000000E+00  0.00000000E+00  0.00000000E+00
 8.45097275E+00  2.78800000E-02  2.40000000E-02  1.52800000E-02  1.42300000E-02  1.77800000E-02  2.31700000E-02  2.08800000E-02  2.32700000E-02  0.00000000E+00  0.00000000E+00  0.00000000E+00  0.00000000E+00  0.00000000E+00  0.00000000E+00  0.00000000E+00  0.00000000E+00  0.00000000E+00  0.00000000E+00
 8.46797275E+00  2.79700000E-02  2.19200000E-02  1.57900000E-02  1.40300000E-02  1.57500000E-02  2.00900000E-02  2.07300000E-02  1.99900000E-02  0.00000000E+00  0.00000000E+00  0.00000000E+00  0.00000000E+00  0.00000000E+00  0.00000000E+00  0.00000000E+00  0.00000000E+00  0.00000000E+00  0.00000000E+00
 8.48597275E+00  2.77500000E-02  2.27400000E-02  1.67300000E-02  1.56600000E-02  1.56900000E-02  1.82600000E-02  2.21100000E-02  1.99000000E-02  0.00000000E+00  0.00000000E+00  0.00000000E+00  0.00000000E+00  0.00000000E+00  0.00000000E+00  0.00000000E+00  0.00000000E+00  0.00000000E+00  0.00000000E+00
 8.50297275E+00  2.79000000E-02  2.49200000E-02  1.83700000E-02  1.75900000E-02  1.70300000E-02  1.83100000E-02  2.39900000E-02  2.21600000E-02  0.00000000E+00  0.00000000E+00  0.00000000E+00  0.00000000E+00  0.00000000E+00  0.00000000E+00  0.00000000E+00  0.00000000E+00  0.00000000E+00  0.00000000E+00
 8.52097275E+00  2.91900000E-02  2.68800000E-02  2.07800000E-02  1.88500000E-02  1.87900000E-02  1.94500000E-02  2.54700000E-02  2.48400000E-02  0.00000000E+00  0.00000000E+00  0.00000000E+00  0.00000000E+00  0.00000000E+00  0.00000000E+00  0.00000000E+00  0.00000000E+00  0.00000000E+00  0.00000000E+00
 8.53797275E+00  3.12500000E-02  2.80700000E-02  2.32500000E-02  1.95200000E-02  2.01600000E-02  2.03100000E-02  2.59100000E-02  2.60400000E-02  0.00000000E+00  0.00000000E+00  0.00000000E+00  0.00000000E+00  0.00000000E+00  0.00000000E+00  0.00000000E+00  0.00000000E+00  0.00000000E+00  0.00000000E+00
 8.55597275E+00  3.24600000E-02  2.87600000E-02  2.46000000E-02  2.01700000E-02  2.08700000E-02  2.00300000E-02  2.49600000E-02  2.49800000E-02  0.00000000E+00  0.00000000E+00  0.00000000E+00  0.00000000E+00  0.00000000E+00  0.00000000E+00  0.00000000E+00  0.00000000E+00  0.00000000E+00  0.00000000E+00
 8.57297275E+00  3.12100000E-02  2.93100000E-02  2.40700000E-02  2.09600000E-02  2.10700000E-02  1.88800000E-02  2.26500000E-02  2.24500000E-02  0.00000000E+00  0.00000000E+00  0.00000000E+00  0.00000000E+00  0.00000000E+00  0.00000000E+00  0.00000000E+00  0.00000000E+00  0.00000000E+00  0.00000000E+00
 8.59097275E+00  2.74300000E-02  2.96600000E-02  2.20300000E-02  2.17100000E-02  2.08400000E-02  1.78000000E-02  1.96700000E-02  1.99300000E-02  0.00000000E+00  0.00000000E+00  0.00000000E+00  0.00000000E+00  0.00000000E+00  0.00000000E+00  0.00000000E+00  0.00000000E+00  0.00000000E+00  0.00000000E+00
 8.60797275E+00  2.27600000E-02  2.95400000E-02  1.97200000E-02  2.21900000E-02  1.99700000E-02  1.74600000E-02  1.71400000E-02  1.84400000E-02  0.00000000E+00  0.00000000E+00  0.00000000E+00  0.00000000E+00  0.00000000E+00  0.00000000E+00  0.00000000E+00  0.00000000E+00  0.00000000E+00  0.00000000E+00
 8.62597275E+00  1.93300000E-02  2.87100000E-02  1.82700000E-02  2.22600000E-02  1.82700000E-02  1.76600000E-02  1.61200000E-02  1.79900000E-02  0.00000000E+00  0.00000000E+00  0.00000000E+00  0.00000000E+00  0.00000000E+00  0.00000000E+00  0.00000000E+00  0.00000000E+00  0.00000000E+00  0.00000000E+00
 8.64297275E+00  1.83900000E-02  2.72000000E-02  1.80700000E-02  2.18000000E-02  1.61200000E-02  1.76900000E-02  1.68400000E-02  1.79800000E-02  0.00000000E+00  0.00000000E+00  0.00000000E+00  0.00000000E+00  0.00000000E+00  0.00000000E+00  0.00000000E+00  0.00000000E+00  0.00000000E+00  0.00000000E+00
 8.65997275E+00  1.99300000E-02  2.52600000E-02  1.88900000E-02  2.07300000E-02  1.45200000E-02  1.70800000E-02  1.85200000E-02  1.77400000E-02  0.00000000E+00  0.00000000E+00  0.00000000E+00  0.00000000E+00  0.00000000E+00  0.00000000E+00  0.00000000E+00  0.00000000E+00  0.00000000E+00  0.00000000E+00
 8.67797275E+00  2.31000000E-02  2.35300000E-02  2.02800000E-02  1.93300000E-02  1.43600000E-02  1.61000000E-02  1.98800000E-02  1.69800000E-02  0.00000000E+00  0.00000000E+00  0.00000000E+00  0.00000000E+00  0.00000000E+00  0.00000000E+00  0.00000000E+00  0.00000000E+00  0.00000000E+00  0.00000000E+00
 8.69497275E+00  2.67900000E-02  2.30400000E-02  2.17300000E-02  1.83700000E-02  1.56900000E-02  1.54800000E-02  1.98600000E-02  1.59800000E-02  0.00000000E+00  0.00000000E+00  0.00000000E+00  0.00000000E+00  0.00000000E+00  0.00000000E+00  0.00000000E+00  0.00000000E+00  0.00000000E+00  0.00000000E+00
 8.71297275E+00  3.03400000E-02  2.49000000E-02  2.29200000E-02  1.88300000E-02  1.77600000E-02  1.57400000E-02  1.83400000E-02  1.53800000E-02  0.00000000E+00  0.00000000E+00  0.00000000E+00  0.00000000E+00  0.00000000E+00  0.00000000E+00  0.00000000E+00  0.00000000E+00  0.00000000E+00  0.00000000E+00
 8.72997275E+00  3.37500000E-02  2.95400000E-02  2.39700000E-02  2.13200000E-02  1.96300000E-02  1.68900000E-02  1.61700000E-02  1.57900000E-02  0.00000000E+00  0.00000000E+00  0.00000000E+00  0.00000000E+00  0.00000000E+00  0.00000000E+00  0.00000000E+00  0.00000000E+00  0.00000000E+00  0.00000000E+00
 8.74797275E+00  3.71800000E-02  3.58800000E-02  2.52600000E-02  2.55900000E-02  2.07600000E-02  1.85900000E-02  1.45000000E-02  1.73700000E-02  0.00000000E+00  0.00000000E+00  0.00000000E+00  0.00000000E+00  0.00000000E+00  0.00000000E+00  0.00000000E+00  0.00000000E+00  0.00000000E+00  0.00000000E+00
 8.76497275E+00  3.99100000E-02  4.14300000E-02  2.68500000E-02  3.03500000E-02  2.11300000E-02  2.02100000E-02  1.39400000E-02  1.96200000E-02  0.00000000E+00  0.00000000E+00  0.00000000E+00  0.00000000E+00  0.00000000E+00  0.00000000E+00  0.00000000E+00  0.00000000E+00  0.00000000E+00  0.00000000E+00
 8.78297275E+00  4.03700000E-02  4.38300000E-02  2.80800000E-02  3.37800000E-02  2.11100000E-02  2.10000000E-02  1.42500000E-02  2.14400000E-02  0.00000000E+00  0.00000000E+00  0.00000000E+00  0.00000000E+00  0.00000000E+00  0.00000000E+00  0.00000000E+00  0.00000000E+00  0.00000000E+00  0.00000000E+00
 8.79997275E+00  3.74800000E-02  4.25400000E-02  2.79900000E-02  3.44400000E-02  2.10200000E-02  2.05000000E-02  1.48000000E-02  2.18300000E-02  0.00000000E+00  0.00000000E+00  0.00000000E+00  0.00000000E+00  0.00000000E+00  0.00000000E+00  0.00000000E+00  0.00000000E+00  0.00000000E+00  0.00000000E+00
 8.81797275E+00  3.19500000E-02  3.87300000E-02  2.61800000E-02  3.20400000E-02  2.08900000E-02  1.90800000E-02  1.50800000E-02  2.06200000E-02  0.00000000E+00  0.00000000E+00  0.00000000E+00  0.00000000E+00  0.00000000E+00  0.00000000E+00  0.00000000E+00  0.00000000E+00  0.00000000E+00  0.00000000E+00
 8.83497275E+00  2.60900000E-02  3.38200000E-02  2.32100000E-02  2.75400000E-02  2.05300000E-02  1.77900000E-02  1.51100000E-02  1.85300000E-02  0.00000000E+00  0.00000000E+00  0.00000000E+00  0.00000000E+00  0.00000000E+00  0.00000000E+00  0.00000000E+00  0.00000000E+00  0.00000000E+00  0.00000000E+00
 8.85297275E+00  2.23400000E-02  2.87300000E-02  2.02600000E-02  2.26500000E-02  1.99900000E-02  1.76600000E-02  1.55800000E-02  1.66300000E-02  0.00000000E+00  0.00000000E+00  0.00000000E+00  0.00000000E+00  0.00000000E+00  0.00000000E+00  0.00000000E+00  0.00000000E+00  0.00000000E+00  0.00000000E+00
 8.86997275E+00  2.19800000E-02  2.45000000E-02  1.85400000E-02  1.90700000E-02  1.98600000E-02  1.89500000E-02  1.78200000E-02  1.58500000E-02  0.00000000E+00  0.00000000E+00  0.00000000E+00  0.00000000E+00  0.00000000E+00  0.00000000E+00  0.00000000E+00  0.00000000E+00  0.00000000E+00  0.00000000E+00
 8.88797275E+00  2.47400000E-02  2.24800000E-02  1.87900000E-02  1.75900000E-02  2.09400000E-02  2.09200000E-02  2.28200000E-02  1.68200000E-02  0.00000000E+00  0.00000000E+00  0.00000000E+00  0.00000000E+00  0.00000000E+00  0.00000000E+00  0.00000000E+00  0.00000000E+00  0.00000000E+00  0.00000000E+00
 8.90497275E+00  2.90100000E-02  2.35000000E-02  2.08100000E-02  1.79000000E-02  2.36800000E-02  2.24400000E-02  2.97300000E-02  1.98600000E-02  0.00000000E+00  0.00000000E+00  0.00000000E+00  0.00000000E+00  0.00000000E+00  0.00000000E+00  0.00000000E+00  0.00000000E+00  0.00000000E+00  0.00000000E+00
 8.92297275E+00  3.24800000E-02  2.68600000E-02  2.33200000E-02  1.92200000E-02  2.77900000E-02  2.33000000E-02  3.54700000E-02  2.46300000E-02  0.00000000E+00  0.00000000E+00  0.00000000E+00  0.00000000E+00  0.00000000E+00  0.00000000E+00  0.00000000E+00  0.00000000E+00  0.00000000E+00  0.00000000E+00
 8.93997275E+00  3.33300000E-02  3.04300000E-02  2.44100000E-02  2.08700000E-02  3.23900000E-02  2.46700000E-02  3.68000000E-02  2.96600000E-02  0.00000000E+00  0.00000000E+00  0.00000000E+00  0.00000000E+00  0.00000000E+00  0.00000000E+00  0.00000000E+00  0.00000000E+00  0.00000000E+00  0.00000000E+00
 8.95797275E+00  3.12700000E-02  3.17800000E-02  2.28400000E-02  2.20400000E-02  3.64100000E-02  2.80200000E-02  3.30000000E-02  3.25500000E-02  0.00000000E+00  0.00000000E+00  0.00000000E+00  0.00000000E+00  0.00000000E+00  0.00000000E+00  0.00000000E+00  0.00000000E+00  0.00000000E+00  0.00000000E+00
 8.97497275E+00  2.76000000E-02  2.98100000E-02  1.91600000E-02  2.17400000E-02  3.90700000E-02  3.32700000E-02  2.63900000E-02  3.16400000E-02  0.00000000E+00  0.00000000E+00  0.00000000E+00  0.00000000E+00  0.00000000E+00  0.00000000E+00  0.00000000E+00  0.00000000E+00  0.00000000E+00  0.00000000E+00
 8.99297275E+00  2.41900000E-02  2.54700000E-02  1.52900000E-02  1.94700000E-02  4.00400000E-02  3.84900000E-02  2.01700000E-02  2.73600000E-02  0.00000000E+00  0.00000000E+00  0.00000000E+00  0.00000000E+00  0.00000000E+00  0.00000000E+00  0.00000000E+00  0.00000000E+00  0.00000000E+00  0.00000000E+00
 9.00997275E+00  2.21700000E-02  2.09300000E-02  1.29800000E-02  1.59100000E-02  3.90800000E-02  4.15300000E-02  1.61500000E-02  2.19400000E-02  0.00000000E+00  0.00000000E+00  0.00000000E+00  0.00000000E+00  0.00000000E+00  0.00000000E+00  0.00000000E+00  0.00000000E+00  0.00000000E+00  0.00000000E+00
 9.02797275E+00  2.13500000E-02  1.79300000E-02  1.26100000E-02  1.26600000E-02  3.60400000E-02  4.15700000E-02  1.43800000E-02  1.76500000E-02  0.00000000E+00  0.00000000E+00  0.00000000E+00  0.00000000E+00  0.00000000E+00  0.00000000E+00  0.00000000E+00  0.00000000E+00  0.00000000E+00  0.00000000E+00
 9.04497275E+00  2.05000000E-02  1.68200000E-02  1.32500000E-02  1.11700000E-02  3.11800000E-02  3.90900000E-02  1.39200000E-02  1.55400000E-02  0.00000000E+00  0.00000000E+00  0.00000000E+00  0.00000000E+00  0.00000000E+00  0.00000000E+00  0.00000000E+00  0.00000000E+00  0.00000000E+00  0.00000000E+00
 9.06297275E+00  1.85100000E-02  1.67400000E-02  1.36800000E-02  1.17300000E-02  2.53300000E-02  3.48600000E-02  1.37100000E-02  1.53100000E-02  0.00000000E+00  0.00000000E+00  0.00000000E+00  0.00000000E+00  0.00000000E+00  0.00000000E+00  0.00000000E+00  0.00000000E+00  0.00000000E+00  0.00000000E+00
 9.07997275E+00  1.53500000E-02  1.64700000E-02  1.33700000E-02  1.32700000E-02  1.96500000E-02  2.93600000E-02  1.31800000E-02  1.57700000E-02  0.00000000E+00  0.00000000E+00  0.00000000E+00  0.00000000E+00  0.00000000E+00  0.00000000E+00  0.00000000E+00  0.00000000E+00  0.00000000E+00  0.00000000E+00
 9.09797275E+00  1.20700000E-02  1.51200000E-02  1.27500000E-02  1.41400000E-02  1.51500000E-02  2.30600000E-02  1.24100000E-02  1.55400000E-02  0.00000000E+00  0.00000000E+00  0.00000000E+00  0.00000000E+00  0.00000000E+00  0.00000000E+00  0.00000000E+00  0.00000000E+00  0.00000000E+00  0.00000000E+00
 9.11497275E+00  9.83000000E-03  1.26600000E-02  1.26400000E-02  1.33700000E-02  1.24400000E-02  1.69000000E-02  1.19400000E-02  1.39800000E-02  0.00000000E+00  0.00000000E+00  0.00000000E+00  0.00000000E+00  0.00000000E+00  0.00000000E+00  0.00000000E+00  0.00000000E+00  0.00000000E+00  0.00000000E+00
 9.13197275E+00  9.00700000E-03  9.94200000E-03  1.33800000E-02  1.15300000E-02  1.17100000E-02  1.21300000E-02  1.21600000E-02  1.17600000E-02  0.00000000E+00  0.00000000E+00  0.00000000E+00  0.00000000E+00  0.00000000E+00  0.00000000E+00  0.00000000E+00  0.00000000E+00  0.00000000E+00  0.00000000E+00
 9.14997275E+00  9.16500000E-03  8.11000000E-03  1.46000000E-02  1.02800000E-02  1.27100000E-02  9.87800000E-03  1.29100000E-02  1.03600000E-02  0.00000000E+00  0.00000000E+00  0.00000000E+00  0.00000000E+00  0.00000000E+00  0.00000000E+00  0.00000000E+00  0.00000000E+00  0.00000000E+00  0.00000000E+00
 9.16697275E+00  9.73800000E-03  7.69800000E-03  1.57700000E-02  1.07700000E-02  1.50700000E-02  1.04200000E-02  1.37800000E-02  1.07400000E-02  0.00000000E+00  0.00000000E+00  0.00000000E+00  0.00000000E+00  0.00000000E+00  0.00000000E+00  0.00000000E+00  0.00000000E+00  0.00000000E+00  0.00000000E+00
 9.18497275E+00  1.06100000E-02  8.22200000E-03  1.68100000E-02  1.26000000E-02  1.87300000E-02  1.30400000E-02  1.47100000E-02  1.24500000E-02  0.00000000E+00  0.00000000E+00  0.00000000E+00  0.00000000E+00  0.00000000E+00  0.00000000E+00  0.00000000E+00  0.00000000E+00  0.00000000E+00  0.00000000E+00
 9.20197275E+00  1.21200000E-02  8.74900000E-03  1.81200000E-02  1.43600000E-02  2.38300000E-02  1.66700000E-02  1.61400000E-02  1.41500000E-02  0.00000000E+00  0.00000000E+00  0.00000000E+00  0.00000000E+00  0.00000000E+00  0.00000000E+00  0.00000000E+00  0.00000000E+00  0.00000000E+00  0.00000000E+00
 9.21997275E+00  1.45300000E-02  8.89100000E-03  1.98500000E-02  1.51700000E-02  2.98500000E-02  2.09300000E-02  1.84400000E-02  1.50400000E-02  0.00000000E+00  0.00000000E+00  0.00000000E+00  0.00000000E+00  0.00000000E+00  0.00000000E+00  0.00000000E+00  0.00000000E+00  0.00000000E+00  0.00000000E+00
 9.23697275E+00  1.76000000E-02  9.17400000E-03  2.17600000E-02  1.56500000E-02  3.51800000E-02  2.61100000E-02  2.15900000E-02  1.56700000E-02  0.00000000E+00  0.00000000E+00  0.00000000E+00  0.00000000E+00  0.00000000E+00  0.00000000E+00  0.00000000E+00  0.00000000E+00  0.00000000E+00  0.00000000E+00
 9.25497275E+00  2.06700000E-02  1.04400000E-02  2.36100000E-02  1.72600000E-02  3.78200000E-02  3.18400000E-02  2.53100000E-02  1.72300000E-02  0.00000000E+00  0.00000000E+00  0.00000000E+00  0.00000000E+00  0.00000000E+00  0.00000000E+00  0.00000000E+00  0.00000000E+00  0.00000000E+00  0.00000000E+00
 9.27197275E+00  2.30100000E-02  1.30600000E-02  2.54400000E-02  2.07500000E-02  3.68000000E-02  3.63100000E-02  2.92100000E-02  2.04900000E-02  0.00000000E+00  0.00000000E+00  0.00000000E+00  0.00000000E+00  0.00000000E+00  0.00000000E+00  0.00000000E+00  0.00000000E+00  0.00000000E+00  0.00000000E+00
 9.28997275E+00  2.42100000E-02  1.67700000E-02  2.70100000E-02  2.54100000E-02  3.27300000E-02  3.73400000E-02  3.24600000E-02  2.52900000E-02  0.00000000E+00  0.00000000E+00  0.00000000E+00  0.00000000E+00  0.00000000E+00  0.00000000E+00  0.00000000E+00  0.00000000E+00  0.00000000E+00  0.00000000E+00
 9.30697275E+00  2.43500000E-02  2.07500000E-02  2.75800000E-02  2.95300000E-02  2.71600000E-02  3.43900000E-02  3.39900000E-02  3.06100000E-02  0.00000000E+00  0.00000000E+00  0.00000000E+00  0.00000000E+00  0.00000000E+00  0.00000000E+00  0.00000000E+00  0.00000000E+00  0.00000000E+00  0.00000000E+00
 9.32497275E+00  2.39000000E-02  2.38300000E-02  2.66000000E-02  3.13600000E-02  2.15700000E-02  2.88900000E-02  3.34600000E-02  3.47200000E-02  0.00000000E+00  0.00000000E+00  0.00000000E+00  0.00000000E+00  0.00000000E+00  0.00000000E+00  0.00000000E+00  0.00000000E+00  0.00000000E+00  0.00000000E+00
 9.34197275E+00  2.34500000E-02  2.49900000E-02  2.46300000E-02  3.01100000E-02  1.69900000E-02  2.28900000E-02  3.17900000E-02  3.59300000E-02  0.00000000E+00  0.00000000E+00  0.00000000E+00  0.00000000E+00  0.00000000E+00  0.00000000E+00  0.00000000E+00  0.00000000E+00  0.00000000E+00  0.00000000E+00
 9.35997275E+00  2.33100000E-02  2.43100000E-02  2.30200000E-02  2.65500000E-02  1.42200000E-02  1.77900000E-02  3.05300000E-02  3.41300000E-02  0.00000000E+00  0.00000000E+00  0.00000000E+00  0.00000000E+00  0.00000000E+00  0.00000000E+00  0.00000000E+00  0.00000000E+00  0.00000000E+00  0.00000000E+00
 9.37697275E+00  2.31700000E-02  2.31600000E-02  2.26700000E-02  2.26000000E-02  1.37400000E-02  1.42000000E-02  3.04600000E-02  3.12700000E-02  0.00000000E+00  0.00000000E+00  0.00000000E+00  0.00000000E+00  0.00000000E+00  0.00000000E+00  0.00000000E+00  0.00000000E+00  0.00000000E+00  0.00000000E+00
 9.39497275E+00  2.23100000E-02  2.29100000E-02  2.33300000E-02  2.00300000E-02  1.52300000E-02  1.24300000E-02  3.11700000E-02  2.99000000E-02  0.00000000E+00  0.00000000E+00  0.00000000E+00  0.00000000E+00  0.00000000E+00  0.00000000E+00  0.00000000E+00  0.00000000E+00  0.00000000E+00  0.00000000E+00
 9.41197275E+00  2.04100000E-02  2.36400000E-02  2.40400000E-02  1.95000000E-02  1.72600000E-02  1.25900000E-02  3.16600000E-02  3.10800000E-02  0.00000000E+00  0.00000000E+00  0.00000000E+00  0.00000000E+00  0.00000000E+00  0.00000000E+00  0.00000000E+00  0.00000000E+00  0.00000000E+00  0.00000000E+00
 9.42997275E+00  1.81500000E-02  2.43400000E-02  2.40500000E-02  2.07600000E-02  1.79700000E-02  1.43000000E-02  3.11900000E-02  3.38100000E-02  0.00000000E+00  0.00000000E+00  0.00000000E+00  0.00000000E+00  0.00000000E+00  0.00000000E+00  0.00000000E+00  0.00000000E+00  0.00000000E+00  0.00000000E+00
 9.44697275E+00  1.68300000E-02  2.41700000E-02  2.34200000E-02  2.30300000E-02  1.65800000E-02  1.62900000E-02  2.99300000E-02  3.59800000E-02  0.00000000E+00  0.00000000E+00  0.00000000E+00  0.00000000E+00  0.00000000E+00  0.00000000E+00  0.00000000E+00  0.00000000E+00  0.00000000E+00  0.00000000E+00
 9.46497275E+00  1.72900000E-02  2.32500000E-02  2.29600000E-02  2.52000000E-02  1.41700000E-02  1.70300000E-02  2.87900000E-02  3.57900000E-02  0.00000000E+00  0.00000000E+00  0.00000000E+00  0.00000000E+00  0.00000000E+00  0.00000000E+00  0.00000000E+00  0.00000000E+00  0.00000000E+00  0.00000000E+00
 9.48197275E+00  1.91400000E-02  2.21600000E-02  2.33000000E-02  2.61000000E-02  1.27200000E-02  1.58600000E-02  2.85600000E-02  3.28800000E-02  0.00000000E+00  0.00000000E+00  0.00000000E+00  0.00000000E+00  0.00000000E+00  0.00000000E+00  0.00000000E+00  0.00000000E+00  0.00000000E+00  0.00000000E+00
 9.49997275E+00  2.10600000E-02  2.13400000E-02  2.39500000E-02  2.53400000E-02  1.33300000E-02  1.37000000E-02  2.87500000E-02  2.86200000E-02  0.00000000E+00  0.00000000E+00  0.00000000E+00  0.00000000E+00  0.00000000E+00  0.00000000E+00  0.00000000E+00  0.00000000E+00  0.00000000E+00  0.00000000E+00
 9.51697275E+00  2.17200000E-02  2.08700000E-02  2.35700000E-02  2.37600000E-02  1.53900000E-02  1.24500000E-02  2.79300000E-02  2.50800000E-02  0.00000000E+00  0.00000000E+00  0.00000000E+00  0.00000000E+00  0.00000000E+00  0.00000000E+00  0.00000000E+00  0.00000000E+00  0.00000000E+00  0.00000000E+00
 9.53497275E+00  2.06200000E-02  2.06200000E-02  2.12100000E-02  2.24800000E-02  1.74700000E-02  1.34400000E-02  2.52300000E-02  2.33000000E-02  0.00000000E+00  0.00000000E+00  0.00000000E+00  0.00000000E+00  0.00000000E+00  0.00000000E+00  0.00000000E+00  0.00000000E+00  0.00000000E+00  0.00000000E+00
 9.55197275E+00  1.84200000E-02  2.02700000E-02  1.73300000E-02  2.15600000E-02  1.87800000E-02  1.64000000E-02  2.13300000E-02  2.25300000E-02  0.00000000E+00  0.00000000E+00  0.00000000E+00  0.00000000E+00  0.00000000E+00  0.00000000E+00  0.00000000E+00  0.00000000E+00  0.00000000E+00  0.00000000E+00
 9.56897275E+00  1.63300000E-02  1.92800000E-02  1.33900000E-02  2.00700000E-02  1.97100000E-02  1.95600000E-02  1.77300000E-02  2.12000000E-02  0.00000000E+00  0.00000000E+00  0.00000000E+00  0.00000000E+00  0.00000000E+00  0.00000000E+00  0.00000000E+00  0.00000000E+00  0.00000000E+00  0.00000000E+00
 9.58697275E+00  1.52000000E-02  1.73900000E-02  1.06300000E-02  1.74500000E-02  2.07600000E-02  2.11500000E-02  1.52000000E-02  1.85500000E-02  0.00000000E+00  0.00000000E+00  0.00000000E+00  0.00000000E+00  0.00000000E+00  0.00000000E+00  0.00000000E+00  0.00000000E+00  0.00000000E+00  0.00000000E+00
 9.60397275E+00  1.49700000E-02  1.50900000E-02  9.25800000E-03  1.42600000E-02  2.14000000E-02  2.09700000E-02  1.33900000E-02  1.51600000E-02  0.00000000E+00  0.00000000E+00  0.00000000E+00  0.00000000E+00  0.00000000E+00  0.00000000E+00  0.00000000E+00  0.00000000E+00  0.00000000E+00  0.00000000E+00
 9.62197275E+00  1.50300000E-02  1.33900000E-02  8.67700000E-03  1.16700000E-02  2.05700000E-02  2.02200000E-02  1.15200000E-02  1.22000000E-02  0.00000000E+00  0.00000000E+00  0.00000000E+00  0.00000000E+00  0.00000000E+00  0.00000000E+00  0.00000000E+00  0.00000000E+00  0.00000000E+00  0.00000000E+00
 9.63897275E+00  1.48400000E-02  1.30200000E-02  8.29000000E-03  1.02900000E-02  1.80900000E-02  1.99400000E-02  9.31900000E-03  1.05000000E-02  0.00000000E+00  0.00000000E+00  0.00000000E+00  0.00000000E+00  0.00000000E+00  0.00000000E+00  0.00000000E+00  0.00000000E+00  0.00000000E+00  0.00000000E+00
 9.65697275E+00  1.44500000E-02  1.39100000E-02  8.04800000E-03  9.84900000E-03  1.50000000E-02  1.99800000E-02  7.24700000E-03  1.00600000E-02  0.00000000E+00  0.00000000E+00  0.00000000E+00  0.00000000E+00  0.00000000E+00  0.00000000E+00  0.00000000E+00  0.00000000E+00  0.00000000E+00  0.00000000E+00
 9.67397275E+00  1.43200000E-02  1.54700000E-02  8.37000000E-03  9.76900000E-03  1.25400000E-02  1.98600000E-02  6.06600000E-03  1.02600000E-02  0.00000000E+00  0.00000000E+00  0.00000000E+00  0.00000000E+00  0.00000000E+00  0.00000000E+00  0.00000000E+00  0.00000000E+00  0.00000000E+00  0.00000000E+00
 9.69197275E+00  1.48500000E-02  1.71600000E-02  9.66400000E-03  9.92800000E-03  1.14100000E-02  2.00000000E-02  6.34700000E-03  1.05000000E-02  0.00000000E+00  0.00000000E+00  0.00000000E+00  0.00000000E+00  0.00000000E+00  0.00000000E+00  0.00000000E+00  0.00000000E+00  0.00000000E+00  0.00000000E+00
 9.70897275E+00  1.61700000E-02  1.87900000E-02  1.19300000E-02  1.07000000E-02  1.17800000E-02  2.19000000E-02  8.14000000E-03  1.06700000E-02  0.00000000E+00  0.00000000E+00  0.00000000E+00  0.00000000E+00  0.00000000E+00  0.00000000E+00  0.00000000E+00  0.00000000E+00  0.00000000E+00  0.00000000E+00
 9.72697275E+00  1.81500000E-02  2.03300000E-02  1.47200000E-02  1.23500000E-02  1.37000000E-02  2.70100000E-02  1.09100000E-02  1.10700000E-02  0.00000000E+00  0.00000000E+00  0.00000000E+00  0.00000000E+00  0.00000000E+00  0.00000000E+00  0.00000000E+00  0.00000000E+00  0.00000000E+00  0.00000000E+00
 9.74397275E+00  2.05000000E-02  2.18200000E-02  1.74100000E-02  1.44900000E-02  1.71100000E-02  3.47600000E-02  1.37800000E-02  1.19700000E-02  0.00000000E+00  0.00000000E+00  0.00000000E+00  0.00000000E+00  0.00000000E+00  0.00000000E+00  0.00000000E+00  0.00000000E+00  0.00000000E+00  0.00000000E+00
 9.76197275E+00  2.27400000E-02  2.31000000E-02  1.95000000E-02  1.62400000E-02  2.17700000E-02  4.18900000E-02  1.60800000E-02  1.32300000E-02  0.00000000E+00  0.00000000E+00  0.00000000E+00  0.00000000E+00  0.00000000E+00  0.00000000E+00  0.00000000E+00  0.00000000E+00  0.00000000E+00  0.00000000E+00
 9.77897275E+00  2.41900000E-02  2.38500000E-02  2.07700000E-02  1.68900000E-02  2.69100000E-02  4.45100000E-02  1.76400000E-02  1.43100000E-02  0.00000000E+00  0.00000000E+00  0.00000000E+00  0.00000000E+00  0.00000000E+00  0.00000000E+00  0.00000000E+00  0.00000000E+00  0.00000000E+00  0.00000000E+00
 9.79697275E+00  2.41800000E-02  2.37300000E-02  2.11500000E-02  1.64800000E-02  3.10400000E-02  4.14800000E-02  1.85000000E-02  1.47000000E-02  0.00000000E+00  0.00000000E+00  0.00000000E+00  0.00000000E+00  0.00000000E+00  0.00000000E+00  0.00000000E+00  0.00000000E+00  0.00000000E+00  0.00000000E+00
 9.81397275E+00  2.25500000E-02  2.27800000E-02  2.06000000E-02  1.56800000E-02  3.25000000E-02  3.52000000E-02  1.85000000E-02  1.42900000E-02  0.00000000E+00  0.00000000E+00  0.00000000E+00  0.00000000E+00  0.00000000E+00  0.00000000E+00  0.00000000E+00  0.00000000E+00  0.00000000E+00  0.00000000E+00
 9.83197275E+00  1.99200000E-02  2.14500000E-02  1.92300000E-02  1.53300000E-02  3.08300000E-02  2.89300000E-02  1.73800000E-02  1.33700000E-02  0.00000000E+00  0.00000000E+00  0.00000000E+00  0.00000000E+00  0.00000000E+00  0.00000000E+00  0.00000000E+00  0.00000000E+00  0.00000000E+00  0.00000000E+00
 9.84897275E+00  1.75300000E-02  2.02300000E-02  1.75600000E-02  1.57900000E-02  2.72000000E-02  2.42800000E-02  1.54000000E-02  1.23600000E-02  0.00000000E+00  0.00000000E+00  0.00000000E+00  0.00000000E+00  0.00000000E+00  0.00000000E+00  0.00000000E+00  0.00000000E+00  0.00000000E+00  0.00000000E+00
 9.86697275E+00  1.65000000E-02  1.92900000E-02  1.64700000E-02  1.67000000E-02  2.34900000E-02  2.11200000E-02  1.35800000E-02  1.15400000E-02  0.00000000E+00  0.00000000E+00  0.00000000E+00  0.00000000E+00  0.00000000E+00  0.00000000E+00  0.00000000E+00  0.00000000E+00  0.00000000E+00  0.00000000E+00
 9.88397275E+00  1.70600000E-02  1.86000000E-02  1.66600000E-02  1.74200000E-02  2.08300000E-02  1.88700000E-02  1.29800000E-02  1.10800000E-02  0.00000000E+00  0.00000000E+00  0.00000000E+00  0.00000000E+00  0.00000000E+00  0.00000000E+00  0.00000000E+00  0.00000000E+00  0.00000000E+00  0.00000000E+00
 9.90197275E+00  1.83200000E-02  1.82500000E-02  1.80600000E-02  1.77000000E-02  1.93200000E-02  1.71500000E-02  1.38100000E-02  1.11300000E-02  0.00000000E+00  0.00000000E+00  0.00000000E+00  0.00000000E+00  0.00000000E+00  0.00000000E+00  0.00000000E+00  0.00000000E+00  0.00000000E+00  0.00000000E+00
 9.91897275E+00  1.88800000E-02  1.82800000E-02  1.98200000E-02  1.78200000E-02  1.86300000E-02  1.57600000E-02  1.52800000E-02  1.16100000E-02  0.00000000E+00  0.00000000E+00  0.00000000E+00  0.00000000E+00  0.00000000E+00  0.00000000E+00  0.00000000E+00  0.00000000E+00  0.00000000E+00  0.00000000E+00
 9.93697275E+00  1.79500000E-02  1.82600000E-02  2.08100000E-02  1.80100000E-02  1.86200000E-02  1.45700000E-02  1.61800000E-02  1.20900000E-02  0.00000000E+00  0.00000000E+00  0.00000000E+00  0.00000000E+00  0.00000000E+00  0.00000000E+00  0.00000000E+00  0.00000000E+00  0.00000000E+00  0.00000000E+00
 9.95397275E+00  1.57800000E-02  1.74400000E-02  2.03100000E-02  1.80100000E-02  1.91500000E-02  1.34900000E-02  1.58300000E-02  1.21400000E-02  0.00000000E+00  0.00000000E+00  0.00000000E+00  0.00000000E+00  0.00000000E+00  0.00000000E+00  0.00000000E+00  0.00000000E+00  0.00000000E+00  0.00000000E+00
 9.97197275E+00  1.33700000E-02  1.55100000E-02  1.84800000E-02  1.74200000E-02  1.96300000E-02  1.25100000E-02  1.45300000E-02  1.17900000E-02  0.00000000E+00  0.00000000E+00  0.00000000E+00  0.00000000E+00  0.00000000E+00  0.00000000E+00  0.00000000E+00  0.00000000E+00  0.00000000E+00  0.00000000E+00
 9.98897275E+00  1.17300000E-02  1.30700000E-02  1.61800000E-02  1.62000000E-02  1.92600000E-02  1.17300000E-02  1.32300000E-02  1.15300000E-02  0.00000000E+00  0.00000000E+00  0.00000000E+00  0.00000000E+00  0.00000000E+00  0.00000000E+00  0.00000000E+00  0.00000000E+00  0.00000000E+00  0.00000000E+00
 1.00069727E+01  1.13000000E-02  1.11800000E-02  1.42000000E-02  1.47800000E-02  1.76800000E-02  1.13100000E-02  1.26000000E-02  1.18700000E-02  0.00000000E+00  0.00000000E+00  0.00000000E+00  0.00000000E+00  0.00000000E+00  0.00000000E+00  0.00000000E+00  0.00000000E+00  0.00000000E+00  0.00000000E+00
 1.00239728E+01  1.16200000E-02  1.05500000E-02  1.27600000E-02  1.37800000E-02  1.53900000E-02  1.13000000E-02  1.24900000E-02  1.29400000E-02  0.00000000E+00  0.00000000E+00  0.00000000E+00  0.00000000E+00  0.00000000E+00  0.00000000E+00  0.00000000E+00  0.00000000E+00  0.00000000E+00  0.00000000E+00
 1.00409727E+01  1.17100000E-02  1.10300000E-02  1.15400000E-02  1.34300000E-02  1.33700000E-02  1.15200000E-02  1.21800000E-02  1.44000000E-02  0.00000000E+00  0.00000000E+00  0.00000000E+00  0.00000000E+00  0.00000000E+00  0.00000000E+00  0.00000000E+00  0.00000000E+00  0.00000000E+00  0.00000000E+00
 1.00589728E+01  1.08900000E-02  1.17200000E-02  1.02600000E-02  1.33100000E-02  1.23600000E-02  1.17600000E-02  1.12400000E-02  1.55200000E-02  0.00000000E+00  0.00000000E+00  0.00000000E+00  0.00000000E+00  0.00000000E+00  0.00000000E+00  0.00000000E+00  0.00000000E+00  0.00000000E+00  0.00000000E+00
 1.00759728E+01  9.37400000E-03  1.16500000E-02  8.95400000E-03  1.26800000E-02  1.22800000E-02  1.20500000E-02  1.00900000E-02  1.55500000E-02  0.00000000E+00  0.00000000E+00  0.00000000E+00  0.00000000E+00  0.00000000E+00  0.00000000E+00  0.00000000E+00  0.00000000E+00  0.00000000E+00  0.00000000E+00
 1.00939728E+01  7.95000000E-03  1.05400000E-02  7.85100000E-03  1.12100000E-02  1.25000000E-02  1.26100000E-02  9.73900000E-03  1.44700000E-02  0.00000000E+00  0.00000000E+00  0.00000000E+00  0.00000000E+00  0.00000000E+00  0.00000000E+00  0.00000000E+00  0.00000000E+00  0.00000000E+00  0.00000000E+00
 1.01109728E+01  7.20400000E-03  8.92500000E-03  7.21200000E-03  9.32500000E-03  1.23200000E-02  1.33000000E-02  1.09700000E-02  1.33200000E-02  0.00000000E+00  0.00000000E+00  0.00000000E+00  0.00000000E+00  0.00000000E+00  0.00000000E+00  0.00000000E+00  0.00000000E+00  0.00000000E+00  0.00000000E+00
 1.01289728E+01  7.09900000E-03  7.68700000E-03  7.23400000E-03  7.79700000E-03  1.15400000E-02  1.34300000E-02  1.35400000E-02  1.36300000E-02  0.00000000E+00  0.00000000E+00  0.00000000E+00  0.00000000E+00  0.00000000E+00  0.00000000E+00  0.00000000E+00  0.00000000E+00  0.00000000E+00  0.00000000E+00
 1.01459728E+01  7.15900000E-03  7.31000000E-03  7.98200000E-03  7.18500000E-03  1.04300000E-02  1.23400000E-02  1.60700000E-02  1.61100000E-02  0.00000000E+00  0.00000000E+00  0.00000000E+00  0.00000000E+00  0.00000000E+00  0.00000000E+00  0.00000000E+00  0.00000000E+00  0.00000000E+00  0.00000000E+00
 1.01639727E+01  6.96400000E-03  7.63500000E-03  9.27400000E-03  7.58800000E-03  9.36600000E-03  1.01500000E-02  1.70100000E-02  1.97900000E-02  0.00000000E+00  0.00000000E+00  0.00000000E+00  0.00000000E+00  0.00000000E+00  0.00000000E+00  0.00000000E+00  0.00000000E+00  0.00000000E+00  0.00000000E+00
 1.01809728E+01  6.48800000E-03  8.14200000E-03  1.07400000E-02  8.69800000E-03  8.53600000E-03  7.78400000E-03  1.59800000E-02  2.26800000E-02  0.00000000E+00  0.00000000E+00  0.00000000E+00  0.00000000E+00  0.00000000E+00  0.00000000E+00  0.00000000E+00  0.00000000E+00  0.00000000E+00  0.00000000E+00
 1.01989727E+01  6.04900000E-03  8.42600000E-03  1.20200000E-02  9.99800000E-03  7.92600000E-03  6.19500000E-03  1.39900000E-02  2.34200000E-02  0.00000000E+00  0.00000000E+00  0.00000000E+00  0.00000000E+00  0.00000000E+00  0.00000000E+00  0.00000000E+00  0.00000000E+00  0.00000000E+00  0.00000000E+00
 1.02159728E+01  5.96800000E-03  8.41200000E-03  1.28300000E-02  1.10300000E-02  7.49300000E-03  5.83000000E-03  1.22500000E-02  2.21800000E-02  0.00000000E+00  0.00000000E+00  0.00000000E+00  0.00000000E+00  0.00000000E+00  0.00000000E+00  0.00000000E+00  0.00000000E+00  0.00000000E+00  0.00000000E+00
 1.02339727E+01  6.27900000E-03  8.19800000E-03  1.29100000E-02  1.16100000E-02  7.24700000E-03  6.47600000E-03  1.11200000E-02  2.00100000E-02  0.00000000E+00  0.00000000E+00  0.00000000E+00  0.00000000E+00  0.00000000E+00  0.00000000E+00  0.00000000E+00  0.00000000E+00  0.00000000E+00  0.00000000E+00
 1.02509728E+01  6.73600000E-03  7.85700000E-03  1.21800000E-02  1.17700000E-02  7.20900000E-03  7.46700000E-03  1.03300000E-02  1.77100000E-02  0.00000000E+00  0.00000000E+00  0.00000000E+00  0.00000000E+00  0.00000000E+00  0.00000000E+00  0.00000000E+00  0.00000000E+00  0.00000000E+00  0.00000000E+00
 1.02689727E+01  7.08100000E-03  7.42900000E-03  1.08600000E-02  1.15000000E-02  7.37500000E-03  8.09100000E-03  9.87700000E-03  1.55200000E-02  0.00000000E+00  0.00000000E+00  0.00000000E+00  0.00000000E+00  0.00000000E+00  0.00000000E+00  0.00000000E+00  0.00000000E+00  0.00000000E+00  0.00000000E+00
 1.02859728E+01  7.26000000E-03  7.02600000E-03  9.42600000E-03  1.06300000E-02  7.69900000E-03  8.02100000E-03  1.01000000E-02  1.35700000E-02  0.00000000E+00  0.00000000E+00  0.00000000E+00  0.00000000E+00  0.00000000E+00  0.00000000E+00  0.00000000E+00  0.00000000E+00  0.00000000E+00  0.00000000E+00
 1.03039727E+01  7.40000000E-03  6.92600000E-03  8.25000000E-03  9.28700000E-03  8.10300000E-03  7.44000000E-03  1.10600000E-02  1.23200000E-02  0.00000000E+00  0.00000000E+00  0.00000000E+00  0.00000000E+00  0.00000000E+00  0.00000000E+00  0.00000000E+00  0.00000000E+00  0.00000000E+00  0.00000000E+00
 1.03209727E+01  7.66400000E-03  7.48800000E-03  7.44600000E-03  8.05800000E-03  8.47300000E-03  6.77800000E-03  1.22600000E-02  1.24800000E-02  0.00000000E+00  0.00000000E+00  0.00000000E+00  0.00000000E+00  0.00000000E+00  0.00000000E+00  0.00000000E+00  0.00000000E+00  0.00000000E+00  0.00000000E+00
 1.03389727E+01  8.16600000E-03  8.76800000E-03  6.92500000E-03  7.63100000E-03  8.72600000E-03  6.37900000E-03  1.31100000E-02  1.43700000E-02  0.00000000E+00  0.00000000E+00  0.00000000E+00  0.00000000E+00  0.00000000E+00  0.00000000E+00  0.00000000E+00  0.00000000E+00  0.00000000E+00  0.00000000E+00
 1.03559727E+01  8.93000000E-03  1.01800000E-02  6.57000000E-03  8.08500000E-03  8.93400000E-03  6.38200000E-03  1.34400000E-02  1.71600000E-02  0.00000000E+00  0.00000000E+00  0.00000000E+00  0.00000000E+00  0.00000000E+00  0.00000000E+00  0.00000000E+00  0.00000000E+00  0.00000000E+00  0.00000000E+00
 1.03739728E+01  9.79700000E-03  1.07900000E-02  6.34000000E-03  8.82600000E-03  9.36700000E-03  6.84300000E-03  1.33800000E-02  1.91300000E-02  0.00000000E+00  0.00000000E+00  0.00000000E+00  0.00000000E+00  0.00000000E+00  0.00000000E+00  0.00000000E+00  0.00000000E+00  0.00000000E+00  0.00000000E+00
 1.03909727E+01  1.03700000E-02  1.01100000E-02  6.27100000E-03  9.19700000E-03  1.02500000E-02  7.89000000E-03  1.29700000E-02  1.90600000E-02  0.00000000E+00  0.00000000E+00  0.00000000E+00  0.00000000E+00  0.00000000E+00  0.00000000E+00  0.00000000E+00  0.00000000E+00  0.00000000E+00  0.00000000E+00
 1.04089728E+01  1.02000000E-02  8.55600000E-03  6.44000000E-03  9.07600000E-03  1.14500000E-02  9.66700000E-03  1.22200000E-02  1.73000000E-02  0.00000000E+00  0.00000000E+00  0.00000000E+00  0.00000000E+00  0.00000000E+00  0.00000000E+00  0.00000000E+00  0.00000000E+00  0.00000000E+00  0.00000000E+00
 1.04259727E+01  9.16800000E-03  7.03400000E-03  6.88800000E-03  8.83500000E-03  1.25400000E-02  1.19900000E-02  1.13600000E-02  1.52700000E-02  0.00000000E+00  0.00000000E+00  0.00000000E+00  0.00000000E+00  0.00000000E+00  0.00000000E+00  0.00000000E+00  0.00000000E+00  0.00000000E+00  0.00000000E+00
 1.04439728E+01  7.57400000E-03  6.17100000E-03  7.50900000E-03  8.82300000E-03  1.31900000E-02  1.41500000E-02  1.08100000E-02  1.40900000E-02  0.00000000E+00  0.00000000E+00  0.00000000E+00  0.00000000E+00  0.00000000E+00  0.00000000E+00  0.00000000E+00  0.00000000E+00  0.00000000E+00  0.00000000E+00
 1.04609727E+01  5.96500000E-03  5.99800000E-03  8.00200000E-03  8.98900000E-03  1.34300000E-02  1.52400000E-02  1.07500000E-02  1.38600000E-02  0.00000000E+00  0.00000000E+00  0.00000000E+00  0.00000000E+00  0.00000000E+00  0.00000000E+00  0.00000000E+00  0.00000000E+00  0.00000000E+00  0.00000000E+00
 1.04789728E+01  4.75100000E-03  6.12000000E-03  7.95200000E-03  9.00200000E-03  1.33200000E-02  1.49300000E-02  1.09500000E-02  1.39100000E-02  0.00000000E+00  0.00000000E+00  0.00000000E+00  0.00000000E+00  0.00000000E+00  0.00000000E+00  0.00000000E+00  0.00000000E+00  0.00000000E+00  0.00000000E+00
 1.04959727E+01  4.00800000E-03  6.05500000E-03  7.10000000E-03  8.59000000E-03  1.26000000E-02  1.35900000E-02  1.09300000E-02  1.33300000E-02  0.00000000E+00  0.00000000E+00  0.00000000E+00  0.00000000E+00  0.00000000E+00  0.00000000E+00  0.00000000E+00  0.00000000E+00  0.00000000E+00  0.00000000E+00
 1.05129728E+01  3.54900000E-03  5.52900000E-03  5.59800000E-03  7.74800000E-03  1.09400000E-02  1.18300000E-02  1.03100000E-02  1.16000000E-02  0.00000000E+00  0.00000000E+00  0.00000000E+00  0.00000000E+00  0.00000000E+00  0.00000000E+00  0.00000000E+00  0.00000000E+00  0.00000000E+00  0.00000000E+00
 1.05309728E+01  3.12700000E-03  4.63700000E-03  3.92700000E-03  6.72500000E-03  8.47300000E-03  9.95500000E-03  8.96200000E-03  9.02100000E-03  0.00000000E+00  0.00000000E+00  0.00000000E+00  0.00000000E+00  0.00000000E+00  0.00000000E+00  0.00000000E+00  0.00000000E+00  0.00000000E+00  0.00000000E+00
 1.05479728E+01  2.58500000E-03  3.70800000E-03  2.52100000E-03  5.79900000E-03  5.78700000E-03  8.03300000E-03  7.06300000E-03  6.39400000E-03  0.00000000E+00  0.00000000E+00  0.00000000E+00  0.00000000E+00  0.00000000E+00  0.00000000E+00  0.00000000E+00  0.00000000E+00  0.00000000E+00  0.00000000E+00
 1.05659728E+01  1.91200000E-03  2.97100000E-03  1.52200000E-03  5.02900000E-03  3.48300000E-03  6.11200000E-03  4.96300000E-03  4.36500000E-03  0.00000000E+00  0.00000000E+00  0.00000000E+00  0.00000000E+00  0.00000000E+00  0.00000000E+00  0.00000000E+00  0.00000000E+00  0.00000000E+00  0.00000000E+00
 1.05829727E+01  1.22200000E-03  2.38800000E-03  8.66100000E-04  4.24900000E-03  1.84700000E-03  4.32000000E-03  3.05600000E-03  3.04900000E-03  0.00000000E+00  0.00000000E+00  0.00000000E+00  0.00000000E+00  0.00000000E+00  0.00000000E+00  0.00000000E+00  0.00000000E+00  0.00000000E+00  0.00000000E+00
 1.06009728E+01  6.60500000E-04  1.81200000E-03  4.55700000E-04  3.32000000E-03  8.56100000E-04  2.79300000E-03  1.62100000E-03  2.22800000E-03  0.00000000E+00  0.00000000E+00  0.00000000E+00  0.00000000E+00  0.00000000E+00  0.00000000E+00  0.00000000E+00  0.00000000E+00  0.00000000E+00  0.00000000E+00
 1.06179727E+01  3.03100000E-04  1.21000000E-03  2.33900000E-04  2.31900000E-03  3.43300000E-04  1.62500000E-03  7.37100000E-04  1.70900000E-03  0.00000000E+00  0.00000000E+00  0.00000000E+00  0.00000000E+00  0.00000000E+00  0.00000000E+00  0.00000000E+00  0.00000000E+00  0.00000000E+00  0.00000000E+00
 1.06359728E+01  1.35700000E-04  6.85600000E-04  1.75900000E-04  1.47500000E-03  1.22500000E-04  8.46200000E-04  3.14200000E-04  1.44400000E-03  0.00000000E+00  0.00000000E+00  0.00000000E+00  0.00000000E+00  0.00000000E+00  0.00000000E+00  0.00000000E+00  0.00000000E+00  0.00000000E+00  0.00000000E+00
 1.06529727E+01  1.01100000E-04  3.39700000E-04  2.69000000E-04  9.54100000E-04  5.19600000E-05  4.12000000E-04  1.99400000E-04  1.39800000E-03  0.00000000E+00  0.00000000E+00  0.00000000E+00  0.00000000E+00  0.00000000E+00  0.00000000E+00  0.00000000E+00  0.00000000E+00  0.00000000E+00  0.00000000E+00
 1.06709728E+01  1.44500000E-04  1.86400000E-04  4.85300000E-04  7.48900000E-04  4.84500000E-05  2.13700000E-04  2.68700000E-04  1.43600000E-03  0.00000000E+00  0.00000000E+00  0.00000000E+00  0.00000000E+00  0.00000000E+00  0.00000000E+00  0.00000000E+00  0.00000000E+00  0.00000000E+00  0.00000000E+00
 1.06879728E+01  2.21600000E-04  1.72400000E-04  7.42400000E-04  7.43000000E-04  7.11500000E-05  1.35300000E-04  4.40700000E-04  1.39800000E-03  0.00000000E+00  0.00000000E+00  0.00000000E+00  0.00000000E+00  0.00000000E+00  0.00000000E+00  0.00000000E+00  0.00000000E+00  0.00000000E+00  0.00000000E+00
 1.07059728E+01  2.90000000E-04  2.26300000E-04  9.06800000E-04  8.11100000E-04  9.85500000E-05  1.01100000E-04  6.43100000E-04  1.24100000E-03  0.00000000E+00  0.00000000E+00  0.00000000E+00  0.00000000E+00  0.00000000E+00  0.00000000E+00  0.00000000E+00  0.00000000E+00  0.00000000E+00  0.00000000E+00
 1.07229728E+01  3.14700000E-04  2.82600000E-04  8.78300000E-04  8.51000000E-04  1.15500000E-04  8.09600000E-05  7.90200000E-04  1.04400000E-03  0.00000000E+00  0.00000000E+00  0.00000000E+00  0.00000000E+00  0.00000000E+00  0.00000000E+00  0.00000000E+00  0.00000000E+00  0.00000000E+00  0.00000000E+00
 1.07409728E+01  2.83600000E-04  2.95700000E-04  6.75400000E-04  7.90800000E-04  1.12800000E-04  6.68600000E-05  8.05700000E-04  8.85100000E-04  0.00000000E+00  0.00000000E+00  0.00000000E+00  0.00000000E+00  0.00000000E+00  0.00000000E+00  0.00000000E+00  0.00000000E+00  0.00000000E+00  0.00000000E+00
 1.07579728E+01  2.12300000E-04  2.54800000E-04  4.13500000E-04  6.19700000E-04  9.09000000E-05  5.50900000E-05  6.73500000E-04  7.56300000E-04  0.00000000E+00  0.00000000E+00  0.00000000E+00  0.00000000E+00  0.00000000E+00  0.00000000E+00  0.00000000E+00  0.00000000E+00  0.00000000E+00  0.00000000E+00
 1.07759728E+01  1.31400000E-04  1.81500000E-04  2.02400000E-04  3.99000000E-04  5.98800000E-05  4.25200000E-05  4.56400000E-04  6.09500000E-04  0.00000000E+00  0.00000000E+00  0.00000000E+00  0.00000000E+00  0.00000000E+00  0.00000000E+00  0.00000000E+00  0.00000000E+00  0.00000000E+00  0.00000000E+00
 1.07929728E+01  6.67300000E-05  1.07700000E-04  7.96700000E-05  2.08700000E-04  3.19200000E-05  2.88500000E-05  2.48400000E-04  4.30200000E-04  0.00000000E+00  0.00000000E+00  0.00000000E+00  0.00000000E+00  0.00000000E+00  0.00000000E+00  0.00000000E+00  0.00000000E+00  0.00000000E+00  0.00000000E+00
 1.08109728E+01  2.75500000E-05  5.34600000E-05  2.53900000E-05  8.85900000E-05  1.36600000E-05  1.64900000E-05  1.07800000E-04  2.53600000E-04  0.00000000E+00  0.00000000E+00  0.00000000E+00  0.00000000E+00  0.00000000E+00  0.00000000E+00  0.00000000E+00  0.00000000E+00  0.00000000E+00  0.00000000E+00
 1.08279728E+01  9.16600000E-06  2.21900000E-05  6.59300000E-06  3.06400000E-05  4.65800000E-06  7.73100000E-06  3.71400000E-05  1.21600000E-04  0.00000000E+00  0.00000000E+00  0.00000000E+00  0.00000000E+00  0.00000000E+00  0.00000000E+00  0.00000000E+00  0.00000000E+00  0.00000000E+00  0.00000000E+00
 1.08459727E+01  2.43900000E-06  7.64600000E-06  1.40400000E-06  8.70100000E-06  1.26100000E-06  2.92800000E-06  1.01200000E-05  4.67600000E-05  0.00000000E+00  0.00000000E+00  0.00000000E+00  0.00000000E+00  0.00000000E+00  0.00000000E+00  0.00000000E+00  0.00000000E+00  0.00000000E+00  0.00000000E+00
 1.08629728E+01  5.16400000E-07  2.16400000E-06  2.45800000E-07  2.04300000E-06  2.70000000E-07  8.87400000E-07  2.17700000E-06  1.43200000E-05  0.00000000E+00  0.00000000E+00  0.00000000E+00  0.00000000E+00  0.00000000E+00  0.00000000E+00  0.00000000E+00  0.00000000E+00  0.00000000E+00  0.00000000E+00
 1.08809727E+01  8.66400000E-08  4.97600000E-07  3.53900000E-08  3.98000000E-07  4.56400000E-08  2.13800000E-07  3.69000000E-07  3.47200000E-06  0.00000000E+00  0.00000000E+00  0.00000000E+00  0.00000000E+00  0.00000000E+00  0.00000000E+00  0.00000000E+00  0.00000000E+00  0.00000000E+00  0.00000000E+00
 1.08979728E+01  1.14900000E-08  9.20200000E-08  4.17300000E-09  6.43300000E-08  6.08100000E-09  4.07800000E-08  4.92600000E-08  6.65200000E-07  0.00000000E+00  0.00000000E+00  0.00000000E+00  0.00000000E+00  0.00000000E+00  0.00000000E+00  0.00000000E+00  0.00000000E+00  0.00000000E+00  0.00000000E+00
 1.09159727E+01  1.20100000E-09  1.35900000E-08  4.00300000E-10  8.57300000E-09  6.38000000E-10  6.14400000E-09  5.17500000E-09  1.00500000E-07  0.00000000E+00  0.00000000E+00  0.00000000E+00  0.00000000E+00  0.00000000E+00  0.00000000E+00  0.00000000E+00  0.00000000E+00  0.00000000E+00  0.00000000E+00
 1.09329728E+01  9.89600000E-11  1.59300000E-09  3.10100000E-11  9.33800000E-10  5.26600000E-11  7.29700000E-10  4.27500000E-10  1.19600000E-08  0.00000000E+00  0.00000000E+00  0.00000000E+00  0.00000000E+00  0.00000000E+00  0.00000000E+00  0.00000000E+00  0.00000000E+00  0.00000000E+00  0.00000000E+00
 1.09499728E+01  6.41600000E-12  1.47800000E-10  1.92600000E-12  8.23300000E-11  3.41900000E-12  6.82500000E-11  2.77700000E-11  1.12000000E-09  0.00000000E+00  0.00000000E+00  0.00000000E+00  0.00000000E+00  0.00000000E+00  0.00000000E+00  0.00000000E+00  0.00000000E+00  0.00000000E+00  0.00000000E+00
 1.09679728E+01  3.27100000E-13  1.08200000E-11  9.53800000E-14  5.82600000E-12  1.74500000E-13  5.02300000E-12  1.41800000E-12  8.24500000E-11  0.00000000E+00  0.00000000E+00  0.00000000E+00  0.00000000E+00  0.00000000E+00  0.00000000E+00  0.00000000E+00  0.00000000E+00  0.00000000E+00  0.00000000E+00
 1.09849728E+01  1.31100000E-14  6.24200000E-13  3.74900000E-15  3.28600000E-13  6.99700000E-15  2.90700000E-13  5.68700000E-14  4.77400000E-12  0.00000000E+00  0.00000000E+00  0.00000000E+00  0.00000000E+00  0.00000000E+00  0.00000000E+00  0.00000000E+00  0.00000000E+00  0.00000000E+00  0.00000000E+00
 1.10029727E+01  4.13000000E-16  2.83400000E-14  1.16600000E-16  1.47000000E-14  2.20500000E-16  1.32200000E-14  1.79200000E-15  2.17200000E-13  0.00000000E+00  0.00000000E+00  0.00000000E+00  0.00000000E+00  0.00000000E+00  0.00000000E+00  0.00000000E+00  0.00000000E+00  0.00000000E+00  0.00000000E+00
 1.10199728E+01  1.02800000E-17  1.01200000E-15  2.82800000E-18  5.20300000E-16  5.49100000E-18  4.72600000E-16  4.46500000E-17  7.76500000E-15  0.00000000E+00  0.00000000E+00  0.00000000E+00  0.00000000E+00  0.00000000E+00  0.00000000E+00  0.00000000E+00  0.00000000E+00  0.00000000E+00  0.00000000E+00
 1.10379727E+01  1.65800000E-19  2.83100000E-17  4.56100000E-20  1.43300000E-17  8.85600000E-20  1.32600000E-17  7.20100000E-19  2.17900000E-16  0.00000000E+00  0.00000000E+00  0.00000000E+00  0.00000000E+00  0.00000000E+00  0.00000000E+00  0.00000000E+00  0.00000000E+00  0.00000000E+00  0.00000000E+00
 1.10549728E+01  0.00000000E+00  6.45000000E-19  0.00000000E+00  3.26400000E-19  0.00000000E+00  3.01900000E-19  0.00000000E+00  4.96300000E-18  0.00000000E+00  0.00000000E+00  0.00000000E+00  0.00000000E+00  0.00000000E+00  0.00000000E+00  0.00000000E+00  0.00000000E+00  0.00000000E+00  0.00000000E+00
 1.10729727E+01  0.00000000E+00  0.00000000E+00  0.00000000E+00  0.00000000E+00  0.00000000E+00  0.00000000E+00  0.00000000E+00  0.00000000E+00  0.00000000E+00  0.00000000E+00  0.00000000E+00  0.00000000E+00  0.00000000E+00  0.00000000E+00  0.00000000E+00  0.00000000E+00  0.00000000E+00  0.00000000E+00
 1.10899728E+01  0.00000000E+00  0.00000000E+00  0.00000000E+00  0.00000000E+00  0.00000000E+00  0.00000000E+00  0.00000000E+00  0.00000000E+00  0.00000000E+00  0.00000000E+00  0.00000000E+00  0.00000000E+00  0.00000000E+00  0.00000000E+00  0.00000000E+00  0.00000000E+00  0.00000000E+00  0.00000000E+00
 1.11079728E+01  0.00000000E+00  0.00000000E+00  0.00000000E+00  0.00000000E+00  0.00000000E+00  0.00000000E+00  0.00000000E+00  0.00000000E+00  0.00000000E+00  0.00000000E+00  0.00000000E+00  0.00000000E+00  0.00000000E+00  0.00000000E+00  0.00000000E+00  0.00000000E+00  0.00000000E+00  0.00000000E+00
 1.11249728E+01  0.00000000E+00  0.00000000E+00  0.00000000E+00  0.00000000E+00  0.00000000E+00  0.00000000E+00  0.00000000E+00  0.00000000E+00  0.00000000E+00  0.00000000E+00  0.00000000E+00  0.00000000E+00  0.00000000E+00  0.00000000E+00  0.00000000E+00  0.00000000E+00  0.00000000E+00  0.00000000E+00
 1.11429728E+01  0.00000000E+00  0.00000000E+00  0.00000000E+00  0.00000000E+00  0.00000000E+00  0.00000000E+00  0.00000000E+00  0.00000000E+00  0.00000000E+00  0.00000000E+00  0.00000000E+00  0.00000000E+00  0.00000000E+00  0.00000000E+00  0.00000000E+00  0.00000000E+00  0.00000000E+00  0.00000000E+00
 1.11599727E+01  0.00000000E+00  0.00000000E+00  0.00000000E+00  0.00000000E+00  0.00000000E+00  0.00000000E+00  0.00000000E+00  0.00000000E+00  0.00000000E+00  0.00000000E+00  0.00000000E+00  0.00000000E+00  0.00000000E+00  0.00000000E+00  0.00000000E+00  0.00000000E+00  0.00000000E+00  0.00000000E+00
 1.11779728E+01  0.00000000E+00  0.00000000E+00  0.00000000E+00  0.00000000E+00  0.00000000E+00  0.00000000E+00  0.00000000E+00  0.00000000E+00  0.00000000E+00  0.00000000E+00  0.00000000E+00  0.00000000E+00  0.00000000E+00  0.00000000E+00  0.00000000E+00  0.00000000E+00  0.00000000E+00  0.00000000E+00
 1.11949727E+01  0.00000000E+00  0.00000000E+00  0.00000000E+00  0.00000000E+00  0.00000000E+00  0.00000000E+00  0.00000000E+00  0.00000000E+00  0.00000000E+00  0.00000000E+00  0.00000000E+00  0.00000000E+00  0.00000000E+00  0.00000000E+00  0.00000000E+00  0.00000000E+00  0.00000000E+00  0.00000000E+00
 1.12129728E+01  0.00000000E+00  0.00000000E+00  0.00000000E+00  0.00000000E+00  0.00000000E+00  0.00000000E+00  0.00000000E+00  0.00000000E+00  0.00000000E+00  0.00000000E+00  0.00000000E+00  0.00000000E+00  0.00000000E+00  0.00000000E+00  0.00000000E+00  0.00000000E+00  0.00000000E+00  0.00000000E+00
 1.12299727E+01  0.00000000E+00  0.00000000E+00  0.00000000E+00  0.00000000E+00  0.00000000E+00  0.00000000E+00  0.00000000E+00  0.00000000E+00  0.00000000E+00  0.00000000E+00  0.00000000E+00  0.00000000E+00  0.00000000E+00  0.00000000E+00  0.00000000E+00  0.00000000E+00  0.00000000E+00  0.00000000E+00
 1.12479728E+01  0.00000000E+00  0.00000000E+00  0.00000000E+00  0.00000000E+00  0.00000000E+00  0.00000000E+00  0.00000000E+00  0.00000000E+00  0.00000000E+00  0.00000000E+00  0.00000000E+00  0.00000000E+00  0.00000000E+00  0.00000000E+00  0.00000000E+00  0.00000000E+00  0.00000000E+00  0.00000000E+00
 1.12649728E+01  0.00000000E+00  0.00000000E+00  0.00000000E+00  0.00000000E+00  0.00000000E+00  0.00000000E+00  0.00000000E+00  0.00000000E+00  0.00000000E+00  0.00000000E+00  0.00000000E+00  0.00000000E+00  0.00000000E+00  0.00000000E+00  0.00000000E+00  0.00000000E+00  0.00000000E+00  0.00000000E+00
 1.12829728E+01  0.00000000E+00  0.00000000E+00  0.00000000E+00  0.00000000E+00  0.00000000E+00  0.00000000E+00  0.00000000E+00  0.00000000E+00  0.00000000E+00  0.00000000E+00  0.00000000E+00  0.00000000E+00  0.00000000E+00  0.00000000E+00  0.00000000E+00  0.00000000E+00  0.00000000E+00  0.00000000E+00
 1.12999728E+01  0.00000000E+00  0.00000000E+00  0.00000000E+00  0.00000000E+00  0.00000000E+00  0.00000000E+00  0.00000000E+00  0.00000000E+00  0.00000000E+00  0.00000000E+00  0.00000000E+00  0.00000000E+00  0.00000000E+00  0.00000000E+00  0.00000000E+00  0.00000000E+00  0.00000000E+00  0.00000000E+00
 1.13179728E+01  0.00000000E+00  0.00000000E+00  0.00000000E+00  0.00000000E+00  0.00000000E+00  0.00000000E+00  0.00000000E+00  0.00000000E+00  0.00000000E+00  0.00000000E+00  0.00000000E+00  0.00000000E+00  0.00000000E+00  0.00000000E+00  0.00000000E+00  0.00000000E+00  0.00000000E+00  0.00000000E+00
 1.13349728E+01  0.00000000E+00  0.00000000E+00  0.00000000E+00  0.00000000E+00  0.00000000E+00  0.00000000E+00  0.00000000E+00  0.00000000E+00  0.00000000E+00  0.00000000E+00  0.00000000E+00  0.00000000E+00  0.00000000E+00  0.00000000E+00  0.00000000E+00  0.00000000E+00  0.00000000E+00  0.00000000E+00
 1.13529728E+01  0.00000000E+00  0.00000000E+00  0.00000000E+00  0.00000000E+00  0.00000000E+00  0.00000000E+00  0.00000000E+00  0.00000000E+00  0.00000000E+00  0.00000000E+00  0.00000000E+00  0.00000000E+00  0.00000000E+00  0.00000000E+00  0.00000000E+00  0.00000000E+00  0.00000000E+00  0.00000000E+00
 1.13699728E+01  0.00000000E+00  0.00000000E+00  0.00000000E+00  0.00000000E+00  0.00000000E+00  0.00000000E+00  0.00000000E+00  0.00000000E+00  0.00000000E+00  0.00000000E+00  0.00000000E+00  0.00000000E+00  0.00000000E+00  0.00000000E+00  0.00000000E+00  0.00000000E+00  0.00000000E+00  0.00000000E+00
 1.13879728E+01  0.00000000E+00  0.00000000E+00  0.00000000E+00  0.00000000E+00  0.00000000E+00  0.00000000E+00  0.00000000E+00  0.00000000E+00  0.00000000E+00  0.00000000E+00  0.00000000E+00  0.00000000E+00  0.00000000E+00  0.00000000E+00  0.00000000E+00  0.00000000E+00  0.00000000E+00  0.00000000E+00
 1.14049728E+01  0.00000000E+00  0.00000000E+00  0.00000000E+00  0.00000000E+00  0.00000000E+00  0.00000000E+00  0.00000000E+00  0.00000000E+00  0.00000000E+00  0.00000000E+00  0.00000000E+00  0.00000000E+00  0.00000000E+00  0.00000000E+00  0.00000000E+00  0.00000000E+00  0.00000000E+00  0.00000000E+00
 1.14219728E+01  0.00000000E+00  0.00000000E+00  0.00000000E+00  0.00000000E+00  0.00000000E+00  0.00000000E+00  0.00000000E+00  0.00000000E+00  0.00000000E+00  0.00000000E+00  0.00000000E+00  0.00000000E+00  0.00000000E+00  0.00000000E+00  0.00000000E+00  0.00000000E+00  0.00000000E+00  0.00000000E+00
 1.14399728E+01  0.00000000E+00  0.00000000E+00  0.00000000E+00  0.00000000E+00  0.00000000E+00  0.00000000E+00  0.00000000E+00  0.00000000E+00  0.00000000E+00  0.00000000E+00  0.00000000E+00  0.00000000E+00  0.00000000E+00  0.00000000E+00  0.00000000E+00  0.00000000E+00  0.00000000E+00  0.00000000E+00
 1.14569728E+01  0.00000000E+00  0.00000000E+00  0.00000000E+00  0.00000000E+00  0.00000000E+00  0.00000000E+00  0.00000000E+00  0.00000000E+00  0.00000000E+00  0.00000000E+00  0.00000000E+00  0.00000000E+00  0.00000000E+00  0.00000000E+00  0.00000000E+00  0.00000000E+00  0.00000000E+00  0.00000000E+00
 1.14749728E+01  0.00000000E+00  0.00000000E+00  0.00000000E+00  0.00000000E+00  0.00000000E+00  0.00000000E+00  0.00000000E+00  0.00000000E+00  0.00000000E+00  0.00000000E+00  0.00000000E+00  0.00000000E+00  0.00000000E+00  0.00000000E+00  0.00000000E+00  0.00000000E+00  0.00000000E+00  0.00000000E+00
 1.14919728E+01  0.00000000E+00  0.00000000E+00  0.00000000E+00  0.00000000E+00  0.00000000E+00  0.00000000E+00  0.00000000E+00  0.00000000E+00  0.00000000E+00  0.00000000E+00  0.00000000E+00  0.00000000E+00  0.00000000E+00  0.00000000E+00  0.00000000E+00  0.00000000E+00  0.00000000E+00  0.00000000E+00
 1.15099728E+01  0.00000000E+00  0.00000000E+00  0.00000000E+00  0.00000000E+00  0.00000000E+00  0.00000000E+00  0.00000000E+00  0.00000000E+00  0.00000000E+00  0.00000000E+00  0.00000000E+00  0.00000000E+00  0.00000000E+00  0.00000000E+00  0.00000000E+00  0.00000000E+00  0.00000000E+00  0.00000000E+00
 1.15269728E+01  0.00000000E+00  0.00000000E+00  0.00000000E+00  0.00000000E+00  0.00000000E+00  0.00000000E+00  0.00000000E+00  0.00000000E+00  0.00000000E+00  0.00000000E+00  0.00000000E+00  0.00000000E+00  0.00000000E+00  0.00000000E+00  0.00000000E+00  0.00000000E+00  0.00000000E+00  0.00000000E+00
 1.15449728E+01  0.00000000E+00  0.00000000E+00  0.00000000E+00  0.00000000E+00  0.00000000E+00  0.00000000E+00  0.00000000E+00  0.00000000E+00  0.00000000E+00  0.00000000E+00  0.00000000E+00  0.00000000E+00  0.00000000E+00  0.00000000E+00  0.00000000E+00  0.00000000E+00  0.00000000E+00  0.00000000E+00
 1.15619728E+01  0.00000000E+00  0.00000000E+00  0.00000000E+00  0.00000000E+00  0.00000000E+00  0.00000000E+00  0.00000000E+00  0.00000000E+00  0.00000000E+00  0.00000000E+00  0.00000000E+00  0.00000000E+00  0.00000000E+00  0.00000000E+00  0.00000000E+00  0.00000000E+00  0.00000000E+00  0.00000000E+00
 1.15799728E+01  0.00000000E+00  0.00000000E+00  0.00000000E+00  0.00000000E+00  0.00000000E+00  0.00000000E+00  0.00000000E+00  0.00000000E+00  0.00000000E+00  0.00000000E+00  0.00000000E+00  0.00000000E+00  0.00000000E+00  0.00000000E+00  0.00000000E+00  0.00000000E+00  0.00000000E+00  0.00000000E+00
 1.15969728E+01  0.00000000E+00  0.00000000E+00  0.00000000E+00  0.00000000E+00  0.00000000E+00  0.00000000E+00  0.00000000E+00  0.00000000E+00  0.00000000E+00  0.00000000E+00  0.00000000E+00  0.00000000E+00  0.00000000E+00  0.00000000E+00  0.00000000E+00  0.00000000E+00  0.00000000E+00  0.00000000E+00
 1.16149727E+01  0.00000000E+00  0.00000000E+00  0.00000000E+00  0.00000000E+00  0.00000000E+00  0.00000000E+00  0.00000000E+00  0.00000000E+00  0.00000000E+00  0.00000000E+00  0.00000000E+00  0.00000000E+00  0.00000000E+00  0.00000000E+00  0.00000000E+00  0.00000000E+00  0.00000000E+00  0.00000000E+00
 1.16319728E+01  0.00000000E+00  0.00000000E+00  0.00000000E+00  0.00000000E+00  0.00000000E+00  0.00000000E+00  0.00000000E+00  0.00000000E+00  0.00000000E+00  0.00000000E+00  0.00000000E+00  0.00000000E+00  0.00000000E+00  0.00000000E+00  0.00000000E+00  0.00000000E+00  0.00000000E+00  0.00000000E+00
 1.16499727E+01  0.00000000E+00  0.00000000E+00  0.00000000E+00  0.00000000E+00  0.00000000E+00  0.00000000E+00  0.00000000E+00  0.00000000E+00  0.00000000E+00  0.00000000E+00  0.00000000E+00  0.00000000E+00  0.00000000E+00  0.00000000E+00  0.00000000E+00  0.00000000E+00  0.00000000E+00  0.00000000E+00
 1.16669728E+01  0.00000000E+00  0.00000000E+00  0.00000000E+00  0.00000000E+00  0.00000000E+00  0.00000000E+00  0.00000000E+00  0.00000000E+00  0.00000000E+00  0.00000000E+00  0.00000000E+00  0.00000000E+00  0.00000000E+00  0.00000000E+00  0.00000000E+00  0.00000000E+00  0.00000000E+00  0.00000000E+00
 1.16849728E+01  0.00000000E+00  0.00000000E+00  0.00000000E+00  0.00000000E+00  0.00000000E+00  0.00000000E+00  0.00000000E+00  0.00000000E+00  0.00000000E+00  0.00000000E+00  0.00000000E+00  0.00000000E+00  0.00000000E+00  0.00000000E+00  0.00000000E+00  0.00000000E+00  0.00000000E+00  0.00000000E+00
 1.17019728E+01  0.00000000E+00  0.00000000E+00  0.00000000E+00  0.00000000E+00  0.00000000E+00  0.00000000E+00  0.00000000E+00  0.00000000E+00  0.00000000E+00  0.00000000E+00  0.00000000E+00  0.00000000E+00  0.00000000E+00  0.00000000E+00  0.00000000E+00  0.00000000E+00  0.00000000E+00  0.00000000E+00
 1.17199728E+01  0.00000000E+00  0.00000000E+00  0.00000000E+00  0.00000000E+00  0.00000000E+00  0.00000000E+00  0.00000000E+00  0.00000000E+00  0.00000000E+00  0.00000000E+00  0.00000000E+00  0.00000000E+00  0.00000000E+00  0.00000000E+00  0.00000000E+00  0.00000000E+00  0.00000000E+00  0.00000000E+00
 1.17369727E+01  0.00000000E+00  0.00000000E+00  0.00000000E+00  0.00000000E+00  0.00000000E+00  0.00000000E+00  0.00000000E+00  0.00000000E+00  0.00000000E+00  0.00000000E+00  0.00000000E+00  0.00000000E+00  0.00000000E+00  0.00000000E+00  0.00000000E+00  0.00000000E+00  0.00000000E+00  0.00000000E+00
 1.17549728E+01  0.00000000E+00  0.00000000E+00  0.00000000E+00  0.00000000E+00  0.00000000E+00  0.00000000E+00  0.00000000E+00  0.00000000E+00  0.00000000E+00  0.00000000E+00  0.00000000E+00  0.00000000E+00  0.00000000E+00  0.00000000E+00  0.00000000E+00  0.00000000E+00  0.00000000E+00  0.00000000E+00
 1.17719727E+01  0.00000000E+00  0.00000000E+00  0.00000000E+00  0.00000000E+00  0.00000000E+00  0.00000000E+00  0.00000000E+00  0.00000000E+00  0.00000000E+00  0.00000000E+00  0.00000000E+00  0.00000000E+00  0.00000000E+00  0.00000000E+00  0.00000000E+00  0.00000000E+00  0.00000000E+00  0.00000000E+00
 1.17899728E+01  0.00000000E+00  0.00000000E+00  0.00000000E+00  0.00000000E+00  0.00000000E+00  0.00000000E+00  0.00000000E+00  0.00000000E+00  0.00000000E+00  0.00000000E+00  0.00000000E+00  0.00000000E+00  0.00000000E+00  0.00000000E+00  0.00000000E+00  0.00000000E+00  0.00000000E+00  0.00000000E+00
 1.18069727E+01  0.00000000E+00  0.00000000E+00  0.00000000E+00  0.00000000E+00  0.00000000E+00  0.00000000E+00  0.00000000E+00  0.00000000E+00  0.00000000E+00  0.00000000E+00  0.00000000E+00  0.00000000E+00  0.00000000E+00  0.00000000E+00  0.00000000E+00  0.00000000E+00  0.00000000E+00  0.00000000E+00
 1.18249728E+01  0.00000000E+00  0.00000000E+00  0.00000000E+00  0.00000000E+00  0.00000000E+00  0.00000000E+00  0.00000000E+00  0.00000000E+00  0.00000000E+00  0.00000000E+00  0.00000000E+00  0.00000000E+00  0.00000000E+00  0.00000000E+00  0.00000000E+00  0.00000000E+00  0.00000000E+00  0.00000000E+00
 1.18419728E+01  0.00000000E+00  0.00000000E+00  0.00000000E+00  0.00000000E+00  0.00000000E+00  0.00000000E+00  0.00000000E+00  0.00000000E+00  0.00000000E+00  0.00000000E+00  0.00000000E+00  0.00000000E+00  0.00000000E+00  0.00000000E+00  0.00000000E+00  0.00000000E+00  0.00000000E+00  0.00000000E+00
 1.18599728E+01  0.00000000E+00  0.00000000E+00  0.00000000E+00  0.00000000E+00  0.00000000E+00  0.00000000E+00  0.00000000E+00  0.00000000E+00  0.00000000E+00  0.00000000E+00  0.00000000E+00  0.00000000E+00  0.00000000E+00  0.00000000E+00  0.00000000E+00  0.00000000E+00  0.00000000E+00  0.00000000E+00
 1.18769728E+01  0.00000000E+00  0.00000000E+00  0.00000000E+00  0.00000000E+00  0.00000000E+00  0.00000000E+00  0.00000000E+00  0.00000000E+00  0.00000000E+00  0.00000000E+00  0.00000000E+00  0.00000000E+00  0.00000000E+00  0.00000000E+00  0.00000000E+00  0.00000000E+00  0.00000000E+00  0.00000000E+00
 1.18939727E+01  0.00000000E+00  0.00000000E+00  0.00000000E+00  0.00000000E+00  0.00000000E+00  0.00000000E+00  0.00000000E+00  0.00000000E+00  0.00000000E+00  0.00000000E+00  0.00000000E+00  0.00000000E+00  0.00000000E+00  0.00000000E+00  0.00000000E+00  0.00000000E+00  0.00000000E+00  0.00000000E+00
 1.19119728E+01  0.00000000E+00  0.00000000E+00  0.00000000E+00  0.00000000E+00  0.00000000E+00  0.00000000E+00  0.00000000E+00  0.00000000E+00  0.00000000E+00  0.00000000E+00  0.00000000E+00  0.00000000E+00  0.00000000E+00  0.00000000E+00  0.00000000E+00  0.00000000E+00  0.00000000E+00  0.00000000E+00
 1.19289727E+01  0.00000000E+00  0.00000000E+00  0.00000000E+00  0.00000000E+00  0.00000000E+00  0.00000000E+00  0.00000000E+00  0.00000000E+00  0.00000000E+00  0.00000000E+00  0.00000000E+00  0.00000000E+00  0.00000000E+00  0.00000000E+00  0.00000000E+00  0.00000000E+00  0.00000000E+00  0.00000000E+00
 1.19469728E+01  0.00000000E+00  0.00000000E+00  0.00000000E+00  0.00000000E+00  0.00000000E+00  0.00000000E+00  0.00000000E+00  0.00000000E+00  0.00000000E+00  0.00000000E+00  0.00000000E+00  0.00000000E+00  0.00000000E+00  0.00000000E+00  0.00000000E+00  0.00000000E+00  0.00000000E+00  0.00000000E+00
 1.19639727E+01  0.00000000E+00  0.00000000E+00  0.00000000E+00  0.00000000E+00  0.00000000E+00  0.00000000E+00  0.00000000E+00  0.00000000E+00  0.00000000E+00  0.00000000E+00  0.00000000E+00  0.00000000E+00  0.00000000E+00  0.00000000E+00  0.00000000E+00  0.00000000E+00  0.00000000E+00  0.00000000E+00
 1.19819728E+01  0.00000000E+00  0.00000000E+00  0.00000000E+00  0.00000000E+00  0.00000000E+00  0.00000000E+00  0.00000000E+00  0.00000000E+00  0.00000000E+00  0.00000000E+00  0.00000000E+00  0.00000000E+00  0.00000000E+00  0.00000000E+00  0.00000000E+00  0.00000000E+00  0.00000000E+00  0.00000000E+00
 1.19989728E+01  0.00000000E+00  0.00000000E+00  0.00000000E+00  0.00000000E+00  0.00000000E+00  0.00000000E+00  0.00000000E+00  0.00000000E+00  0.00000000E+00  0.00000000E+00  0.00000000E+00  0.00000000E+00  0.00000000E+00  0.00000000E+00  0.00000000E+00  0.00000000E+00  0.00000000E+00  0.00000000E+00
 1.20169728E+01  0.00000000E+00  0.00000000E+00  0.00000000E+00  0.00000000E+00  0.00000000E+00  0.00000000E+00  0.00000000E+00  0.00000000E+00  0.00000000E+00  0.00000000E+00  0.00000000E+00  0.00000000E+00  0.00000000E+00  0.00000000E+00  0.00000000E+00  0.00000000E+00  0.00000000E+00  0.00000000E+00
 1.20339728E+01  0.00000000E+00  0.00000000E+00  0.00000000E+00  0.00000000E+00  0.00000000E+00  0.00000000E+00  0.00000000E+00  0.00000000E+00  0.00000000E+00  0.00000000E+00  0.00000000E+00  0.00000000E+00  0.00000000E+00  0.00000000E+00  0.00000000E+00  0.00000000E+00  0.00000000E+00  0.00000000E+00
 1.20519728E+01  0.00000000E+00  0.00000000E+00  0.00000000E+00  0.00000000E+00  0.00000000E+00  0.00000000E+00  0.00000000E+00  0.00000000E+00  0.00000000E+00  0.00000000E+00  0.00000000E+00  0.00000000E+00  0.00000000E+00  0.00000000E+00  0.00000000E+00  0.00000000E+00  0.00000000E+00  0.00000000E+00
 1.20689728E+01  0.00000000E+00  0.00000000E+00  0.00000000E+00  0.00000000E+00  0.00000000E+00  0.00000000E+00  0.00000000E+00  0.00000000E+00  0.00000000E+00  0.00000000E+00  0.00000000E+00  0.00000000E+00  0.00000000E+00  0.00000000E+00  0.00000000E+00  0.00000000E+00  0.00000000E+00  0.00000000E+00
 1.20869728E+01  0.00000000E+00  0.00000000E+00  0.00000000E+00  0.00000000E+00  0.00000000E+00  0.00000000E+00  0.00000000E+00  0.00000000E+00  0.00000000E+00  0.00000000E+00  0.00000000E+00  0.00000000E+00  0.00000000E+00  0.00000000E+00  0.00000000E+00  0.00000000E+00  0.00000000E+00  0.00000000E+00
 1.21039728E+01  0.00000000E+00  0.00000000E+00  0.00000000E+00  0.00000000E+00  0.00000000E+00  0.00000000E+00  0.00000000E+00  0.00000000E+00  0.00000000E+00  0.00000000E+00  0.00000000E+00  0.00000000E+00  0.00000000E+00  0.00000000E+00  0.00000000E+00  0.00000000E+00  0.00000000E+00  0.00000000E+00
 1.21219728E+01  0.00000000E+00  0.00000000E+00  0.00000000E+00  0.00000000E+00  0.00000000E+00  0.00000000E+00  0.00000000E+00  0.00000000E+00  0.00000000E+00  0.00000000E+00  0.00000000E+00  0.00000000E+00  0.00000000E+00  0.00000000E+00  0.00000000E+00  0.00000000E+00  0.00000000E+00  0.00000000E+00
 1.21389728E+01  0.00000000E+00  0.00000000E+00  0.00000000E+00  0.00000000E+00  0.00000000E+00  0.00000000E+00  0.00000000E+00  0.00000000E+00  0.00000000E+00  0.00000000E+00  0.00000000E+00  0.00000000E+00  0.00000000E+00  0.00000000E+00  0.00000000E+00  0.00000000E+00  0.00000000E+00  0.00000000E+00
 1.21569728E+01  0.00000000E+00  0.00000000E+00  0.00000000E+00  0.00000000E+00  0.00000000E+00  0.00000000E+00  0.00000000E+00  0.00000000E+00  0.00000000E+00  0.00000000E+00  0.00000000E+00  0.00000000E+00  0.00000000E+00  0.00000000E+00  0.00000000E+00  0.00000000E+00  0.00000000E+00  0.00000000E+00
 1.21739728E+01  0.00000000E+00  0.00000000E+00  0.00000000E+00  0.00000000E+00  0.00000000E+00  0.00000000E+00  0.00000000E+00  0.00000000E+00  0.00000000E+00  0.00000000E+00  0.00000000E+00  0.00000000E+00  0.00000000E+00  0.00000000E+00  0.00000000E+00  0.00000000E+00  0.00000000E+00  0.00000000E+00
 1.21919727E+01  0.00000000E+00  0.00000000E+00  0.00000000E+00  0.00000000E+00  0.00000000E+00  0.00000000E+00  0.00000000E+00  0.00000000E+00  0.00000000E+00  0.00000000E+00  0.00000000E+00  0.00000000E+00  0.00000000E+00  0.00000000E+00  0.00000000E+00  0.00000000E+00  0.00000000E+00  0.00000000E+00
 1.22089728E+01  0.00000000E+00  0.00000000E+00  0.00000000E+00  0.00000000E+00  0.00000000E+00  0.00000000E+00  0.00000000E+00  0.00000000E+00  0.00000000E+00  0.00000000E+00  0.00000000E+00  0.00000000E+00  0.00000000E+00  0.00000000E+00  0.00000000E+00  0.00000000E+00  0.00000000E+00  0.00000000E+00
 1.22269727E+01  0.00000000E+00  0.00000000E+00  0.00000000E+00  0.00000000E+00  0.00000000E+00  0.00000000E+00  0.00000000E+00  0.00000000E+00  0.00000000E+00  0.00000000E+00  0.00000000E+00  0.00000000E+00  0.00000000E+00  0.00000000E+00  0.00000000E+00  0.00000000E+00  0.00000000E+00  0.00000000E+00
 1.22439728E+01  0.00000000E+00  0.00000000E+00  0.00000000E+00  0.00000000E+00  0.00000000E+00  0.00000000E+00  0.00000000E+00  0.00000000E+00  0.00000000E+00  0.00000000E+00  0.00000000E+00  0.00000000E+00  0.00000000E+00  0.00000000E+00  0.00000000E+00  0.00000000E+00  0.00000000E+00  0.00000000E+00
 1.22619727E+01  0.00000000E+00  0.00000000E+00  0.00000000E+00  0.00000000E+00  0.00000000E+00  0.00000000E+00  0.00000000E+00  0.00000000E+00  0.00000000E+00  0.00000000E+00  0.00000000E+00  0.00000000E+00  0.00000000E+00  0.00000000E+00  0.00000000E+00  0.00000000E+00  0.00000000E+00  0.00000000E+00
 1.22789728E+01  0.00000000E+00  0.00000000E+00  0.00000000E+00  0.00000000E+00  0.00000000E+00  0.00000000E+00  0.00000000E+00  0.00000000E+00  0.00000000E+00  0.00000000E+00  0.00000000E+00  0.00000000E+00  0.00000000E+00  0.00000000E+00  0.00000000E+00  0.00000000E+00  0.00000000E+00  0.00000000E+00
 1.22969728E+01  0.00000000E+00  0.00000000E+00  0.00000000E+00  0.00000000E+00  0.00000000E+00  0.00000000E+00  0.00000000E+00  0.00000000E+00  0.00000000E+00  0.00000000E+00  0.00000000E+00  0.00000000E+00  0.00000000E+00  0.00000000E+00  0.00000000E+00  0.00000000E+00  0.00000000E+00  0.00000000E+00
 1.23139728E+01  0.00000000E+00  0.00000000E+00  0.00000000E+00  0.00000000E+00  0.00000000E+00  0.00000000E+00  0.00000000E+00  0.00000000E+00  0.00000000E+00  0.00000000E+00  0.00000000E+00  0.00000000E+00  0.00000000E+00  0.00000000E+00  0.00000000E+00  0.00000000E+00  0.00000000E+00  0.00000000E+00
 1.23309728E+01  0.00000000E+00  0.00000000E+00  0.00000000E+00  0.00000000E+00  0.00000000E+00  0.00000000E+00  0.00000000E+00  0.00000000E+00  0.00000000E+00  0.00000000E+00  0.00000000E+00  0.00000000E+00  0.00000000E+00  0.00000000E+00  0.00000000E+00  0.00000000E+00  0.00000000E+00  0.00000000E+00
 1.23489727E+01  0.00000000E+00  0.00000000E+00  0.00000000E+00  0.00000000E+00  0.00000000E+00  0.00000000E+00  0.00000000E+00  0.00000000E+00  0.00000000E+00  0.00000000E+00  0.00000000E+00  0.00000000E+00  0.00000000E+00  0.00000000E+00  0.00000000E+00  0.00000000E+00  0.00000000E+00  0.00000000E+00
