-2.66734992E+01  0.00000000E+00  0.00000000E+00  0.00000000E+00  0.00000000E+00  0.00000000E+00  0.00000000E+00  0.00000000E+00  0.00000000E+00  0.00000000E+00  0.00000000E+00  0.00000000E+00  0.00000000E+00  0.00000000E+00  0.00000000E+00  0.00000000E+00  0.00000000E+00  0.00000000E+00  0.00000000E+00
-2.66534992E+01  0.00000000E+00  0.00000000E+00  0.00000000E+00  0.00000000E+00  0.00000000E+00  0.00000000E+00  0.00000000E+00  0.00000000E+00  0.00000000E+00  0.00000000E+00  0.00000000E+00  0.00000000E+00  0.00000000E+00  0.00000000E+00  0.00000000E+00  0.00000000E+00  0.00000000E+00  0.00000000E+00
-2.66344992E+01  0.00000000E+00  0.00000000E+00  0.00000000E+00  0.00000000E+00  0.00000000E+00  0.00000000E+00  0.00000000E+00  0.00000000E+00  0.00000000E+00  0.00000000E+00  0.00000000E+00  0.00000000E+00  0.00000000E+00  0.00000000E+00  0.00000000E+00  0.00000000E+00  0.00000000E+00  0.00000000E+00
-2.66154992E+01  0.00000000E+00  0.00000000E+00  0.00000000E+00  0.00000000E+00  0.00000000E+00  0.00000000E+00  0.00000000E+00  0.00000000E+00  0.00000000E+00  0.00000000E+00  0.00000000E+00  0.00000000E+00  0.00000000E+00  0.00000000E+00  0.00000000E+00  0.00000000E+00  0.00000000E+00  0.00000000E+00
-2.65964992E+01  0.00000000E+00  0.00000000E+00  0.00000000E+00  0.00000000E+00  0.00000000E+00  0.00000000E+00  0.00000000E+00  0.00000000E+00  0.00000000E+00  0.00000000E+00  0.00000000E+00  0.00000000E+00  0.00000000E+00  0.00000000E+00  0.00000000E+00  0.00000000E+00  0.00000000E+00  0.00000000E+00
-2.65764992E+01  0.00000000E+00  0.00000000E+00  0.00000000E+00  0.00000000E+00  0.00000000E+00  0.00000000E+00  0.00000000E+00  0.00000000E+00  0.00000000E+00  0.00000000E+00  0.00000000E+00  0.00000000E+00  0.00000000E+00  0.00000000E+00  0.00000000E+00  0.00000000E+00  0.00000000E+00  0.00000000E+00
-2.65574992E+01  0.00000000E+00  0.00000000E+00  0.00000000E+00  0.00000000E+00  0.00000000E+00  0.00000000E+00  0.00000000E+00  0.00000000E+00  0.00000000E+00  0.00000000E+00  0.00000000E+00  0.00000000E+00  0.00000000E+00  0.00000000E+00  0.00000000E+00  0.00000000E+00  0.00000000E+00  0.00000000E+00
-2.65384992E+01  0.00000000E+00  0.00000000E+00  0.00000000E+00  0.00000000E+00  0.00000000E+00  0.00000000E+00  0.00000000E+00  0.00000000E+00  0.00000000E+00  0.00000000E+00  0.00000000E+00  0.00000000E+00  0.00000000E+00  0.00000000E+00  0.00000000E+00  0.00000000E+00  0.00000000E+00  0.00000000E+00
-2.65184992E+01  0.00000000E+00  0.00000000E+00  0.00000000E+00  0.00000000E+00  0.00000000E+00  0.00000000E+00  0.00000000E+00  0.00000000E+00  0.00000000E+00  0.00000000E+00  0.00000000E+00  0.00000000E+00  0.00000000E+00  0.00000000E+00  0.00000000E+00  0.00000000E+00  0.00000000E+00  0.00000000E+00
-2.64994992E+01  0.00000000E+00  0.00000000E+00  0.00000000E+00  0.00000000E+00  0.00000000E+00  0.00000000E+00  0.00000000E+00  0.00000000E+00  0.00000000E+00  0.00000000E+00  0.00000000E+00  0.00000000E+00  0.00000000E+00  0.00000000E+00  0.00000000E+00  0.00000000E+00  0.00000000E+00  0.00000000E+00
-2.64804992E+01  0.00000000E+00  0.00000000E+00  0.00000000E+00  0.00000000E+00  0.00000000E+00  0.00000000E+00  0.00000000E+00  0.00000000E+00  0.00000000E+00  0.00000000E+00  0.00000000E+00  0.00000000E+00  0.00000000E+00  0.00000000E+00  0.00000000E+00  0.00000000E+00  0.00000000E+00  0.00000000E+00
-2.64614992E+01  0.00000000E+00  0.00000000E+00  0.00000000E+00  0.00000000E+00  0.00000000E+00  0.00000000E+00  0.00000000E+00  0.00000000E+00  0.00000000E+00  0.00000000E+00  0.00000000E+00  0.00000000E+00  0.00000000E+00  0.00000000E+00  0.00000000E+00  0.00000000E+00  0.00000000E+00  0.00000000E+00
-2.64414992E+01  0.00000000E+00  0.00000000E+00  0.00000000E+00  0.00000000E+00  0.00000000E+00  0.00000000E+00  0.00000000E+00  0.00000000E+00  0.00000000E+00  0.00000000E+00  0.00000000E+00  0.00000000E+00  0.00000000E+00  0.00000000E+00  0.00000000E+00  0.00000000E+00  0.00000000E+00  0.00000000E+00
-2.64224992E+01  0.00000000E+00  0.00000000E+00  0.00000000E+00  0.00000000E+00  0.00000000E+00  0.00000000E+00  0.00000000E+00  0.00000000E+00  0.00000000E+00  0.00000000E+00  0.00000000E+00  0.00000000E+00  0.00000000E+00  0.00000000E+00  0.00000000E+00  0.00000000E+00  0.00000000E+00  0.00000000E+00
-2.64034992E+01  0.00000000E+00  0.00000000E+00  0.00000000E+00  0.00000000E+00  0.00000000E+00  0.00000000E+00  0.00000000E+00  0.00000000E+00  0.00000000E+00  0.00000000E+00  0.00000000E+00  0.00000000E+00  0.00000000E+00  0.00000000E+00  0.00000000E+00  0.00000000E+00  0.00000000E+00  0.00000000E+00
-2.63834992E+01  0.00000000E+00  0.00000000E+00  0.00000000E+00  0.00000000E+00  0.00000000E+00  0.00000000E+00  0.00000000E+00  0.00000000E+00  0.00000000E+00  0.00000000E+00  0.00000000E+00  0.00000000E+00  0.00000000E+00  0.00000000E+00  0.00000000E+00  0.00000000E+00  0.00000000E+00  0.00000000E+00
-2.63644992E+01  0.00000000E+00  0.00000000E+00  0.00000000E+00  0.00000000E+00  0.00000000E+00  0.00000000E+00  0.00000000E+00  0.00000000E+00  0.00000000E+00  0.00000000E+00  0.00000000E+00  0.00000000E+00  0.00000000E+00  0.00000000E+00  0.00000000E+00  0.00000000E+00  0.00000000E+00  0.00000000E+00
-2.63454992E+01  0.00000000E+00  0.00000000E+00  0.00000000E+00  0.00000000E+00  0.00000000E+00  0.00000000E+00  0.00000000E+00  0.00000000E+00  0.00000000E+00  0.00000000E+00  0.00000000E+00  0.00000000E+00  0.00000000E+00  0.00000000E+00  0.00000000E+00  0.00000000E+00  0.00000000E+00  0.00000000E+00
-2.63254992E+01  0.00000000E+00  0.00000000E+00  0.00000000E+00  0.00000000E+00  0.00000000E+00  0.00000000E+00  0.00000000E+00  0.00000000E+00  0.00000000E+00  0.00000000E+00  0.00000000E+00  0.00000000E+00  0.00000000E+00  0.00000000E+00  0.00000000E+00  0.00000000E+00  0.00000000E+00  0.00000000E+00
-2.63064992E+01  0.00000000E+00  0.00000000E+00  0.00000000E+00  0.00000000E+00  0.00000000E+00  0.00000000E+00  0.00000000E+00  0.00000000E+00  0.00000000E+00  0.00000000E+00  0.00000000E+00  0.00000000E+00  0.00000000E+00  0.00000000E+00  0.00000000E+00  0.00000000E+00  0.00000000E+00  0.00000000E+00
-2.62874992E+01  0.00000000E+00  0.00000000E+00  0.00000000E+00  0.00000000E+00  0.00000000E+00  0.00000000E+00  0.00000000E+00  0.00000000E+00  0.00000000E+00  0.00000000E+00  0.00000000E+00  0.00000000E+00  0.00000000E+00  0.00000000E+00  0.00000000E+00  0.00000000E+00  0.00000000E+00  0.00000000E+00
-2.62684992E+01  0.00000000E+00  0.00000000E+00  0.00000000E+00  0.00000000E+00  0.00000000E+00  0.00000000E+00  0.00000000E+00  0.00000000E+00  0.00000000E+00  0.00000000E+00  0.00000000E+00  0.00000000E+00  0.00000000E+00  0.00000000E+00  0.00000000E+00  0.00000000E+00  0.00000000E+00  0.00000000E+00
-2.62484992E+01  0.00000000E+00  0.00000000E+00  0.00000000E+00  0.00000000E+00  0.00000000E+00  0.00000000E+00  0.00000000E+00  0.00000000E+00  0.00000000E+00  0.00000000E+00  0.00000000E+00  0.00000000E+00  0.00000000E+00  0.00000000E+00  0.00000000E+00  0.00000000E+00  0.00000000E+00  0.00000000E+00
-2.62294992E+01  0.00000000E+00  0.00000000E+00  0.00000000E+00  0.00000000E+00  0.00000000E+00  0.00000000E+00  0.00000000E+00  0.00000000E+00  0.00000000E+00  0.00000000E+00  0.00000000E+00  0.00000000E+00  0.00000000E+00  0.00000000E+00  0.00000000E+00  0.00000000E+00  0.00000000E+00  0.00000000E+00
-2.62104992E+01  0.00000000E+00  0.00000000E+00  0.00000000E+00  0.00000000E+00  0.00000000E+00  0.00000000E+00  0.00000000E+00  0.00000000E+00  0.00000000E+00  0.00000000E+00  0.00000000E+00  0.00000000E+00  0.00000000E+00  0.00000000E+00  0.00000000E+00  0.00000000E+00  0.00000000E+00  0.00000000E+00
-2.61904992E+01  0.00000000E+00  0.00000000E+00  0.00000000E+00  0.00000000E+00  0.00000000E+00  0.00000000E+00  0.00000000E+00  0.00000000E+00  0.00000000E+00  0.00000000E+00  0.00000000E+00  0.00000000E+00  0.00000000E+00  0.00000000E+00  0.00000000E+00  0.00000000E+00  0.00000000E+00  0.00000000E+00
-2.61714992E+01  0.00000000E+00  0.00000000E+00  0.00000000E+00  0.00000000E+00  0.00000000E+00  0.00000000E+00  0.00000000E+00  0.00000000E+00  0.00000000E+00  0.00000000E+00  0.00000000E+00  0.00000000E+00  0.00000000E+00  0.00000000E+00  0.00000000E+00  0.00000000E+00  0.00000000E+00  0.00000000E+00
-2.61524992E+01  0.00000000E+00  0.00000000E+00  0.00000000E+00  0.00000000E+00  0.00000000E+00  0.00000000E+00  0.00000000E+00  0.00000000E+00  0.00000000E+00  0.00000000E+00  0.00000000E+00  0.00000000E+00  0.00000000E+00  0.00000000E+00  0.00000000E+00  0.00000000E+00  0.00000000E+00  0.00000000E+00
-2.61324992E+01  0.00000000E+00  0.00000000E+00  0.00000000E+00  0.00000000E+00  0.00000000E+00  0.00000000E+00  0.00000000E+00  0.00000000E+00  0.00000000E+00  0.00000000E+00  0.00000000E+00  0.00000000E+00  0.00000000E+00  0.00000000E+00  0.00000000E+00  0.00000000E+00  0.00000000E+00  0.00000000E+00
-2.61134992E+01  0.00000000E+00  0.00000000E+00  0.00000000E+00  0.00000000E+00  0.00000000E+00  0.00000000E+00  0.00000000E+00  0.00000000E+00  0.00000000E+00  0.00000000E+00  0.00000000E+00  0.00000000E+00  0.00000000E+00  0.00000000E+00  0.00000000E+00  0.00000000E+00  0.00000000E+00  0.00000000E+00
-2.60944992E+01  0.00000000E+00  0.00000000E+00  0.00000000E+00  0.00000000E+00  0.00000000E+00  0.00000000E+00  0.00000000E+00  0.00000000E+00  0.00000000E+00  0.00000000E+00  0.00000000E+00  0.00000000E+00  0.00000000E+00  0.00000000E+00  0.00000000E+00  0.00000000E+00  0.00000000E+00  0.00000000E+00
-2.60754992E+01  0.00000000E+00  0.00000000E+00  0.00000000E+00  0.00000000E+00  0.00000000E+00  0.00000000E+00  0.00000000E+00  0.00000000E+00  0.00000000E+00  0.00000000E+00  0.00000000E+00  0.00000000E+00  0.00000000E+00  0.00000000E+00  0.00000000E+00  0.00000000E+00  0.00000000E+00  0.00000000E+00
-2.60554992E+01  0.00000000E+00  0.00000000E+00  0.00000000E+00  0.00000000E+00  0.00000000E+00  0.00000000E+00  0.00000000E+00  0.00000000E+00  0.00000000E+00  0.00000000E+00  0.00000000E+00  0.00000000E+00  0.00000000E+00  0.00000000E+00  0.00000000E+00  0.00000000E+00  0.00000000E+00  0.00000000E+00
-2.60364992E+01  0.00000000E+00  0.00000000E+00  0.00000000E+00  0.00000000E+00  0.00000000E+00  0.00000000E+00  0.00000000E+00  0.00000000E+00  0.00000000E+00  0.00000000E+00  0.00000000E+00  0.00000000E+00  0.00000000E+00  0.00000000E+00  0.00000000E+00  0.00000000E+00  0.00000000E+00  0.00000000E+00
-2.60174992E+01  0.00000000E+00  0.00000000E+00  0.00000000E+00  0.00000000E+00  0.00000000E+00  0.00000000E+00  0.00000000E+00  0.00000000E+00  0.00000000E+00  0.00000000E+00  0.00000000E+00  0.00000000E+00  0.00000000E+00  0.00000000E+00  0.00000000E+00  0.00000000E+00  0.00000000E+00  0.00000000E+00
-2.59974992E+01  0.00000000E+00  0.00000000E+00  0.00000000E+00  0.00000000E+00  0.00000000E+00  0.00000000E+00  0.00000000E+00  0.00000000E+00  0.00000000E+00  0.00000000E+00  0.00000000E+00  0.00000000E+00  0.00000000E+00  0.00000000E+00  0.00000000E+00  0.00000000E+00  0.00000000E+00  0.00000000E+00
-2.59784992E+01  0.00000000E+00  0.00000000E+00  0.00000000E+00  0.00000000E+00  0.00000000E+00  0.00000000E+00  0.00000000E+00  0.00000000E+00  0.00000000E+00  0.00000000E+00  0.00000000E+00  0.00000000E+00  0.00000000E+00  0.00000000E+00  0.00000000E+00  0.00000000E+00  0.00000000E+00  0.00000000E+00
-2.59594992E+01  0.00000000E+00  0.00000000E+00  0.00000000E+00  0.00000000E+00  0.00000000E+00  0.00000000E+00  0.00000000E+00  0.00000000E+00  0.00000000E+00  0.00000000E+00  0.00000000E+00  0.00000000E+00  0.00000000E+00  0.00000000E+00  0.00000000E+00  0.00000000E+00  0.00000000E+00  0.00000000E+00
-2.59404992E+01  0.00000000E+00  0.00000000E+00  0.00000000E+00  0.00000000E+00  0.00000000E+00  0.00000000E+00  0.00000000E+00  0.00000000E+00  0.00000000E+00  0.00000000E+00  0.00000000E+00  0.00000000E+00  0.00000000E+00  0.00000000E+00  0.00000000E+00  0.00000000E+00  0.00000000E+00  0.00000000E+00
-2.59204992E+01  0.00000000E+00  0.00000000E+00  0.00000000E+00  0.00000000E+00  0.00000000E+00  0.00000000E+00  0.00000000E+00  0.00000000E+00  0.00000000E+00  0.00000000E+00  0.00000000E+00  0.00000000E+00  0.00000000E+00  0.00000000E+00  0.00000000E+00  0.00000000E+00  0.00000000E+00  0.00000000E+00
-2.59014992E+01  0.00000000E+00  0.00000000E+00  0.00000000E+00  0.00000000E+00  0.00000000E+00  0.00000000E+00  0.00000000E+00  0.00000000E+00  0.00000000E+00  0.00000000E+00  0.00000000E+00  0.00000000E+00  0.00000000E+00  0.00000000E+00  0.00000000E+00  0.00000000E+00  0.00000000E+00  0.00000000E+00
-2.58824992E+01  0.00000000E+00  0.00000000E+00  0.00000000E+00  0.00000000E+00  0.00000000E+00  0.00000000E+00  0.00000000E+00  0.00000000E+00  0.00000000E+00  0.00000000E+00  0.00000000E+00  0.00000000E+00  0.00000000E+00  0.00000000E+00  0.00000000E+00  0.00000000E+00  0.00000000E+00  0.00000000E+00
-2.58624992E+01  0.00000000E+00  0.00000000E+00  0.00000000E+00  0.00000000E+00  0.00000000E+00  0.00000000E+00  0.00000000E+00  0.00000000E+00  0.00000000E+00  0.00000000E+00  0.00000000E+00  0.00000000E+00  0.00000000E+00  0.00000000E+00  0.00000000E+00  0.00000000E+00  0.00000000E+00  0.00000000E+00
-2.58434992E+01  0.00000000E+00  0.00000000E+00  0.00000000E+00  0.00000000E+00  0.00000000E+00  0.00000000E+00  0.00000000E+00  0.00000000E+00  0.00000000E+00  0.00000000E+00  0.00000000E+00  0.00000000E+00  0.00000000E+00  0.00000000E+00  0.00000000E+00  0.00000000E+00  0.00000000E+00  0.00000000E+00
-2.58244992E+01  0.00000000E+00  0.00000000E+00  0.00000000E+00  0.00000000E+00  0.00000000E+00  0.00000000E+00  0.00000000E+00  0.00000000E+00  0.00000000E+00  0.00000000E+00  0.00000000E+00  0.00000000E+00  0.00000000E+00  0.00000000E+00  0.00000000E+00  0.00000000E+00  0.00000000E+00  0.00000000E+00
-2.58044992E+01  0.00000000E+00  0.00000000E+00  0.00000000E+00  0.00000000E+00  0.00000000E+00  0.00000000E+00  0.00000000E+00  0.00000000E+00  0.00000000E+00  0.00000000E+00  0.00000000E+00  0.00000000E+00  0.00000000E+00  0.00000000E+00  0.00000000E+00  0.00000000E+00  0.00000000E+00  0.00000000E+00
-2.57854992E+01  0.00000000E+00  0.00000000E+00  0.00000000E+00  0.00000000E+00  0.00000000E+00  0.00000000E+00  0.00000000E+00  0.00000000E+00  0.00000000E+00  0.00000000E+00  0.00000000E+00  0.00000000E+00  0.00000000E+00  0.00000000E+00  0.00000000E+00  0.00000000E+00  0.00000000E+00  0.00000000E+00
-2.57664992E+01  0.00000000E+00  0.00000000E+00  0.00000000E+00  0.00000000E+00  0.00000000E+00  0.00000000E+00  0.00000000E+00  0.00000000E+00  0.00000000E+00  0.00000000E+00  0.00000000E+00  0.00000000E+00  0.00000000E+00  0.00000000E+00  0.00000000E+00  0.00000000E+00  0.00000000E+00  0.00000000E+00
-2.57474992E+01  0.00000000E+00  0.00000000E+00  0.00000000E+00  0.00000000E+00  0.00000000E+00  0.00000000E+00  0.00000000E+00  0.00000000E+00  0.00000000E+00  0.00000000E+00  0.00000000E+00  0.00000000E+00  0.00000000E+00  0.00000000E+00  0.00000000E+00  0.00000000E+00  0.00000000E+00  0.00000000E+00
-2.57274992E+01  0.00000000E+00  0.00000000E+00  0.00000000E+00  0.00000000E+00  0.00000000E+00  0.00000000E+00  0.00000000E+00  0.00000000E+00  0.00000000E+00  0.00000000E+00  0.00000000E+00  0.00000000E+00  0.00000000E+00  0.00000000E+00  0.00000000E+00  0.00000000E+00  0.00000000E+00  0.00000000E+00
-2.57084992E+01  0.00000000E+00  0.00000000E+00  0.00000000E+00  0.00000000E+00  0.00000000E+00  0.00000000E+00  0.00000000E+00  0.00000000E+00  0.00000000E+00  0.00000000E+00  0.00000000E+00  0.00000000E+00  0.00000000E+00  0.00000000E+00  0.00000000E+00  0.00000000E+00  0.00000000E+00  0.00000000E+00
-2.56894992E+01  0.00000000E+00  0.00000000E+00  0.00000000E+00  0.00000000E+00  0.00000000E+00  0.00000000E+00  0.00000000E+00  0.00000000E+00  0.00000000E+00  0.00000000E+00  0.00000000E+00  0.00000000E+00  0.00000000E+00  0.00000000E+00  0.00000000E+00  0.00000000E+00  0.00000000E+00  0.00000000E+00
-2.56694992E+01  0.00000000E+00  0.00000000E+00  0.00000000E+00  0.00000000E+00  0.00000000E+00  0.00000000E+00  0.00000000E+00  0.00000000E+00  0.00000000E+00  0.00000000E+00  0.00000000E+00  0.00000000E+00  0.00000000E+00  0.00000000E+00  0.00000000E+00  0.00000000E+00  0.00000000E+00  0.00000000E+00
-2.56504992E+01  0.00000000E+00  0.00000000E+00  0.00000000E+00  0.00000000E+00  0.00000000E+00  0.00000000E+00  0.00000000E+00  0.00000000E+00  0.00000000E+00  0.00000000E+00  0.00000000E+00  0.00000000E+00  0.00000000E+00  0.00000000E+00  0.00000000E+00  0.00000000E+00  0.00000000E+00  0.00000000E+00
-2.56314992E+01  0.00000000E+00  0.00000000E+00  0.00000000E+00  0.00000000E+00  0.00000000E+00  0.00000000E+00  0.00000000E+00  0.00000000E+00  0.00000000E+00  0.00000000E+00  0.00000000E+00  0.00000000E+00  0.00000000E+00  0.00000000E+00  0.00000000E+00  0.00000000E+00  0.00000000E+00  0.00000000E+00
-2.56124992E+01  0.00000000E+00  0.00000000E+00  0.00000000E+00  0.00000000E+00  0.00000000E+00  0.00000000E+00  0.00000000E+00  0.00000000E+00  0.00000000E+00  0.00000000E+00  0.00000000E+00  0.00000000E+00  0.00000000E+00  0.00000000E+00  0.00000000E+00  0.00000000E+00  0.00000000E+00  0.00000000E+00
-2.55924992E+01  0.00000000E+00  0.00000000E+00  0.00000000E+00  0.00000000E+00  0.00000000E+00  0.00000000E+00  0.00000000E+00  0.00000000E+00  0.00000000E+00  0.00000000E+00  0.00000000E+00  0.00000000E+00  0.00000000E+00  0.00000000E+00  0.00000000E+00  0.00000000E+00  0.00000000E+00  0.00000000E+00
-2.55734992E+01  0.00000000E+00  0.00000000E+00  0.00000000E+00  0.00000000E+00  0.00000000E+00  0.00000000E+00  0.00000000E+00  0.00000000E+00  0.00000000E+00  0.00000000E+00  0.00000000E+00  0.00000000E+00  0.00000000E+00  0.00000000E+00  0.00000000E+00  0.00000000E+00  0.00000000E+00  0.00000000E+00
-2.55544992E+01  0.00000000E+00  0.00000000E+00  0.00000000E+00  0.00000000E+00  0.00000000E+00  0.00000000E+00  0.00000000E+00  0.00000000E+00  0.00000000E+00  0.00000000E+00  0.00000000E+00  0.00000000E+00  0.00000000E+00  0.00000000E+00  0.00000000E+00  0.00000000E+00  0.00000000E+00  0.00000000E+00
-2.55344992E+01  0.00000000E+00  0.00000000E+00  0.00000000E+00  0.00000000E+00  0.00000000E+00  0.00000000E+00  0.00000000E+00  0.00000000E+00  0.00000000E+00  0.00000000E+00  0.00000000E+00  0.00000000E+00  0.00000000E+00  0.00000000E+00  0.00000000E+00  0.00000000E+00  0.00000000E+00  0.00000000E+00
-2.55154992E+01  0.00000000E+00  0.00000000E+00  0.00000000E+00  0.00000000E+00  0.00000000E+00  0.00000000E+00  0.00000000E+00  0.00000000E+00  0.00000000E+00  0.00000000E+00  0.00000000E+00  0.00000000E+00  0.00000000E+00  0.00000000E+00  0.00000000E+00  0.00000000E+00  0.00000000E+00  0.00000000E+00
-2.54964992E+01  0.00000000E+00  0.00000000E+00  0.00000000E+00  0.00000000E+00  0.00000000E+00  0.00000000E+00  0.00000000E+00  0.00000000E+00  0.00000000E+00  0.00000000E+00  0.00000000E+00  0.00000000E+00  0.00000000E+00  0.00000000E+00  0.00000000E+00  0.00000000E+00  0.00000000E+00  0.00000000E+00
-2.54764992E+01  0.00000000E+00  0.00000000E+00  0.00000000E+00  0.00000000E+00  0.00000000E+00  0.00000000E+00  0.00000000E+00  0.00000000E+00  0.00000000E+00  0.00000000E+00  0.00000000E+00  0.00000000E+00  0.00000000E+00  0.00000000E+00  0.00000000E+00  0.00000000E+00  0.00000000E+00  0.00000000E+00
-2.54574992E+01  0.00000000E+00  0.00000000E+00  0.00000000E+00  0.00000000E+00  0.00000000E+00  0.00000000E+00  0.00000000E+00  0.00000000E+00  0.00000000E+00  0.00000000E+00  0.00000000E+00  0.00000000E+00  0.00000000E+00  0.00000000E+00  0.00000000E+00  0.00000000E+00  0.00000000E+00  0.00000000E+00
-2.54384992E+01  0.00000000E+00  0.00000000E+00  0.00000000E+00  0.00000000E+00  0.00000000E+00  0.00000000E+00  0.00000000E+00  0.00000000E+00  0.00000000E+00  0.00000000E+00  0.00000000E+00  0.00000000E+00  0.00000000E+00  0.00000000E+00  0.00000000E+00  0.00000000E+00  0.00000000E+00  0.00000000E+00
-2.54194992E+01  0.00000000E+00  0.00000000E+00  0.00000000E+00  0.00000000E+00  0.00000000E+00  0.00000000E+00  0.00000000E+00  0.00000000E+00  0.00000000E+00  0.00000000E+00  0.00000000E+00  0.00000000E+00  0.00000000E+00  0.00000000E+00  0.00000000E+00  0.00000000E+00  0.00000000E+00  0.00000000E+00
-2.53994992E+01  0.00000000E+00  0.00000000E+00  0.00000000E+00  0.00000000E+00  0.00000000E+00  0.00000000E+00  0.00000000E+00  0.00000000E+00  0.00000000E+00  0.00000000E+00  0.00000000E+00  0.00000000E+00  0.00000000E+00  0.00000000E+00  0.00000000E+00  0.00000000E+00  0.00000000E+00  0.00000000E+00
-2.53804992E+01  0.00000000E+00  0.00000000E+00  0.00000000E+00  0.00000000E+00  0.00000000E+00  0.00000000E+00  0.00000000E+00  0.00000000E+00  0.00000000E+00  0.00000000E+00  0.00000000E+00  0.00000000E+00  0.00000000E+00  0.00000000E+00  0.00000000E+00  0.00000000E+00  0.00000000E+00  0.00000000E+00
-2.53614992E+01  0.00000000E+00  0.00000000E+00  0.00000000E+00  0.00000000E+00  0.00000000E+00  0.00000000E+00  0.00000000E+00  0.00000000E+00  0.00000000E+00  0.00000000E+00  0.00000000E+00  0.00000000E+00  0.00000000E+00  0.00000000E+00  0.00000000E+00  0.00000000E+00  0.00000000E+00  0.00000000E+00
-2.53414992E+01  0.00000000E+00  0.00000000E+00  0.00000000E+00  0.00000000E+00  0.00000000E+00  0.00000000E+00  0.00000000E+00  0.00000000E+00  0.00000000E+00  0.00000000E+00  0.00000000E+00  0.00000000E+00  0.00000000E+00  0.00000000E+00  0.00000000E+00  0.00000000E+00  0.00000000E+00  0.00000000E+00
-2.53224992E+01  0.00000000E+00  0.00000000E+00  0.00000000E+00  0.00000000E+00  0.00000000E+00  0.00000000E+00  0.00000000E+00  0.00000000E+00  0.00000000E+00  0.00000000E+00  0.00000000E+00  0.00000000E+00  0.00000000E+00  0.00000000E+00  0.00000000E+00  0.00000000E+00  0.00000000E+00  0.00000000E+00
-2.53034992E+01  0.00000000E+00  0.00000000E+00  0.00000000E+00  0.00000000E+00  0.00000000E+00  0.00000000E+00  0.00000000E+00  0.00000000E+00  0.00000000E+00  0.00000000E+00  0.00000000E+00  0.00000000E+00  0.00000000E+00  0.00000000E+00  0.00000000E+00  0.00000000E+00  0.00000000E+00  0.00000000E+00
-2.52844992E+01  0.00000000E+00  0.00000000E+00  0.00000000E+00  0.00000000E+00  0.00000000E+00  0.00000000E+00  0.00000000E+00  0.00000000E+00  0.00000000E+00  0.00000000E+00  0.00000000E+00  0.00000000E+00  0.00000000E+00  0.00000000E+00  0.00000000E+00  0.00000000E+00  0.00000000E+00  0.00000000E+00
-2.52644992E+01  0.00000000E+00  0.00000000E+00  0.00000000E+00  0.00000000E+00  0.00000000E+00  0.00000000E+00  0.00000000E+00  0.00000000E+00  0.00000000E+00  0.00000000E+00  0.00000000E+00  0.00000000E+00  0.00000000E+00  0.00000000E+00  0.00000000E+00  0.00000000E+00  0.00000000E+00  0.00000000E+00
-2.52454992E+01  0.00000000E+00  0.00000000E+00  0.00000000E+00  0.00000000E+00  0.00000000E+00  0.00000000E+00  0.00000000E+00  0.00000000E+00  0.00000000E+00  0.00000000E+00  0.00000000E+00  0.00000000E+00  0.00000000E+00  0.00000000E+00  0.00000000E+00  0.00000000E+00  0.00000000E+00  0.00000000E+00
-2.52264992E+01  0.00000000E+00  0.00000000E+00  0.00000000E+00  0.00000000E+00  0.00000000E+00  0.00000000E+00  0.00000000E+00  0.00000000E+00  0.00000000E+00  0.00000000E+00  0.00000000E+00  0.00000000E+00  0.00000000E+00  0.00000000E+00  0.00000000E+00  0.00000000E+00  0.00000000E+00  0.00000000E+00
-2.52064992E+01  2.50100000E-17  2.50100000E-17  1.56100000E-18  1.56100000E-18  2.48300000E-18  2.48300000E-18  3.64500000E-19  3.64500000E-19  0.00000000E+00  0.00000000E+00  0.00000000E+00  0.00000000E+00  0.00000000E+00  0.00000000E+00  0.00000000E+00  0.00000000E+00  0.00000000E+00  0.00000000E+00
-2.51874992E+01  2.15600000E-15  2.15600000E-15  1.34700000E-16  1.34700000E-16  2.12700000E-16  2.12700000E-16  3.24700000E-17  3.24700000E-17  0.00000000E+00  0.00000000E+00  0.00000000E+00  0.00000000E+00  0.00000000E+00  0.00000000E+00  0.00000000E+00  0.00000000E+00  0.00000000E+00  0.00000000E+00
-2.51684992E+01  1.23800000E-13  1.23800000E-13  7.73000000E-15  7.73000000E-15  1.21900000E-14  1.21900000E-14  1.88200000E-15  1.88200000E-15  0.00000000E+00  0.00000000E+00  0.00000000E+00  0.00000000E+00  0.00000000E+00  0.00000000E+00  0.00000000E+00  0.00000000E+00  0.00000000E+00  0.00000000E+00
-2.51484992E+01  5.30500000E-12  5.30500000E-12  3.31500000E-13  3.31500000E-13  5.20700000E-13  5.20700000E-13  8.19400000E-14  8.19400000E-14  0.00000000E+00  0.00000000E+00  0.00000000E+00  0.00000000E+00  0.00000000E+00  0.00000000E+00  0.00000000E+00  0.00000000E+00  0.00000000E+00  0.00000000E+00
-2.51294992E+01  1.69800000E-10  1.69800000E-10  1.06100000E-11  1.06100000E-11  1.65900000E-11  1.65900000E-11  2.67800000E-12  2.67800000E-12  0.00000000E+00  0.00000000E+00  0.00000000E+00  0.00000000E+00  0.00000000E+00  0.00000000E+00  0.00000000E+00  0.00000000E+00  0.00000000E+00  0.00000000E+00
-2.51104992E+01  4.06100000E-09  4.06100000E-09  2.54000000E-10  2.54000000E-10  3.94600000E-10  3.94600000E-10  6.58500000E-11  6.58500000E-11  0.00000000E+00  0.00000000E+00  0.00000000E+00  0.00000000E+00  0.00000000E+00  0.00000000E+00  0.00000000E+00  0.00000000E+00  0.00000000E+00  0.00000000E+00
-2.50914992E+01  7.26700000E-08  7.26700000E-08  4.54700000E-09  4.54700000E-09  7.00400000E-09  7.00400000E-09  1.22200000E-09  1.22200000E-09  0.00000000E+00  0.00000000E+00  0.00000000E+00  0.00000000E+00  0.00000000E+00  0.00000000E+00  0.00000000E+00  0.00000000E+00  0.00000000E+00  0.00000000E+00
-2.50714992E+01  9.74000000E-07  9.74000000E-07  6.10000000E-08  6.10000000E-08  9.28600000E-08  9.28500000E-08  1.71600000E-08  1.71600000E-08  0.00000000E+00  0.00000000E+00  0.00000000E+00  0.00000000E+00  0.00000000E+00  0.00000000E+00  0.00000000E+00  0.00000000E+00  0.00000000E+00  0.00000000E+00
-2.50524992E+01  9.79400000E-06  9.79400000E-06  6.14200000E-07  6.14200000E-07  9.20100000E-07  9.20100000E-07  1.83200000E-07  1.83200000E-07  0.00000000E+00  0.00000000E+00  0.00000000E+00  0.00000000E+00  0.00000000E+00  0.00000000E+00  0.00000000E+00  0.00000000E+00  0.00000000E+00  0.00000000E+00
-2.50334992E+01  7.40400000E-05  7.40400000E-05  4.65100000E-06  4.65000000E-06  6.82000000E-06  6.82000000E-06  1.49000000E-06  1.49000000E-06  0.00000000E+00  0.00000000E+00  0.00000000E+00  0.00000000E+00  0.00000000E+00  0.00000000E+00  0.00000000E+00  0.00000000E+00  0.00000000E+00  0.00000000E+00
-2.50134992E+01  4.21700000E-04  4.21700000E-04  2.65500000E-05  2.65500000E-05  3.78400000E-05  3.78400000E-05  9.27400000E-06  9.27400000E-06  0.00000000E+00  0.00000000E+00  0.00000000E+00  0.00000000E+00  0.00000000E+00  0.00000000E+00  0.00000000E+00  0.00000000E+00  0.00000000E+00  0.00000000E+00
-2.49944992E+01  1.81500000E-03  1.81500000E-03  1.14600000E-04  1.14600000E-04  1.57400000E-04  1.57400000E-04  4.42800000E-05  4.42800000E-05  0.00000000E+00  0.00000000E+00  0.00000000E+00  0.00000000E+00  0.00000000E+00  0.00000000E+00  0.00000000E+00  0.00000000E+00  0.00000000E+00  0.00000000E+00
-2.49754992E+01  5.92200000E-03  5.92200000E-03  3.75200000E-04  3.75200000E-04  4.91100000E-04  4.91100000E-04  1.62700000E-04  1.62700000E-04  0.00000000E+00  0.00000000E+00  0.00000000E+00  0.00000000E+00  0.00000000E+00  0.00000000E+00  0.00000000E+00  0.00000000E+00  0.00000000E+00  0.00000000E+00
-2.49554992E+01  1.47000000E-02  1.47000000E-02  9.36700000E-04  9.36700000E-04  1.15200000E-03  1.15200000E-03  4.61200000E-04  4.61200000E-04  0.00000000E+00  0.00000000E+00  0.00000000E+00  0.00000000E+00  0.00000000E+00  0.00000000E+00  0.00000000E+00  0.00000000E+00  0.00000000E+00  0.00000000E+00
-2.49364992E+01  2.79200000E-02  2.79200000E-02  1.79600000E-03  1.79600000E-03  2.03900000E-03  2.03900000E-03  1.01500000E-03  1.01500000E-03  0.00000000E+00  0.00000000E+00  0.00000000E+00  0.00000000E+00  0.00000000E+00  0.00000000E+00  0.00000000E+00  0.00000000E+00  0.00000000E+00  0.00000000E+00
-2.49174992E+01  4.09000000E-02  4.09000000E-02  2.68000000E-03  2.68100000E-03  2.73200000E-03  2.73200000E-03  1.75100000E-03  1.75100000E-03  0.00000000E+00  0.00000000E+00  0.00000000E+00  0.00000000E+00  0.00000000E+00  0.00000000E+00  0.00000000E+00  0.00000000E+00  0.00000000E+00  0.00000000E+00
-2.48984992E+01  4.70600000E-02  4.70600000E-02  3.21900000E-03  3.21900000E-03  2.80900000E-03  2.80900000E-03  2.41000000E-03  2.41000000E-03  0.00000000E+00  0.00000000E+00  0.00000000E+00  0.00000000E+00  0.00000000E+00  0.00000000E+00  0.00000000E+00  0.00000000E+00  0.00000000E+00  0.00000000E+00
-2.48784992E+01  4.43600000E-02  4.43600000E-02  3.32900000E-03  3.32900000E-03  2.28600000E-03  2.28600000E-03  2.71000000E-03  2.71000000E-03  0.00000000E+00  0.00000000E+00  0.00000000E+00  0.00000000E+00  0.00000000E+00  0.00000000E+00  0.00000000E+00  0.00000000E+00  0.00000000E+00  0.00000000E+00
-2.48594992E+01  3.71600000E-02  3.71600000E-02  3.26300000E-03  3.26300000E-03  1.59800000E-03  1.59800000E-03  2.54800000E-03  2.54800000E-03  0.00000000E+00  0.00000000E+00  0.00000000E+00  0.00000000E+00  0.00000000E+00  0.00000000E+00  0.00000000E+00  0.00000000E+00  0.00000000E+00  0.00000000E+00
-2.48404992E+01  3.03200000E-02  3.03200000E-02  3.16300000E-03  3.16300000E-03  1.12400000E-03  1.12400000E-03  2.02400000E-03  2.02400000E-03  0.00000000E+00  0.00000000E+00  0.00000000E+00  0.00000000E+00  0.00000000E+00  0.00000000E+00  0.00000000E+00  0.00000000E+00  0.00000000E+00  0.00000000E+00
-2.48204992E+01  2.43200000E-02  2.43200000E-02  2.83000000E-03  2.83000000E-03  9.20400000E-04  9.20400000E-04  1.34600000E-03  1.34600000E-03  0.00000000E+00  0.00000000E+00  0.00000000E+00  0.00000000E+00  0.00000000E+00  0.00000000E+00  0.00000000E+00  0.00000000E+00  0.00000000E+00  0.00000000E+00
-2.48014992E+01  1.76800000E-02  1.76800000E-02  2.11600000E-03  2.11600000E-03  8.82000000E-04  8.82000000E-04  7.43200000E-04  7.43200000E-04  0.00000000E+00  0.00000000E+00  0.00000000E+00  0.00000000E+00  0.00000000E+00  0.00000000E+00  0.00000000E+00  0.00000000E+00  0.00000000E+00  0.00000000E+00
-2.47824992E+01  1.09400000E-02  1.09400000E-02  1.24000000E-03  1.24000000E-03  9.00700000E-04  9.00700000E-04  3.51800000E-04  3.51800000E-04  0.00000000E+00  0.00000000E+00  0.00000000E+00  0.00000000E+00  0.00000000E+00  0.00000000E+00  0.00000000E+00  0.00000000E+00  0.00000000E+00  0.00000000E+00
-2.47634992E+01  5.78800000E-03  5.78800000E-03  5.55100000E-04  5.55100000E-04  8.69400000E-04  8.69400000E-04  1.61200000E-04  1.61200000E-04  0.00000000E+00  0.00000000E+00  0.00000000E+00  0.00000000E+00  0.00000000E+00  0.00000000E+00  0.00000000E+00  0.00000000E+00  0.00000000E+00  0.00000000E+00
-2.47434992E+01  2.77700000E-03  2.77700000E-03  1.87800000E-04  1.87800000E-04  7.10700000E-04  7.10700000E-04  8.18300000E-05  8.18300000E-05  0.00000000E+00  0.00000000E+00  0.00000000E+00  0.00000000E+00  0.00000000E+00  0.00000000E+00  0.00000000E+00  0.00000000E+00  0.00000000E+00  0.00000000E+00
-2.47244992E+01  1.25800000E-03  1.25800000E-03  4.80600000E-05  4.80600000E-05  4.59300000E-04  4.59300000E-04  4.33600000E-05  4.33600000E-05  0.00000000E+00  0.00000000E+00  0.00000000E+00  0.00000000E+00  0.00000000E+00  0.00000000E+00  0.00000000E+00  0.00000000E+00  0.00000000E+00  0.00000000E+00
-2.47054992E+01  5.16500000E-04  5.16500000E-04  9.41500000E-06  9.41500000E-06  2.27000000E-04  2.27000000E-04  2.01400000E-05  2.01300000E-05  0.00000000E+00  0.00000000E+00  0.00000000E+00  0.00000000E+00  0.00000000E+00  0.00000000E+00  0.00000000E+00  0.00000000E+00  0.00000000E+00  0.00000000E+00
-2.46854992E+01  1.77400000E-04  1.77400000E-04  1.45600000E-06  1.45600000E-06  8.46100000E-05  8.46100000E-05  7.37800000E-06  7.37800000E-06  0.00000000E+00  0.00000000E+00  0.00000000E+00  0.00000000E+00  0.00000000E+00  0.00000000E+00  0.00000000E+00  0.00000000E+00  0.00000000E+00  0.00000000E+00
-2.46664992E+01  4.80100000E-05  4.80100000E-05  1.88900000E-07  1.88900000E-07  2.36500000E-05  2.36500000E-05  2.05400000E-06  2.05400000E-06  0.00000000E+00  0.00000000E+00  0.00000000E+00  0.00000000E+00  0.00000000E+00  0.00000000E+00  0.00000000E+00  0.00000000E+00  0.00000000E+00  0.00000000E+00
-2.46474992E+01  9.91700000E-06  9.91700000E-06  2.22800000E-08  2.22700000E-08  4.94900000E-06  4.94900000E-06  4.29200000E-07  4.29100000E-07  0.00000000E+00  0.00000000E+00  0.00000000E+00  0.00000000E+00  0.00000000E+00  0.00000000E+00  0.00000000E+00  0.00000000E+00  0.00000000E+00  0.00000000E+00
-2.46274992E+01  1.54300000E-06  1.54300000E-06  2.46700000E-09  2.46600000E-09  7.73900000E-07  7.73900000E-07  6.71000000E-08  6.70900000E-08  0.00000000E+00  0.00000000E+00  0.00000000E+00  0.00000000E+00  0.00000000E+00  0.00000000E+00  0.00000000E+00  0.00000000E+00  0.00000000E+00  0.00000000E+00
-2.46084992E+01  1.80000000E-07  1.80000000E-07  2.43500000E-10  2.43400000E-10  9.04000000E-08  9.04000000E-08  7.83800000E-09  7.83800000E-09  0.00000000E+00  0.00000000E+00  0.00000000E+00  0.00000000E+00  0.00000000E+00  0.00000000E+00  0.00000000E+00  0.00000000E+00  0.00000000E+00  0.00000000E+00
-2.45894992E+01  1.56900000E-08  1.56900000E-08  1.97700000E-11  1.97600000E-11  7.88600000E-09  7.88600000E-09  6.83700000E-10  6.83700000E-10  0.00000000E+00  0.00000000E+00  0.00000000E+00  0.00000000E+00  0.00000000E+00  0.00000000E+00  0.00000000E+00  0.00000000E+00  0.00000000E+00  0.00000000E+00
-2.45704992E+01  1.02100000E-09  1.02100000E-09  1.25100000E-12  1.25100000E-12  5.13500000E-10  5.13500000E-10  4.45200000E-11  4.45200000E-11  0.00000000E+00  0.00000000E+00  0.00000000E+00  0.00000000E+00  0.00000000E+00  0.00000000E+00  0.00000000E+00  0.00000000E+00  0.00000000E+00  0.00000000E+00
-2.45504992E+01  4.96100000E-11  4.96100000E-11  6.01400000E-14  6.01200000E-14  2.49500000E-11  2.49500000E-11  2.16300000E-12  2.16300000E-12  0.00000000E+00  0.00000000E+00  0.00000000E+00  0.00000000E+00  0.00000000E+00  0.00000000E+00  0.00000000E+00  0.00000000E+00  0.00000000E+00  0.00000000E+00
-2.45314992E+01  1.79800000E-12  1.79800000E-12  2.17000000E-15  2.17000000E-15  9.04000000E-13  9.04000000E-13  7.83800000E-14  7.83800000E-14  0.00000000E+00  0.00000000E+00  0.00000000E+00  0.00000000E+00  0.00000000E+00  0.00000000E+00  0.00000000E+00  0.00000000E+00  0.00000000E+00  0.00000000E+00
-2.45124992E+01  4.85800000E-14  4.85800000E-14  5.85100000E-17  5.84900000E-17  2.44300000E-14  2.44300000E-14  2.11800000E-15  2.11800000E-15  0.00000000E+00  0.00000000E+00  0.00000000E+00  0.00000000E+00  0.00000000E+00  0.00000000E+00  0.00000000E+00  0.00000000E+00  0.00000000E+00  0.00000000E+00
-2.44924992E+01  9.78100000E-16  9.78100000E-16  1.17800000E-18  1.17800000E-18  4.91900000E-16  4.91900000E-16  4.26500000E-17  4.26500000E-17  0.00000000E+00  0.00000000E+00  0.00000000E+00  0.00000000E+00  0.00000000E+00  0.00000000E+00  0.00000000E+00  0.00000000E+00  0.00000000E+00  0.00000000E+00
-2.44734992E+01  1.53800000E-17  1.53800000E-17  1.85200000E-20  1.85200000E-20  7.73400000E-18  7.73400000E-18  6.70600000E-19  6.70500000E-19  0.00000000E+00  0.00000000E+00  0.00000000E+00  0.00000000E+00  0.00000000E+00  0.00000000E+00  0.00000000E+00  0.00000000E+00  0.00000000E+00  0.00000000E+00
-2.44544992E+01  0.00000000E+00  0.00000000E+00  0.00000000E+00  0.00000000E+00  0.00000000E+00  0.00000000E+00  0.00000000E+00  0.00000000E+00  0.00000000E+00  0.00000000E+00  0.00000000E+00  0.00000000E+00  0.00000000E+00  0.00000000E+00  0.00000000E+00  0.00000000E+00  0.00000000E+00  0.00000000E+00
-2.44354992E+01  0.00000000E+00  0.00000000E+00  0.00000000E+00  0.00000000E+00  0.00000000E+00  0.00000000E+00  0.00000000E+00  0.00000000E+00  0.00000000E+00  0.00000000E+00  0.00000000E+00  0.00000000E+00  0.00000000E+00  0.00000000E+00  0.00000000E+00  0.00000000E+00  0.00000000E+00  0.00000000E+00
-2.44154992E+01  0.00000000E+00  0.00000000E+00  0.00000000E+00  0.00000000E+00  0.00000000E+00  0.00000000E+00  0.00000000E+00  0.00000000E+00  0.00000000E+00  0.00000000E+00  0.00000000E+00  0.00000000E+00  0.00000000E+00  0.00000000E+00  0.00000000E+00  0.00000000E+00  0.00000000E+00  0.00000000E+00
-2.43964992E+01  0.00000000E+00  0.00000000E+00  0.00000000E+00  0.00000000E+00  0.00000000E+00  0.00000000E+00  0.00000000E+00  0.00000000E+00  0.00000000E+00  0.00000000E+00  0.00000000E+00  0.00000000E+00  0.00000000E+00  0.00000000E+00  0.00000000E+00  0.00000000E+00  0.00000000E+00  0.00000000E+00
-2.43774992E+01  0.00000000E+00  0.00000000E+00  0.00000000E+00  0.00000000E+00  0.00000000E+00  0.00000000E+00  0.00000000E+00  0.00000000E+00  0.00000000E+00  0.00000000E+00  0.00000000E+00  0.00000000E+00  0.00000000E+00  0.00000000E+00  0.00000000E+00  0.00000000E+00  0.00000000E+00  0.00000000E+00
-2.43574992E+01  0.00000000E+00  0.00000000E+00  0.00000000E+00  0.00000000E+00  0.00000000E+00  0.00000000E+00  0.00000000E+00  0.00000000E+00  0.00000000E+00  0.00000000E+00  0.00000000E+00  0.00000000E+00  0.00000000E+00  0.00000000E+00  0.00000000E+00  0.00000000E+00  0.00000000E+00  0.00000000E+00
-2.43384992E+01  0.00000000E+00  0.00000000E+00  0.00000000E+00  0.00000000E+00  0.00000000E+00  0.00000000E+00  0.00000000E+00  0.00000000E+00  0.00000000E+00  0.00000000E+00  0.00000000E+00  0.00000000E+00  0.00000000E+00  0.00000000E+00  0.00000000E+00  0.00000000E+00  0.00000000E+00  0.00000000E+00
-2.43194992E+01  0.00000000E+00  0.00000000E+00  0.00000000E+00  0.00000000E+00  0.00000000E+00  0.00000000E+00  0.00000000E+00  0.00000000E+00  0.00000000E+00  0.00000000E+00  0.00000000E+00  0.00000000E+00  0.00000000E+00  0.00000000E+00  0.00000000E+00  0.00000000E+00  0.00000000E+00  0.00000000E+00
-2.42994992E+01  0.00000000E+00  0.00000000E+00  0.00000000E+00  0.00000000E+00  0.00000000E+00  0.00000000E+00  0.00000000E+00  0.00000000E+00  0.00000000E+00  0.00000000E+00  0.00000000E+00  0.00000000E+00  0.00000000E+00  0.00000000E+00  0.00000000E+00  0.00000000E+00  0.00000000E+00  0.00000000E+00
-2.42804992E+01  0.00000000E+00  0.00000000E+00  0.00000000E+00  0.00000000E+00  0.00000000E+00  0.00000000E+00  0.00000000E+00  0.00000000E+00  0.00000000E+00  0.00000000E+00  0.00000000E+00  0.00000000E+00  0.00000000E+00  0.00000000E+00  0.00000000E+00  0.00000000E+00  0.00000000E+00  0.00000000E+00
-2.42614992E+01  0.00000000E+00  0.00000000E+00  0.00000000E+00  0.00000000E+00  0.00000000E+00  0.00000000E+00  0.00000000E+00  0.00000000E+00  0.00000000E+00  0.00000000E+00  0.00000000E+00  0.00000000E+00  0.00000000E+00  0.00000000E+00  0.00000000E+00  0.00000000E+00  0.00000000E+00  0.00000000E+00
-2.42424992E+01  0.00000000E+00  0.00000000E+00  0.00000000E+00  0.00000000E+00  0.00000000E+00  0.00000000E+00  0.00000000E+00  0.00000000E+00  0.00000000E+00  0.00000000E+00  0.00000000E+00  0.00000000E+00  0.00000000E+00  0.00000000E+00  0.00000000E+00  0.00000000E+00  0.00000000E+00  0.00000000E+00
-2.42224992E+01  0.00000000E+00  0.00000000E+00  0.00000000E+00  0.00000000E+00  0.00000000E+00  0.00000000E+00  0.00000000E+00  0.00000000E+00  0.00000000E+00  0.00000000E+00  0.00000000E+00  0.00000000E+00  0.00000000E+00  0.00000000E+00  0.00000000E+00  0.00000000E+00  0.00000000E+00  0.00000000E+00
-2.42034992E+01  0.00000000E+00  0.00000000E+00  0.00000000E+00  0.00000000E+00  0.00000000E+00  0.00000000E+00  0.00000000E+00  0.00000000E+00  0.00000000E+00  0.00000000E+00  0.00000000E+00  0.00000000E+00  0.00000000E+00  0.00000000E+00  0.00000000E+00  0.00000000E+00  0.00000000E+00  0.00000000E+00
-2.41844992E+01  0.00000000E+00  0.00000000E+00  0.00000000E+00  0.00000000E+00  0.00000000E+00  0.00000000E+00  0.00000000E+00  0.00000000E+00  0.00000000E+00  0.00000000E+00  0.00000000E+00  0.00000000E+00  0.00000000E+00  0.00000000E+00  0.00000000E+00  0.00000000E+00  0.00000000E+00  0.00000000E+00
-2.41644992E+01  0.00000000E+00  0.00000000E+00  0.00000000E+00  0.00000000E+00  0.00000000E+00  0.00000000E+00  0.00000000E+00  0.00000000E+00  0.00000000E+00  0.00000000E+00  0.00000000E+00  0.00000000E+00  0.00000000E+00  0.00000000E+00  0.00000000E+00  0.00000000E+00  0.00000000E+00  0.00000000E+00
-2.41454992E+01  0.00000000E+00  0.00000000E+00  0.00000000E+00  0.00000000E+00  0.00000000E+00  0.00000000E+00  0.00000000E+00  0.00000000E+00  0.00000000E+00  0.00000000E+00  0.00000000E+00  0.00000000E+00  0.00000000E+00  0.00000000E+00  0.00000000E+00  0.00000000E+00  0.00000000E+00  0.00000000E+00
-2.41264992E+01  0.00000000E+00  0.00000000E+00  0.00000000E+00  0.00000000E+00  0.00000000E+00  0.00000000E+00  0.00000000E+00  0.00000000E+00  0.00000000E+00  0.00000000E+00  0.00000000E+00  0.00000000E+00  0.00000000E+00  0.00000000E+00  0.00000000E+00  0.00000000E+00  0.00000000E+00  0.00000000E+00
-2.41074992E+01  0.00000000E+00  0.00000000E+00  0.00000000E+00  0.00000000E+00  0.00000000E+00  0.00000000E+00  0.00000000E+00  0.00000000E+00  0.00000000E+00  0.00000000E+00  0.00000000E+00  0.00000000E+00  0.00000000E+00  0.00000000E+00  0.00000000E+00  0.00000000E+00  0.00000000E+00  0.00000000E+00
-2.40874992E+01  0.00000000E+00  0.00000000E+00  0.00000000E+00  0.00000000E+00  0.00000000E+00  0.00000000E+00  0.00000000E+00  0.00000000E+00  0.00000000E+00  0.00000000E+00  0.00000000E+00  0.00000000E+00  0.00000000E+00  0.00000000E+00  0.00000000E+00  0.00000000E+00  0.00000000E+00  0.00000000E+00
-2.40684992E+01  0.00000000E+00  0.00000000E+00  0.00000000E+00  0.00000000E+00  0.00000000E+00  0.00000000E+00  0.00000000E+00  0.00000000E+00  0.00000000E+00  0.00000000E+00  0.00000000E+00  0.00000000E+00  0.00000000E+00  0.00000000E+00  0.00000000E+00  0.00000000E+00  0.00000000E+00  0.00000000E+00
-2.40494992E+01  0.00000000E+00  0.00000000E+00  0.00000000E+00  0.00000000E+00  0.00000000E+00  0.00000000E+00  0.00000000E+00  0.00000000E+00  0.00000000E+00  0.00000000E+00  0.00000000E+00  0.00000000E+00  0.00000000E+00  0.00000000E+00  0.00000000E+00  0.00000000E+00  0.00000000E+00  0.00000000E+00
-2.40294992E+01  0.00000000E+00  0.00000000E+00  0.00000000E+00  0.00000000E+00  0.00000000E+00  0.00000000E+00  0.00000000E+00  0.00000000E+00  0.00000000E+00  0.00000000E+00  0.00000000E+00  0.00000000E+00  0.00000000E+00  0.00000000E+00  0.00000000E+00  0.00000000E+00  0.00000000E+00  0.00000000E+00
-2.40104992E+01  0.00000000E+00  0.00000000E+00  0.00000000E+00  0.00000000E+00  0.00000000E+00  0.00000000E+00  0.00000000E+00  0.00000000E+00  0.00000000E+00  0.00000000E+00  0.00000000E+00  0.00000000E+00  0.00000000E+00  0.00000000E+00  0.00000000E+00  0.00000000E+00  0.00000000E+00  0.00000000E+00
-2.39914992E+01  0.00000000E+00  0.00000000E+00  0.00000000E+00  0.00000000E+00  0.00000000E+00  0.00000000E+00  0.00000000E+00  0.00000000E+00  0.00000000E+00  0.00000000E+00  0.00000000E+00  0.00000000E+00  0.00000000E+00  0.00000000E+00  0.00000000E+00  0.00000000E+00  0.00000000E+00  0.00000000E+00
-2.39714992E+01  0.00000000E+00  0.00000000E+00  0.00000000E+00  0.00000000E+00  0.00000000E+00  0.00000000E+00  0.00000000E+00  0.00000000E+00  0.00000000E+00  0.00000000E+00  0.00000000E+00  0.00000000E+00  0.00000000E+00  0.00000000E+00  0.00000000E+00  0.00000000E+00  0.00000000E+00  0.00000000E+00
-2.39524992E+01  0.00000000E+00  0.00000000E+00  0.00000000E+00  0.00000000E+00  0.00000000E+00  0.00000000E+00  0.00000000E+00  0.00000000E+00  0.00000000E+00  0.00000000E+00  0.00000000E+00  0.00000000E+00  0.00000000E+00  0.00000000E+00  0.00000000E+00  0.00000000E+00  0.00000000E+00  0.00000000E+00
-2.39334992E+01  0.00000000E+00  0.00000000E+00  0.00000000E+00  0.00000000E+00  0.00000000E+00  0.00000000E+00  0.00000000E+00  0.00000000E+00  0.00000000E+00  0.00000000E+00  0.00000000E+00  0.00000000E+00  0.00000000E+00  0.00000000E+00  0.00000000E+00  0.00000000E+00  0.00000000E+00  0.00000000E+00
-2.39144992E+01  0.00000000E+00  0.00000000E+00  0.00000000E+00  0.00000000E+00  0.00000000E+00  0.00000000E+00  0.00000000E+00  0.00000000E+00  0.00000000E+00  0.00000000E+00  0.00000000E+00  0.00000000E+00  0.00000000E+00  0.00000000E+00  0.00000000E+00  0.00000000E+00  0.00000000E+00  0.00000000E+00
-2.38944992E+01  0.00000000E+00  0.00000000E+00  0.00000000E+00  0.00000000E+00  0.00000000E+00  0.00000000E+00  0.00000000E+00  0.00000000E+00  0.00000000E+00  0.00000000E+00  0.00000000E+00  0.00000000E+00  0.00000000E+00  0.00000000E+00  0.00000000E+00  0.00000000E+00  0.00000000E+00  0.00000000E+00
-2.38754992E+01  0.00000000E+00  0.00000000E+00  0.00000000E+00  0.00000000E+00  0.00000000E+00  0.00000000E+00  0.00000000E+00  0.00000000E+00  0.00000000E+00  0.00000000E+00  0.00000000E+00  0.00000000E+00  0.00000000E+00  0.00000000E+00  0.00000000E+00  0.00000000E+00  0.00000000E+00  0.00000000E+00
-2.38564992E+01  0.00000000E+00  0.00000000E+00  0.00000000E+00  0.00000000E+00  0.00000000E+00  0.00000000E+00  0.00000000E+00  0.00000000E+00  0.00000000E+00  0.00000000E+00  0.00000000E+00  0.00000000E+00  0.00000000E+00  0.00000000E+00  0.00000000E+00  0.00000000E+00  0.00000000E+00  0.00000000E+00
-2.38364992E+01  0.00000000E+00  0.00000000E+00  0.00000000E+00  0.00000000E+00  0.00000000E+00  0.00000000E+00  0.00000000E+00  0.00000000E+00  0.00000000E+00  0.00000000E+00  0.00000000E+00  0.00000000E+00  0.00000000E+00  0.00000000E+00  0.00000000E+00  0.00000000E+00  0.00000000E+00  0.00000000E+00
-2.38174992E+01  0.00000000E+00  0.00000000E+00  0.00000000E+00  0.00000000E+00  0.00000000E+00  0.00000000E+00  0.00000000E+00  0.00000000E+00  0.00000000E+00  0.00000000E+00  0.00000000E+00  0.00000000E+00  0.00000000E+00  0.00000000E+00  0.00000000E+00  0.00000000E+00  0.00000000E+00  0.00000000E+00
-2.37984992E+01  0.00000000E+00  0.00000000E+00  0.00000000E+00  0.00000000E+00  0.00000000E+00  0.00000000E+00  0.00000000E+00  0.00000000E+00  0.00000000E+00  0.00000000E+00  0.00000000E+00  0.00000000E+00  0.00000000E+00  0.00000000E+00  0.00000000E+00  0.00000000E+00  0.00000000E+00  0.00000000E+00
-2.37794992E+01  0.00000000E+00  0.00000000E+00  0.00000000E+00  0.00000000E+00  0.00000000E+00  0.00000000E+00  0.00000000E+00  0.00000000E+00  0.00000000E+00  0.00000000E+00  0.00000000E+00  0.00000000E+00  0.00000000E+00  0.00000000E+00  0.00000000E+00  0.00000000E+00  0.00000000E+00  0.00000000E+00
-2.37594992E+01  0.00000000E+00  0.00000000E+00  0.00000000E+00  0.00000000E+00  0.00000000E+00  0.00000000E+00  0.00000000E+00  0.00000000E+00  0.00000000E+00  0.00000000E+00  0.00000000E+00  0.00000000E+00  0.00000000E+00  0.00000000E+00  0.00000000E+00  0.00000000E+00  0.00000000E+00  0.00000000E+00
-2.37404992E+01  0.00000000E+00  0.00000000E+00  0.00000000E+00  0.00000000E+00  0.00000000E+00  0.00000000E+00  0.00000000E+00  0.00000000E+00  0.00000000E+00  0.00000000E+00  0.00000000E+00  0.00000000E+00  0.00000000E+00  0.00000000E+00  0.00000000E+00  0.00000000E+00  0.00000000E+00  0.00000000E+00
-2.37214992E+01  0.00000000E+00  0.00000000E+00  0.00000000E+00  0.00000000E+00  0.00000000E+00  0.00000000E+00  0.00000000E+00  0.00000000E+00  0.00000000E+00  0.00000000E+00  0.00000000E+00  0.00000000E+00  0.00000000E+00  0.00000000E+00  0.00000000E+00  0.00000000E+00  0.00000000E+00  0.00000000E+00
-2.37014992E+01  0.00000000E+00  0.00000000E+00  0.00000000E+00  0.00000000E+00  0.00000000E+00  0.00000000E+00  0.00000000E+00  0.00000000E+00  0.00000000E+00  0.00000000E+00  0.00000000E+00  0.00000000E+00  0.00000000E+00  0.00000000E+00  0.00000000E+00  0.00000000E+00  0.00000000E+00  0.00000000E+00
-2.36824992E+01  0.00000000E+00  0.00000000E+00  0.00000000E+00  0.00000000E+00  0.00000000E+00  0.00000000E+00  0.00000000E+00  0.00000000E+00  0.00000000E+00  0.00000000E+00  0.00000000E+00  0.00000000E+00  0.00000000E+00  0.00000000E+00  0.00000000E+00  0.00000000E+00  0.00000000E+00  0.00000000E+00
-2.36634992E+01  0.00000000E+00  0.00000000E+00  0.00000000E+00  0.00000000E+00  0.00000000E+00  0.00000000E+00  0.00000000E+00  0.00000000E+00  0.00000000E+00  0.00000000E+00  0.00000000E+00  0.00000000E+00  0.00000000E+00  0.00000000E+00  0.00000000E+00  0.00000000E+00  0.00000000E+00  0.00000000E+00
-2.36434992E+01  0.00000000E+00  0.00000000E+00  0.00000000E+00  0.00000000E+00  0.00000000E+00  0.00000000E+00  0.00000000E+00  0.00000000E+00  0.00000000E+00  0.00000000E+00  0.00000000E+00  0.00000000E+00  0.00000000E+00  0.00000000E+00  0.00000000E+00  0.00000000E+00  0.00000000E+00  0.00000000E+00
-2.36244992E+01  0.00000000E+00  0.00000000E+00  0.00000000E+00  0.00000000E+00  0.00000000E+00  0.00000000E+00  0.00000000E+00  0.00000000E+00  0.00000000E+00  0.00000000E+00  0.00000000E+00  0.00000000E+00  0.00000000E+00  0.00000000E+00  0.00000000E+00  0.00000000E+00  0.00000000E+00  0.00000000E+00
-2.36054992E+01  0.00000000E+00  0.00000000E+00  0.00000000E+00  0.00000000E+00  0.00000000E+00  0.00000000E+00  0.00000000E+00  0.00000000E+00  0.00000000E+00  0.00000000E+00  0.00000000E+00  0.00000000E+00  0.00000000E+00  0.00000000E+00  0.00000000E+00  0.00000000E+00  0.00000000E+00  0.00000000E+00
-2.35864992E+01  0.00000000E+00  0.00000000E+00  0.00000000E+00  0.00000000E+00  0.00000000E+00  0.00000000E+00  0.00000000E+00  0.00000000E+00  0.00000000E+00  0.00000000E+00  0.00000000E+00  0.00000000E+00  0.00000000E+00  0.00000000E+00  0.00000000E+00  0.00000000E+00  0.00000000E+00  0.00000000E+00
-2.35664992E+01  0.00000000E+00  0.00000000E+00  0.00000000E+00  0.00000000E+00  0.00000000E+00  0.00000000E+00  0.00000000E+00  0.00000000E+00  0.00000000E+00  0.00000000E+00  0.00000000E+00  0.00000000E+00  0.00000000E+00  0.00000000E+00  0.00000000E+00  0.00000000E+00  0.00000000E+00  0.00000000E+00
-2.35474992E+01  0.00000000E+00  0.00000000E+00  0.00000000E+00  0.00000000E+00  0.00000000E+00  0.00000000E+00  0.00000000E+00  0.00000000E+00  0.00000000E+00  0.00000000E+00  0.00000000E+00  0.00000000E+00  0.00000000E+00  0.00000000E+00  0.00000000E+00  0.00000000E+00  0.00000000E+00  0.00000000E+00
-2.35284992E+01  0.00000000E+00  0.00000000E+00  0.00000000E+00  0.00000000E+00  0.00000000E+00  0.00000000E+00  0.00000000E+00  0.00000000E+00  0.00000000E+00  0.00000000E+00  0.00000000E+00  0.00000000E+00  0.00000000E+00  0.00000000E+00  0.00000000E+00  0.00000000E+00  0.00000000E+00  0.00000000E+00
-2.35084992E+01  0.00000000E+00  0.00000000E+00  0.00000000E+00  0.00000000E+00  0.00000000E+00  0.00000000E+00  0.00000000E+00  0.00000000E+00  0.00000000E+00  0.00000000E+00  0.00000000E+00  0.00000000E+00  0.00000000E+00  0.00000000E+00  0.00000000E+00  0.00000000E+00  0.00000000E+00  0.00000000E+00
-2.34894992E+01  0.00000000E+00  0.00000000E+00  0.00000000E+00  0.00000000E+00  0.00000000E+00  0.00000000E+00  0.00000000E+00  0.00000000E+00  0.00000000E+00  0.00000000E+00  0.00000000E+00  0.00000000E+00  0.00000000E+00  0.00000000E+00  0.00000000E+00  0.00000000E+00  0.00000000E+00  0.00000000E+00
-2.34704992E+01  0.00000000E+00  0.00000000E+00  0.00000000E+00  0.00000000E+00  0.00000000E+00  0.00000000E+00  0.00000000E+00  0.00000000E+00  0.00000000E+00  0.00000000E+00  0.00000000E+00  0.00000000E+00  0.00000000E+00  0.00000000E+00  0.00000000E+00  0.00000000E+00  0.00000000E+00  0.00000000E+00
-2.34504992E+01  0.00000000E+00  0.00000000E+00  0.00000000E+00  0.00000000E+00  0.00000000E+00  0.00000000E+00  0.00000000E+00  0.00000000E+00  0.00000000E+00  0.00000000E+00  0.00000000E+00  0.00000000E+00  0.00000000E+00  0.00000000E+00  0.00000000E+00  0.00000000E+00  0.00000000E+00  0.00000000E+00
-2.34314992E+01  0.00000000E+00  0.00000000E+00  0.00000000E+00  0.00000000E+00  0.00000000E+00  0.00000000E+00  0.00000000E+00  0.00000000E+00  0.00000000E+00  0.00000000E+00  0.00000000E+00  0.00000000E+00  0.00000000E+00  0.00000000E+00  0.00000000E+00  0.00000000E+00  0.00000000E+00  0.00000000E+00
-2.34124992E+01  0.00000000E+00  0.00000000E+00  0.00000000E+00  0.00000000E+00  0.00000000E+00  0.00000000E+00  0.00000000E+00  0.00000000E+00  0.00000000E+00  0.00000000E+00  0.00000000E+00  0.00000000E+00  0.00000000E+00  0.00000000E+00  0.00000000E+00  0.00000000E+00  0.00000000E+00  0.00000000E+00
-2.33934992E+01  0.00000000E+00  0.00000000E+00  0.00000000E+00  0.00000000E+00  0.00000000E+00  0.00000000E+00  0.00000000E+00  0.00000000E+00  0.00000000E+00  0.00000000E+00  0.00000000E+00  0.00000000E+00  0.00000000E+00  0.00000000E+00  0.00000000E+00  0.00000000E+00  0.00000000E+00  0.00000000E+00
-2.33734992E+01  0.00000000E+00  0.00000000E+00  0.00000000E+00  0.00000000E+00  0.00000000E+00  0.00000000E+00  0.00000000E+00  0.00000000E+00  0.00000000E+00  0.00000000E+00  0.00000000E+00  0.00000000E+00  0.00000000E+00  0.00000000E+00  0.00000000E+00  0.00000000E+00  0.00000000E+00  0.00000000E+00
-2.33544992E+01  0.00000000E+00  0.00000000E+00  0.00000000E+00  0.00000000E+00  0.00000000E+00  0.00000000E+00  0.00000000E+00  0.00000000E+00  0.00000000E+00  0.00000000E+00  0.00000000E+00  0.00000000E+00  0.00000000E+00  0.00000000E+00  0.00000000E+00  0.00000000E+00  0.00000000E+00  0.00000000E+00
-2.33354992E+01  0.00000000E+00  0.00000000E+00  0.00000000E+00  0.00000000E+00  0.00000000E+00  0.00000000E+00  0.00000000E+00  0.00000000E+00  0.00000000E+00  0.00000000E+00  0.00000000E+00  0.00000000E+00  0.00000000E+00  0.00000000E+00  0.00000000E+00  0.00000000E+00  0.00000000E+00  0.00000000E+00
-2.33154992E+01  0.00000000E+00  0.00000000E+00  0.00000000E+00  0.00000000E+00  0.00000000E+00  0.00000000E+00  0.00000000E+00  0.00000000E+00  0.00000000E+00  0.00000000E+00  0.00000000E+00  0.00000000E+00  0.00000000E+00  0.00000000E+00  0.00000000E+00  0.00000000E+00  0.00000000E+00  0.00000000E+00
-2.32964992E+01  0.00000000E+00  0.00000000E+00  0.00000000E+00  0.00000000E+00  0.00000000E+00  0.00000000E+00  0.00000000E+00  0.00000000E+00  0.00000000E+00  0.00000000E+00  0.00000000E+00  0.00000000E+00  0.00000000E+00  0.00000000E+00  0.00000000E+00  0.00000000E+00  0.00000000E+00  0.00000000E+00
-2.32774992E+01  0.00000000E+00  0.00000000E+00  0.00000000E+00  0.00000000E+00  0.00000000E+00  0.00000000E+00  0.00000000E+00  0.00000000E+00  0.00000000E+00  0.00000000E+00  0.00000000E+00  0.00000000E+00  0.00000000E+00  0.00000000E+00  0.00000000E+00  0.00000000E+00  0.00000000E+00  0.00000000E+00
-2.32584992E+01  0.00000000E+00  0.00000000E+00  0.00000000E+00  0.00000000E+00  0.00000000E+00  0.00000000E+00  0.00000000E+00  0.00000000E+00  0.00000000E+00  0.00000000E+00  0.00000000E+00  0.00000000E+00  0.00000000E+00  0.00000000E+00  0.00000000E+00  0.00000000E+00  0.00000000E+00  0.00000000E+00
-2.32384992E+01  0.00000000E+00  0.00000000E+00  0.00000000E+00  0.00000000E+00  0.00000000E+00  0.00000000E+00  0.00000000E+00  0.00000000E+00  0.00000000E+00  0.00000000E+00  0.00000000E+00  0.00000000E+00  0.00000000E+00  0.00000000E+00  0.00000000E+00  0.00000000E+00  0.00000000E+00  0.00000000E+00
-2.32194992E+01  0.00000000E+00  0.00000000E+00  0.00000000E+00  0.00000000E+00  0.00000000E+00  0.00000000E+00  0.00000000E+00  0.00000000E+00  0.00000000E+00  0.00000000E+00  0.00000000E+00  0.00000000E+00  0.00000000E+00  0.00000000E+00  0.00000000E+00  0.00000000E+00  0.00000000E+00  0.00000000E+00
-2.32004992E+01  0.00000000E+00  0.00000000E+00  0.00000000E+00  0.00000000E+00  0.00000000E+00  0.00000000E+00  0.00000000E+00  0.00000000E+00  0.00000000E+00  0.00000000E+00  0.00000000E+00  0.00000000E+00  0.00000000E+00  0.00000000E+00  0.00000000E+00  0.00000000E+00  0.00000000E+00  0.00000000E+00
-2.31804992E+01  0.00000000E+00  0.00000000E+00  0.00000000E+00  0.00000000E+00  0.00000000E+00  0.00000000E+00  0.00000000E+00  0.00000000E+00  0.00000000E+00  0.00000000E+00  0.00000000E+00  0.00000000E+00  0.00000000E+00  0.00000000E+00  0.00000000E+00  0.00000000E+00  0.00000000E+00  0.00000000E+00
-2.31614992E+01  0.00000000E+00  0.00000000E+00  0.00000000E+00  0.00000000E+00  0.00000000E+00  0.00000000E+00  0.00000000E+00  0.00000000E+00  0.00000000E+00  0.00000000E+00  0.00000000E+00  0.00000000E+00  0.00000000E+00  0.00000000E+00  0.00000000E+00  0.00000000E+00  0.00000000E+00  0.00000000E+00
-2.31424992E+01  0.00000000E+00  0.00000000E+00  0.00000000E+00  0.00000000E+00  0.00000000E+00  0.00000000E+00  0.00000000E+00  0.00000000E+00  0.00000000E+00  0.00000000E+00  0.00000000E+00  0.00000000E+00  0.00000000E+00  0.00000000E+00  0.00000000E+00  0.00000000E+00  0.00000000E+00  0.00000000E+00
-2.31224992E+01  0.00000000E+00  0.00000000E+00  0.00000000E+00  0.00000000E+00  0.00000000E+00  0.00000000E+00  0.00000000E+00  0.00000000E+00  0.00000000E+00  0.00000000E+00  0.00000000E+00  0.00000000E+00  0.00000000E+00  0.00000000E+00  0.00000000E+00  0.00000000E+00  0.00000000E+00  0.00000000E+00
-2.31034992E+01  0.00000000E+00  0.00000000E+00  0.00000000E+00  0.00000000E+00  0.00000000E+00  0.00000000E+00  0.00000000E+00  0.00000000E+00  0.00000000E+00  0.00000000E+00  0.00000000E+00  0.00000000E+00  0.00000000E+00  0.00000000E+00  0.00000000E+00  0.00000000E+00  0.00000000E+00  0.00000000E+00
-2.30844992E+01  0.00000000E+00  0.00000000E+00  0.00000000E+00  0.00000000E+00  0.00000000E+00  0.00000000E+00  0.00000000E+00  0.00000000E+00  0.00000000E+00  0.00000000E+00  0.00000000E+00  0.00000000E+00  0.00000000E+00  0.00000000E+00  0.00000000E+00  0.00000000E+00  0.00000000E+00  0.00000000E+00
-2.30654992E+01  0.00000000E+00  0.00000000E+00  0.00000000E+00  0.00000000E+00  0.00000000E+00  0.00000000E+00  0.00000000E+00  0.00000000E+00  0.00000000E+00  0.00000000E+00  0.00000000E+00  0.00000000E+00  0.00000000E+00  0.00000000E+00  0.00000000E+00  0.00000000E+00  0.00000000E+00  0.00000000E+00
-2.30454992E+01  0.00000000E+00  0.00000000E+00  0.00000000E+00  0.00000000E+00  0.00000000E+00  0.00000000E+00  0.00000000E+00  0.00000000E+00  0.00000000E+00  0.00000000E+00  0.00000000E+00  0.00000000E+00  0.00000000E+00  0.00000000E+00  0.00000000E+00  0.00000000E+00  0.00000000E+00  0.00000000E+00
-2.30264992E+01  0.00000000E+00  0.00000000E+00  0.00000000E+00  0.00000000E+00  0.00000000E+00  0.00000000E+00  0.00000000E+00  0.00000000E+00  0.00000000E+00  0.00000000E+00  0.00000000E+00  0.00000000E+00  0.00000000E+00  0.00000000E+00  0.00000000E+00  0.00000000E+00  0.00000000E+00  0.00000000E+00
-2.30074992E+01  0.00000000E+00  0.00000000E+00  0.00000000E+00  0.00000000E+00  0.00000000E+00  0.00000000E+00  0.00000000E+00  0.00000000E+00  0.00000000E+00  0.00000000E+00  0.00000000E+00  0.00000000E+00  0.00000000E+00  0.00000000E+00  0.00000000E+00  0.00000000E+00  0.00000000E+00  0.00000000E+00
-2.29874992E+01  0.00000000E+00  0.00000000E+00  0.00000000E+00  0.00000000E+00  0.00000000E+00  0.00000000E+00  0.00000000E+00  0.00000000E+00  0.00000000E+00  0.00000000E+00  0.00000000E+00  0.00000000E+00  0.00000000E+00  0.00000000E+00  0.00000000E+00  0.00000000E+00  0.00000000E+00  0.00000000E+00
-2.29684992E+01  0.00000000E+00  0.00000000E+00  0.00000000E+00  0.00000000E+00  0.00000000E+00  0.00000000E+00  0.00000000E+00  0.00000000E+00  0.00000000E+00  0.00000000E+00  0.00000000E+00  0.00000000E+00  0.00000000E+00  0.00000000E+00  0.00000000E+00  0.00000000E+00  0.00000000E+00  0.00000000E+00
-2.29494992E+01  0.00000000E+00  0.00000000E+00  0.00000000E+00  0.00000000E+00  0.00000000E+00  0.00000000E+00  0.00000000E+00  0.00000000E+00  0.00000000E+00  0.00000000E+00  0.00000000E+00  0.00000000E+00  0.00000000E+00  0.00000000E+00  0.00000000E+00  0.00000000E+00  0.00000000E+00  0.00000000E+00
-2.29304992E+01  0.00000000E+00  0.00000000E+00  0.00000000E+00  0.00000000E+00  0.00000000E+00  0.00000000E+00  0.00000000E+00  0.00000000E+00  0.00000000E+00  0.00000000E+00  0.00000000E+00  0.00000000E+00  0.00000000E+00  0.00000000E+00  0.00000000E+00  0.00000000E+00  0.00000000E+00  0.00000000E+00
-2.29104992E+01  0.00000000E+00  0.00000000E+00  0.00000000E+00  0.00000000E+00  0.00000000E+00  0.00000000E+00  0.00000000E+00  0.00000000E+00  0.00000000E+00  0.00000000E+00  0.00000000E+00  0.00000000E+00  0.00000000E+00  0.00000000E+00  0.00000000E+00  0.00000000E+00  0.00000000E+00  0.00000000E+00
-2.28914992E+01  0.00000000E+00  0.00000000E+00  0.00000000E+00  0.00000000E+00  0.00000000E+00  0.00000000E+00  0.00000000E+00  0.00000000E+00  0.00000000E+00  0.00000000E+00  0.00000000E+00  0.00000000E+00  0.00000000E+00  0.00000000E+00  0.00000000E+00  0.00000000E+00  0.00000000E+00  0.00000000E+00
-2.28724992E+01  0.00000000E+00  0.00000000E+00  0.00000000E+00  0.00000000E+00  0.00000000E+00  0.00000000E+00  0.00000000E+00  0.00000000E+00  0.00000000E+00  0.00000000E+00  0.00000000E+00  0.00000000E+00  0.00000000E+00  0.00000000E+00  0.00000000E+00  0.00000000E+00  0.00000000E+00  0.00000000E+00
-2.28524992E+01  0.00000000E+00  0.00000000E+00  0.00000000E+00  0.00000000E+00  0.00000000E+00  0.00000000E+00  0.00000000E+00  0.00000000E+00  0.00000000E+00  0.00000000E+00  0.00000000E+00  0.00000000E+00  0.00000000E+00  0.00000000E+00  0.00000000E+00  0.00000000E+00  0.00000000E+00  0.00000000E+00
-2.28334992E+01  0.00000000E+00  0.00000000E+00  0.00000000E+00  0.00000000E+00  0.00000000E+00  0.00000000E+00  0.00000000E+00  0.00000000E+00  0.00000000E+00  0.00000000E+00  0.00000000E+00  0.00000000E+00  0.00000000E+00  0.00000000E+00  0.00000000E+00  0.00000000E+00  0.00000000E+00  0.00000000E+00
-2.28144992E+01  0.00000000E+00  0.00000000E+00  0.00000000E+00  0.00000000E+00  0.00000000E+00  0.00000000E+00  0.00000000E+00  0.00000000E+00  0.00000000E+00  0.00000000E+00  0.00000000E+00  0.00000000E+00  0.00000000E+00  0.00000000E+00  0.00000000E+00  0.00000000E+00  0.00000000E+00  0.00000000E+00
-2.27944992E+01  0.00000000E+00  0.00000000E+00  0.00000000E+00  0.00000000E+00  0.00000000E+00  0.00000000E+00  0.00000000E+00  0.00000000E+00  0.00000000E+00  0.00000000E+00  0.00000000E+00  0.00000000E+00  0.00000000E+00  0.00000000E+00  0.00000000E+00  0.00000000E+00  0.00000000E+00  0.00000000E+00
-2.27754992E+01  0.00000000E+00  0.00000000E+00  0.00000000E+00  0.00000000E+00  0.00000000E+00  0.00000000E+00  0.00000000E+00  0.00000000E+00  0.00000000E+00  0.00000000E+00  0.00000000E+00  0.00000000E+00  0.00000000E+00  0.00000000E+00  0.00000000E+00  0.00000000E+00  0.00000000E+00  0.00000000E+00
-2.27564992E+01  0.00000000E+00  0.00000000E+00  0.00000000E+00  0.00000000E+00  0.00000000E+00  0.00000000E+00  0.00000000E+00  0.00000000E+00  0.00000000E+00  0.00000000E+00  0.00000000E+00  0.00000000E+00  0.00000000E+00  0.00000000E+00  0.00000000E+00  0.00000000E+00  0.00000000E+00  0.00000000E+00
-2.27374992E+01  0.00000000E+00  0.00000000E+00  0.00000000E+00  0.00000000E+00  0.00000000E+00  0.00000000E+00  0.00000000E+00  0.00000000E+00  0.00000000E+00  0.00000000E+00  0.00000000E+00  0.00000000E+00  0.00000000E+00  0.00000000E+00  0.00000000E+00  0.00000000E+00  0.00000000E+00  0.00000000E+00
-2.27174992E+01  0.00000000E+00  0.00000000E+00  0.00000000E+00  0.00000000E+00  0.00000000E+00  0.00000000E+00  0.00000000E+00  0.00000000E+00  0.00000000E+00  0.00000000E+00  0.00000000E+00  0.00000000E+00  0.00000000E+00  0.00000000E+00  0.00000000E+00  0.00000000E+00  0.00000000E+00  0.00000000E+00
-2.26984992E+01  0.00000000E+00  0.00000000E+00  0.00000000E+00  0.00000000E+00  0.00000000E+00  0.00000000E+00  0.00000000E+00  0.00000000E+00  0.00000000E+00  0.00000000E+00  0.00000000E+00  0.00000000E+00  0.00000000E+00  0.00000000E+00  0.00000000E+00  0.00000000E+00  0.00000000E+00  0.00000000E+00
-2.26794992E+01  0.00000000E+00  0.00000000E+00  0.00000000E+00  0.00000000E+00  0.00000000E+00  0.00000000E+00  0.00000000E+00  0.00000000E+00  0.00000000E+00  0.00000000E+00  0.00000000E+00  0.00000000E+00  0.00000000E+00  0.00000000E+00  0.00000000E+00  0.00000000E+00  0.00000000E+00  0.00000000E+00
-2.26594992E+01  0.00000000E+00  0.00000000E+00  0.00000000E+00  0.00000000E+00  0.00000000E+00  0.00000000E+00  0.00000000E+00  0.00000000E+00  0.00000000E+00  0.00000000E+00  0.00000000E+00  0.00000000E+00  0.00000000E+00  0.00000000E+00  0.00000000E+00  0.00000000E+00  0.00000000E+00  0.00000000E+00
-2.26404992E+01  0.00000000E+00  0.00000000E+00  0.00000000E+00  0.00000000E+00  0.00000000E+00  0.00000000E+00  0.00000000E+00  0.00000000E+00  0.00000000E+00  0.00000000E+00  0.00000000E+00  0.00000000E+00  0.00000000E+00  0.00000000E+00  0.00000000E+00  0.00000000E+00  0.00000000E+00  0.00000000E+00
-2.26214992E+01  0.00000000E+00  0.00000000E+00  0.00000000E+00  0.00000000E+00  0.00000000E+00  0.00000000E+00  0.00000000E+00  0.00000000E+00  0.00000000E+00  0.00000000E+00  0.00000000E+00  0.00000000E+00  0.00000000E+00  0.00000000E+00  0.00000000E+00  0.00000000E+00  0.00000000E+00  0.00000000E+00
-2.26024992E+01  0.00000000E+00  0.00000000E+00  0.00000000E+00  0.00000000E+00  0.00000000E+00  0.00000000E+00  0.00000000E+00  0.00000000E+00  0.00000000E+00  0.00000000E+00  0.00000000E+00  0.00000000E+00  0.00000000E+00  0.00000000E+00  0.00000000E+00  0.00000000E+00  0.00000000E+00  0.00000000E+00
-2.25824992E+01  0.00000000E+00  0.00000000E+00  0.00000000E+00  0.00000000E+00  0.00000000E+00  0.00000000E+00  0.00000000E+00  0.00000000E+00  0.00000000E+00  0.00000000E+00  0.00000000E+00  0.00000000E+00  0.00000000E+00  0.00000000E+00  0.00000000E+00  0.00000000E+00  0.00000000E+00  0.00000000E+00
-2.25634992E+01  0.00000000E+00  0.00000000E+00  0.00000000E+00  0.00000000E+00  0.00000000E+00  0.00000000E+00  0.00000000E+00  0.00000000E+00  0.00000000E+00  0.00000000E+00  0.00000000E+00  0.00000000E+00  0.00000000E+00  0.00000000E+00  0.00000000E+00  0.00000000E+00  0.00000000E+00  0.00000000E+00
-2.25444992E+01  0.00000000E+00  0.00000000E+00  0.00000000E+00  0.00000000E+00  0.00000000E+00  0.00000000E+00  0.00000000E+00  0.00000000E+00  0.00000000E+00  0.00000000E+00  0.00000000E+00  0.00000000E+00  0.00000000E+00  0.00000000E+00  0.00000000E+00  0.00000000E+00  0.00000000E+00  0.00000000E+00
-2.25244992E+01  0.00000000E+00  0.00000000E+00  0.00000000E+00  0.00000000E+00  0.00000000E+00  0.00000000E+00  0.00000000E+00  0.00000000E+00  0.00000000E+00  0.00000000E+00  0.00000000E+00  0.00000000E+00  0.00000000E+00  0.00000000E+00  0.00000000E+00  0.00000000E+00  0.00000000E+00  0.00000000E+00
-2.25054992E+01  0.00000000E+00  0.00000000E+00  0.00000000E+00  0.00000000E+00  0.00000000E+00  0.00000000E+00  0.00000000E+00  0.00000000E+00  0.00000000E+00  0.00000000E+00  0.00000000E+00  0.00000000E+00  0.00000000E+00  0.00000000E+00  0.00000000E+00  0.00000000E+00  0.00000000E+00  0.00000000E+00
-2.24864992E+01  0.00000000E+00  0.00000000E+00  0.00000000E+00  0.00000000E+00  0.00000000E+00  0.00000000E+00  0.00000000E+00  0.00000000E+00  0.00000000E+00  0.00000000E+00  0.00000000E+00  0.00000000E+00  0.00000000E+00  0.00000000E+00  0.00000000E+00  0.00000000E+00  0.00000000E+00  0.00000000E+00
-2.24664992E+01  0.00000000E+00  0.00000000E+00  0.00000000E+00  0.00000000E+00  0.00000000E+00  0.00000000E+00  0.00000000E+00  0.00000000E+00  0.00000000E+00  0.00000000E+00  0.00000000E+00  0.00000000E+00  0.00000000E+00  0.00000000E+00  0.00000000E+00  0.00000000E+00  0.00000000E+00  0.00000000E+00
-2.24474992E+01  0.00000000E+00  0.00000000E+00  0.00000000E+00  0.00000000E+00  0.00000000E+00  0.00000000E+00  0.00000000E+00  0.00000000E+00  0.00000000E+00  0.00000000E+00  0.00000000E+00  0.00000000E+00  0.00000000E+00  0.00000000E+00  0.00000000E+00  0.00000000E+00  0.00000000E+00  0.00000000E+00
-2.24284992E+01  0.00000000E+00  0.00000000E+00  0.00000000E+00  0.00000000E+00  0.00000000E+00  0.00000000E+00  0.00000000E+00  0.00000000E+00  0.00000000E+00  0.00000000E+00  0.00000000E+00  0.00000000E+00  0.00000000E+00  0.00000000E+00  0.00000000E+00  0.00000000E+00  0.00000000E+00  0.00000000E+00
-2.24094992E+01  0.00000000E+00  0.00000000E+00  0.00000000E+00  0.00000000E+00  0.00000000E+00  0.00000000E+00  0.00000000E+00  0.00000000E+00  0.00000000E+00  0.00000000E+00  0.00000000E+00  0.00000000E+00  0.00000000E+00  0.00000000E+00  0.00000000E+00  0.00000000E+00  0.00000000E+00  0.00000000E+00
-2.23894992E+01  0.00000000E+00  0.00000000E+00  0.00000000E+00  0.00000000E+00  0.00000000E+00  0.00000000E+00  0.00000000E+00  0.00000000E+00  0.00000000E+00  0.00000000E+00  0.00000000E+00  0.00000000E+00  0.00000000E+00  0.00000000E+00  0.00000000E+00  0.00000000E+00  0.00000000E+00  0.00000000E+00
-2.23704992E+01  0.00000000E+00  0.00000000E+00  0.00000000E+00  0.00000000E+00  0.00000000E+00  0.00000000E+00  0.00000000E+00  0.00000000E+00  0.00000000E+00  0.00000000E+00  0.00000000E+00  0.00000000E+00  0.00000000E+00  0.00000000E+00  0.00000000E+00  0.00000000E+00  0.00000000E+00  0.00000000E+00
-2.23514992E+01  0.00000000E+00  0.00000000E+00  0.00000000E+00  0.00000000E+00  0.00000000E+00  0.00000000E+00  0.00000000E+00  0.00000000E+00  0.00000000E+00  0.00000000E+00  0.00000000E+00  0.00000000E+00  0.00000000E+00  0.00000000E+00  0.00000000E+00  0.00000000E+00  0.00000000E+00  0.00000000E+00
-2.23314992E+01  0.00000000E+00  0.00000000E+00  0.00000000E+00  0.00000000E+00  0.00000000E+00  0.00000000E+00  0.00000000E+00  0.00000000E+00  0.00000000E+00  0.00000000E+00  0.00000000E+00  0.00000000E+00  0.00000000E+00  0.00000000E+00  0.00000000E+00  0.00000000E+00  0.00000000E+00  0.00000000E+00
-2.23124992E+01  0.00000000E+00  0.00000000E+00  0.00000000E+00  0.00000000E+00  0.00000000E+00  0.00000000E+00  0.00000000E+00  0.00000000E+00  0.00000000E+00  0.00000000E+00  0.00000000E+00  0.00000000E+00  0.00000000E+00  0.00000000E+00  0.00000000E+00  0.00000000E+00  0.00000000E+00  0.00000000E+00
-2.22934992E+01  0.00000000E+00  0.00000000E+00  0.00000000E+00  0.00000000E+00  0.00000000E+00  0.00000000E+00  0.00000000E+00  0.00000000E+00  0.00000000E+00  0.00000000E+00  0.00000000E+00  0.00000000E+00  0.00000000E+00  0.00000000E+00  0.00000000E+00  0.00000000E+00  0.00000000E+00  0.00000000E+00
-2.22734992E+01  0.00000000E+00  0.00000000E+00  0.00000000E+00  0.00000000E+00  0.00000000E+00  0.00000000E+00  0.00000000E+00  0.00000000E+00  0.00000000E+00  0.00000000E+00  0.00000000E+00  0.00000000E+00  0.00000000E+00  0.00000000E+00  0.00000000E+00  0.00000000E+00  0.00000000E+00  0.00000000E+00
-2.22544992E+01  0.00000000E+00  0.00000000E+00  0.00000000E+00  0.00000000E+00  0.00000000E+00  0.00000000E+00  0.00000000E+00  0.00000000E+00  0.00000000E+00  0.00000000E+00  0.00000000E+00  0.00000000E+00  0.00000000E+00  0.00000000E+00  0.00000000E+00  0.00000000E+00  0.00000000E+00  0.00000000E+00
-2.22354992E+01  0.00000000E+00  0.00000000E+00  0.00000000E+00  0.00000000E+00  0.00000000E+00  0.00000000E+00  0.00000000E+00  0.00000000E+00  0.00000000E+00  0.00000000E+00  0.00000000E+00  0.00000000E+00  0.00000000E+00  0.00000000E+00  0.00000000E+00  0.00000000E+00  0.00000000E+00  0.00000000E+00
-2.22164992E+01  0.00000000E+00  0.00000000E+00  0.00000000E+00  0.00000000E+00  0.00000000E+00  0.00000000E+00  0.00000000E+00  0.00000000E+00  0.00000000E+00  0.00000000E+00  0.00000000E+00  0.00000000E+00  0.00000000E+00  0.00000000E+00  0.00000000E+00  0.00000000E+00  0.00000000E+00  0.00000000E+00
-2.21964992E+01  0.00000000E+00  0.00000000E+00  0.00000000E+00  0.00000000E+00  0.00000000E+00  0.00000000E+00  0.00000000E+00  0.00000000E+00  0.00000000E+00  0.00000000E+00  0.00000000E+00  0.00000000E+00  0.00000000E+00  0.00000000E+00  0.00000000E+00  0.00000000E+00  0.00000000E+00  0.00000000E+00
-2.21774992E+01  0.00000000E+00  0.00000000E+00  0.00000000E+00  0.00000000E+00  0.00000000E+00  0.00000000E+00  0.00000000E+00  0.00000000E+00  0.00000000E+00  0.00000000E+00  0.00000000E+00  0.00000000E+00  0.00000000E+00  0.00000000E+00  0.00000000E+00  0.00000000E+00  0.00000000E+00  0.00000000E+00
-2.21584992E+01  0.00000000E+00  0.00000000E+00  0.00000000E+00  0.00000000E+00  0.00000000E+00  0.00000000E+00  0.00000000E+00  0.00000000E+00  0.00000000E+00  0.00000000E+00  0.00000000E+00  0.00000000E+00  0.00000000E+00  0.00000000E+00  0.00000000E+00  0.00000000E+00  0.00000000E+00  0.00000000E+00
-2.21384992E+01  0.00000000E+00  0.00000000E+00  0.00000000E+00  0.00000000E+00  0.00000000E+00  0.00000000E+00  0.00000000E+00  0.00000000E+00  0.00000000E+00  0.00000000E+00  0.00000000E+00  0.00000000E+00  0.00000000E+00  0.00000000E+00  0.00000000E+00  0.00000000E+00  0.00000000E+00  0.00000000E+00
-2.21194992E+01  0.00000000E+00  0.00000000E+00  0.00000000E+00  0.00000000E+00  0.00000000E+00  0.00000000E+00  0.00000000E+00  0.00000000E+00  0.00000000E+00  0.00000000E+00  0.00000000E+00  0.00000000E+00  0.00000000E+00  0.00000000E+00  0.00000000E+00  0.00000000E+00  0.00000000E+00  0.00000000E+00
-2.21004992E+01  0.00000000E+00  0.00000000E+00  0.00000000E+00  0.00000000E+00  0.00000000E+00  0.00000000E+00  0.00000000E+00  0.00000000E+00  0.00000000E+00  0.00000000E+00  0.00000000E+00  0.00000000E+00  0.00000000E+00  0.00000000E+00  0.00000000E+00  0.00000000E+00  0.00000000E+00  0.00000000E+00
-2.20814992E+01  0.00000000E+00  0.00000000E+00  0.00000000E+00  0.00000000E+00  0.00000000E+00  0.00000000E+00  0.00000000E+00  0.00000000E+00  0.00000000E+00  0.00000000E+00  0.00000000E+00  0.00000000E+00  0.00000000E+00  0.00000000E+00  0.00000000E+00  0.00000000E+00  0.00000000E+00  0.00000000E+00
-2.20614992E+01  0.00000000E+00  0.00000000E+00  0.00000000E+00  0.00000000E+00  0.00000000E+00  0.00000000E+00  0.00000000E+00  0.00000000E+00  0.00000000E+00  0.00000000E+00  0.00000000E+00  0.00000000E+00  0.00000000E+00  0.00000000E+00  0.00000000E+00  0.00000000E+00  0.00000000E+00  0.00000000E+00
-2.20424992E+01  0.00000000E+00  0.00000000E+00  0.00000000E+00  0.00000000E+00  0.00000000E+00  0.00000000E+00  0.00000000E+00  0.00000000E+00  0.00000000E+00  0.00000000E+00  0.00000000E+00  0.00000000E+00  0.00000000E+00  0.00000000E+00  0.00000000E+00  0.00000000E+00  0.00000000E+00  0.00000000E+00
-2.20234992E+01  0.00000000E+00  0.00000000E+00  0.00000000E+00  0.00000000E+00  0.00000000E+00  0.00000000E+00  0.00000000E+00  0.00000000E+00  0.00000000E+00  0.00000000E+00  0.00000000E+00  0.00000000E+00  0.00000000E+00  0.00000000E+00  0.00000000E+00  0.00000000E+00  0.00000000E+00  0.00000000E+00
-2.20034992E+01  0.00000000E+00  0.00000000E+00  0.00000000E+00  0.00000000E+00  0.00000000E+00  0.00000000E+00  0.00000000E+00  0.00000000E+00  0.00000000E+00  0.00000000E+00  0.00000000E+00  0.00000000E+00  0.00000000E+00  0.00000000E+00  0.00000000E+00  0.00000000E+00  0.00000000E+00  0.00000000E+00
-2.19844992E+01  0.00000000E+00  0.00000000E+00  0.00000000E+00  0.00000000E+00  0.00000000E+00  0.00000000E+00  0.00000000E+00  0.00000000E+00  0.00000000E+00  0.00000000E+00  0.00000000E+00  0.00000000E+00  0.00000000E+00  0.00000000E+00  0.00000000E+00  0.00000000E+00  0.00000000E+00  0.00000000E+00
-2.19654992E+01  0.00000000E+00  0.00000000E+00  0.00000000E+00  0.00000000E+00  0.00000000E+00  0.00000000E+00  0.00000000E+00  0.00000000E+00  0.00000000E+00  0.00000000E+00  0.00000000E+00  0.00000000E+00  0.00000000E+00  0.00000000E+00  0.00000000E+00  0.00000000E+00  0.00000000E+00  0.00000000E+00
-2.19454992E+01  0.00000000E+00  0.00000000E+00  0.00000000E+00  0.00000000E+00  0.00000000E+00  0.00000000E+00  0.00000000E+00  0.00000000E+00  0.00000000E+00  0.00000000E+00  0.00000000E+00  0.00000000E+00  0.00000000E+00  0.00000000E+00  0.00000000E+00  0.00000000E+00  0.00000000E+00  0.00000000E+00
-2.19264992E+01  0.00000000E+00  0.00000000E+00  0.00000000E+00  0.00000000E+00  0.00000000E+00  0.00000000E+00  0.00000000E+00  0.00000000E+00  0.00000000E+00  0.00000000E+00  0.00000000E+00  0.00000000E+00  0.00000000E+00  0.00000000E+00  0.00000000E+00  0.00000000E+00  0.00000000E+00  0.00000000E+00
-2.19074992E+01  0.00000000E+00  0.00000000E+00  0.00000000E+00  0.00000000E+00  0.00000000E+00  0.00000000E+00  0.00000000E+00  0.00000000E+00  0.00000000E+00  0.00000000E+00  0.00000000E+00  0.00000000E+00  0.00000000E+00  0.00000000E+00  0.00000000E+00  0.00000000E+00  0.00000000E+00  0.00000000E+00
-2.18884992E+01  0.00000000E+00  0.00000000E+00  0.00000000E+00  0.00000000E+00  0.00000000E+00  0.00000000E+00  0.00000000E+00  0.00000000E+00  0.00000000E+00  0.00000000E+00  0.00000000E+00  0.00000000E+00  0.00000000E+00  0.00000000E+00  0.00000000E+00  0.00000000E+00  0.00000000E+00  0.00000000E+00
-2.18684992E+01  0.00000000E+00  0.00000000E+00  0.00000000E+00  0.00000000E+00  0.00000000E+00  0.00000000E+00  0.00000000E+00  0.00000000E+00  0.00000000E+00  0.00000000E+00  0.00000000E+00  0.00000000E+00  0.00000000E+00  0.00000000E+00  0.00000000E+00  0.00000000E+00  0.00000000E+00  0.00000000E+00
-2.18494992E+01  0.00000000E+00  0.00000000E+00  0.00000000E+00  0.00000000E+00  0.00000000E+00  0.00000000E+00  0.00000000E+00  0.00000000E+00  0.00000000E+00  0.00000000E+00  0.00000000E+00  0.00000000E+00  0.00000000E+00  0.00000000E+00  0.00000000E+00  0.00000000E+00  0.00000000E+00  0.00000000E+00
-2.18304992E+01  0.00000000E+00  0.00000000E+00  0.00000000E+00  0.00000000E+00  0.00000000E+00  0.00000000E+00  0.00000000E+00  0.00000000E+00  0.00000000E+00  0.00000000E+00  0.00000000E+00  0.00000000E+00  0.00000000E+00  0.00000000E+00  0.00000000E+00  0.00000000E+00  0.00000000E+00  0.00000000E+00
-2.18104992E+01  0.00000000E+00  0.00000000E+00  0.00000000E+00  0.00000000E+00  0.00000000E+00  0.00000000E+00  0.00000000E+00  0.00000000E+00  0.00000000E+00  0.00000000E+00  0.00000000E+00  0.00000000E+00  0.00000000E+00  0.00000000E+00  0.00000000E+00  0.00000000E+00  0.00000000E+00  0.00000000E+00
-2.17914992E+01  0.00000000E+00  0.00000000E+00  0.00000000E+00  0.00000000E+00  0.00000000E+00  0.00000000E+00  0.00000000E+00  0.00000000E+00  0.00000000E+00  0.00000000E+00  0.00000000E+00  0.00000000E+00  0.00000000E+00  0.00000000E+00  0.00000000E+00  0.00000000E+00  0.00000000E+00  0.00000000E+00
-2.17724992E+01  0.00000000E+00  0.00000000E+00  0.00000000E+00  0.00000000E+00  0.00000000E+00  0.00000000E+00  0.00000000E+00  0.00000000E+00  0.00000000E+00  0.00000000E+00  0.00000000E+00  0.00000000E+00  0.00000000E+00  0.00000000E+00  0.00000000E+00  0.00000000E+00  0.00000000E+00  0.00000000E+00
-2.17534992E+01  0.00000000E+00  0.00000000E+00  0.00000000E+00  0.00000000E+00  0.00000000E+00  0.00000000E+00  0.00000000E+00  0.00000000E+00  0.00000000E+00  0.00000000E+00  0.00000000E+00  0.00000000E+00  0.00000000E+00  0.00000000E+00  0.00000000E+00  0.00000000E+00  0.00000000E+00  0.00000000E+00
-2.17334992E+01  0.00000000E+00  0.00000000E+00  0.00000000E+00  0.00000000E+00  0.00000000E+00  0.00000000E+00  0.00000000E+00  0.00000000E+00  0.00000000E+00  0.00000000E+00  0.00000000E+00  0.00000000E+00  0.00000000E+00  0.00000000E+00  0.00000000E+00  0.00000000E+00  0.00000000E+00  0.00000000E+00
-2.17144992E+01  0.00000000E+00  0.00000000E+00  0.00000000E+00  0.00000000E+00  0.00000000E+00  0.00000000E+00  0.00000000E+00  0.00000000E+00  0.00000000E+00  0.00000000E+00  0.00000000E+00  0.00000000E+00  0.00000000E+00  0.00000000E+00  0.00000000E+00  0.00000000E+00  0.00000000E+00  0.00000000E+00
-2.16954992E+01  0.00000000E+00  0.00000000E+00  0.00000000E+00  0.00000000E+00  0.00000000E+00  0.00000000E+00  0.00000000E+00  0.00000000E+00  0.00000000E+00  0.00000000E+00  0.00000000E+00  0.00000000E+00  0.00000000E+00  0.00000000E+00  0.00000000E+00  0.00000000E+00  0.00000000E+00  0.00000000E+00
-2.16754992E+01  0.00000000E+00  0.00000000E+00  0.00000000E+00  0.00000000E+00  0.00000000E+00  0.00000000E+00  0.00000000E+00  0.00000000E+00  0.00000000E+00  0.00000000E+00  0.00000000E+00  0.00000000E+00  0.00000000E+00  0.00000000E+00  0.00000000E+00  0.00000000E+00  0.00000000E+00  0.00000000E+00
-2.16564992E+01  0.00000000E+00  0.00000000E+00  0.00000000E+00  0.00000000E+00  0.00000000E+00  0.00000000E+00  0.00000000E+00  0.00000000E+00  0.00000000E+00  0.00000000E+00  0.00000000E+00  0.00000000E+00  0.00000000E+00  0.00000000E+00  0.00000000E+00  0.00000000E+00  0.00000000E+00  0.00000000E+00
-2.16374992E+01  0.00000000E+00  0.00000000E+00  0.00000000E+00  0.00000000E+00  0.00000000E+00  0.00000000E+00  0.00000000E+00  0.00000000E+00  0.00000000E+00  0.00000000E+00  0.00000000E+00  0.00000000E+00  0.00000000E+00  0.00000000E+00  0.00000000E+00  0.00000000E+00  0.00000000E+00  0.00000000E+00
-2.16174992E+01  0.00000000E+00  0.00000000E+00  0.00000000E+00  0.00000000E+00  0.00000000E+00  0.00000000E+00  0.00000000E+00  0.00000000E+00  0.00000000E+00  0.00000000E+00  0.00000000E+00  0.00000000E+00  0.00000000E+00  0.00000000E+00  0.00000000E+00  0.00000000E+00  0.00000000E+00  0.00000000E+00
-2.15984992E+01  0.00000000E+00  0.00000000E+00  0.00000000E+00  0.00000000E+00  0.00000000E+00  0.00000000E+00  0.00000000E+00  0.00000000E+00  0.00000000E+00  0.00000000E+00  0.00000000E+00  0.00000000E+00  0.00000000E+00  0.00000000E+00  0.00000000E+00  0.00000000E+00  0.00000000E+00  0.00000000E+00
-2.15794992E+01  1.95100000E-17  1.95100000E-17  5.85900000E-19  5.85900000E-19  8.44500000E-21  8.44500000E-21  4.18800000E-20  4.18800000E-20  0.00000000E+00  0.00000000E+00  0.00000000E+00  0.00000000E+00  0.00000000E+00  0.00000000E+00  0.00000000E+00  0.00000000E+00  0.00000000E+00  0.00000000E+00
-2.15604992E+01  3.94800000E-15  3.94800000E-15  1.18200000E-16  1.18200000E-16  1.69900000E-18  1.69900000E-18  8.55800000E-18  8.55700000E-18  0.00000000E+00  0.00000000E+00  0.00000000E+00  0.00000000E+00  0.00000000E+00  0.00000000E+00  0.00000000E+00  0.00000000E+00  0.00000000E+00  0.00000000E+00
-2.15404992E+01  2.65000000E-13  2.65000000E-13  7.93300000E-15  7.93300000E-15  1.14000000E-16  1.14000000E-16  5.74800000E-16  5.74800000E-16  0.00000000E+00  0.00000000E+00  0.00000000E+00  0.00000000E+00  0.00000000E+00  0.00000000E+00  0.00000000E+00  0.00000000E+00  0.00000000E+00  0.00000000E+00
-2.15214992E+01  1.33400000E-11  1.33400000E-11  3.99100000E-13  3.99100000E-13  5.73500000E-15  5.73500000E-15  2.89500000E-14  2.89500000E-14  0.00000000E+00  0.00000000E+00  0.00000000E+00  0.00000000E+00  0.00000000E+00  0.00000000E+00  0.00000000E+00  0.00000000E+00  0.00000000E+00  0.00000000E+00
-2.15024992E+01  5.03600000E-10  5.03500000E-10  1.50700000E-11  1.50700000E-11  2.16500000E-13  2.16500000E-13  1.09400000E-12  1.09400000E-12  0.00000000E+00  0.00000000E+00  0.00000000E+00  0.00000000E+00  0.00000000E+00  0.00000000E+00  0.00000000E+00  0.00000000E+00  0.00000000E+00  0.00000000E+00
-2.14824992E+01  1.42800000E-08  1.42800000E-08  4.27000000E-10  4.27000000E-10  6.13400000E-12  6.13400000E-12  3.10300000E-11  3.10300000E-11  0.00000000E+00  0.00000000E+00  0.00000000E+00  0.00000000E+00  0.00000000E+00  0.00000000E+00  0.00000000E+00  0.00000000E+00  0.00000000E+00  0.00000000E+00
-2.14634992E+01  3.04000000E-07  3.04000000E-07  9.09200000E-09  9.09200000E-09  1.30600000E-10  1.30600000E-10  6.61400000E-10  6.61400000E-10  0.00000000E+00  0.00000000E+00  0.00000000E+00  0.00000000E+00  0.00000000E+00  0.00000000E+00  0.00000000E+00  0.00000000E+00  0.00000000E+00  0.00000000E+00
-2.14444992E+01  4.86800000E-06  4.86800000E-06  1.45500000E-07  1.45500000E-07  2.08900000E-09  2.08900000E-09  1.06000000E-08  1.06000000E-08  0.00000000E+00  0.00000000E+00  0.00000000E+00  0.00000000E+00  0.00000000E+00  0.00000000E+00  0.00000000E+00  0.00000000E+00  0.00000000E+00  0.00000000E+00
-2.14254992E+01  5.86100000E-05  5.86100000E-05  1.75200000E-06  1.75200000E-06  2.51400000E-08  2.51400000E-08  1.27700000E-07  1.27700000E-07  0.00000000E+00  0.00000000E+00  0.00000000E+00  0.00000000E+00  0.00000000E+00  0.00000000E+00  0.00000000E+00  0.00000000E+00  0.00000000E+00  0.00000000E+00
-2.14054992E+01  5.31000000E-04  5.31000000E-04  1.58700000E-05  1.58700000E-05  2.27700000E-07  2.27700000E-07  1.15800000E-06  1.15800000E-06  0.00000000E+00  0.00000000E+00  0.00000000E+00  0.00000000E+00  0.00000000E+00  0.00000000E+00  0.00000000E+00  0.00000000E+00  0.00000000E+00  0.00000000E+00
-2.13864992E+01  3.62200000E-03  3.62200000E-03  1.08200000E-04  1.08200000E-04  1.55200000E-06  1.55200000E-06  7.90100000E-06  7.90100000E-06  0.00000000E+00  0.00000000E+00  0.00000000E+00  0.00000000E+00  0.00000000E+00  0.00000000E+00  0.00000000E+00  0.00000000E+00  0.00000000E+00  0.00000000E+00
-2.13674992E+01  1.86000000E-02  1.86000000E-02  5.55400000E-04  5.55400000E-04  7.96600000E-06  7.96600000E-06  4.06100000E-05  4.06000000E-05  0.00000000E+00  0.00000000E+00  0.00000000E+00  0.00000000E+00  0.00000000E+00  0.00000000E+00  0.00000000E+00  0.00000000E+00  0.00000000E+00  0.00000000E+00
-2.13474992E+01  7.19400000E-02  7.19400000E-02  2.14700000E-03  2.14700000E-03  3.07900000E-05  3.07900000E-05  1.57200000E-04  1.57100000E-04  0.00000000E+00  0.00000000E+00  0.00000000E+00  0.00000000E+00  0.00000000E+00  0.00000000E+00  0.00000000E+00  0.00000000E+00  0.00000000E+00  0.00000000E+00
-2.13284992E+01  2.09600000E-01  2.09600000E-01  6.25300000E-03  6.25300000E-03  8.96500000E-05  8.96500000E-05  4.58100000E-04  4.58100000E-04  0.00000000E+00  0.00000000E+00  0.00000000E+00  0.00000000E+00  0.00000000E+00  0.00000000E+00  0.00000000E+00  0.00000000E+00  0.00000000E+00  0.00000000E+00
-2.13094992E+01  4.59800000E-01  4.59800000E-01  1.37200000E-02  1.37200000E-02  1.96600000E-04  1.96600000E-04  1.00600000E-03  1.00600000E-03  0.00000000E+00  0.00000000E+00  0.00000000E+00  0.00000000E+00  0.00000000E+00  0.00000000E+00  0.00000000E+00  0.00000000E+00  0.00000000E+00  0.00000000E+00
-2.12894992E+01  7.59700000E-01  7.59700000E-01  2.26600000E-02  2.26600000E-02  3.24700000E-04  3.24700000E-04  1.66300000E-03  1.66300000E-03  0.00000000E+00  0.00000000E+00  0.00000000E+00  0.00000000E+00  0.00000000E+00  0.00000000E+00  0.00000000E+00  0.00000000E+00  0.00000000E+00  0.00000000E+00
-2.12704992E+01  9.45100000E-01  9.45100000E-01  2.81800000E-02  2.81800000E-02  4.03800000E-04  4.03700000E-04  2.06900000E-03  2.06900000E-03  0.00000000E+00  0.00000000E+00  0.00000000E+00  0.00000000E+00  0.00000000E+00  0.00000000E+00  0.00000000E+00  0.00000000E+00  0.00000000E+00  0.00000000E+00
-2.12514992E+01  8.85000000E-01  8.85000000E-01  2.63800000E-02  2.63800000E-02  3.77900000E-04  3.77900000E-04  1.93900000E-03  1.93900000E-03  0.00000000E+00  0.00000000E+00  0.00000000E+00  0.00000000E+00  0.00000000E+00  0.00000000E+00  0.00000000E+00  0.00000000E+00  0.00000000E+00  0.00000000E+00
-2.12324992E+01  6.23500000E-01  6.23500000E-01  1.85800000E-02  1.85800000E-02  2.66100000E-04  2.66100000E-04  1.36600000E-03  1.36600000E-03  0.00000000E+00  0.00000000E+00  0.00000000E+00  0.00000000E+00  0.00000000E+00  0.00000000E+00  0.00000000E+00  0.00000000E+00  0.00000000E+00  0.00000000E+00
-2.12124992E+01  3.30300000E-01  3.30300000E-01  9.84100000E-03  9.84100000E-03  1.40900000E-04  1.40900000E-04  7.24100000E-04  7.24100000E-04  0.00000000E+00  0.00000000E+00  0.00000000E+00  0.00000000E+00  0.00000000E+00  0.00000000E+00  0.00000000E+00  0.00000000E+00  0.00000000E+00  0.00000000E+00
-2.11934992E+01  1.31500000E-01  1.31500000E-01  3.91800000E-03  3.91800000E-03  5.61000000E-05  5.61000000E-05  2.88400000E-04  2.88400000E-04  0.00000000E+00  0.00000000E+00  0.00000000E+00  0.00000000E+00  0.00000000E+00  0.00000000E+00  0.00000000E+00  0.00000000E+00  0.00000000E+00  0.00000000E+00
-2.11744992E+01  3.93500000E-02  3.93500000E-02  1.17200000E-03  1.17200000E-03  1.67800000E-05  1.67800000E-05  8.63000000E-05  8.63000000E-05  0.00000000E+00  0.00000000E+00  0.00000000E+00  0.00000000E+00  0.00000000E+00  0.00000000E+00  0.00000000E+00  0.00000000E+00  0.00000000E+00  0.00000000E+00
-2.11544992E+01  8.83600000E-03  8.83600000E-03  2.63100000E-04  2.63100000E-04  3.76600000E-06  3.76600000E-06  1.93800000E-05  1.93800000E-05  0.00000000E+00  0.00000000E+00  0.00000000E+00  0.00000000E+00  0.00000000E+00  0.00000000E+00  0.00000000E+00  0.00000000E+00  0.00000000E+00  0.00000000E+00
-2.11354992E+01  1.48900000E-03  1.48900000E-03  4.43200000E-05  4.43200000E-05  6.34300000E-07  6.34400000E-07  3.26700000E-06  3.26700000E-06  0.00000000E+00  0.00000000E+00  0.00000000E+00  0.00000000E+00  0.00000000E+00  0.00000000E+00  0.00000000E+00  0.00000000E+00  0.00000000E+00  0.00000000E+00
-2.11164992E+01  1.88100000E-04  1.88100000E-04  5.59800000E-06  5.59800000E-06  8.01100000E-08  8.01100000E-08  4.12700000E-07  4.12700000E-07  0.00000000E+00  0.00000000E+00  0.00000000E+00  0.00000000E+00  0.00000000E+00  0.00000000E+00  0.00000000E+00  0.00000000E+00  0.00000000E+00  0.00000000E+00
-2.10964992E+01  1.78000000E-05  1.78000000E-05  5.29800000E-07  5.29800000E-07  7.58100000E-09  7.58100000E-09  3.90700000E-08  3.90700000E-08  0.00000000E+00  0.00000000E+00  0.00000000E+00  0.00000000E+00  0.00000000E+00  0.00000000E+00  0.00000000E+00  0.00000000E+00  0.00000000E+00  0.00000000E+00
-2.10774992E+01  1.26300000E-06  1.26300000E-06  3.76400000E-08  3.76400000E-08  5.39500000E-10  5.39500000E-10  2.78200000E-09  2.78200000E-09  0.00000000E+00  0.00000000E+00  0.00000000E+00  0.00000000E+00  0.00000000E+00  0.00000000E+00  0.00000000E+00  0.00000000E+00  0.00000000E+00  0.00000000E+00
-2.10584992E+01  1.07300000E-07  1.07300000E-07  4.32600000E-09  4.32600000E-09  8.56900000E-11  8.56900000E-11  4.58700000E-10  4.58700000E-10  0.00000000E+00  0.00000000E+00  0.00000000E+00  0.00000000E+00  0.00000000E+00  0.00000000E+00  0.00000000E+00  0.00000000E+00  0.00000000E+00  0.00000000E+00
-2.10394992E+01  7.68100000E-07  7.68100000E-07  4.43500000E-08  4.43500000E-08  1.08600000E-09  1.08600000E-09  5.91600000E-09  5.91600000E-09  0.00000000E+00  0.00000000E+00  0.00000000E+00  0.00000000E+00  0.00000000E+00  0.00000000E+00  0.00000000E+00  0.00000000E+00  0.00000000E+00  0.00000000E+00
-2.10194992E+01  1.09000000E-05  1.09000000E-05  6.30100000E-07  6.30100000E-07  1.54300000E-08  1.54300000E-08  8.40900000E-08  8.40900000E-08  0.00000000E+00  0.00000000E+00  0.00000000E+00  0.00000000E+00  0.00000000E+00  0.00000000E+00  0.00000000E+00  0.00000000E+00  0.00000000E+00  0.00000000E+00
-2.10004992E+01  1.16600000E-04  1.16600000E-04  6.74100000E-06  6.74100000E-06  1.65100000E-07  1.65100000E-07  8.99500000E-07  8.99500000E-07  0.00000000E+00  0.00000000E+00  0.00000000E+00  0.00000000E+00  0.00000000E+00  0.00000000E+00  0.00000000E+00  0.00000000E+00  0.00000000E+00  0.00000000E+00
-2.09814992E+01  9.39500000E-04  9.39500000E-04  5.43000000E-05  5.43000000E-05  1.33000000E-06  1.33000000E-06  7.24400000E-06  7.24400000E-06  0.00000000E+00  0.00000000E+00  0.00000000E+00  0.00000000E+00  0.00000000E+00  0.00000000E+00  0.00000000E+00  0.00000000E+00  0.00000000E+00  0.00000000E+00
-2.09614992E+01  5.71000000E-03  5.71000000E-03  3.30000000E-04  3.30000000E-04  8.08000000E-06  8.08000000E-06  4.40000000E-05  4.40000000E-05  0.00000000E+00  0.00000000E+00  0.00000000E+00  0.00000000E+00  0.00000000E+00  0.00000000E+00  0.00000000E+00  0.00000000E+00  0.00000000E+00  0.00000000E+00
-2.09424992E+01  2.62200000E-02  2.62200000E-02  1.51500000E-03  1.51500000E-03  3.70900000E-05  3.70900000E-05  2.01900000E-04  2.01900000E-04  0.00000000E+00  0.00000000E+00  0.00000000E+00  0.00000000E+00  0.00000000E+00  0.00000000E+00  0.00000000E+00  0.00000000E+00  0.00000000E+00  0.00000000E+00
-2.09234992E+01  9.11900000E-02  9.11900000E-02  5.26600000E-03  5.26600000E-03  1.28900000E-04  1.28900000E-04  7.01700000E-04  7.01700000E-04  0.00000000E+00  0.00000000E+00  0.00000000E+00  0.00000000E+00  0.00000000E+00  0.00000000E+00  0.00000000E+00  0.00000000E+00  0.00000000E+00  0.00000000E+00
-2.09044992E+01  2.40500000E-01  2.40500000E-01  1.38900000E-02  1.38900000E-02  3.39900000E-04  3.39900000E-04  1.84900000E-03  1.84900000E-03  0.00000000E+00  0.00000000E+00  0.00000000E+00  0.00000000E+00  0.00000000E+00  0.00000000E+00  0.00000000E+00  0.00000000E+00  0.00000000E+00  0.00000000E+00
-2.08844992E+01  4.82100000E-01  4.82100000E-01  2.78200000E-02  2.78200000E-02  6.80900000E-04  6.80900000E-04  3.70400000E-03  3.70400000E-03  0.00000000E+00  0.00000000E+00  0.00000000E+00  0.00000000E+00  0.00000000E+00  0.00000000E+00  0.00000000E+00  0.00000000E+00  0.00000000E+00  0.00000000E+00
-2.08654992E+01  7.35500000E-01  7.35500000E-01  4.24300000E-02  4.24300000E-02  1.03800000E-03  1.03800000E-03  5.64700000E-03  5.64700000E-03  0.00000000E+00  0.00000000E+00  0.00000000E+00  0.00000000E+00  0.00000000E+00  0.00000000E+00  0.00000000E+00  0.00000000E+00  0.00000000E+00  0.00000000E+00
-2.08464992E+01  8.55200000E-01  8.55200000E-01  4.93000000E-02  4.93000000E-02  1.20600000E-03  1.20600000E-03  6.56000000E-03  6.56000000E-03  0.00000000E+00  0.00000000E+00  0.00000000E+00  0.00000000E+00  0.00000000E+00  0.00000000E+00  0.00000000E+00  0.00000000E+00  0.00000000E+00  0.00000000E+00
-2.08264992E+01  7.58300000E-01  7.58300000E-01  4.37000000E-02  4.37000000E-02  1.06900000E-03  1.06900000E-03  5.81300000E-03  5.81300000E-03  0.00000000E+00  0.00000000E+00  0.00000000E+00  0.00000000E+00  0.00000000E+00  0.00000000E+00  0.00000000E+00  0.00000000E+00  0.00000000E+00  0.00000000E+00
-2.08074992E+01  5.13000000E-01  5.13000000E-01  2.95500000E-02  2.95500000E-02  7.22700000E-04  7.22700000E-04  3.93000000E-03  3.93000000E-03  0.00000000E+00  0.00000000E+00  0.00000000E+00  0.00000000E+00  0.00000000E+00  0.00000000E+00  0.00000000E+00  0.00000000E+00  0.00000000E+00  0.00000000E+00
-2.07884992E+01  2.64700000E-01  2.64700000E-01  1.52400000E-02  1.52400000E-02  3.72700000E-04  3.72700000E-04  2.02700000E-03  2.02700000E-03  0.00000000E+00  0.00000000E+00  0.00000000E+00  0.00000000E+00  0.00000000E+00  0.00000000E+00  0.00000000E+00  0.00000000E+00  0.00000000E+00  0.00000000E+00
-2.07684992E+01  1.04100000E-01  1.04100000E-01  5.99100000E-03  5.99100000E-03  1.46500000E-04  1.46500000E-04  7.96800000E-04  7.96800000E-04  0.00000000E+00  0.00000000E+00  0.00000000E+00  0.00000000E+00  0.00000000E+00  0.00000000E+00  0.00000000E+00  0.00000000E+00  0.00000000E+00  0.00000000E+00
-2.07494992E+01  3.11800000E-02  3.11800000E-02  1.79400000E-03  1.79400000E-03  4.38500000E-05  4.38500000E-05  2.38600000E-04  2.38600000E-04  0.00000000E+00  0.00000000E+00  0.00000000E+00  0.00000000E+00  0.00000000E+00  0.00000000E+00  0.00000000E+00  0.00000000E+00  0.00000000E+00  0.00000000E+00
-2.07304992E+01  7.10200000E-03  7.10200000E-03  4.08400000E-04  4.08400000E-04  9.98400000E-06  9.98400000E-06  5.43300000E-05  5.43300000E-05  0.00000000E+00  0.00000000E+00  0.00000000E+00  0.00000000E+00  0.00000000E+00  0.00000000E+00  0.00000000E+00  0.00000000E+00  0.00000000E+00  0.00000000E+00
-2.07114992E+01  1.23800000E-03  1.23800000E-03  7.11400000E-05  7.11500000E-05  1.73600000E-06  1.73600000E-06  9.45800000E-06  9.45800000E-06  0.00000000E+00  0.00000000E+00  0.00000000E+00  0.00000000E+00  0.00000000E+00  0.00000000E+00  0.00000000E+00  0.00000000E+00  0.00000000E+00  0.00000000E+00
-2.06914992E+01  2.60900000E-04  2.60900000E-04  1.46200000E-05  1.46200000E-05  3.29400000E-07  3.29400000E-07  1.85900000E-06  1.85900000E-06  0.00000000E+00  0.00000000E+00  0.00000000E+00  0.00000000E+00  0.00000000E+00  0.00000000E+00  0.00000000E+00  0.00000000E+00  0.00000000E+00  0.00000000E+00
-2.06724992E+01  7.51000000E-04  7.51000000E-04  4.04000000E-05  4.04000000E-05  7.81300000E-07  7.81300000E-07  4.73500000E-06  4.73500000E-06  0.00000000E+00  0.00000000E+00  0.00000000E+00  0.00000000E+00  0.00000000E+00  0.00000000E+00  0.00000000E+00  0.00000000E+00  0.00000000E+00  0.00000000E+00
-2.06534992E+01  4.14400000E-03  4.14400000E-03  2.22500000E-04  2.22500000E-04  4.27600000E-06  4.27600000E-06  2.59700000E-05  2.59700000E-05  0.00000000E+00  0.00000000E+00  0.00000000E+00  0.00000000E+00  0.00000000E+00  0.00000000E+00  0.00000000E+00  0.00000000E+00  0.00000000E+00  0.00000000E+00
-2.06334992E+01  1.80400000E-02  1.80400000E-02  9.67600000E-04  9.67600000E-04  1.85900000E-05  1.85900000E-05  1.12800000E-04  1.12800000E-04  0.00000000E+00  0.00000000E+00  0.00000000E+00  0.00000000E+00  0.00000000E+00  0.00000000E+00  0.00000000E+00  0.00000000E+00  0.00000000E+00  0.00000000E+00
-2.06144992E+01  6.12200000E-02  6.12200000E-02  3.28000000E-03  3.28000000E-03  6.30300000E-05  6.30300000E-05  3.81800000E-04  3.81800000E-04  0.00000000E+00  0.00000000E+00  0.00000000E+00  0.00000000E+00  0.00000000E+00  0.00000000E+00  0.00000000E+00  0.00000000E+00  0.00000000E+00  0.00000000E+00
-2.05954992E+01  1.63300000E-01  1.63300000E-01  8.74200000E-03  8.74200000E-03  1.68000000E-04  1.68000000E-04  1.01500000E-03  1.01500000E-03  0.00000000E+00  0.00000000E+00  0.00000000E+00  0.00000000E+00  0.00000000E+00  0.00000000E+00  0.00000000E+00  0.00000000E+00  0.00000000E+00  0.00000000E+00
-2.05764992E+01  3.45100000E-01  3.45100000E-01  1.84500000E-02  1.84400000E-02  3.54300000E-04  3.54300000E-04  2.13700000E-03  2.13700000E-03  0.00000000E+00  0.00000000E+00  0.00000000E+00  0.00000000E+00  0.00000000E+00  0.00000000E+00  0.00000000E+00  0.00000000E+00  0.00000000E+00  0.00000000E+00
-2.05564992E+01  5.79500000E-01  5.79500000E-01  3.09400000E-02  3.09400000E-02  5.94200000E-04  5.94200000E-04  3.57500000E-03  3.57500000E-03  0.00000000E+00  0.00000000E+00  0.00000000E+00  0.00000000E+00  0.00000000E+00  0.00000000E+00  0.00000000E+00  0.00000000E+00  0.00000000E+00  0.00000000E+00
-2.05374992E+01  7.73900000E-01  7.73900000E-01  4.12600000E-02  4.12600000E-02  7.92300000E-04  7.92300000E-04  4.75500000E-03  4.75500000E-03  0.00000000E+00  0.00000000E+00  0.00000000E+00  0.00000000E+00  0.00000000E+00  0.00000000E+00  0.00000000E+00  0.00000000E+00  0.00000000E+00  0.00000000E+00
-2.05184992E+01  8.19000000E-01  8.19000000E-01  4.36200000E-02  4.36200000E-02  8.37500000E-04  8.37500000E-04  5.01200000E-03  5.01200000E-03  0.00000000E+00  0.00000000E+00  0.00000000E+00  0.00000000E+00  0.00000000E+00  0.00000000E+00  0.00000000E+00  0.00000000E+00  0.00000000E+00  0.00000000E+00
-2.04984992E+01  6.83300000E-01  6.83300000E-01  3.63500000E-02  3.63500000E-02  6.97900000E-04  6.97900000E-04  4.16500000E-03  4.16500000E-03  0.00000000E+00  0.00000000E+00  0.00000000E+00  0.00000000E+00  0.00000000E+00  0.00000000E+00  0.00000000E+00  0.00000000E+00  0.00000000E+00  0.00000000E+00
-2.04794992E+01  4.46400000E-01  4.46400000E-01  2.37300000E-02  2.37300000E-02  4.55500000E-04  4.55500000E-04  2.71200000E-03  2.71200000E-03  0.00000000E+00  0.00000000E+00  0.00000000E+00  0.00000000E+00  0.00000000E+00  0.00000000E+00  0.00000000E+00  0.00000000E+00  0.00000000E+00  0.00000000E+00
-2.04604992E+01  2.27000000E-01  2.27000000E-01  1.20500000E-02  1.20500000E-02  2.31400000E-04  2.31400000E-04  1.37400000E-03  1.37400000E-03  0.00000000E+00  0.00000000E+00  0.00000000E+00  0.00000000E+00  0.00000000E+00  0.00000000E+00  0.00000000E+00  0.00000000E+00  0.00000000E+00  0.00000000E+00
-2.04404992E+01  8.92400000E-02  8.92400000E-02  4.73800000E-03  4.73800000E-03  9.09300000E-05  9.09300000E-05  5.38700000E-04  5.38700000E-04  0.00000000E+00  0.00000000E+00  0.00000000E+00  0.00000000E+00  0.00000000E+00  0.00000000E+00  0.00000000E+00  0.00000000E+00  0.00000000E+00  0.00000000E+00
-2.04214992E+01  2.70000000E-02  2.70000000E-02  1.43300000E-03  1.43300000E-03  2.75000000E-05  2.75000000E-05  1.62600000E-04  1.62600000E-04  0.00000000E+00  0.00000000E+00  0.00000000E+00  0.00000000E+00  0.00000000E+00  0.00000000E+00  0.00000000E+00  0.00000000E+00  0.00000000E+00  0.00000000E+00
-2.04024992E+01  6.25900000E-03  6.25900000E-03  3.32000000E-04  3.32000000E-04  6.37200000E-06  6.37200000E-06  3.75900000E-05  3.75900000E-05  0.00000000E+00  0.00000000E+00  0.00000000E+00  0.00000000E+00  0.00000000E+00  0.00000000E+00  0.00000000E+00  0.00000000E+00  0.00000000E+00  0.00000000E+00
-2.03834992E+01  1.10700000E-03  1.10700000E-03  5.87100000E-05  5.87100000E-05  1.12700000E-06  1.12700000E-06  6.63500000E-06  6.63500000E-06  0.00000000E+00  0.00000000E+00  0.00000000E+00  0.00000000E+00  0.00000000E+00  0.00000000E+00  0.00000000E+00  0.00000000E+00  0.00000000E+00  0.00000000E+00
-2.03634992E+01  1.49000000E-04  1.49000000E-04  7.89900000E-06  7.89900000E-06  1.51600000E-07  1.51600000E-07  8.91100000E-07  8.91100000E-07  0.00000000E+00  0.00000000E+00  0.00000000E+00  0.00000000E+00  0.00000000E+00  0.00000000E+00  0.00000000E+00  0.00000000E+00  0.00000000E+00  0.00000000E+00
-2.03444992E+01  1.52100000E-05  1.52100000E-05  8.06400000E-07  8.06400000E-07  1.54800000E-08  1.54800000E-08  9.08200000E-08  9.08200000E-08  0.00000000E+00  0.00000000E+00  0.00000000E+00  0.00000000E+00  0.00000000E+00  0.00000000E+00  0.00000000E+00  0.00000000E+00  0.00000000E+00  0.00000000E+00
-2.03254992E+01  1.18300000E-06  1.18300000E-06  6.28200000E-08  6.28200000E-08  1.20900000E-09  1.20900000E-09  7.01300000E-09  7.01300000E-09  0.00000000E+00  0.00000000E+00  0.00000000E+00  0.00000000E+00  0.00000000E+00  0.00000000E+00  0.00000000E+00  0.00000000E+00  0.00000000E+00  0.00000000E+00
-2.03054992E+01  2.20400000E-07  2.20400000E-07  1.51300000E-08  1.51300000E-08  3.59300000E-10  3.59300000E-10  5.48100000E-10  5.48100000E-10  0.00000000E+00  0.00000000E+00  0.00000000E+00  0.00000000E+00  0.00000000E+00  0.00000000E+00  0.00000000E+00  0.00000000E+00  0.00000000E+00  0.00000000E+00
-2.02864992E+01  2.52400000E-06  2.52400000E-06  1.91100000E-07  1.91100000E-07  4.81300000E-09  4.81300000E-09  2.33800000E-09  2.33800000E-09  0.00000000E+00  0.00000000E+00  0.00000000E+00  0.00000000E+00  0.00000000E+00  0.00000000E+00  0.00000000E+00  0.00000000E+00  0.00000000E+00  0.00000000E+00
-2.02674992E+01  3.14200000E-05  3.14200000E-05  2.37900000E-06  2.37900000E-06  5.99400000E-08  5.99400000E-08  2.89100000E-08  2.89100000E-08  0.00000000E+00  0.00000000E+00  0.00000000E+00  0.00000000E+00  0.00000000E+00  0.00000000E+00  0.00000000E+00  0.00000000E+00  0.00000000E+00  0.00000000E+00
-2.02484992E+01  2.94300000E-04  2.94200000E-04  2.22700000E-05  2.22700000E-05  5.61200000E-07  5.61200000E-07  2.70600000E-07  2.70600000E-07  0.00000000E+00  0.00000000E+00  0.00000000E+00  0.00000000E+00  0.00000000E+00  0.00000000E+00  0.00000000E+00  0.00000000E+00  0.00000000E+00  0.00000000E+00
-2.02284992E+01  2.07400000E-03  2.07400000E-03  1.56900000E-04  1.56900000E-04  3.95400000E-06  3.95400000E-06  1.90600000E-06  1.90600000E-06  0.00000000E+00  0.00000000E+00  0.00000000E+00  0.00000000E+00  0.00000000E+00  0.00000000E+00  0.00000000E+00  0.00000000E+00  0.00000000E+00  0.00000000E+00
-2.02094992E+01  1.10200000E-02  1.10200000E-02  8.34000000E-04  8.34000000E-04  2.10100000E-05  2.10100000E-05  1.01300000E-05  1.01300000E-05  0.00000000E+00  0.00000000E+00  0.00000000E+00  0.00000000E+00  0.00000000E+00  0.00000000E+00  0.00000000E+00  0.00000000E+00  0.00000000E+00  0.00000000E+00
-2.01904992E+01  4.43200000E-02  4.43200000E-02  3.35300000E-03  3.35300000E-03  8.44600000E-05  8.44600000E-05  4.06800000E-05  4.06800000E-05  0.00000000E+00  0.00000000E+00  0.00000000E+00  0.00000000E+00  0.00000000E+00  0.00000000E+00  0.00000000E+00  0.00000000E+00  0.00000000E+00  0.00000000E+00
-2.01704992E+01  1.35300000E-01  1.35300000E-01  1.02300000E-02  1.02300000E-02  2.57700000E-04  2.57700000E-04  1.24000000E-04  1.24000000E-04  0.00000000E+00  0.00000000E+00  0.00000000E+00  0.00000000E+00  0.00000000E+00  0.00000000E+00  0.00000000E+00  0.00000000E+00  0.00000000E+00  0.00000000E+00
-2.01514992E+01  3.15100000E-01  3.15100000E-01  2.38200000E-02  2.38200000E-02  6.00000000E-04  6.00000000E-04  2.88200000E-04  2.88200000E-04  0.00000000E+00  0.00000000E+00  0.00000000E+00  0.00000000E+00  0.00000000E+00  0.00000000E+00  0.00000000E+00  0.00000000E+00  0.00000000E+00  0.00000000E+00
-2.01324992E+01  5.63500000E-01  5.63500000E-01  4.25600000E-02  4.25600000E-02  1.07200000E-03  1.07200000E-03  5.13700000E-04  5.13700000E-04  0.00000000E+00  0.00000000E+00  0.00000000E+00  0.00000000E+00  0.00000000E+00  0.00000000E+00  0.00000000E+00  0.00000000E+00  0.00000000E+00  0.00000000E+00
-2.01124992E+01  7.79900000E-01  7.79900000E-01  5.88500000E-02  5.88500000E-02  1.48300000E-03  1.48300000E-03  7.07800000E-04  7.07800000E-04  0.00000000E+00  0.00000000E+00  0.00000000E+00  0.00000000E+00  0.00000000E+00  0.00000000E+00  0.00000000E+00  0.00000000E+00  0.00000000E+00  0.00000000E+00
-2.00934992E+01  8.43400000E-01  8.43400000E-01  6.35800000E-02  6.35800000E-02  1.60200000E-03  1.60200000E-03  7.60700000E-04  7.60700000E-04  0.00000000E+00  0.00000000E+00  0.00000000E+00  0.00000000E+00  0.00000000E+00  0.00000000E+00  0.00000000E+00  0.00000000E+00  0.00000000E+00  0.00000000E+00
-2.00744992E+01  7.19900000E-01  7.19900000E-01  5.42100000E-02  5.42100000E-02  1.36600000E-03  1.36600000E-03  6.44000000E-04  6.44000000E-04  0.00000000E+00  0.00000000E+00  0.00000000E+00  0.00000000E+00  0.00000000E+00  0.00000000E+00  0.00000000E+00  0.00000000E+00  0.00000000E+00  0.00000000E+00
-2.00554992E+01  4.89400000E-01  4.89400000E-01  3.68000000E-02  3.68000000E-02  9.27400000E-04  9.27400000E-04  4.33400000E-04  4.33400000E-04  0.00000000E+00  0.00000000E+00  0.00000000E+00  0.00000000E+00  0.00000000E+00  0.00000000E+00  0.00000000E+00  0.00000000E+00  0.00000000E+00  0.00000000E+00
-2.00354992E+01  2.66300000E-01  2.66300000E-01  2.00000000E-02  2.00000000E-02  5.04100000E-04  5.04100000E-04  2.33200000E-04  2.33200000E-04  0.00000000E+00  0.00000000E+00  0.00000000E+00  0.00000000E+00  0.00000000E+00  0.00000000E+00  0.00000000E+00  0.00000000E+00  0.00000000E+00  0.00000000E+00
-2.00164992E+01  1.16000000E-01  1.16000000E-01  8.70000000E-03  8.70000000E-03  2.19300000E-04  2.19300000E-04  1.00400000E-04  1.00400000E-04  0.00000000E+00  0.00000000E+00  0.00000000E+00  0.00000000E+00  0.00000000E+00  0.00000000E+00  0.00000000E+00  0.00000000E+00  0.00000000E+00  0.00000000E+00
-1.99974992E+01  4.01900000E-02  4.01900000E-02  3.01100000E-03  3.01100000E-03  7.59000000E-05  7.59000000E-05  3.44100000E-05  3.44100000E-05  0.00000000E+00  0.00000000E+00  0.00000000E+00  0.00000000E+00  0.00000000E+00  0.00000000E+00  0.00000000E+00  0.00000000E+00  0.00000000E+00  0.00000000E+00
-1.99774992E+01  1.09700000E-02  1.09700000E-02  8.21000000E-04  8.21000000E-04  2.07000000E-05  2.07000000E-05  9.30500000E-06  9.30500000E-06  0.00000000E+00  0.00000000E+00  0.00000000E+00  0.00000000E+00  0.00000000E+00  0.00000000E+00  0.00000000E+00  0.00000000E+00  0.00000000E+00  0.00000000E+00
-1.99584992E+01  2.33300000E-03  2.33300000E-03  1.74500000E-04  1.74500000E-04  4.40000000E-06  4.40000000E-06  1.96500000E-06  1.96500000E-06  0.00000000E+00  0.00000000E+00  0.00000000E+00  0.00000000E+00  0.00000000E+00  0.00000000E+00  0.00000000E+00  0.00000000E+00  0.00000000E+00  0.00000000E+00
-1.99394992E+01  3.82900000E-04  3.82900000E-04  2.86300000E-05  2.86300000E-05  7.21900000E-07  7.21900000E-07  3.20500000E-07  3.20500000E-07  0.00000000E+00  0.00000000E+00  0.00000000E+00  0.00000000E+00  0.00000000E+00  0.00000000E+00  0.00000000E+00  0.00000000E+00  0.00000000E+00  0.00000000E+00
-1.99204992E+01  4.80700000E-05  4.80700000E-05  3.59300000E-06  3.59300000E-06  9.06100000E-08  9.06100000E-08  4.00700000E-08  4.00700000E-08  0.00000000E+00  0.00000000E+00  0.00000000E+00  0.00000000E+00  0.00000000E+00  0.00000000E+00  0.00000000E+00  0.00000000E+00  0.00000000E+00  0.00000000E+00
-1.99004992E+01  4.58800000E-06  4.58800000E-06  3.42900000E-07  3.42900000E-07  8.64600000E-09  8.64600000E-09  3.81200000E-09  3.81200000E-09  0.00000000E+00  0.00000000E+00  0.00000000E+00  0.00000000E+00  0.00000000E+00  0.00000000E+00  0.00000000E+00  0.00000000E+00  0.00000000E+00  0.00000000E+00
-1.98814992E+01  3.31200000E-07  3.31200000E-07  2.47500000E-08  2.47500000E-08  6.24200000E-10  6.24200000E-10  2.74600000E-10  2.74600000E-10  0.00000000E+00  0.00000000E+00  0.00000000E+00  0.00000000E+00  0.00000000E+00  0.00000000E+00  0.00000000E+00  0.00000000E+00  0.00000000E+00  0.00000000E+00
-1.98624992E+01  1.80200000E-08  1.80200000E-08  1.34700000E-09  1.34700000E-09  3.39600000E-11  3.39600000E-11  1.49200000E-11  1.49200000E-11  0.00000000E+00  0.00000000E+00  0.00000000E+00  0.00000000E+00  0.00000000E+00  0.00000000E+00  0.00000000E+00  0.00000000E+00  0.00000000E+00  0.00000000E+00
-1.98424992E+01  7.37100000E-10  7.37200000E-10  5.50700000E-11  5.50700000E-11  1.38900000E-12  1.38900000E-12  6.09300000E-13  6.09300000E-13  0.00000000E+00  0.00000000E+00  0.00000000E+00  0.00000000E+00  0.00000000E+00  0.00000000E+00  0.00000000E+00  0.00000000E+00  0.00000000E+00  0.00000000E+00
-1.98234992E+01  2.26400000E-11  2.26400000E-11  1.69000000E-12  1.69000000E-12  4.26100000E-14  4.26200000E-14  1.88500000E-14  1.88500000E-14  0.00000000E+00  0.00000000E+00  0.00000000E+00  0.00000000E+00  0.00000000E+00  0.00000000E+00  0.00000000E+00  0.00000000E+00  0.00000000E+00  0.00000000E+00
-1.98044992E+01  1.43200000E-12  1.43200000E-12  4.38800000E-14  4.38800000E-14  9.84200000E-16  9.84200000E-16  8.04900000E-15  8.04900000E-15  0.00000000E+00  0.00000000E+00  0.00000000E+00  0.00000000E+00  0.00000000E+00  0.00000000E+00  0.00000000E+00  0.00000000E+00  0.00000000E+00  0.00000000E+00
-1.97844992E+01  2.97100000E-11  2.97100000E-11  1.65600000E-13  1.65600000E-13  1.90100000E-16  1.90000000E-16  2.48000000E-13  2.48000000E-13  0.00000000E+00  0.00000000E+00  0.00000000E+00  0.00000000E+00  0.00000000E+00  0.00000000E+00  0.00000000E+00  0.00000000E+00  0.00000000E+00  0.00000000E+00
-1.97654992E+01  7.22300000E-10  7.22300000E-10  4.03800000E-12  4.03800000E-12  4.82200000E-15  4.82100000E-15  6.02500000E-12  6.02500000E-12  0.00000000E+00  0.00000000E+00  0.00000000E+00  0.00000000E+00  0.00000000E+00  0.00000000E+00  0.00000000E+00  0.00000000E+00  0.00000000E+00  0.00000000E+00
-1.97464992E+01  1.31400000E-08  1.31400000E-08  7.43200000E-11  7.43200000E-11  1.07400000E-13  1.07400000E-13  1.09400000E-10  1.09400000E-10  0.00000000E+00  0.00000000E+00  0.00000000E+00  0.00000000E+00  0.00000000E+00  0.00000000E+00  0.00000000E+00  0.00000000E+00  0.00000000E+00  0.00000000E+00
-1.97274992E+01  1.79400000E-07  1.79400000E-07  1.03500000E-09  1.03500000E-09  1.94000000E-12  1.93900000E-12  1.48800000E-09  1.48800000E-09  0.00000000E+00  0.00000000E+00  0.00000000E+00  0.00000000E+00  0.00000000E+00  0.00000000E+00  0.00000000E+00  0.00000000E+00  0.00000000E+00  0.00000000E+00
-1.97074992E+01  1.84400000E-06  1.84400000E-06  1.10000000E-08  1.10000000E-08  2.84200000E-11  2.84200000E-11  1.52000000E-08  1.52000000E-08  0.00000000E+00  0.00000000E+00  0.00000000E+00  0.00000000E+00  0.00000000E+00  0.00000000E+00  0.00000000E+00  0.00000000E+00  0.00000000E+00  0.00000000E+00
-1.96884992E+01  1.43800000E-05  1.43800000E-05  9.06300000E-08  9.06300000E-08  3.34100000E-10  3.34100000E-10  1.17100000E-07  1.17100000E-07  0.00000000E+00  0.00000000E+00  0.00000000E+00  0.00000000E+00  0.00000000E+00  0.00000000E+00  0.00000000E+00  0.00000000E+00  0.00000000E+00  0.00000000E+00
-1.96694992E+01  8.59000000E-05  8.59000000E-05  5.88900000E-07  5.88900000E-07  3.09600000E-09  3.09600000E-09  6.86700000E-07  6.86700000E-07  0.00000000E+00  0.00000000E+00  0.00000000E+00  0.00000000E+00  0.00000000E+00  0.00000000E+00  0.00000000E+00  0.00000000E+00  0.00000000E+00  0.00000000E+00
-1.96494992E+01  3.99500000E-04  3.99500000E-04  3.07700000E-06  3.07700000E-06  2.22500000E-08  2.22500000E-08  3.09800000E-06  3.09800000E-06  0.00000000E+00  0.00000000E+00  0.00000000E+00  0.00000000E+00  0.00000000E+00  0.00000000E+00  0.00000000E+00  0.00000000E+00  0.00000000E+00  0.00000000E+00
-1.96304992E+01  1.47500000E-03  1.47500000E-03  1.31000000E-05  1.31000000E-05  1.22700000E-07  1.22700000E-07  1.09500000E-05  1.09500000E-05  0.00000000E+00  0.00000000E+00  0.00000000E+00  0.00000000E+00  0.00000000E+00  0.00000000E+00  0.00000000E+00  0.00000000E+00  0.00000000E+00  0.00000000E+00
-1.96114992E+01  4.40800000E-03  4.40800000E-03  4.55600000E-05  4.55600000E-05  5.16500000E-07  5.16500000E-07  3.09800000E-05  3.09800000E-05  0.00000000E+00  0.00000000E+00  0.00000000E+00  0.00000000E+00  0.00000000E+00  0.00000000E+00  0.00000000E+00  0.00000000E+00  0.00000000E+00  0.00000000E+00
-1.95914992E+01  1.08300000E-02  1.08300000E-02  1.28900000E-04  1.28900000E-04  1.66900000E-06  1.66900000E-06  7.21500000E-05  7.21500000E-05  0.00000000E+00  0.00000000E+00  0.00000000E+00  0.00000000E+00  0.00000000E+00  0.00000000E+00  0.00000000E+00  0.00000000E+00  0.00000000E+00  0.00000000E+00
-1.95724992E+01  2.20100000E-02  2.20100000E-02  2.95800000E-04  2.95800000E-04  4.20300000E-06  4.20300000E-06  1.42500000E-04  1.42500000E-04  0.00000000E+00  0.00000000E+00  0.00000000E+00  0.00000000E+00  0.00000000E+00  0.00000000E+00  0.00000000E+00  0.00000000E+00  0.00000000E+00  0.00000000E+00
-1.95534992E+01  3.74100000E-02  3.74100000E-02  5.59800000E-04  5.59800000E-04  8.54900000E-06  8.54900000E-06  2.46800000E-04  2.46800000E-04  0.00000000E+00  0.00000000E+00  0.00000000E+00  0.00000000E+00  0.00000000E+00  0.00000000E+00  0.00000000E+00  0.00000000E+00  0.00000000E+00  0.00000000E+00
-1.95344992E+01  5.44700000E-02  5.44700000E-02  9.12100000E-04  9.12100000E-04  1.48700000E-05  1.48700000E-05  3.89900000E-04  3.89900000E-04  0.00000000E+00  0.00000000E+00  0.00000000E+00  0.00000000E+00  0.00000000E+00  0.00000000E+00  0.00000000E+00  0.00000000E+00  0.00000000E+00  0.00000000E+00
-1.95144992E+01  7.12500000E-02  7.12500000E-02  1.35700000E-03  1.35700000E-03  2.34600000E-05  2.34600000E-05  5.75400000E-04  5.75400000E-04  0.00000000E+00  0.00000000E+00  0.00000000E+00  0.00000000E+00  0.00000000E+00  0.00000000E+00  0.00000000E+00  0.00000000E+00  0.00000000E+00  0.00000000E+00
-1.94954992E+01  8.73800000E-02  8.73700000E-02  1.89900000E-03  1.89900000E-03  3.42800000E-05  3.42800000E-05  7.84100000E-04  7.84100000E-04  0.00000000E+00  0.00000000E+00  0.00000000E+00  0.00000000E+00  0.00000000E+00  0.00000000E+00  0.00000000E+00  0.00000000E+00  0.00000000E+00  0.00000000E+00
-1.94764992E+01  9.99600000E-02  9.99600000E-02  2.42600000E-03  2.42600000E-03  4.47900000E-05  4.47900000E-05  9.47700000E-04  9.47700000E-04  0.00000000E+00  0.00000000E+00  0.00000000E+00  0.00000000E+00  0.00000000E+00  0.00000000E+00  0.00000000E+00  0.00000000E+00  0.00000000E+00  0.00000000E+00
-1.94564992E+01  1.01400000E-01  1.01400000E-01  2.66600000E-03  2.66600000E-03  4.96100000E-05  4.96100000E-05  9.73600000E-04  9.73600000E-04  0.00000000E+00  0.00000000E+00  0.00000000E+00  0.00000000E+00  0.00000000E+00  0.00000000E+00  0.00000000E+00  0.00000000E+00  0.00000000E+00  0.00000000E+00
-1.94374992E+01  8.62500000E-02  8.62500000E-02  2.39600000E-03  2.39600000E-03  4.46600000E-05  4.46600000E-05  8.23800000E-04  8.23800000E-04  0.00000000E+00  0.00000000E+00  0.00000000E+00  0.00000000E+00  0.00000000E+00  0.00000000E+00  0.00000000E+00  0.00000000E+00  0.00000000E+00  0.00000000E+00
-1.94184992E+01  5.91900000E-02  5.91900000E-02  1.71000000E-03  1.71000000E-03  3.18300000E-05  3.18300000E-05  5.62100000E-04  5.62100000E-04  0.00000000E+00  0.00000000E+00  0.00000000E+00  0.00000000E+00  0.00000000E+00  0.00000000E+00  0.00000000E+00  0.00000000E+00  0.00000000E+00  0.00000000E+00
-1.93994992E+01  3.22400000E-02  3.22400000E-02  9.59100000E-04  9.59100000E-04  1.78200000E-05  1.78200000E-05  3.08500000E-04  3.08500000E-04  0.00000000E+00  0.00000000E+00  0.00000000E+00  0.00000000E+00  0.00000000E+00  0.00000000E+00  0.00000000E+00  0.00000000E+00  0.00000000E+00  0.00000000E+00
-1.93794992E+01  1.48900000E-02  1.48900000E-02  4.58400000E-04  4.58400000E-04  8.49300000E-06  8.49300000E-06  1.56700000E-04  1.56700000E-04  0.00000000E+00  0.00000000E+00  0.00000000E+00  0.00000000E+00  0.00000000E+00  0.00000000E+00  0.00000000E+00  0.00000000E+00  0.00000000E+00  0.00000000E+00
-1.93604992E+01  9.71400000E-03  9.71400000E-03  3.24500000E-04  3.24500000E-04  6.01700000E-06  6.01700000E-06  1.56400000E-04  1.56400000E-04  0.00000000E+00  0.00000000E+00  0.00000000E+00  0.00000000E+00  0.00000000E+00  0.00000000E+00  0.00000000E+00  0.00000000E+00  0.00000000E+00  0.00000000E+00
-1.93414992E+01  1.58800000E-02  1.58800000E-02  5.66500000E-04  5.66500000E-04  1.06800000E-05  1.06800000E-05  3.60100000E-04  3.60100000E-04  0.00000000E+00  0.00000000E+00  0.00000000E+00  0.00000000E+00  0.00000000E+00  0.00000000E+00  0.00000000E+00  0.00000000E+00  0.00000000E+00  0.00000000E+00
-1.93214992E+01  3.20500000E-02  3.20500000E-02  1.17200000E-03  1.17200000E-03  2.25900000E-05  2.25900000E-05  8.31500000E-04  8.31500000E-04  0.00000000E+00  0.00000000E+00  0.00000000E+00  0.00000000E+00  0.00000000E+00  0.00000000E+00  0.00000000E+00  0.00000000E+00  0.00000000E+00  0.00000000E+00
-1.93024992E+01  5.48100000E-02  5.48100000E-02  2.05100000E-03  2.05100000E-03  4.05700000E-05  4.05700000E-05  1.54800000E-03  1.54800000E-03  0.00000000E+00  0.00000000E+00  0.00000000E+00  0.00000000E+00  0.00000000E+00  0.00000000E+00  0.00000000E+00  0.00000000E+00  0.00000000E+00  0.00000000E+00
-1.92834992E+01  7.77100000E-02  7.77100000E-02  3.00300000E-03  3.00300000E-03  6.13600000E-05  6.13600000E-05  2.32000000E-03  2.32000000E-03  0.00000000E+00  0.00000000E+00  0.00000000E+00  0.00000000E+00  0.00000000E+00  0.00000000E+00  0.00000000E+00  0.00000000E+00  0.00000000E+00  0.00000000E+00
-1.92634992E+01  9.47400000E-02  9.47400000E-02  3.82400000E-03  3.82400000E-03  8.12400000E-05  8.12500000E-05  2.89700000E-03  2.89700000E-03  0.00000000E+00  0.00000000E+00  0.00000000E+00  0.00000000E+00  0.00000000E+00  0.00000000E+00  0.00000000E+00  0.00000000E+00  0.00000000E+00  0.00000000E+00
-1.92444992E+01  1.03100000E-01  1.03100000E-01  4.37300000E-03  4.37300000E-03  9.65600000E-05  9.65700000E-05  3.18500000E-03  3.18500000E-03  0.00000000E+00  0.00000000E+00  0.00000000E+00  0.00000000E+00  0.00000000E+00  0.00000000E+00  0.00000000E+00  0.00000000E+00  0.00000000E+00  0.00000000E+00
-1.92254992E+01  1.01000000E-01  1.01000000E-01  4.46700000E-03  4.46700000E-03  1.01700000E-04  1.01700000E-04  3.28300000E-03  3.28300000E-03  0.00000000E+00  0.00000000E+00  0.00000000E+00  0.00000000E+00  0.00000000E+00  0.00000000E+00  0.00000000E+00  0.00000000E+00  0.00000000E+00  0.00000000E+00
-1.92064992E+01  8.69000000E-02  8.69000000E-02  3.94900000E-03  3.94900000E-03  9.18900000E-05  9.19000000E-05  3.29700000E-03  3.29700000E-03  0.00000000E+00  0.00000000E+00  0.00000000E+00  0.00000000E+00  0.00000000E+00  0.00000000E+00  0.00000000E+00  0.00000000E+00  0.00000000E+00  0.00000000E+00
-1.91864992E+01  6.42600000E-02  6.42600000E-02  2.96800000E-03  2.96800000E-03  7.02300000E-05  7.02300000E-05  3.21000000E-03  3.21000000E-03  0.00000000E+00  0.00000000E+00  0.00000000E+00  0.00000000E+00  0.00000000E+00  0.00000000E+00  0.00000000E+00  0.00000000E+00  0.00000000E+00  0.00000000E+00
-1.91674992E+01  4.25100000E-02  4.25100000E-02  1.99300000E-03  1.99300000E-03  4.80400000E-05  4.80500000E-05  2.91400000E-03  2.91400000E-03  0.00000000E+00  0.00000000E+00  0.00000000E+00  0.00000000E+00  0.00000000E+00  0.00000000E+00  0.00000000E+00  0.00000000E+00  0.00000000E+00  0.00000000E+00
-1.91484992E+01  2.93200000E-02  2.93200000E-02  1.41100000E-03  1.41100000E-03  3.46800000E-05  3.46800000E-05  2.36600000E-03  2.36600000E-03  0.00000000E+00  0.00000000E+00  0.00000000E+00  0.00000000E+00  0.00000000E+00  0.00000000E+00  0.00000000E+00  0.00000000E+00  0.00000000E+00  0.00000000E+00
-1.91284992E+01  2.45100000E-02  2.45100000E-02  1.21800000E-03  1.21800000E-03  3.01300000E-05  3.01300000E-05  1.68300000E-03  1.68300000E-03  0.00000000E+00  0.00000000E+00  0.00000000E+00  0.00000000E+00  0.00000000E+00  0.00000000E+00  0.00000000E+00  0.00000000E+00  0.00000000E+00  0.00000000E+00
-1.91094992E+01  2.23600000E-02  2.23600000E-02  1.13100000E-03  1.13000000E-03  2.77400000E-05  2.77400000E-05  1.07500000E-03  1.07500000E-03  0.00000000E+00  0.00000000E+00  0.00000000E+00  0.00000000E+00  0.00000000E+00  0.00000000E+00  0.00000000E+00  0.00000000E+00  0.00000000E+00  0.00000000E+00
-1.90904992E+01  1.83300000E-02  1.83300000E-02  9.23500000E-04  9.23500000E-04  2.22900000E-05  2.22900000E-05  7.35800000E-04  7.35800000E-04  0.00000000E+00  0.00000000E+00  0.00000000E+00  0.00000000E+00  0.00000000E+00  0.00000000E+00  0.00000000E+00  0.00000000E+00  0.00000000E+00  0.00000000E+00
-1.90714992E+01  1.27100000E-02  1.27100000E-02  6.18600000E-04  6.18600000E-04  1.43700000E-05  1.43800000E-05  7.49700000E-04  7.49700000E-04  0.00000000E+00  0.00000000E+00  0.00000000E+00  0.00000000E+00  0.00000000E+00  0.00000000E+00  0.00000000E+00  0.00000000E+00  0.00000000E+00  0.00000000E+00
-1.90514992E+01  8.27500000E-03  8.27500000E-03  3.66600000E-04  3.66600000E-04  7.74800000E-06  7.74800000E-06  1.02200000E-03  1.02200000E-03  0.00000000E+00  0.00000000E+00  0.00000000E+00  0.00000000E+00  0.00000000E+00  0.00000000E+00  0.00000000E+00  0.00000000E+00  0.00000000E+00  0.00000000E+00
-1.90324992E+01  6.54100000E-03  6.54100000E-03  2.60400000E-04  2.60400000E-04  4.90000000E-06  4.90000000E-06  1.31500000E-03  1.31500000E-03  0.00000000E+00  0.00000000E+00  0.00000000E+00  0.00000000E+00  0.00000000E+00  0.00000000E+00  0.00000000E+00  0.00000000E+00  0.00000000E+00  0.00000000E+00
-1.90134992E+01  7.52900000E-03  7.52900000E-03  3.08500000E-04  3.08500000E-04  6.22700000E-06  6.22700000E-06  1.46100000E-03  1.46100000E-03  0.00000000E+00  0.00000000E+00  0.00000000E+00  0.00000000E+00  0.00000000E+00  0.00000000E+00  0.00000000E+00  0.00000000E+00  0.00000000E+00  0.00000000E+00
-1.89934992E+01  1.13000000E-02  1.13000000E-02  4.95600000E-04  4.95600000E-04  1.11700000E-05  1.11700000E-05  1.54100000E-03  1.54100000E-03  0.00000000E+00  0.00000000E+00  0.00000000E+00  0.00000000E+00  0.00000000E+00  0.00000000E+00  0.00000000E+00  0.00000000E+00  0.00000000E+00  0.00000000E+00
-1.89744992E+01  1.79200000E-02  1.79200000E-02  7.79200000E-04  7.79200000E-04  1.81100000E-05  1.81100000E-05  1.74700000E-03  1.74700000E-03  0.00000000E+00  0.00000000E+00  0.00000000E+00  0.00000000E+00  0.00000000E+00  0.00000000E+00  0.00000000E+00  0.00000000E+00  0.00000000E+00  0.00000000E+00
-1.89554992E+01  2.62600000E-02  2.62600000E-02  1.06900000E-03  1.06900000E-03  2.42700000E-05  2.42700000E-05  2.10100000E-03  2.10100000E-03  0.00000000E+00  0.00000000E+00  0.00000000E+00  0.00000000E+00  0.00000000E+00  0.00000000E+00  0.00000000E+00  0.00000000E+00  0.00000000E+00  0.00000000E+00
-1.89354992E+01  3.39800000E-02  3.39800000E-02  1.27600000E-03  1.27600000E-03  2.74900000E-05  2.74800000E-05  2.41200000E-03  2.41200000E-03  0.00000000E+00  0.00000000E+00  0.00000000E+00  0.00000000E+00  0.00000000E+00  0.00000000E+00  0.00000000E+00  0.00000000E+00  0.00000000E+00  0.00000000E+00
-1.89164992E+01  3.85200000E-02  3.85200000E-02  1.35000000E-03  1.35000000E-03  2.75800000E-05  2.75800000E-05  2.48100000E-03  2.48100000E-03  0.00000000E+00  0.00000000E+00  0.00000000E+00  0.00000000E+00  0.00000000E+00  0.00000000E+00  0.00000000E+00  0.00000000E+00  0.00000000E+00  0.00000000E+00
-1.88974992E+01  3.83700000E-02  3.83700000E-02  1.27400000E-03  1.27400000E-03  2.54300000E-05  2.54300000E-05  2.28100000E-03  2.28100000E-03  0.00000000E+00  0.00000000E+00  0.00000000E+00  0.00000000E+00  0.00000000E+00  0.00000000E+00  0.00000000E+00  0.00000000E+00  0.00000000E+00  0.00000000E+00
-1.88784992E+01  3.47100000E-02  3.47100000E-02  1.08100000E-03  1.08100000E-03  2.23600000E-05  2.23600000E-05  1.97000000E-03  1.97000000E-03  0.00000000E+00  0.00000000E+00  0.00000000E+00  0.00000000E+00  0.00000000E+00  0.00000000E+00  0.00000000E+00  0.00000000E+00  0.00000000E+00  0.00000000E+00
-1.88584992E+01  3.10200000E-02  3.10200000E-02  8.86300000E-04  8.86300000E-04  2.04200000E-05  2.04200000E-05  1.74900000E-03  1.74900000E-03  0.00000000E+00  0.00000000E+00  0.00000000E+00  0.00000000E+00  0.00000000E+00  0.00000000E+00  0.00000000E+00  0.00000000E+00  0.00000000E+00  0.00000000E+00
-1.88394992E+01  2.97700000E-02  2.97700000E-02  8.05300000E-04  8.05300000E-04  2.10200000E-05  2.10200000E-05  1.70600000E-03  1.70600000E-03  0.00000000E+00  0.00000000E+00  0.00000000E+00  0.00000000E+00  0.00000000E+00  0.00000000E+00  0.00000000E+00  0.00000000E+00  0.00000000E+00  0.00000000E+00
-1.88204992E+01  2.97500000E-02  2.97500000E-02  8.15100000E-04  8.15100000E-04  2.27900000E-05  2.27900000E-05  1.77300000E-03  1.77300000E-03  0.00000000E+00  0.00000000E+00  0.00000000E+00  0.00000000E+00  0.00000000E+00  0.00000000E+00  0.00000000E+00  0.00000000E+00  0.00000000E+00  0.00000000E+00
-1.88004992E+01  2.81400000E-02  2.81400000E-02  7.93800000E-04  7.93800000E-04  2.27300000E-05  2.27300000E-05  1.80900000E-03  1.80900000E-03  0.00000000E+00  0.00000000E+00  0.00000000E+00  0.00000000E+00  0.00000000E+00  0.00000000E+00  0.00000000E+00  0.00000000E+00  0.00000000E+00  0.00000000E+00
-1.87814992E+01  2.40800000E-02  2.40800000E-02  6.76400000E-04  6.76400000E-04  1.96500000E-05  1.96500000E-05  1.69400000E-03  1.69400000E-03  0.00000000E+00  0.00000000E+00  0.00000000E+00  0.00000000E+00  0.00000000E+00  0.00000000E+00  0.00000000E+00  0.00000000E+00  0.00000000E+00  0.00000000E+00
-1.87624992E+01  1.89900000E-02  1.89900000E-02  5.10200000E-04  5.10200000E-04  1.50500000E-05  1.50500000E-05  1.39600000E-03  1.39600000E-03  0.00000000E+00  0.00000000E+00  0.00000000E+00  0.00000000E+00  0.00000000E+00  0.00000000E+00  0.00000000E+00  0.00000000E+00  0.00000000E+00  0.00000000E+00
-1.87434992E+01  1.47200000E-02  1.47200000E-02  3.84600000E-04  3.84600000E-04  1.13900000E-05  1.13900000E-05  9.95700000E-04  9.95700000E-04  0.00000000E+00  0.00000000E+00  0.00000000E+00  0.00000000E+00  0.00000000E+00  0.00000000E+00  0.00000000E+00  0.00000000E+00  0.00000000E+00  0.00000000E+00
-1.87234992E+01  1.28700000E-02  1.28700000E-02  3.67300000E-04  3.67300000E-04  1.06100000E-05  1.06100000E-05  6.34100000E-04  6.34200000E-04  0.00000000E+00  0.00000000E+00  0.00000000E+00  0.00000000E+00  0.00000000E+00  0.00000000E+00  0.00000000E+00  0.00000000E+00  0.00000000E+00  0.00000000E+00
-1.87044992E+01  1.42500000E-02  1.42500000E-02  4.71900000E-04  4.71900000E-04  1.32000000E-05  1.32000000E-05  4.15100000E-04  4.15100000E-04  0.00000000E+00  0.00000000E+00  0.00000000E+00  0.00000000E+00  0.00000000E+00  0.00000000E+00  0.00000000E+00  0.00000000E+00  0.00000000E+00  0.00000000E+00
-1.86854992E+01  1.75400000E-02  1.75400000E-02  6.33500000E-04  6.33500000E-04  1.74400000E-05  1.74500000E-05  3.29700000E-04  3.29800000E-04  0.00000000E+00  0.00000000E+00  0.00000000E+00  0.00000000E+00  0.00000000E+00  0.00000000E+00  0.00000000E+00  0.00000000E+00  0.00000000E+00  0.00000000E+00
-1.86654992E+01  2.01300000E-02  2.01300000E-02  7.55100000E-04  7.55100000E-04  2.06700000E-05  2.06700000E-05  2.92700000E-04  2.92700000E-04  0.00000000E+00  0.00000000E+00  0.00000000E+00  0.00000000E+00  0.00000000E+00  0.00000000E+00  0.00000000E+00  0.00000000E+00  0.00000000E+00  0.00000000E+00
-1.86464992E+01  2.13200000E-02  2.13200000E-02  8.15600000E-04  8.15600000E-04  2.22300000E-05  2.22300000E-05  2.47600000E-04  2.47600000E-04  0.00000000E+00  0.00000000E+00  0.00000000E+00  0.00000000E+00  0.00000000E+00  0.00000000E+00  0.00000000E+00  0.00000000E+00  0.00000000E+00  0.00000000E+00
-1.86274992E+01  2.32000000E-02  2.32000000E-02  8.85800000E-04  8.85800000E-04  2.40400000E-05  2.40400000E-05  2.18000000E-04  2.18000000E-04  0.00000000E+00  0.00000000E+00  0.00000000E+00  0.00000000E+00  0.00000000E+00  0.00000000E+00  0.00000000E+00  0.00000000E+00  0.00000000E+00  0.00000000E+00
-1.86074992E+01  2.75100000E-02  2.75100000E-02  1.01500000E-03  1.01500000E-03  2.74400000E-05  2.74400000E-05  2.62100000E-04  2.62100000E-04  0.00000000E+00  0.00000000E+00  0.00000000E+00  0.00000000E+00  0.00000000E+00  0.00000000E+00  0.00000000E+00  0.00000000E+00  0.00000000E+00  0.00000000E+00
-1.85884992E+01  3.28200000E-02  3.28200000E-02  1.14700000E-03  1.14700000E-03  3.09700000E-05  3.09700000E-05  4.10300000E-04  4.10300000E-04  0.00000000E+00  0.00000000E+00  0.00000000E+00  0.00000000E+00  0.00000000E+00  0.00000000E+00  0.00000000E+00  0.00000000E+00  0.00000000E+00  0.00000000E+00
-1.85694992E+01  3.57500000E-02  3.57500000E-02  1.17500000E-03  1.17500000E-03  3.18800000E-05  3.18800000E-05  6.63000000E-04  6.63000000E-04  0.00000000E+00  0.00000000E+00  0.00000000E+00  0.00000000E+00  0.00000000E+00  0.00000000E+00  0.00000000E+00  0.00000000E+00  0.00000000E+00  0.00000000E+00
-1.85504992E+01  3.50200000E-02  3.50200000E-02  1.05400000E-03  1.05400000E-03  2.95600000E-05  2.95600000E-05  1.03600000E-03  1.03600000E-03  0.00000000E+00  0.00000000E+00  0.00000000E+00  0.00000000E+00  0.00000000E+00  0.00000000E+00  0.00000000E+00  0.00000000E+00  0.00000000E+00  0.00000000E+00
-1.85304992E+01  3.36500000E-02  3.36500000E-02  8.53700000E-04  8.53700000E-04  2.71900000E-05  2.71900000E-05  1.59900000E-03  1.59900000E-03  0.00000000E+00  0.00000000E+00  0.00000000E+00  0.00000000E+00  0.00000000E+00  0.00000000E+00  0.00000000E+00  0.00000000E+00  0.00000000E+00  0.00000000E+00
-1.85114992E+01  3.61200000E-02  3.61200000E-02  6.82100000E-04  6.82100000E-04  2.91600000E-05  2.91600000E-05  2.48800000E-03  2.48800000E-03  0.00000000E+00  0.00000000E+00  0.00000000E+00  0.00000000E+00  0.00000000E+00  0.00000000E+00  0.00000000E+00  0.00000000E+00  0.00000000E+00  0.00000000E+00
-1.84924992E+01  4.32900000E-02  4.32900000E-02  5.91200000E-04  5.91200000E-04  3.65600000E-05  3.65600000E-05  3.83600000E-03  3.83600000E-03  0.00000000E+00  0.00000000E+00  0.00000000E+00  0.00000000E+00  0.00000000E+00  0.00000000E+00  0.00000000E+00  0.00000000E+00  0.00000000E+00  0.00000000E+00
-1.84724992E+01  5.12700000E-02  5.12700000E-02  5.62100000E-04  5.62100000E-04  4.54900000E-05  4.54900000E-05  5.57000000E-03  5.57000000E-03  0.00000000E+00  0.00000000E+00  0.00000000E+00  0.00000000E+00  0.00000000E+00  0.00000000E+00  0.00000000E+00  0.00000000E+00  0.00000000E+00  0.00000000E+00
-1.84534992E+01  5.52200000E-02  5.52200000E-02  5.56100000E-04  5.56100000E-04  5.03100000E-05  5.03100000E-05  7.31100000E-03  7.31100000E-03  0.00000000E+00  0.00000000E+00  0.00000000E+00  0.00000000E+00  0.00000000E+00  0.00000000E+00  0.00000000E+00  0.00000000E+00  0.00000000E+00  0.00000000E+00
-1.84344992E+01  5.34400000E-02  5.34400000E-02  5.47200000E-04  5.47200000E-04  4.85500000E-05  4.85500000E-05  8.65200000E-03  8.65200000E-03  0.00000000E+00  0.00000000E+00  0.00000000E+00  0.00000000E+00  0.00000000E+00  0.00000000E+00  0.00000000E+00  0.00000000E+00  0.00000000E+00  0.00000000E+00
-1.84144992E+01  4.71600000E-02  4.71600000E-02  5.20000000E-04  5.20000000E-04  4.19400000E-05  4.19400000E-05  9.44200000E-03  9.44200000E-03  0.00000000E+00  0.00000000E+00  0.00000000E+00  0.00000000E+00  0.00000000E+00  0.00000000E+00  0.00000000E+00  0.00000000E+00  0.00000000E+00  0.00000000E+00
-1.83954992E+01  3.83900000E-02  3.83900000E-02  4.66600000E-04  4.66600000E-04  3.35400000E-05  3.35400000E-05  9.64900000E-03  9.65000000E-03  0.00000000E+00  0.00000000E+00  0.00000000E+00  0.00000000E+00  0.00000000E+00  0.00000000E+00  0.00000000E+00  0.00000000E+00  0.00000000E+00  0.00000000E+00
-1.83764992E+01  2.96000000E-02  2.96000000E-02  4.06400000E-04  4.06400000E-04  2.53700000E-05  2.53700000E-05  9.33800000E-03  9.33800000E-03  0.00000000E+00  0.00000000E+00  0.00000000E+00  0.00000000E+00  0.00000000E+00  0.00000000E+00  0.00000000E+00  0.00000000E+00  0.00000000E+00  0.00000000E+00
-1.83574992E+01  2.46300000E-02  2.46300000E-02  4.02500000E-04  4.02500000E-04  1.90300000E-05  1.90300000E-05  9.18600000E-03  9.18600000E-03  0.00000000E+00  0.00000000E+00  0.00000000E+00  0.00000000E+00  0.00000000E+00  0.00000000E+00  0.00000000E+00  0.00000000E+00  0.00000000E+00  0.00000000E+00
-1.83374992E+01  2.71900000E-02  2.71900000E-02  5.22300000E-04  5.22300000E-04  1.64900000E-05  1.64900000E-05  1.03400000E-02  1.03400000E-02  0.00000000E+00  0.00000000E+00  0.00000000E+00  0.00000000E+00  0.00000000E+00  0.00000000E+00  0.00000000E+00  0.00000000E+00  0.00000000E+00  0.00000000E+00
-1.83184992E+01  3.71000000E-02  3.71000000E-02  7.54600000E-04  7.54600000E-04  1.84600000E-05  1.84600000E-05  1.28100000E-02  1.28100000E-02  0.00000000E+00  0.00000000E+00  0.00000000E+00  0.00000000E+00  0.00000000E+00  0.00000000E+00  0.00000000E+00  0.00000000E+00  0.00000000E+00  0.00000000E+00
-1.82994992E+01  4.86500000E-02  4.86500000E-02  9.78300000E-04  9.78300000E-04  2.28000000E-05  2.28100000E-05  1.46300000E-02  1.46300000E-02  0.00000000E+00  0.00000000E+00  0.00000000E+00  0.00000000E+00  0.00000000E+00  0.00000000E+00  0.00000000E+00  0.00000000E+00  0.00000000E+00  0.00000000E+00
-1.82794992E+01  5.42100000E-02  5.42100000E-02  1.05200000E-03  1.05200000E-03  2.56400000E-05  2.56400000E-05  1.37200000E-02  1.37200000E-02  0.00000000E+00  0.00000000E+00  0.00000000E+00  0.00000000E+00  0.00000000E+00  0.00000000E+00  0.00000000E+00  0.00000000E+00  0.00000000E+00  0.00000000E+00
-1.82604992E+01  5.00200000E-02  5.00200000E-02  9.36800000E-04  9.36800000E-04  2.43900000E-05  2.43900000E-05  1.02100000E-02  1.02100000E-02  0.00000000E+00  0.00000000E+00  0.00000000E+00  0.00000000E+00  0.00000000E+00  0.00000000E+00  0.00000000E+00  0.00000000E+00  0.00000000E+00  0.00000000E+00
-1.82414992E+01  3.89100000E-02  3.89100000E-02  7.30000000E-04  7.30000000E-04  1.96900000E-05  1.96900000E-05  6.12300000E-03  6.12300000E-03  0.00000000E+00  0.00000000E+00  0.00000000E+00  0.00000000E+00  0.00000000E+00  0.00000000E+00  0.00000000E+00  0.00000000E+00  0.00000000E+00  0.00000000E+00
-1.82224992E+01  2.80600000E-02  2.80600000E-02  5.79100000E-04  5.79100000E-04  1.46500000E-05  1.46400000E-05  3.21800000E-03  3.21800000E-03  0.00000000E+00  0.00000000E+00  0.00000000E+00  0.00000000E+00  0.00000000E+00  0.00000000E+00  0.00000000E+00  0.00000000E+00  0.00000000E+00  0.00000000E+00
-1.82024992E+01  2.36100000E-02  2.36100000E-02  5.70600000E-04  5.70600000E-04  1.18300000E-05  1.18200000E-05  1.95900000E-03  1.95900000E-03  0.00000000E+00  0.00000000E+00  0.00000000E+00  0.00000000E+00  0.00000000E+00  0.00000000E+00  0.00000000E+00  0.00000000E+00  0.00000000E+00  0.00000000E+00
-1.81834992E+01  2.67100000E-02  2.67100000E-02  6.81100000E-04  6.81100000E-04  1.13000000E-05  1.13000000E-05  1.93900000E-03  1.93900000E-03  0.00000000E+00  0.00000000E+00  0.00000000E+00  0.00000000E+00  0.00000000E+00  0.00000000E+00  0.00000000E+00  0.00000000E+00  0.00000000E+00  0.00000000E+00
-1.81644992E+01  3.43200000E-02  3.43200000E-02  8.28900000E-04  8.28900000E-04  1.17300000E-05  1.17300000E-05  2.54900000E-03  2.54900000E-03  0.00000000E+00  0.00000000E+00  0.00000000E+00  0.00000000E+00  0.00000000E+00  0.00000000E+00  0.00000000E+00  0.00000000E+00  0.00000000E+00  0.00000000E+00
-1.81444992E+01  4.22300000E-02  4.22300000E-02  9.47500000E-04  9.47500000E-04  1.26600000E-05  1.26600000E-05  3.23500000E-03  3.23500000E-03  0.00000000E+00  0.00000000E+00  0.00000000E+00  0.00000000E+00  0.00000000E+00  0.00000000E+00  0.00000000E+00  0.00000000E+00  0.00000000E+00  0.00000000E+00
-1.81254992E+01  4.76700000E-02  4.76700000E-02  1.01500000E-03  1.01500000E-03  1.49900000E-05  1.49900000E-05  3.65800000E-03  3.65800000E-03  0.00000000E+00  0.00000000E+00  0.00000000E+00  0.00000000E+00  0.00000000E+00  0.00000000E+00  0.00000000E+00  0.00000000E+00  0.00000000E+00  0.00000000E+00
-1.81064992E+01  5.08600000E-02  5.08600000E-02  1.06600000E-03  1.06600000E-03  1.96900000E-05  1.96900000E-05  3.96800000E-03  3.96800000E-03  0.00000000E+00  0.00000000E+00  0.00000000E+00  0.00000000E+00  0.00000000E+00  0.00000000E+00  0.00000000E+00  0.00000000E+00  0.00000000E+00  0.00000000E+00
-1.80864992E+01  5.40500000E-02  5.40500000E-02  1.15800000E-03  1.15800000E-03  2.61900000E-05  2.61900000E-05  4.73200000E-03  4.73200000E-03  0.00000000E+00  0.00000000E+00  0.00000000E+00  0.00000000E+00  0.00000000E+00  0.00000000E+00  0.00000000E+00  0.00000000E+00  0.00000000E+00  0.00000000E+00
-1.80674992E+01  5.79200000E-02  5.79200000E-02  1.30700000E-03  1.30700000E-03  3.23300000E-05  3.23300000E-05  6.30200000E-03  6.30200000E-03  0.00000000E+00  0.00000000E+00  0.00000000E+00  0.00000000E+00  0.00000000E+00  0.00000000E+00  0.00000000E+00  0.00000000E+00  0.00000000E+00  0.00000000E+00
-1.80484992E+01  6.11200000E-02  6.11200000E-02  1.46300000E-03  1.46300000E-03  3.64400000E-05  3.64400000E-05  8.29200000E-03  8.29200000E-03  0.00000000E+00  0.00000000E+00  0.00000000E+00  0.00000000E+00  0.00000000E+00  0.00000000E+00  0.00000000E+00  0.00000000E+00  0.00000000E+00  0.00000000E+00
-1.80294992E+01  6.33300000E-02  6.33300000E-02  1.59000000E-03  1.59000000E-03  3.88900000E-05  3.88900000E-05  9.82700000E-03  9.82700000E-03  0.00000000E+00  0.00000000E+00  0.00000000E+00  0.00000000E+00  0.00000000E+00  0.00000000E+00  0.00000000E+00  0.00000000E+00  0.00000000E+00  0.00000000E+00
-1.80094992E+01  6.52900000E-02  6.52900000E-02  1.68700000E-03  1.68700000E-03  4.05200000E-05  4.05200000E-05  1.02200000E-02  1.02200000E-02  0.00000000E+00  0.00000000E+00  0.00000000E+00  0.00000000E+00  0.00000000E+00  0.00000000E+00  0.00000000E+00  0.00000000E+00  0.00000000E+00  0.00000000E+00
-1.79904992E+01  6.53000000E-02  6.53000000E-02  1.71400000E-03  1.71400000E-03  4.02600000E-05  4.02600000E-05  9.29800000E-03  9.29800000E-03  0.00000000E+00  0.00000000E+00  0.00000000E+00  0.00000000E+00  0.00000000E+00  0.00000000E+00  0.00000000E+00  0.00000000E+00  0.00000000E+00  0.00000000E+00
-1.79714992E+01  5.96800000E-02  5.96800000E-02  1.59200000E-03  1.59200000E-03  3.62300000E-05  3.62300000E-05  7.39400000E-03  7.39400000E-03  0.00000000E+00  0.00000000E+00  0.00000000E+00  0.00000000E+00  0.00000000E+00  0.00000000E+00  0.00000000E+00  0.00000000E+00  0.00000000E+00  0.00000000E+00
-1.79514992E+01  4.82200000E-02  4.82200000E-02  1.33900000E-03  1.33900000E-03  2.93500000E-05  2.93500000E-05  5.29600000E-03  5.29600000E-03  0.00000000E+00  0.00000000E+00  0.00000000E+00  0.00000000E+00  0.00000000E+00  0.00000000E+00  0.00000000E+00  0.00000000E+00  0.00000000E+00  0.00000000E+00
-1.79324992E+01  3.57900000E-02  3.57900000E-02  1.10000000E-03  1.10000000E-03  2.36500000E-05  2.36500000E-05  4.03400000E-03  4.03400000E-03  0.00000000E+00  0.00000000E+00  0.00000000E+00  0.00000000E+00  0.00000000E+00  0.00000000E+00  0.00000000E+00  0.00000000E+00  0.00000000E+00  0.00000000E+00
-1.79134992E+01  2.74500000E-02  2.74500000E-02  9.92600000E-04  9.92600000E-04  2.21800000E-05  2.21800000E-05  4.24800000E-03  4.24800000E-03  0.00000000E+00  0.00000000E+00  0.00000000E+00  0.00000000E+00  0.00000000E+00  0.00000000E+00  0.00000000E+00  0.00000000E+00  0.00000000E+00  0.00000000E+00
-1.78944992E+01  2.42300000E-02  2.42300000E-02  9.80500000E-04  9.80500000E-04  2.40300000E-05  2.40300000E-05  5.79500000E-03  5.79500000E-03  0.00000000E+00  0.00000000E+00  0.00000000E+00  0.00000000E+00  0.00000000E+00  0.00000000E+00  0.00000000E+00  0.00000000E+00  0.00000000E+00  0.00000000E+00
-1.78744992E+01  2.40200000E-02  2.40200000E-02  9.41600000E-04  9.41600000E-04  2.60700000E-05  2.60700000E-05  8.02200000E-03  8.02200000E-03  0.00000000E+00  0.00000000E+00  0.00000000E+00  0.00000000E+00  0.00000000E+00  0.00000000E+00  0.00000000E+00  0.00000000E+00  0.00000000E+00  0.00000000E+00
-1.78554992E+01  2.42400000E-02  2.42400000E-02  8.17300000E-04  8.17300000E-04  2.60500000E-05  2.60500000E-05  1.01600000E-02  1.01600000E-02  0.00000000E+00  0.00000000E+00  0.00000000E+00  0.00000000E+00  0.00000000E+00  0.00000000E+00  0.00000000E+00  0.00000000E+00  0.00000000E+00  0.00000000E+00
-1.78364992E+01  2.29900000E-02  2.29900000E-02  6.39900000E-04  6.39900000E-04  2.33600000E-05  2.33600000E-05  1.13300000E-02  1.13300000E-02  0.00000000E+00  0.00000000E+00  0.00000000E+00  0.00000000E+00  0.00000000E+00  0.00000000E+00  0.00000000E+00  0.00000000E+00  0.00000000E+00  0.00000000E+00
-1.78164992E+01  1.96900000E-02  1.96900000E-02  4.66000000E-04  4.66000000E-04  1.85200000E-05  1.85200000E-05  1.07800000E-02  1.07800000E-02  0.00000000E+00  0.00000000E+00  0.00000000E+00  0.00000000E+00  0.00000000E+00  0.00000000E+00  0.00000000E+00  0.00000000E+00  0.00000000E+00  0.00000000E+00
-1.77974992E+01  1.58800000E-02  1.58800000E-02  3.40200000E-04  3.40200000E-04  1.32800000E-05  1.32800000E-05  8.53800000E-03  8.53800000E-03  0.00000000E+00  0.00000000E+00  0.00000000E+00  0.00000000E+00  0.00000000E+00  0.00000000E+00  0.00000000E+00  0.00000000E+00  0.00000000E+00  0.00000000E+00
-1.77784992E+01  1.40500000E-02  1.40500000E-02  2.94100000E-04  2.94100000E-04  9.78100000E-06  9.78100000E-06  5.72600000E-03  5.72600000E-03  0.00000000E+00  0.00000000E+00  0.00000000E+00  0.00000000E+00  0.00000000E+00  0.00000000E+00  0.00000000E+00  0.00000000E+00  0.00000000E+00  0.00000000E+00
-1.77584992E+01  1.56000000E-02  1.56000000E-02  3.41300000E-04  3.41300000E-04  9.04500000E-06  9.04400000E-06  3.74800000E-03  3.74800000E-03  0.00000000E+00  0.00000000E+00  0.00000000E+00  0.00000000E+00  0.00000000E+00  0.00000000E+00  0.00000000E+00  0.00000000E+00  0.00000000E+00  0.00000000E+00
-1.77394992E+01  2.06800000E-02  2.06800000E-02  4.87300000E-04  4.87300000E-04  1.11200000E-05  1.11200000E-05  3.37500000E-03  3.37500000E-03  0.00000000E+00  0.00000000E+00  0.00000000E+00  0.00000000E+00  0.00000000E+00  0.00000000E+00  0.00000000E+00  0.00000000E+00  0.00000000E+00  0.00000000E+00
-1.77204992E+01  2.90800000E-02  2.90800000E-02  7.36100000E-04  7.36100000E-04  1.60900000E-05  1.60900000E-05  4.49900000E-03  4.49900000E-03  0.00000000E+00  0.00000000E+00  0.00000000E+00  0.00000000E+00  0.00000000E+00  0.00000000E+00  0.00000000E+00  0.00000000E+00  0.00000000E+00  0.00000000E+00
-1.77014992E+01  3.97800000E-02  3.97800000E-02  1.05800000E-03  1.05800000E-03  2.33600000E-05  2.33600000E-05  6.44000000E-03  6.44000000E-03  0.00000000E+00  0.00000000E+00  0.00000000E+00  0.00000000E+00  0.00000000E+00  0.00000000E+00  0.00000000E+00  0.00000000E+00  0.00000000E+00  0.00000000E+00
-1.76814992E+01  5.02900000E-02  5.02900000E-02  1.36700000E-03  1.36700000E-03  3.03000000E-05  3.03000000E-05  8.51200000E-03  8.51200000E-03  0.00000000E+00  0.00000000E+00  0.00000000E+00  0.00000000E+00  0.00000000E+00  0.00000000E+00  0.00000000E+00  0.00000000E+00  0.00000000E+00  0.00000000E+00
-1.76624992E+01  5.74300000E-02  5.74300000E-02  1.56000000E-03  1.56000000E-03  3.33500000E-05  3.33500000E-05  1.05100000E-02  1.05100000E-02  0.00000000E+00  0.00000000E+00  0.00000000E+00  0.00000000E+00  0.00000000E+00  0.00000000E+00  0.00000000E+00  0.00000000E+00  0.00000000E+00  0.00000000E+00
-1.76434992E+01  5.83900000E-02  5.83900000E-02  1.57000000E-03  1.57000000E-03  3.10000000E-05  3.10000000E-05  1.24300000E-02  1.24300000E-02  0.00000000E+00  0.00000000E+00  0.00000000E+00  0.00000000E+00  0.00000000E+00  0.00000000E+00  0.00000000E+00  0.00000000E+00  0.00000000E+00  0.00000000E+00
-1.76234992E+01  5.20500000E-02  5.20500000E-02  1.39700000E-03  1.39700000E-03  2.50500000E-05  2.50500000E-05  1.37900000E-02  1.37900000E-02  0.00000000E+00  0.00000000E+00  0.00000000E+00  0.00000000E+00  0.00000000E+00  0.00000000E+00  0.00000000E+00  0.00000000E+00  0.00000000E+00  0.00000000E+00
-1.76044992E+01  4.08200000E-02  4.08200000E-02  1.12400000E-03  1.12400000E-03  1.92800000E-05  1.92800000E-05  1.37800000E-02  1.37800000E-02  0.00000000E+00  0.00000000E+00  0.00000000E+00  0.00000000E+00  0.00000000E+00  0.00000000E+00  0.00000000E+00  0.00000000E+00  0.00000000E+00  0.00000000E+00
-1.75854992E+01  3.03600000E-02  3.03600000E-02  9.02400000E-04  9.02400000E-04  1.75800000E-05  1.75800000E-05  1.25700000E-02  1.25700000E-02  0.00000000E+00  0.00000000E+00  0.00000000E+00  0.00000000E+00  0.00000000E+00  0.00000000E+00  0.00000000E+00  0.00000000E+00  0.00000000E+00  0.00000000E+00
-1.75664992E+01  2.59300000E-02  2.59300000E-02  8.47500000E-04  8.47500000E-04  2.19600000E-05  2.19600000E-05  1.13900000E-02  1.13900000E-02  0.00000000E+00  0.00000000E+00  0.00000000E+00  0.00000000E+00  0.00000000E+00  0.00000000E+00  0.00000000E+00  0.00000000E+00  0.00000000E+00  0.00000000E+00
-1.75464992E+01  2.80700000E-02  2.80700000E-02  9.26000000E-04  9.26000000E-04  3.03700000E-05  3.03700000E-05  1.10100000E-02  1.10100000E-02  0.00000000E+00  0.00000000E+00  0.00000000E+00  0.00000000E+00  0.00000000E+00  0.00000000E+00  0.00000000E+00  0.00000000E+00  0.00000000E+00  0.00000000E+00
-1.75274992E+01  3.20400000E-02  3.20400000E-02  9.76600000E-04  9.76600000E-04  3.68700000E-05  3.68700000E-05  1.07800000E-02  1.07800000E-02  0.00000000E+00  0.00000000E+00  0.00000000E+00  0.00000000E+00  0.00000000E+00  0.00000000E+00  0.00000000E+00  0.00000000E+00  0.00000000E+00  0.00000000E+00
-1.75084992E+01  3.20700000E-02  3.20700000E-02  8.72800000E-04  8.72800000E-04  3.60200000E-05  3.60200000E-05  9.80300000E-03  9.80300000E-03  0.00000000E+00  0.00000000E+00  0.00000000E+00  0.00000000E+00  0.00000000E+00  0.00000000E+00  0.00000000E+00  0.00000000E+00  0.00000000E+00  0.00000000E+00
-1.74884992E+01  2.63100000E-02  2.63100000E-02  6.38300000E-04  6.38300000E-04  2.77800000E-05  2.77800000E-05  8.05000000E-03  8.05000000E-03  0.00000000E+00  0.00000000E+00  0.00000000E+00  0.00000000E+00  0.00000000E+00  0.00000000E+00  0.00000000E+00  0.00000000E+00  0.00000000E+00  0.00000000E+00
-1.74694992E+01  1.75100000E-02  1.75100000E-02  3.88200000E-04  3.88200000E-04  1.70300000E-05  1.70300000E-05  6.01200000E-03  6.01200000E-03  0.00000000E+00  0.00000000E+00  0.00000000E+00  0.00000000E+00  0.00000000E+00  0.00000000E+00  0.00000000E+00  0.00000000E+00  0.00000000E+00  0.00000000E+00
-1.74504992E+01  9.61700000E-03  9.61700000E-03  2.10900000E-04  2.10900000E-04  8.75500000E-06  8.75500000E-06  4.15600000E-03  4.15600000E-03  0.00000000E+00  0.00000000E+00  0.00000000E+00  0.00000000E+00  0.00000000E+00  0.00000000E+00  0.00000000E+00  0.00000000E+00  0.00000000E+00  0.00000000E+00
-1.74304992E+01  4.82100000E-03  4.82100000E-03  1.33600000E-04  1.33600000E-04  4.99700000E-06  4.99700000E-06  3.02500000E-03  3.02500000E-03  0.00000000E+00  0.00000000E+00  0.00000000E+00  0.00000000E+00  0.00000000E+00  0.00000000E+00  0.00000000E+00  0.00000000E+00  0.00000000E+00  0.00000000E+00
-1.74114992E+01  3.19500000E-03  3.19500000E-03  1.48800000E-04  1.48800000E-04  5.38900000E-06  5.38900000E-06  3.14600000E-03  3.14600000E-03  0.00000000E+00  0.00000000E+00  0.00000000E+00  0.00000000E+00  0.00000000E+00  0.00000000E+00  0.00000000E+00  0.00000000E+00  0.00000000E+00  0.00000000E+00
-1.73924992E+01  3.61500000E-03  3.61500000E-03  2.23500000E-04  2.23500000E-04  8.26700000E-06  8.26600000E-06  4.39700000E-03  4.39700000E-03  0.00000000E+00  0.00000000E+00  0.00000000E+00  0.00000000E+00  0.00000000E+00  0.00000000E+00  0.00000000E+00  0.00000000E+00  0.00000000E+00  0.00000000E+00
-1.73734992E+01  4.60400000E-03  4.60400000E-03  2.96200000E-04  2.96200000E-04  1.10800000E-05  1.10800000E-05  5.71300000E-03  5.71300000E-03  0.00000000E+00  0.00000000E+00  0.00000000E+00  0.00000000E+00  0.00000000E+00  0.00000000E+00  0.00000000E+00  0.00000000E+00  0.00000000E+00  0.00000000E+00
-1.73534992E+01  5.31100000E-03  5.31100000E-03  3.11900000E-04  3.11900000E-04  1.16700000E-05  1.16700000E-05  5.87000000E-03  5.87000000E-03  0.00000000E+00  0.00000000E+00  0.00000000E+00  0.00000000E+00  0.00000000E+00  0.00000000E+00  0.00000000E+00  0.00000000E+00  0.00000000E+00  0.00000000E+00
-1.73344992E+01  6.60900000E-03  6.60900000E-03  2.81500000E-04  2.81500000E-04  1.03400000E-05  1.03400000E-05  4.71600000E-03  4.71600000E-03  0.00000000E+00  0.00000000E+00  0.00000000E+00  0.00000000E+00  0.00000000E+00  0.00000000E+00  0.00000000E+00  0.00000000E+00  0.00000000E+00  0.00000000E+00
-1.73154992E+01  1.09500000E-02  1.09500000E-02  2.83400000E-04  2.83400000E-04  9.91600000E-06  9.91600000E-06  3.32600000E-03  3.32600000E-03  0.00000000E+00  0.00000000E+00  0.00000000E+00  0.00000000E+00  0.00000000E+00  0.00000000E+00  0.00000000E+00  0.00000000E+00  0.00000000E+00  0.00000000E+00
-1.72954992E+01  2.01100000E-02  2.01100000E-02  3.84900000E-04  3.84900000E-04  1.30800000E-05  1.30800000E-05  2.90000000E-03  2.90000000E-03  0.00000000E+00  0.00000000E+00  0.00000000E+00  0.00000000E+00  0.00000000E+00  0.00000000E+00  0.00000000E+00  0.00000000E+00  0.00000000E+00  0.00000000E+00
-1.72764992E+01  3.25700000E-02  3.25700000E-02  5.71100000E-04  5.71100000E-04  2.00700000E-05  2.00700000E-05  3.89500000E-03  3.89500000E-03  0.00000000E+00  0.00000000E+00  0.00000000E+00  0.00000000E+00  0.00000000E+00  0.00000000E+00  0.00000000E+00  0.00000000E+00  0.00000000E+00  0.00000000E+00
-1.72574992E+01  4.41200000E-02  4.41200000E-02  7.66400000E-04  7.66400000E-04  2.95700000E-05  2.95600000E-05  6.14500000E-03  6.14500000E-03  0.00000000E+00  0.00000000E+00  0.00000000E+00  0.00000000E+00  0.00000000E+00  0.00000000E+00  0.00000000E+00  0.00000000E+00  0.00000000E+00  0.00000000E+00
-1.72374992E+01  5.12700000E-02  5.12700000E-02  9.12300000E-04  9.12300000E-04  4.07500000E-05  4.07500000E-05  9.20700000E-03  9.20700000E-03  0.00000000E+00  0.00000000E+00  0.00000000E+00  0.00000000E+00  0.00000000E+00  0.00000000E+00  0.00000000E+00  0.00000000E+00  0.00000000E+00  0.00000000E+00
-1.72184992E+01  5.26300000E-02  5.26300000E-02  9.89900000E-04  9.89900000E-04  5.25600000E-05  5.25600000E-05  1.22900000E-02  1.22900000E-02  0.00000000E+00  0.00000000E+00  0.00000000E+00  0.00000000E+00  0.00000000E+00  0.00000000E+00  0.00000000E+00  0.00000000E+00  0.00000000E+00  0.00000000E+00
-1.71994992E+01  4.78300000E-02  4.78300000E-02  9.88400000E-04  9.88400000E-04  6.12100000E-05  6.12100000E-05  1.43600000E-02  1.43600000E-02  0.00000000E+00  0.00000000E+00  0.00000000E+00  0.00000000E+00  0.00000000E+00  0.00000000E+00  0.00000000E+00  0.00000000E+00  0.00000000E+00  0.00000000E+00
-1.71804992E+01  3.83700000E-02  3.83700000E-02  9.30500000E-04  9.30600000E-04  6.25100000E-05  6.25100000E-05  1.52000000E-02  1.52000000E-02  0.00000000E+00  0.00000000E+00  0.00000000E+00  0.00000000E+00  0.00000000E+00  0.00000000E+00  0.00000000E+00  0.00000000E+00  0.00000000E+00  0.00000000E+00
-1.71604992E+01  2.91700000E-02  2.91700000E-02  9.15600000E-04  9.15600000E-04  5.76400000E-05  5.76400000E-05  1.60900000E-02  1.60900000E-02  0.00000000E+00  0.00000000E+00  0.00000000E+00  0.00000000E+00  0.00000000E+00  0.00000000E+00  0.00000000E+00  0.00000000E+00  0.00000000E+00  0.00000000E+00
-1.71414992E+01  2.52100000E-02  2.52100000E-02  1.03100000E-03  1.03100000E-03  5.26300000E-05  5.26300000E-05  1.83900000E-02  1.83900000E-02  0.00000000E+00  0.00000000E+00  0.00000000E+00  0.00000000E+00  0.00000000E+00  0.00000000E+00  0.00000000E+00  0.00000000E+00  0.00000000E+00  0.00000000E+00
-1.71224992E+01  2.63300000E-02  2.63300000E-02  1.20600000E-03  1.20600000E-03  5.06600000E-05  5.06600000E-05  2.10200000E-02  2.10200000E-02  0.00000000E+00  0.00000000E+00  0.00000000E+00  0.00000000E+00  0.00000000E+00  0.00000000E+00  0.00000000E+00  0.00000000E+00  0.00000000E+00  0.00000000E+00
-1.71024992E+01  2.74600000E-02  2.74600000E-02  1.24400000E-03  1.24400000E-03  4.93000000E-05  4.93000000E-05  2.09000000E-02  2.09000000E-02  0.00000000E+00  0.00000000E+00  0.00000000E+00  0.00000000E+00  0.00000000E+00  0.00000000E+00  0.00000000E+00  0.00000000E+00  0.00000000E+00  0.00000000E+00
-1.70834992E+01  2.46100000E-02  2.46100000E-02  1.05500000E-03  1.05500000E-03  4.69600000E-05  4.69600000E-05  1.66900000E-02  1.66900000E-02  0.00000000E+00  0.00000000E+00  0.00000000E+00  0.00000000E+00  0.00000000E+00  0.00000000E+00  0.00000000E+00  0.00000000E+00  0.00000000E+00  0.00000000E+00
-1.70644992E+01  1.88500000E-02  1.88500000E-02  7.61500000E-04  7.61500000E-04  4.70500000E-05  4.70500000E-05  1.07300000E-02  1.07300000E-02  0.00000000E+00  0.00000000E+00  0.00000000E+00  0.00000000E+00  0.00000000E+00  0.00000000E+00  0.00000000E+00  0.00000000E+00  0.00000000E+00  0.00000000E+00
-1.70454992E+01  1.39900000E-02  1.39900000E-02  5.59600000E-04  5.59600000E-04  5.37600000E-05  5.37600000E-05  6.62300000E-03  6.62300000E-03  0.00000000E+00  0.00000000E+00  0.00000000E+00  0.00000000E+00  0.00000000E+00  0.00000000E+00  0.00000000E+00  0.00000000E+00  0.00000000E+00  0.00000000E+00
-1.70254992E+01  1.23300000E-02  1.23300000E-02  5.37600000E-04  5.37600000E-04  6.65100000E-05  6.65100000E-05  6.29200000E-03  6.29200000E-03  0.00000000E+00  0.00000000E+00  0.00000000E+00  0.00000000E+00  0.00000000E+00  0.00000000E+00  0.00000000E+00  0.00000000E+00  0.00000000E+00  0.00000000E+00
-1.70064992E+01  1.37200000E-02  1.37200000E-02  6.56000000E-04  6.56000000E-04  7.96200000E-05  7.96200000E-05  9.49000000E-03  9.49000000E-03  0.00000000E+00  0.00000000E+00  0.00000000E+00  0.00000000E+00  0.00000000E+00  0.00000000E+00  0.00000000E+00  0.00000000E+00  0.00000000E+00  0.00000000E+00
-1.69874992E+01  1.66200000E-02  1.66200000E-02  8.15700000E-04  8.15700000E-04  8.58700000E-05  8.58700000E-05  1.43400000E-02  1.43400000E-02  0.00000000E+00  0.00000000E+00  0.00000000E+00  0.00000000E+00  0.00000000E+00  0.00000000E+00  0.00000000E+00  0.00000000E+00  0.00000000E+00  0.00000000E+00
-1.69674992E+01  1.88600000E-02  1.88600000E-02  9.06100000E-04  9.06100000E-04  8.06200000E-05  8.06200000E-05  1.78700000E-02  1.78700000E-02  0.00000000E+00  0.00000000E+00  0.00000000E+00  0.00000000E+00  0.00000000E+00  0.00000000E+00  0.00000000E+00  0.00000000E+00  0.00000000E+00  0.00000000E+00
-1.69484992E+01  1.84800000E-02  1.84800000E-02  8.46900000E-04  8.46900000E-04  6.47100000E-05  6.47100000E-05  1.76600000E-02  1.76600000E-02  0.00000000E+00  0.00000000E+00  0.00000000E+00  0.00000000E+00  0.00000000E+00  0.00000000E+00  0.00000000E+00  0.00000000E+00  0.00000000E+00  0.00000000E+00
-1.69294992E+01  1.54800000E-02  1.54800000E-02  6.56300000E-04  6.56300000E-04  4.53900000E-05  4.53900000E-05  1.41700000E-02  1.41700000E-02  0.00000000E+00  0.00000000E+00  0.00000000E+00  0.00000000E+00  0.00000000E+00  0.00000000E+00  0.00000000E+00  0.00000000E+00  0.00000000E+00  0.00000000E+00
-1.69094992E+01  1.26000000E-02  1.26000000E-02  4.64300000E-04  4.64300000E-04  3.44100000E-05  3.44100000E-05  1.06600000E-02  1.06600000E-02  0.00000000E+00  0.00000000E+00  0.00000000E+00  0.00000000E+00  0.00000000E+00  0.00000000E+00  0.00000000E+00  0.00000000E+00  0.00000000E+00  0.00000000E+00
-1.68904992E+01  1.37200000E-02  1.37200000E-02  4.21700000E-04  4.21800000E-04  4.30900000E-05  4.30900000E-05  1.02600000E-02  1.02600000E-02  0.00000000E+00  0.00000000E+00  0.00000000E+00  0.00000000E+00  0.00000000E+00  0.00000000E+00  0.00000000E+00  0.00000000E+00  0.00000000E+00  0.00000000E+00
-1.68714992E+01  2.08400000E-02  2.08400000E-02  5.86400000E-04  5.86400000E-04  7.55600000E-05  7.55600000E-05  1.35600000E-02  1.35600000E-02  0.00000000E+00  0.00000000E+00  0.00000000E+00  0.00000000E+00  0.00000000E+00  0.00000000E+00  0.00000000E+00  0.00000000E+00  0.00000000E+00  0.00000000E+00
-1.68524992E+01  3.16300000E-02  3.16300000E-02  8.76500000E-04  8.76500000E-04  1.22000000E-04  1.22000000E-04  1.83700000E-02  1.83700000E-02  0.00000000E+00  0.00000000E+00  0.00000000E+00  0.00000000E+00  0.00000000E+00  0.00000000E+00  0.00000000E+00  0.00000000E+00  0.00000000E+00  0.00000000E+00
-1.68324992E+01  4.00700000E-02  4.00700000E-02  1.11900000E-03  1.11900000E-03  1.59300000E-04  1.59300000E-04  2.14800000E-02  2.14800000E-02  0.00000000E+00  0.00000000E+00  0.00000000E+00  0.00000000E+00  0.00000000E+00  0.00000000E+00  0.00000000E+00  0.00000000E+00  0.00000000E+00  0.00000000E+00
-1.68134992E+01  4.11000000E-02  4.11000000E-02  1.18500000E-03  1.18500000E-03  1.66100000E-04  1.66100000E-04  2.14300000E-02  2.14300000E-02  0.00000000E+00  0.00000000E+00  0.00000000E+00  0.00000000E+00  0.00000000E+00  0.00000000E+00  0.00000000E+00  0.00000000E+00  0.00000000E+00  0.00000000E+00
-1.67944992E+01  3.50800000E-02  3.50800000E-02  1.10000000E-03  1.10000000E-03  1.40800000E-04  1.40800000E-04  1.96300000E-02  1.96300000E-02  0.00000000E+00  0.00000000E+00  0.00000000E+00  0.00000000E+00  0.00000000E+00  0.00000000E+00  0.00000000E+00  0.00000000E+00  0.00000000E+00  0.00000000E+00
-1.67744992E+01  2.70500000E-02  2.70500000E-02  1.00600000E-03  1.00600000E-03  1.02200000E-04  1.02200000E-04  1.84200000E-02  1.84200000E-02  0.00000000E+00  0.00000000E+00  0.00000000E+00  0.00000000E+00  0.00000000E+00  0.00000000E+00  0.00000000E+00  0.00000000E+00  0.00000000E+00  0.00000000E+00
-1.67554992E+01  2.22800000E-02  2.22800000E-02  1.01900000E-03  1.01900000E-03  7.25200000E-05  7.25200000E-05  1.83800000E-02  1.83800000E-02  0.00000000E+00  0.00000000E+00  0.00000000E+00  0.00000000E+00  0.00000000E+00  0.00000000E+00  0.00000000E+00  0.00000000E+00  0.00000000E+00  0.00000000E+00
-1.67364992E+01  2.32500000E-02  2.32500000E-02  1.17200000E-03  1.17200000E-03  6.24100000E-05  6.24100000E-05  1.88900000E-02  1.88900000E-02  0.00000000E+00  0.00000000E+00  0.00000000E+00  0.00000000E+00  0.00000000E+00  0.00000000E+00  0.00000000E+00  0.00000000E+00  0.00000000E+00  0.00000000E+00
-1.67174992E+01  2.94500000E-02  2.94500000E-02  1.42600000E-03  1.42600000E-03  6.73000000E-05  6.73000000E-05  2.00800000E-02  2.00800000E-02  0.00000000E+00  0.00000000E+00  0.00000000E+00  0.00000000E+00  0.00000000E+00  0.00000000E+00  0.00000000E+00  0.00000000E+00  0.00000000E+00  0.00000000E+00
-1.66974992E+01  3.84300000E-02  3.84300000E-02  1.69800000E-03  1.69800000E-03  7.55100000E-05  7.55100000E-05  2.25800000E-02  2.25800000E-02  0.00000000E+00  0.00000000E+00  0.00000000E+00  0.00000000E+00  0.00000000E+00  0.00000000E+00  0.00000000E+00  0.00000000E+00  0.00000000E+00  0.00000000E+00
-1.66784992E+01  4.67700000E-02  4.67700000E-02  1.87500000E-03  1.87500000E-03  7.84600000E-05  7.84600000E-05  2.57100000E-02  2.57100000E-02  0.00000000E+00  0.00000000E+00  0.00000000E+00  0.00000000E+00  0.00000000E+00  0.00000000E+00  0.00000000E+00  0.00000000E+00  0.00000000E+00  0.00000000E+00
-1.66594992E+01  5.18000000E-02  5.18000000E-02  1.88100000E-03  1.88100000E-03  7.55000000E-05  7.55000000E-05  2.74600000E-02  2.74600000E-02  0.00000000E+00  0.00000000E+00  0.00000000E+00  0.00000000E+00  0.00000000E+00  0.00000000E+00  0.00000000E+00  0.00000000E+00  0.00000000E+00  0.00000000E+00
-1.66394992E+01  5.36300000E-02  5.36300000E-02  1.73400000E-03  1.73400000E-03  7.13500000E-05  7.13500000E-05  2.66200000E-02  2.66200000E-02  0.00000000E+00  0.00000000E+00  0.00000000E+00  0.00000000E+00  0.00000000E+00  0.00000000E+00  0.00000000E+00  0.00000000E+00  0.00000000E+00  0.00000000E+00
-1.66204992E+01  5.45000000E-02  5.45000000E-02  1.52800000E-03  1.52800000E-03  6.99800000E-05  6.99800000E-05  2.40100000E-02  2.40100000E-02  0.00000000E+00  0.00000000E+00  0.00000000E+00  0.00000000E+00  0.00000000E+00  0.00000000E+00  0.00000000E+00  0.00000000E+00  0.00000000E+00  0.00000000E+00
-1.66014992E+01  5.45900000E-02  5.45900000E-02  1.32200000E-03  1.32200000E-03  7.13000000E-05  7.13000000E-05  2.08200000E-02  2.08200000E-02  0.00000000E+00  0.00000000E+00  0.00000000E+00  0.00000000E+00  0.00000000E+00  0.00000000E+00  0.00000000E+00  0.00000000E+00  0.00000000E+00  0.00000000E+00
-1.65814992E+01  5.09300000E-02  5.09300000E-02  1.12300000E-03  1.12300000E-03  7.51500000E-05  7.51500000E-05  1.72600000E-02  1.72600000E-02  0.00000000E+00  0.00000000E+00  0.00000000E+00  0.00000000E+00  0.00000000E+00  0.00000000E+00  0.00000000E+00  0.00000000E+00  0.00000000E+00  0.00000000E+00
-1.65624992E+01  4.25700000E-02  4.25700000E-02  9.63400000E-04  9.63400000E-04  8.66900000E-05  8.66900000E-05  1.33700000E-02  1.33700000E-02  0.00000000E+00  0.00000000E+00  0.00000000E+00  0.00000000E+00  0.00000000E+00  0.00000000E+00  0.00000000E+00  0.00000000E+00  0.00000000E+00  0.00000000E+00
-1.65434992E+01  3.30400000E-02  3.30400000E-02  8.99800000E-04  8.99800000E-04  1.10400000E-04  1.10400000E-04  9.78400000E-03  9.78400000E-03  0.00000000E+00  0.00000000E+00  0.00000000E+00  0.00000000E+00  0.00000000E+00  0.00000000E+00  0.00000000E+00  0.00000000E+00  0.00000000E+00  0.00000000E+00
-1.65244992E+01  2.58900000E-02  2.58900000E-02  9.23600000E-04  9.23600000E-04  1.37800000E-04  1.37800000E-04  7.02300000E-03  7.02300000E-03  0.00000000E+00  0.00000000E+00  0.00000000E+00  0.00000000E+00  0.00000000E+00  0.00000000E+00  0.00000000E+00  0.00000000E+00  0.00000000E+00  0.00000000E+00
-1.65044992E+01  2.08100000E-02  2.08100000E-02  9.37800000E-04  9.37700000E-04  1.49200000E-04  1.49200000E-04  5.00200000E-03  5.00200000E-03  0.00000000E+00  0.00000000E+00  0.00000000E+00  0.00000000E+00  0.00000000E+00  0.00000000E+00  0.00000000E+00  0.00000000E+00  0.00000000E+00  0.00000000E+00
-1.64854992E+01  1.58700000E-02  1.58700000E-02  8.41700000E-04  8.41700000E-04  1.32300000E-04  1.32300000E-04  3.39600000E-03  3.39600000E-03  0.00000000E+00  0.00000000E+00  0.00000000E+00  0.00000000E+00  0.00000000E+00  0.00000000E+00  0.00000000E+00  0.00000000E+00  0.00000000E+00  0.00000000E+00
-1.64664992E+01  1.08600000E-02  1.08600000E-02  6.28300000E-04  6.28300000E-04  9.42300000E-05  9.42400000E-05  2.12300000E-03  2.12300000E-03  0.00000000E+00  0.00000000E+00  0.00000000E+00  0.00000000E+00  0.00000000E+00  0.00000000E+00  0.00000000E+00  0.00000000E+00  0.00000000E+00  0.00000000E+00
-1.64464992E+01  7.69300000E-03  7.69300000E-03  3.92600000E-04  3.92600000E-04  5.43000000E-05  5.43000000E-05  1.39000000E-03  1.39000000E-03  0.00000000E+00  0.00000000E+00  0.00000000E+00  0.00000000E+00  0.00000000E+00  0.00000000E+00  0.00000000E+00  0.00000000E+00  0.00000000E+00  0.00000000E+00
-1.64274992E+01  8.78900000E-03  8.78900000E-03  2.57000000E-04  2.57000000E-04  2.83200000E-05  2.83200000E-05  1.57300000E-03  1.57300000E-03  0.00000000E+00  0.00000000E+00  0.00000000E+00  0.00000000E+00  0.00000000E+00  0.00000000E+00  0.00000000E+00  0.00000000E+00  0.00000000E+00  0.00000000E+00
-1.64084992E+01  1.56700000E-02  1.56700000E-02  3.04500000E-04  3.04500000E-04  2.19700000E-05  2.19700000E-05  3.21700000E-03  3.21700000E-03  0.00000000E+00  0.00000000E+00  0.00000000E+00  0.00000000E+00  0.00000000E+00  0.00000000E+00  0.00000000E+00  0.00000000E+00  0.00000000E+00  0.00000000E+00
-1.63894992E+01  2.78100000E-02  2.78100000E-02  5.68800000E-04  5.68800000E-04  3.40700000E-05  3.40600000E-05  7.12300000E-03  7.12300000E-03  0.00000000E+00  0.00000000E+00  0.00000000E+00  0.00000000E+00  0.00000000E+00  0.00000000E+00  0.00000000E+00  0.00000000E+00  0.00000000E+00  0.00000000E+00
-1.63694992E+01  4.18900000E-02  4.18900000E-02  1.03400000E-03  1.03400000E-03  6.00600000E-05  6.00600000E-05  1.40800000E-02  1.40800000E-02  0.00000000E+00  0.00000000E+00  0.00000000E+00  0.00000000E+00  0.00000000E+00  0.00000000E+00  0.00000000E+00  0.00000000E+00  0.00000000E+00  0.00000000E+00
-1.63504992E+01  5.25000000E-02  5.25000000E-02  1.60500000E-03  1.60500000E-03  9.09100000E-05  9.09100000E-05  2.37100000E-02  2.37100000E-02  0.00000000E+00  0.00000000E+00  0.00000000E+00  0.00000000E+00  0.00000000E+00  0.00000000E+00  0.00000000E+00  0.00000000E+00  0.00000000E+00  0.00000000E+00
-1.63314992E+01  5.49300000E-02  5.49300000E-02  2.09300000E-03  2.09300000E-03  1.13100000E-04  1.13100000E-04  3.30000000E-02  3.30000000E-02  0.00000000E+00  0.00000000E+00  0.00000000E+00  0.00000000E+00  0.00000000E+00  0.00000000E+00  0.00000000E+00  0.00000000E+00  0.00000000E+00  0.00000000E+00
-1.63114992E+01  4.84000000E-02  4.84000000E-02  2.30500000E-03  2.30500000E-03  1.16100000E-04  1.16100000E-04  3.72300000E-02  3.72300000E-02  0.00000000E+00  0.00000000E+00  0.00000000E+00  0.00000000E+00  0.00000000E+00  0.00000000E+00  0.00000000E+00  0.00000000E+00  0.00000000E+00  0.00000000E+00
-1.62924992E+01  3.70000000E-02  3.70000000E-02  2.22700000E-03  2.22700000E-03  1.02300000E-04  1.02300000E-04  3.42300000E-02  3.42300000E-02  0.00000000E+00  0.00000000E+00  0.00000000E+00  0.00000000E+00  0.00000000E+00  0.00000000E+00  0.00000000E+00  0.00000000E+00  0.00000000E+00  0.00000000E+00
-1.62734992E+01  2.65900000E-02  2.65900000E-02  2.07400000E-03  2.07400000E-03  8.64700000E-05  8.64600000E-05  2.71000000E-02  2.71000000E-02  0.00000000E+00  0.00000000E+00  0.00000000E+00  0.00000000E+00  0.00000000E+00  0.00000000E+00  0.00000000E+00  0.00000000E+00  0.00000000E+00  0.00000000E+00
-1.62534992E+01  2.07800000E-02  2.07800000E-02  2.05500000E-03  2.05500000E-03  8.18500000E-05  8.18500000E-05  2.09500000E-02  2.09500000E-02  0.00000000E+00  0.00000000E+00  0.00000000E+00  0.00000000E+00  0.00000000E+00  0.00000000E+00  0.00000000E+00  0.00000000E+00  0.00000000E+00  0.00000000E+00
-1.62344992E+01  1.98700000E-02  1.98700000E-02  2.14700000E-03  2.14700000E-03  8.91700000E-05  8.91700000E-05  1.79000000E-02  1.79000000E-02  0.00000000E+00  0.00000000E+00  0.00000000E+00  0.00000000E+00  0.00000000E+00  0.00000000E+00  0.00000000E+00  0.00000000E+00  0.00000000E+00  0.00000000E+00
-1.62154992E+01  2.23800000E-02  2.23800000E-02  2.16500000E-03  2.16500000E-03  9.99300000E-05  9.99300000E-05  1.68600000E-02  1.68600000E-02  0.00000000E+00  0.00000000E+00  0.00000000E+00  0.00000000E+00  0.00000000E+00  0.00000000E+00  0.00000000E+00  0.00000000E+00  0.00000000E+00  0.00000000E+00
-1.61964992E+01  2.61200000E-02  2.61200000E-02  2.00800000E-03  2.00800000E-03  1.06500000E-04  1.06500000E-04  1.66600000E-02  1.66600000E-02  0.00000000E+00  0.00000000E+00  0.00000000E+00  0.00000000E+00  0.00000000E+00  0.00000000E+00  0.00000000E+00  0.00000000E+00  0.00000000E+00  0.00000000E+00
-1.61764992E+01  2.83600000E-02  2.83600000E-02  1.73200000E-03  1.73200000E-03  1.05300000E-04  1.05300000E-04  1.72100000E-02  1.72100000E-02  0.00000000E+00  0.00000000E+00  0.00000000E+00  0.00000000E+00  0.00000000E+00  0.00000000E+00  0.00000000E+00  0.00000000E+00  0.00000000E+00  0.00000000E+00
-1.61574992E+01  2.69400000E-02  2.69400000E-02  1.42700000E-03  1.42700000E-03  9.37000000E-05  9.37000000E-05  1.78400000E-02  1.78400000E-02  0.00000000E+00  0.00000000E+00  0.00000000E+00  0.00000000E+00  0.00000000E+00  0.00000000E+00  0.00000000E+00  0.00000000E+00  0.00000000E+00  0.00000000E+00
-1.61384992E+01  2.23600000E-02  2.23600000E-02  1.13000000E-03  1.13000000E-03  7.16200000E-05  7.16200000E-05  1.72400000E-02  1.72400000E-02  0.00000000E+00  0.00000000E+00  0.00000000E+00  0.00000000E+00  0.00000000E+00  0.00000000E+00  0.00000000E+00  0.00000000E+00  0.00000000E+00  0.00000000E+00
-1.61184992E+01  1.81400000E-02  1.81400000E-02  9.03300000E-04  9.03300000E-04  4.58300000E-05  4.58300000E-05  1.56300000E-02  1.56300000E-02  0.00000000E+00  0.00000000E+00  0.00000000E+00  0.00000000E+00  0.00000000E+00  0.00000000E+00  0.00000000E+00  0.00000000E+00  0.00000000E+00  0.00000000E+00
-1.60994992E+01  1.78700000E-02  1.78700000E-02  8.45000000E-04  8.45000000E-04  2.64100000E-05  2.64100000E-05  1.50800000E-02  1.50800000E-02  0.00000000E+00  0.00000000E+00  0.00000000E+00  0.00000000E+00  0.00000000E+00  0.00000000E+00  0.00000000E+00  0.00000000E+00  0.00000000E+00  0.00000000E+00
-1.60804992E+01  2.16700000E-02  2.16700000E-02  9.87300000E-04  9.87300000E-04  1.94700000E-05  1.94700000E-05  1.67200000E-02  1.67200000E-02  0.00000000E+00  0.00000000E+00  0.00000000E+00  0.00000000E+00  0.00000000E+00  0.00000000E+00  0.00000000E+00  0.00000000E+00  0.00000000E+00  0.00000000E+00
-1.60614992E+01  2.67900000E-02  2.67900000E-02  1.25000000E-03  1.25000000E-03  2.60900000E-05  2.60900000E-05  1.92200000E-02  1.92200000E-02  0.00000000E+00  0.00000000E+00  0.00000000E+00  0.00000000E+00  0.00000000E+00  0.00000000E+00  0.00000000E+00  0.00000000E+00  0.00000000E+00  0.00000000E+00
-1.60414992E+01  3.09400000E-02  3.09400000E-02  1.51900000E-03  1.51900000E-03  4.50300000E-05  4.50300000E-05  2.05900000E-02  2.05900000E-02  0.00000000E+00  0.00000000E+00  0.00000000E+00  0.00000000E+00  0.00000000E+00  0.00000000E+00  0.00000000E+00  0.00000000E+00  0.00000000E+00  0.00000000E+00
-1.60224992E+01  3.31200000E-02  3.31200000E-02  1.68500000E-03  1.68500000E-03  7.07200000E-05  7.07200000E-05  1.98700000E-02  1.98700000E-02  0.00000000E+00  0.00000000E+00  0.00000000E+00  0.00000000E+00  0.00000000E+00  0.00000000E+00  0.00000000E+00  0.00000000E+00  0.00000000E+00  0.00000000E+00
-1.60034992E+01  3.21200000E-02  3.21200000E-02  1.62700000E-03  1.62700000E-03  9.02500000E-05  9.02500000E-05  1.68900000E-02  1.68900000E-02  0.00000000E+00  0.00000000E+00  0.00000000E+00  0.00000000E+00  0.00000000E+00  0.00000000E+00  0.00000000E+00  0.00000000E+00  0.00000000E+00  0.00000000E+00
-1.59834992E+01  2.75600000E-02  2.75600000E-02  1.30900000E-03  1.30900000E-03  9.03100000E-05  9.03100000E-05  1.21800000E-02  1.21800000E-02  0.00000000E+00  0.00000000E+00  0.00000000E+00  0.00000000E+00  0.00000000E+00  0.00000000E+00  0.00000000E+00  0.00000000E+00  0.00000000E+00  0.00000000E+00
-1.59644992E+01  2.18700000E-02  2.18700000E-02  8.74800000E-04  8.74700000E-04  7.01600000E-05  7.01600000E-05  7.52400000E-03  7.52400000E-03  0.00000000E+00  0.00000000E+00  0.00000000E+00  0.00000000E+00  0.00000000E+00  0.00000000E+00  0.00000000E+00  0.00000000E+00  0.00000000E+00  0.00000000E+00
-1.59454992E+01  1.82600000E-02  1.82600000E-02  5.52200000E-04  5.52200000E-04  4.33900000E-05  4.33900000E-05  5.10000000E-03  5.10000000E-03  0.00000000E+00  0.00000000E+00  0.00000000E+00  0.00000000E+00  0.00000000E+00  0.00000000E+00  0.00000000E+00  0.00000000E+00  0.00000000E+00  0.00000000E+00
-1.59254992E+01  1.74100000E-02  1.74100000E-02  4.84900000E-04  4.84900000E-04  2.56400000E-05  2.56400000E-05  6.35100000E-03  6.35100000E-03  0.00000000E+00  0.00000000E+00  0.00000000E+00  0.00000000E+00  0.00000000E+00  0.00000000E+00  0.00000000E+00  0.00000000E+00  0.00000000E+00  0.00000000E+00
-1.59064992E+01  1.82900000E-02  1.82900000E-02  6.87400000E-04  6.87400000E-04  2.40100000E-05  2.40100000E-05  1.16500000E-02  1.16500000E-02  0.00000000E+00  0.00000000E+00  0.00000000E+00  0.00000000E+00  0.00000000E+00  0.00000000E+00  0.00000000E+00  0.00000000E+00  0.00000000E+00  0.00000000E+00
-1.58874992E+01  2.05000000E-02  2.05000000E-02  1.07100000E-03  1.07100000E-03  3.61100000E-05  3.61100000E-05  1.99600000E-02  1.99600000E-02  0.00000000E+00  0.00000000E+00  0.00000000E+00  0.00000000E+00  0.00000000E+00  0.00000000E+00  0.00000000E+00  0.00000000E+00  0.00000000E+00  0.00000000E+00
-1.58684992E+01  2.35700000E-02  2.35700000E-02  1.45400000E-03  1.45400000E-03  5.33700000E-05  5.33700000E-05  2.82200000E-02  2.82200000E-02  0.00000000E+00  0.00000000E+00  0.00000000E+00  0.00000000E+00  0.00000000E+00  0.00000000E+00  0.00000000E+00  0.00000000E+00  0.00000000E+00  0.00000000E+00
-1.58484992E+01  2.58400000E-02  2.58400000E-02  1.62200000E-03  1.62200000E-03  6.66700000E-05  6.66700000E-05  3.23100000E-02  3.23100000E-02  0.00000000E+00  0.00000000E+00  0.00000000E+00  0.00000000E+00  0.00000000E+00  0.00000000E+00  0.00000000E+00  0.00000000E+00  0.00000000E+00  0.00000000E+00
-1.58294992E+01  2.65800000E-02  2.65800000E-02  1.48800000E-03  1.48800000E-03  7.43700000E-05  7.43700000E-05  3.01400000E-02  3.01400000E-02  0.00000000E+00  0.00000000E+00  0.00000000E+00  0.00000000E+00  0.00000000E+00  0.00000000E+00  0.00000000E+00  0.00000000E+00  0.00000000E+00  0.00000000E+00
-1.58104992E+01  2.77400000E-02  2.77400000E-02  1.17300000E-03  1.17300000E-03  8.39900000E-05  8.39900000E-05  2.38500000E-02  2.38500000E-02  0.00000000E+00  0.00000000E+00  0.00000000E+00  0.00000000E+00  0.00000000E+00  0.00000000E+00  0.00000000E+00  0.00000000E+00  0.00000000E+00  0.00000000E+00
-1.57904992E+01  3.12600000E-02  3.12600000E-02  9.02600000E-04  9.02600000E-04  1.02400000E-04  1.02400000E-04  1.80400000E-02  1.80400000E-02  0.00000000E+00  0.00000000E+00  0.00000000E+00  0.00000000E+00  0.00000000E+00  0.00000000E+00  0.00000000E+00  0.00000000E+00  0.00000000E+00  0.00000000E+00
-1.57714992E+01  3.57200000E-02  3.57200000E-02  8.09700000E-04  8.09700000E-04  1.25500000E-04  1.25500000E-04  1.60300000E-02  1.60300000E-02  0.00000000E+00  0.00000000E+00  0.00000000E+00  0.00000000E+00  0.00000000E+00  0.00000000E+00  0.00000000E+00  0.00000000E+00  0.00000000E+00  0.00000000E+00
-1.57524992E+01  3.74900000E-02  3.74900000E-02  8.71000000E-04  8.71000000E-04  1.41400000E-04  1.41400000E-04  1.79100000E-02  1.79100000E-02  0.00000000E+00  0.00000000E+00  0.00000000E+00  0.00000000E+00  0.00000000E+00  0.00000000E+00  0.00000000E+00  0.00000000E+00  0.00000000E+00  0.00000000E+00
-1.57324992E+01  3.45700000E-02  3.45700000E-02  9.92700000E-04  9.92700000E-04  1.42300000E-04  1.42300000E-04  2.15800000E-02  2.15800000E-02  0.00000000E+00  0.00000000E+00  0.00000000E+00  0.00000000E+00  0.00000000E+00  0.00000000E+00  0.00000000E+00  0.00000000E+00  0.00000000E+00  0.00000000E+00
-1.57134992E+01  2.83100000E-02  2.83100000E-02  1.10900000E-03  1.10900000E-03  1.30900000E-04  1.30900000E-04  2.46600000E-02  2.46600000E-02  0.00000000E+00  0.00000000E+00  0.00000000E+00  0.00000000E+00  0.00000000E+00  0.00000000E+00  0.00000000E+00  0.00000000E+00  0.00000000E+00  0.00000000E+00
-1.56944992E+01  2.18900000E-02  2.18900000E-02  1.19000000E-03  1.19000000E-03  1.14200000E-04  1.14200000E-04  2.57100000E-02  2.57100000E-02  0.00000000E+00  0.00000000E+00  0.00000000E+00  0.00000000E+00  0.00000000E+00  0.00000000E+00  0.00000000E+00  0.00000000E+00  0.00000000E+00  0.00000000E+00
-1.56754992E+01  1.79800000E-02  1.79800000E-02  1.22900000E-03  1.22900000E-03  9.58700000E-05  9.58700000E-05  2.49700000E-02  2.49700000E-02  0.00000000E+00  0.00000000E+00  0.00000000E+00  0.00000000E+00  0.00000000E+00  0.00000000E+00  0.00000000E+00  0.00000000E+00  0.00000000E+00  0.00000000E+00
-1.56554992E+01  1.71500000E-02  1.71500000E-02  1.23800000E-03  1.23800000E-03  7.76500000E-05  7.76500000E-05  2.38000000E-02  2.38000000E-02  0.00000000E+00  0.00000000E+00  0.00000000E+00  0.00000000E+00  0.00000000E+00  0.00000000E+00  0.00000000E+00  0.00000000E+00  0.00000000E+00  0.00000000E+00
-1.56364992E+01  1.75700000E-02  1.75700000E-02  1.21100000E-03  1.21100000E-03  6.17500000E-05  6.17600000E-05  2.25000000E-02  2.25000000E-02  0.00000000E+00  0.00000000E+00  0.00000000E+00  0.00000000E+00  0.00000000E+00  0.00000000E+00  0.00000000E+00  0.00000000E+00  0.00000000E+00  0.00000000E+00
-1.56174992E+01  1.65300000E-02  1.65300000E-02  1.11000000E-03  1.11000000E-03  5.02500000E-05  5.02500000E-05  1.96700000E-02  1.96700000E-02  0.00000000E+00  0.00000000E+00  0.00000000E+00  0.00000000E+00  0.00000000E+00  0.00000000E+00  0.00000000E+00  0.00000000E+00  0.00000000E+00  0.00000000E+00
-1.55974992E+01  1.31800000E-02  1.31800000E-02  9.52200000E-04  9.52200000E-04  4.54700000E-05  4.54700000E-05  1.46800000E-02  1.46800000E-02  0.00000000E+00  0.00000000E+00  0.00000000E+00  0.00000000E+00  0.00000000E+00  0.00000000E+00  0.00000000E+00  0.00000000E+00  0.00000000E+00  0.00000000E+00
-1.55784992E+01  9.22000000E-03  9.22000000E-03  8.40100000E-04  8.40100000E-04  4.95200000E-05  4.95200000E-05  9.23400000E-03  9.23400000E-03  0.00000000E+00  0.00000000E+00  0.00000000E+00  0.00000000E+00  0.00000000E+00  0.00000000E+00  0.00000000E+00  0.00000000E+00  0.00000000E+00  0.00000000E+00
-1.55594992E+01  6.48700000E-03  6.48700000E-03  8.19800000E-04  8.19800000E-04  5.85500000E-05  5.85500000E-05  5.41100000E-03  5.41100000E-03  0.00000000E+00  0.00000000E+00  0.00000000E+00  0.00000000E+00  0.00000000E+00  0.00000000E+00  0.00000000E+00  0.00000000E+00  0.00000000E+00  0.00000000E+00
-1.55404992E+01  5.08300000E-03  5.08300000E-03  8.05200000E-04  8.05200000E-04  6.22500000E-05  6.22500000E-05  3.77600000E-03  3.77600000E-03  0.00000000E+00  0.00000000E+00  0.00000000E+00  0.00000000E+00  0.00000000E+00  0.00000000E+00  0.00000000E+00  0.00000000E+00  0.00000000E+00  0.00000000E+00
-1.55204992E+01  4.40400000E-03  4.40400000E-03  7.30400000E-04  7.30300000E-04  5.52300000E-05  5.52300000E-05  4.22200000E-03  4.22200000E-03  0.00000000E+00  0.00000000E+00  0.00000000E+00  0.00000000E+00  0.00000000E+00  0.00000000E+00  0.00000000E+00  0.00000000E+00  0.00000000E+00  0.00000000E+00
-1.55014992E+01  4.71000000E-03  4.71000000E-03  6.89300000E-04  6.89200000E-04  4.55100000E-05  4.55100000E-05  7.49400000E-03  7.49400000E-03  0.00000000E+00  0.00000000E+00  0.00000000E+00  0.00000000E+00  0.00000000E+00  0.00000000E+00  0.00000000E+00  0.00000000E+00  0.00000000E+00  0.00000000E+00
-1.54824992E+01  6.77700000E-03  6.77700000E-03  8.29900000E-04  8.29900000E-04  4.64400000E-05  4.64400000E-05  1.45400000E-02  1.45400000E-02  0.00000000E+00  0.00000000E+00  0.00000000E+00  0.00000000E+00  0.00000000E+00  0.00000000E+00  0.00000000E+00  0.00000000E+00  0.00000000E+00  0.00000000E+00
-1.54624992E+01  1.03100000E-02  1.03100000E-02  1.13900000E-03  1.13900000E-03  6.16600000E-05  6.16700000E-05  2.41100000E-02  2.41100000E-02  0.00000000E+00  0.00000000E+00  0.00000000E+00  0.00000000E+00  0.00000000E+00  0.00000000E+00  0.00000000E+00  0.00000000E+00  0.00000000E+00  0.00000000E+00
-1.54434992E+01  1.33700000E-02  1.33700000E-02  1.40900000E-03  1.40900000E-03  8.07500000E-05  8.07500000E-05  3.18700000E-02  3.18700000E-02  0.00000000E+00  0.00000000E+00  0.00000000E+00  0.00000000E+00  0.00000000E+00  0.00000000E+00  0.00000000E+00  0.00000000E+00  0.00000000E+00  0.00000000E+00
-1.54244992E+01  1.38800000E-02  1.38800000E-02  1.44600000E-03  1.44600000E-03  8.94600000E-05  8.94600000E-05  3.36100000E-02  3.36100000E-02  0.00000000E+00  0.00000000E+00  0.00000000E+00  0.00000000E+00  0.00000000E+00  0.00000000E+00  0.00000000E+00  0.00000000E+00  0.00000000E+00  0.00000000E+00
-1.54044992E+01  1.17200000E-02  1.17200000E-02  1.27900000E-03  1.27900000E-03  8.33800000E-05  8.33800000E-05  2.94200000E-02  2.94200000E-02  0.00000000E+00  0.00000000E+00  0.00000000E+00  0.00000000E+00  0.00000000E+00  0.00000000E+00  0.00000000E+00  0.00000000E+00  0.00000000E+00  0.00000000E+00
-1.53854992E+01  8.76700000E-03  8.76700000E-03  1.11600000E-03  1.11600000E-03  7.12600000E-05  7.12600000E-05  2.34200000E-02  2.34200000E-02  0.00000000E+00  0.00000000E+00  0.00000000E+00  0.00000000E+00  0.00000000E+00  0.00000000E+00  0.00000000E+00  0.00000000E+00  0.00000000E+00  0.00000000E+00
-1.53664992E+01  6.84400000E-03  6.84400000E-03  1.12700000E-03  1.12700000E-03  6.72800000E-05  6.72800000E-05  1.91800000E-02  1.91800000E-02  0.00000000E+00  0.00000000E+00  0.00000000E+00  0.00000000E+00  0.00000000E+00  0.00000000E+00  0.00000000E+00  0.00000000E+00  0.00000000E+00  0.00000000E+00
-1.53474992E+01  6.46400000E-03  6.46400000E-03  1.34100000E-03  1.34100000E-03  8.24500000E-05  8.24500000E-05  1.70100000E-02  1.70100000E-02  0.00000000E+00  0.00000000E+00  0.00000000E+00  0.00000000E+00  0.00000000E+00  0.00000000E+00  0.00000000E+00  0.00000000E+00  0.00000000E+00  0.00000000E+00
-1.53274992E+01  7.46100000E-03  7.46100000E-03  1.70400000E-03  1.70400000E-03  1.19000000E-04  1.19000000E-04  1.60500000E-02  1.60500000E-02  0.00000000E+00  0.00000000E+00  0.00000000E+00  0.00000000E+00  0.00000000E+00  0.00000000E+00  0.00000000E+00  0.00000000E+00  0.00000000E+00  0.00000000E+00
-1.53084992E+01  1.00100000E-02  1.00100000E-02  2.10500000E-03  2.10500000E-03  1.66300000E-04  1.66300000E-04  1.71900000E-02  1.71900000E-02  0.00000000E+00  0.00000000E+00  0.00000000E+00  0.00000000E+00  0.00000000E+00  0.00000000E+00  0.00000000E+00  0.00000000E+00  0.00000000E+00  0.00000000E+00
-1.52894992E+01  1.46000000E-02  1.46000000E-02  2.38600000E-03  2.38600000E-03  2.04900000E-04  2.04900000E-04  2.25200000E-02  2.25200000E-02  0.00000000E+00  0.00000000E+00  0.00000000E+00  0.00000000E+00  0.00000000E+00  0.00000000E+00  0.00000000E+00  0.00000000E+00  0.00000000E+00  0.00000000E+00
-1.52694992E+01  2.09500000E-02  2.09500000E-02  2.45100000E-03  2.45100000E-03  2.23600000E-04  2.23600000E-04  3.20500000E-02  3.20500000E-02  0.00000000E+00  0.00000000E+00  0.00000000E+00  0.00000000E+00  0.00000000E+00  0.00000000E+00  0.00000000E+00  0.00000000E+00  0.00000000E+00  0.00000000E+00
-1.52504992E+01  2.69400000E-02  2.69400000E-02  2.32600000E-03  2.32600000E-03  2.25600000E-04  2.25600000E-04  4.16600000E-02  4.16600000E-02  0.00000000E+00  0.00000000E+00  0.00000000E+00  0.00000000E+00  0.00000000E+00  0.00000000E+00  0.00000000E+00  0.00000000E+00  0.00000000E+00  0.00000000E+00
-1.52314992E+01  2.94100000E-02  2.94100000E-02  2.07500000E-03  2.07500000E-03  2.18300000E-04  2.18300000E-04  4.55800000E-02  4.55800000E-02  0.00000000E+00  0.00000000E+00  0.00000000E+00  0.00000000E+00  0.00000000E+00  0.00000000E+00  0.00000000E+00  0.00000000E+00  0.00000000E+00  0.00000000E+00
-1.52124992E+01  2.71100000E-02  2.71100000E-02  1.76700000E-03  1.76700000E-03  2.07300000E-04  2.07300000E-04  4.19200000E-02  4.19200000E-02  0.00000000E+00  0.00000000E+00  0.00000000E+00  0.00000000E+00  0.00000000E+00  0.00000000E+00  0.00000000E+00  0.00000000E+00  0.00000000E+00  0.00000000E+00
-1.51924992E+01  2.19600000E-02  2.19600000E-02  1.56400000E-03  1.56400000E-03  2.01700000E-04  2.01700000E-04  3.41300000E-02  3.41300000E-02  0.00000000E+00  0.00000000E+00  0.00000000E+00  0.00000000E+00  0.00000000E+00  0.00000000E+00  0.00000000E+00  0.00000000E+00  0.00000000E+00  0.00000000E+00
-1.51734992E+01  1.69300000E-02  1.69300000E-02  1.69500000E-03  1.69500000E-03  2.17500000E-04  2.17500000E-04  2.65700000E-02  2.65700000E-02  0.00000000E+00  0.00000000E+00  0.00000000E+00  0.00000000E+00  0.00000000E+00  0.00000000E+00  0.00000000E+00  0.00000000E+00  0.00000000E+00  0.00000000E+00
-1.51544992E+01  1.38500000E-02  1.38500000E-02  2.31800000E-03  2.31800000E-03  2.73200000E-04  2.73200000E-04  2.12100000E-02  2.12100000E-02  0.00000000E+00  0.00000000E+00  0.00000000E+00  0.00000000E+00  0.00000000E+00  0.00000000E+00  0.00000000E+00  0.00000000E+00  0.00000000E+00  0.00000000E+00
-1.51344992E+01  1.32300000E-02  1.32300000E-02  3.34100000E-03  3.34100000E-03  3.70500000E-04  3.70500000E-04  1.86100000E-02  1.86100000E-02  0.00000000E+00  0.00000000E+00  0.00000000E+00  0.00000000E+00  0.00000000E+00  0.00000000E+00  0.00000000E+00  0.00000000E+00  0.00000000E+00  0.00000000E+00
-1.51154992E+01  1.47700000E-02  1.47700000E-02  4.29200000E-03  4.29200000E-03  4.69200000E-04  4.69200000E-04  1.91100000E-02  1.91100000E-02  0.00000000E+00  0.00000000E+00  0.00000000E+00  0.00000000E+00  0.00000000E+00  0.00000000E+00  0.00000000E+00  0.00000000E+00  0.00000000E+00  0.00000000E+00
-1.50964992E+01  1.76700000E-02  1.76700000E-02  4.55100000E-03  4.55100000E-03  5.03000000E-04  5.03000000E-04  2.20100000E-02  2.20100000E-02  0.00000000E+00  0.00000000E+00  0.00000000E+00  0.00000000E+00  0.00000000E+00  0.00000000E+00  0.00000000E+00  0.00000000E+00  0.00000000E+00  0.00000000E+00
-1.50764992E+01  2.11200000E-02  2.11200000E-02  3.90900000E-03  3.90900000E-03  4.40300000E-04  4.40300000E-04  2.52500000E-02  2.52500000E-02  0.00000000E+00  0.00000000E+00  0.00000000E+00  0.00000000E+00  0.00000000E+00  0.00000000E+00  0.00000000E+00  0.00000000E+00  0.00000000E+00  0.00000000E+00
-1.50574992E+01  2.40300000E-02  2.40300000E-02  2.77300000E-03  2.77300000E-03  3.16900000E-04  3.16900000E-04  2.66100000E-02  2.66100000E-02  0.00000000E+00  0.00000000E+00  0.00000000E+00  0.00000000E+00  0.00000000E+00  0.00000000E+00  0.00000000E+00  0.00000000E+00  0.00000000E+00  0.00000000E+00
-1.50384992E+01  2.48800000E-02  2.48800000E-02  1.73600000E-03  1.73600000E-03  1.97900000E-04  1.97900000E-04  2.51300000E-02  2.51300000E-02  0.00000000E+00  0.00000000E+00  0.00000000E+00  0.00000000E+00  0.00000000E+00  0.00000000E+00  0.00000000E+00  0.00000000E+00  0.00000000E+00  0.00000000E+00
-1.50194992E+01  2.36500000E-02  2.36500000E-02  1.12700000E-03  1.12700000E-03  1.28100000E-04  1.28100000E-04  2.18500000E-02  2.18500000E-02  0.00000000E+00  0.00000000E+00  0.00000000E+00  0.00000000E+00  0.00000000E+00  0.00000000E+00  0.00000000E+00  0.00000000E+00  0.00000000E+00  0.00000000E+00
-1.49994992E+01  2.34700000E-02  2.34700000E-02  1.01500000E-03  1.01500000E-03  1.22900000E-04  1.22900000E-04  1.97200000E-02  1.97200000E-02  0.00000000E+00  0.00000000E+00  0.00000000E+00  0.00000000E+00  0.00000000E+00  0.00000000E+00  0.00000000E+00  0.00000000E+00  0.00000000E+00  0.00000000E+00
-1.49804992E+01  2.78900000E-02  2.78900000E-02  1.36800000E-03  1.36800000E-03  1.77700000E-04  1.77700000E-04  2.13500000E-02  2.13500000E-02  0.00000000E+00  0.00000000E+00  0.00000000E+00  0.00000000E+00  0.00000000E+00  0.00000000E+00  0.00000000E+00  0.00000000E+00  0.00000000E+00  0.00000000E+00
-1.49614992E+01  3.58400000E-02  3.58400000E-02  2.03900000E-03  2.03900000E-03  2.64200000E-04  2.64200000E-04  2.60700000E-02  2.60700000E-02  0.00000000E+00  0.00000000E+00  0.00000000E+00  0.00000000E+00  0.00000000E+00  0.00000000E+00  0.00000000E+00  0.00000000E+00  0.00000000E+00  0.00000000E+00
-1.49414992E+01  4.16100000E-02  4.16100000E-02  2.72100000E-03  2.72100000E-03  3.35100000E-04  3.35100000E-04  3.02800000E-02  3.02800000E-02  0.00000000E+00  0.00000000E+00  0.00000000E+00  0.00000000E+00  0.00000000E+00  0.00000000E+00  0.00000000E+00  0.00000000E+00  0.00000000E+00  0.00000000E+00
-1.49224992E+01  4.06100000E-02  4.06100000E-02  3.09600000E-03  3.09600000E-03  3.52300000E-04  3.52300000E-04  3.15900000E-02  3.15900000E-02  0.00000000E+00  0.00000000E+00  0.00000000E+00  0.00000000E+00  0.00000000E+00  0.00000000E+00  0.00000000E+00  0.00000000E+00  0.00000000E+00  0.00000000E+00
-1.49034992E+01  3.35600000E-02  3.35600000E-02  3.05300000E-03  3.05300000E-03  3.16000000E-04  3.16000000E-04  3.09500000E-02  3.09500000E-02  0.00000000E+00  0.00000000E+00  0.00000000E+00  0.00000000E+00  0.00000000E+00  0.00000000E+00  0.00000000E+00  0.00000000E+00  0.00000000E+00  0.00000000E+00
-1.48844992E+01  2.49900000E-02  2.49900000E-02  2.77000000E-03  2.77000000E-03  2.63100000E-04  2.63100000E-04  3.07000000E-02  3.07000000E-02  0.00000000E+00  0.00000000E+00  0.00000000E+00  0.00000000E+00  0.00000000E+00  0.00000000E+00  0.00000000E+00  0.00000000E+00  0.00000000E+00  0.00000000E+00
-1.48644992E+01  1.94900000E-02  1.94900000E-02  2.58300000E-03  2.58300000E-03  2.49100000E-04  2.49100000E-04  3.18300000E-02  3.18300000E-02  0.00000000E+00  0.00000000E+00  0.00000000E+00  0.00000000E+00  0.00000000E+00  0.00000000E+00  0.00000000E+00  0.00000000E+00  0.00000000E+00  0.00000000E+00
-1.48454992E+01  1.94900000E-02  1.94900000E-02  2.76900000E-03  2.76900000E-03  3.25000000E-04  3.25000000E-04  3.39300000E-02  3.39300000E-02  0.00000000E+00  0.00000000E+00  0.00000000E+00  0.00000000E+00  0.00000000E+00  0.00000000E+00  0.00000000E+00  0.00000000E+00  0.00000000E+00  0.00000000E+00
-1.48264992E+01  2.48400000E-02  2.48400000E-02  3.35500000E-03  3.35500000E-03  4.97200000E-04  4.97200000E-04  3.61700000E-02  3.61700000E-02  0.00000000E+00  0.00000000E+00  0.00000000E+00  0.00000000E+00  0.00000000E+00  0.00000000E+00  0.00000000E+00  0.00000000E+00  0.00000000E+00  0.00000000E+00
-1.48064992E+01  3.23700000E-02  3.23700000E-02  3.99600000E-03  3.99600000E-03  6.87100000E-04  6.87100000E-04  3.72000000E-02  3.72000000E-02  0.00000000E+00  0.00000000E+00  0.00000000E+00  0.00000000E+00  0.00000000E+00  0.00000000E+00  0.00000000E+00  0.00000000E+00  0.00000000E+00  0.00000000E+00
-1.47874992E+01  3.67700000E-02  3.67700000E-02  4.11000000E-03  4.11100000E-03  7.62200000E-04  7.62200000E-04  3.50000000E-02  3.50000000E-02  0.00000000E+00  0.00000000E+00  0.00000000E+00  0.00000000E+00  0.00000000E+00  0.00000000E+00  0.00000000E+00  0.00000000E+00  0.00000000E+00  0.00000000E+00
-1.47684992E+01  3.45400000E-02  3.45400000E-02  3.39900000E-03  3.39900000E-03  6.59600000E-04  6.59600000E-04  2.86600000E-02  2.86600000E-02  0.00000000E+00  0.00000000E+00  0.00000000E+00  0.00000000E+00  0.00000000E+00  0.00000000E+00  0.00000000E+00  0.00000000E+00  0.00000000E+00  0.00000000E+00
-1.47484992E+01  2.77000000E-02  2.77000000E-02  2.19800000E-03  2.19800000E-03  4.59500000E-04  4.59500000E-04  2.02000000E-02  2.02000000E-02  0.00000000E+00  0.00000000E+00  0.00000000E+00  0.00000000E+00  0.00000000E+00  0.00000000E+00  0.00000000E+00  0.00000000E+00  0.00000000E+00  0.00000000E+00
-1.47294992E+01  2.19400000E-02  2.19400000E-02  1.13100000E-03  1.13100000E-03  2.99300000E-04  2.99300000E-04  1.33100000E-02  1.33100000E-02  0.00000000E+00  0.00000000E+00  0.00000000E+00  0.00000000E+00  0.00000000E+00  0.00000000E+00  0.00000000E+00  0.00000000E+00  0.00000000E+00  0.00000000E+00
-1.47104992E+01  2.08400000E-02  2.08400000E-02  5.15700000E-04  5.15700000E-04  2.39200000E-04  2.39200000E-04  9.96400000E-03  9.96400000E-03  0.00000000E+00  0.00000000E+00  0.00000000E+00  0.00000000E+00  0.00000000E+00  0.00000000E+00  0.00000000E+00  0.00000000E+00  0.00000000E+00  0.00000000E+00
-1.46914992E+01  2.31900000E-02  2.31900000E-02  2.67200000E-04  2.67200000E-04  2.37300000E-04  2.37300000E-04  9.19900000E-03  9.19900000E-03  0.00000000E+00  0.00000000E+00  0.00000000E+00  0.00000000E+00  0.00000000E+00  0.00000000E+00  0.00000000E+00  0.00000000E+00  0.00000000E+00  0.00000000E+00
-1.46714992E+01  2.53500000E-02  2.53500000E-02  1.79100000E-04  1.79100000E-04  2.27800000E-04  2.27800000E-04  8.91900000E-03  8.91900000E-03  0.00000000E+00  0.00000000E+00  0.00000000E+00  0.00000000E+00  0.00000000E+00  0.00000000E+00  0.00000000E+00  0.00000000E+00  0.00000000E+00  0.00000000E+00
-1.46524992E+01  2.47200000E-02  2.47200000E-02  1.45200000E-04  1.45200000E-04  1.93300000E-04  1.93300000E-04  8.18000000E-03  8.18000000E-03  0.00000000E+00  0.00000000E+00  0.00000000E+00  0.00000000E+00  0.00000000E+00  0.00000000E+00  0.00000000E+00  0.00000000E+00  0.00000000E+00  0.00000000E+00
-1.46334992E+01  2.16700000E-02  2.16700000E-02  1.71900000E-04  1.71900000E-04  1.69100000E-04  1.69100000E-04  7.77300000E-03  7.77300000E-03  0.00000000E+00  0.00000000E+00  0.00000000E+00  0.00000000E+00  0.00000000E+00  0.00000000E+00  0.00000000E+00  0.00000000E+00  0.00000000E+00  0.00000000E+00
-1.46134992E+01  1.90700000E-02  1.90700000E-02  2.97500000E-04  2.97500000E-04  1.96400000E-04  1.96400000E-04  9.15100000E-03  9.15100000E-03  0.00000000E+00  0.00000000E+00  0.00000000E+00  0.00000000E+00  0.00000000E+00  0.00000000E+00  0.00000000E+00  0.00000000E+00  0.00000000E+00  0.00000000E+00
-1.45944992E+01  1.92300000E-02  1.92300000E-02  5.12800000E-04  5.12800000E-04  2.76200000E-04  2.76200000E-04  1.25100000E-02  1.25100000E-02  0.00000000E+00  0.00000000E+00  0.00000000E+00  0.00000000E+00  0.00000000E+00  0.00000000E+00  0.00000000E+00  0.00000000E+00  0.00000000E+00  0.00000000E+00
-1.45754992E+01  2.11100000E-02  2.11100000E-02  7.51000000E-04  7.51000000E-04  3.69800000E-04  3.69800000E-04  1.57900000E-02  1.57900000E-02  0.00000000E+00  0.00000000E+00  0.00000000E+00  0.00000000E+00  0.00000000E+00  0.00000000E+00  0.00000000E+00  0.00000000E+00  0.00000000E+00  0.00000000E+00
-1.45554992E+01  2.21800000E-02  2.21800000E-02  9.92400000E-04  9.92400000E-04  4.62800000E-04  4.62800000E-04  1.64700000E-02  1.64700000E-02  0.00000000E+00  0.00000000E+00  0.00000000E+00  0.00000000E+00  0.00000000E+00  0.00000000E+00  0.00000000E+00  0.00000000E+00  0.00000000E+00  0.00000000E+00
-1.45364992E+01  2.25200000E-02  2.25200000E-02  1.35900000E-03  1.35900000E-03  6.12300000E-04  6.12300000E-04  1.44800000E-02  1.44800000E-02  0.00000000E+00  0.00000000E+00  0.00000000E+00  0.00000000E+00  0.00000000E+00  0.00000000E+00  0.00000000E+00  0.00000000E+00  0.00000000E+00  0.00000000E+00
-1.45174992E+01  2.44300000E-02  2.44300000E-02  1.95800000E-03  1.95800000E-03  8.67400000E-04  8.67400000E-04  1.20700000E-02  1.20700000E-02  0.00000000E+00  0.00000000E+00  0.00000000E+00  0.00000000E+00  0.00000000E+00  0.00000000E+00  0.00000000E+00  0.00000000E+00  0.00000000E+00  0.00000000E+00
-1.44984992E+01  2.76400000E-02  2.76400000E-02  2.58800000E-03  2.58800000E-03  1.13300000E-03  1.13300000E-03  1.06600000E-02  1.06600000E-02  0.00000000E+00  0.00000000E+00  0.00000000E+00  0.00000000E+00  0.00000000E+00  0.00000000E+00  0.00000000E+00  0.00000000E+00  0.00000000E+00  0.00000000E+00
-1.44784992E+01  2.82200000E-02  2.82200000E-02  2.78700000E-03  2.78700000E-03  1.20500000E-03  1.20500000E-03  9.44200000E-03  9.44200000E-03  0.00000000E+00  0.00000000E+00  0.00000000E+00  0.00000000E+00  0.00000000E+00  0.00000000E+00  0.00000000E+00  0.00000000E+00  0.00000000E+00  0.00000000E+00
-1.44594992E+01  2.34800000E-02  2.34800000E-02  2.32800000E-03  2.32800000E-03  9.90300000E-04  9.90300000E-04  7.34400000E-03  7.34400000E-03  0.00000000E+00  0.00000000E+00  0.00000000E+00  0.00000000E+00  0.00000000E+00  0.00000000E+00  0.00000000E+00  0.00000000E+00  0.00000000E+00  0.00000000E+00
-1.44404992E+01  1.53900000E-02  1.53900000E-02  1.49200000E-03  1.49200000E-03  6.20800000E-04  6.20800000E-04  4.85200000E-03  4.85200000E-03  0.00000000E+00  0.00000000E+00  0.00000000E+00  0.00000000E+00  0.00000000E+00  0.00000000E+00  0.00000000E+00  0.00000000E+00  0.00000000E+00  0.00000000E+00
-1.44204992E+01  8.31100000E-03  8.31100000E-03  7.68600000E-04  7.68600000E-04  2.99500000E-04  2.99500000E-04  3.57700000E-03  3.57700000E-03  0.00000000E+00  0.00000000E+00  0.00000000E+00  0.00000000E+00  0.00000000E+00  0.00000000E+00  0.00000000E+00  0.00000000E+00  0.00000000E+00  0.00000000E+00
-1.44014992E+01  5.14600000E-03  5.14600000E-03  4.35000000E-04  4.35000000E-04  1.23600000E-04  1.23600000E-04  5.13800000E-03  5.13800000E-03  0.00000000E+00  0.00000000E+00  0.00000000E+00  0.00000000E+00  0.00000000E+00  0.00000000E+00  0.00000000E+00  0.00000000E+00  0.00000000E+00  0.00000000E+00
-1.43824992E+01  6.41900000E-03  6.41900000E-03  4.94600000E-04  4.94600000E-04  7.19800000E-05  7.19800000E-05  1.04600000E-02  1.04600000E-02  0.00000000E+00  0.00000000E+00  0.00000000E+00  0.00000000E+00  0.00000000E+00  0.00000000E+00  0.00000000E+00  0.00000000E+00  0.00000000E+00  0.00000000E+00
-1.43634992E+01  1.09300000E-02  1.09300000E-02  7.93700000E-04  7.93700000E-04  8.51900000E-05  8.51900000E-05  1.86100000E-02  1.86100000E-02  0.00000000E+00  0.00000000E+00  0.00000000E+00  0.00000000E+00  0.00000000E+00  0.00000000E+00  0.00000000E+00  0.00000000E+00  0.00000000E+00  0.00000000E+00
-1.43434992E+01  1.59000000E-02  1.59000000E-02  1.09000000E-03  1.09000000E-03  1.12700000E-04  1.12700000E-04  2.58800000E-02  2.58800000E-02  0.00000000E+00  0.00000000E+00  0.00000000E+00  0.00000000E+00  0.00000000E+00  0.00000000E+00  0.00000000E+00  0.00000000E+00  0.00000000E+00  0.00000000E+00
-1.43244992E+01  1.78500000E-02  1.78500000E-02  1.14900000E-03  1.14900000E-03  1.21000000E-04  1.21000000E-04  2.76400000E-02  2.76400000E-02  0.00000000E+00  0.00000000E+00  0.00000000E+00  0.00000000E+00  0.00000000E+00  0.00000000E+00  0.00000000E+00  0.00000000E+00  0.00000000E+00  0.00000000E+00
-1.43054992E+01  1.52700000E-02  1.52700000E-02  9.19800000E-04  9.19800000E-04  1.00200000E-04  1.00200000E-04  2.25900000E-02  2.25900000E-02  0.00000000E+00  0.00000000E+00  0.00000000E+00  0.00000000E+00  0.00000000E+00  0.00000000E+00  0.00000000E+00  0.00000000E+00  0.00000000E+00  0.00000000E+00
-1.42854992E+01  9.93100000E-03  9.93100000E-03  5.58200000E-04  5.58200000E-04  6.36200000E-05  6.36200000E-05  1.41100000E-02  1.41100000E-02  0.00000000E+00  0.00000000E+00  0.00000000E+00  0.00000000E+00  0.00000000E+00  0.00000000E+00  0.00000000E+00  0.00000000E+00  0.00000000E+00  0.00000000E+00
-1.42664992E+01  4.94000000E-03  4.94000000E-03  2.60500000E-04  2.60500000E-04  3.18800000E-05  3.18800000E-05  6.76900000E-03  6.76900000E-03  0.00000000E+00  0.00000000E+00  0.00000000E+00  0.00000000E+00  0.00000000E+00  0.00000000E+00  0.00000000E+00  0.00000000E+00  0.00000000E+00  0.00000000E+00
-1.42474992E+01  2.01200000E-03  2.01200000E-03  1.11800000E-04  1.11800000E-04  1.81000000E-05  1.81000000E-05  2.64300000E-03  2.64300000E-03  0.00000000E+00  0.00000000E+00  0.00000000E+00  0.00000000E+00  0.00000000E+00  0.00000000E+00  0.00000000E+00  0.00000000E+00  0.00000000E+00  0.00000000E+00
-1.42274992E+01  1.08600000E-03  1.08600000E-03  1.21500000E-04  1.21500000E-04  3.32600000E-05  3.32600000E-05  1.21300000E-03  1.21300000E-03  0.00000000E+00  0.00000000E+00  0.00000000E+00  0.00000000E+00  0.00000000E+00  0.00000000E+00  0.00000000E+00  0.00000000E+00  0.00000000E+00  0.00000000E+00
-1.42084992E+01  1.67000000E-03  1.67000000E-03  3.42100000E-04  3.42100000E-04  1.05200000E-04  1.05200000E-04  1.34300000E-03  1.34300000E-03  0.00000000E+00  0.00000000E+00  0.00000000E+00  0.00000000E+00  0.00000000E+00  0.00000000E+00  0.00000000E+00  0.00000000E+00  0.00000000E+00  0.00000000E+00
-1.41894992E+01  3.69400000E-03  3.69400000E-03  8.96200000E-04  8.96200000E-04  2.78200000E-04  2.78200000E-04  2.44000000E-03  2.44000000E-03  0.00000000E+00  0.00000000E+00  0.00000000E+00  0.00000000E+00  0.00000000E+00  0.00000000E+00  0.00000000E+00  0.00000000E+00  0.00000000E+00  0.00000000E+00
-1.41704992E+01  7.01000000E-03  7.01000000E-03  1.79900000E-03  1.79900000E-03  5.59400000E-04  5.59400000E-04  4.22500000E-03  4.22500000E-03  0.00000000E+00  0.00000000E+00  0.00000000E+00  0.00000000E+00  0.00000000E+00  0.00000000E+00  0.00000000E+00  0.00000000E+00  0.00000000E+00  0.00000000E+00
-1.41504992E+01  1.03500000E-02  1.03500000E-02  2.71700000E-03  2.71700000E-03  8.45200000E-04  8.45200000E-04  5.99300000E-03  5.99300000E-03  0.00000000E+00  0.00000000E+00  0.00000000E+00  0.00000000E+00  0.00000000E+00  0.00000000E+00  0.00000000E+00  0.00000000E+00  0.00000000E+00  0.00000000E+00
-1.41314992E+01  1.16300000E-02  1.16300000E-02  3.07700000E-03  3.07700000E-03  9.57500000E-04  9.57500000E-04  6.61700000E-03  6.61700000E-03  0.00000000E+00  0.00000000E+00  0.00000000E+00  0.00000000E+00  0.00000000E+00  0.00000000E+00  0.00000000E+00  0.00000000E+00  0.00000000E+00  0.00000000E+00
-1.41124992E+01  9.91100000E-03  9.91100000E-03  2.62300000E-03  2.62300000E-03  8.16900000E-04  8.16900000E-04  5.60300000E-03  5.60300000E-03  0.00000000E+00  0.00000000E+00  0.00000000E+00  0.00000000E+00  0.00000000E+00  0.00000000E+00  0.00000000E+00  0.00000000E+00  0.00000000E+00  0.00000000E+00
-1.40924992E+01  6.72000000E-03  6.72000000E-03  1.73800000E-03  1.73800000E-03  5.44100000E-04  5.44100000E-04  3.81800000E-03  3.81800000E-03  0.00000000E+00  0.00000000E+00  0.00000000E+00  0.00000000E+00  0.00000000E+00  0.00000000E+00  0.00000000E+00  0.00000000E+00  0.00000000E+00  0.00000000E+00
-1.40734992E+01  4.77900000E-03  4.77900000E-03  1.09800000E-03  1.09800000E-03  3.48900000E-04  3.48900000E-04  2.88500000E-03  2.88500000E-03  0.00000000E+00  0.00000000E+00  0.00000000E+00  0.00000000E+00  0.00000000E+00  0.00000000E+00  0.00000000E+00  0.00000000E+00  0.00000000E+00  0.00000000E+00
-1.40544992E+01  5.98400000E-03  5.98400000E-03  1.14700000E-03  1.14700000E-03  3.58700000E-04  3.58700000E-04  4.19300000E-03  4.19300000E-03  0.00000000E+00  0.00000000E+00  0.00000000E+00  0.00000000E+00  0.00000000E+00  0.00000000E+00  0.00000000E+00  0.00000000E+00  0.00000000E+00  0.00000000E+00
-1.40354992E+01  1.03500000E-02  1.03500000E-02  1.92700000E-03  1.92700000E-03  5.54100000E-04  5.54100000E-04  8.34500000E-03  8.34500000E-03  0.00000000E+00  0.00000000E+00  0.00000000E+00  0.00000000E+00  0.00000000E+00  0.00000000E+00  0.00000000E+00  0.00000000E+00  0.00000000E+00  0.00000000E+00
-1.40154992E+01  1.57600000E-02  1.57600000E-02  3.11800000E-03  3.11800000E-03  7.91200000E-04  7.91200000E-04  1.46300000E-02  1.46300000E-02  0.00000000E+00  0.00000000E+00  0.00000000E+00  0.00000000E+00  0.00000000E+00  0.00000000E+00  0.00000000E+00  0.00000000E+00  0.00000000E+00  0.00000000E+00
-1.39964992E+01  1.91100000E-02  1.91100000E-02  4.17700000E-03  4.17700000E-03  8.93300000E-04  8.93300000E-04  2.09700000E-02  2.09700000E-02  0.00000000E+00  0.00000000E+00  0.00000000E+00  0.00000000E+00  0.00000000E+00  0.00000000E+00  0.00000000E+00  0.00000000E+00  0.00000000E+00  0.00000000E+00
-1.39774992E+01  1.91100000E-02  1.91100000E-02  4.72500000E-03  4.72500000E-03  7.91100000E-04  7.91100000E-04  2.56500000E-02  2.56500000E-02  0.00000000E+00  0.00000000E+00  0.00000000E+00  0.00000000E+00  0.00000000E+00  0.00000000E+00  0.00000000E+00  0.00000000E+00  0.00000000E+00  0.00000000E+00
-1.39574992E+01  1.77500000E-02  1.77500000E-02  4.89400000E-03  4.89400000E-03  5.74700000E-04  5.74800000E-04  2.90800000E-02  2.90800000E-02  0.00000000E+00  0.00000000E+00  0.00000000E+00  0.00000000E+00  0.00000000E+00  0.00000000E+00  0.00000000E+00  0.00000000E+00  0.00000000E+00  0.00000000E+00
-1.39384992E+01  1.79800000E-02  1.79800000E-02  5.08600000E-03  5.08600000E-03  3.91700000E-04  3.91700000E-04  3.24500000E-02  3.24500000E-02  0.00000000E+00  0.00000000E+00  0.00000000E+00  0.00000000E+00  0.00000000E+00  0.00000000E+00  0.00000000E+00  0.00000000E+00  0.00000000E+00  0.00000000E+00
-1.39194992E+01  2.04300000E-02  2.04300000E-02  5.38100000E-03  5.38100000E-03  3.17900000E-04  3.17900000E-04  3.49300000E-02  3.49300000E-02  0.00000000E+00  0.00000000E+00  0.00000000E+00  0.00000000E+00  0.00000000E+00  0.00000000E+00  0.00000000E+00  0.00000000E+00  0.00000000E+00  0.00000000E+00
-1.38994992E+01  2.33500000E-02  2.33500000E-02  5.45300000E-03  5.45300000E-03  3.37500000E-04  3.37500000E-04  3.42400000E-02  3.42400000E-02  0.00000000E+00  0.00000000E+00  0.00000000E+00  0.00000000E+00  0.00000000E+00  0.00000000E+00  0.00000000E+00  0.00000000E+00  0.00000000E+00  0.00000000E+00
-1.38804992E+01  2.47700000E-02  2.47700000E-02  5.17900000E-03  5.17900000E-03  4.04700000E-04  4.04700000E-04  2.99600000E-02  2.99600000E-02  0.00000000E+00  0.00000000E+00  0.00000000E+00  0.00000000E+00  0.00000000E+00  0.00000000E+00  0.00000000E+00  0.00000000E+00  0.00000000E+00  0.00000000E+00
-1.38614992E+01  2.36600000E-02  2.36600000E-02  5.02200000E-03  5.02200000E-03  4.99300000E-04  4.99300000E-04  2.41000000E-02  2.41000000E-02  0.00000000E+00  0.00000000E+00  0.00000000E+00  0.00000000E+00  0.00000000E+00  0.00000000E+00  0.00000000E+00  0.00000000E+00  0.00000000E+00  0.00000000E+00
-1.38424992E+01  2.01500000E-02  2.01500000E-02  5.55100000E-03  5.55100000E-03  6.21700000E-04  6.21700000E-04  1.88600000E-02  1.88600000E-02  0.00000000E+00  0.00000000E+00  0.00000000E+00  0.00000000E+00  0.00000000E+00  0.00000000E+00  0.00000000E+00  0.00000000E+00  0.00000000E+00  0.00000000E+00
-1.38224992E+01  1.56000000E-02  1.56000000E-02  6.56000000E-03  6.56000000E-03  7.40000000E-04  7.40000000E-04  1.50400000E-02  1.50400000E-02  0.00000000E+00  0.00000000E+00  0.00000000E+00  0.00000000E+00  0.00000000E+00  0.00000000E+00  0.00000000E+00  0.00000000E+00  0.00000000E+00  0.00000000E+00
-1.38034992E+01  1.18900000E-02  1.18900000E-02  7.00900000E-03  7.00900000E-03  7.75100000E-04  7.75100000E-04  1.22000000E-02  1.22000000E-02  0.00000000E+00  0.00000000E+00  0.00000000E+00  0.00000000E+00  0.00000000E+00  0.00000000E+00  0.00000000E+00  0.00000000E+00  0.00000000E+00  0.00000000E+00
-1.37844992E+01  1.00700000E-02  1.00700000E-02  6.14600000E-03  6.14600000E-03  6.77900000E-04  6.77900000E-04  9.61700000E-03  9.61700000E-03  0.00000000E+00  0.00000000E+00  0.00000000E+00  0.00000000E+00  0.00000000E+00  0.00000000E+00  0.00000000E+00  0.00000000E+00  0.00000000E+00  0.00000000E+00
-1.37644992E+01  9.80300000E-03  9.80300000E-03  4.38600000E-03  4.38600000E-03  4.98700000E-04  4.98700000E-04  7.18800000E-03  7.18800000E-03  0.00000000E+00  0.00000000E+00  0.00000000E+00  0.00000000E+00  0.00000000E+00  0.00000000E+00  0.00000000E+00  0.00000000E+00  0.00000000E+00  0.00000000E+00
-1.37454992E+01  1.01800000E-02  1.01800000E-02  2.77700000E-03  2.77700000E-03  3.43600000E-04  3.43600000E-04  5.51600000E-03  5.51600000E-03  0.00000000E+00  0.00000000E+00  0.00000000E+00  0.00000000E+00  0.00000000E+00  0.00000000E+00  0.00000000E+00  0.00000000E+00  0.00000000E+00  0.00000000E+00
-1.37264992E+01  1.09300000E-02  1.09300000E-02  2.06800000E-03  2.06800000E-03  3.04700000E-04  3.04700000E-04  5.44200000E-03  5.44200000E-03  0.00000000E+00  0.00000000E+00  0.00000000E+00  0.00000000E+00  0.00000000E+00  0.00000000E+00  0.00000000E+00  0.00000000E+00  0.00000000E+00  0.00000000E+00
-1.37074992E+01  1.26400000E-02  1.26400000E-02  2.62100000E-03  2.62100000E-03  4.61100000E-04  4.61100000E-04  7.75900000E-03  7.75900000E-03  0.00000000E+00  0.00000000E+00  0.00000000E+00  0.00000000E+00  0.00000000E+00  0.00000000E+00  0.00000000E+00  0.00000000E+00  0.00000000E+00  0.00000000E+00
-1.36874992E+01  1.52600000E-02  1.52600000E-02  4.65600000E-03  4.65600000E-03  8.78400000E-04  8.78400000E-04  1.26900000E-02  1.26900000E-02  0.00000000E+00  0.00000000E+00  0.00000000E+00  0.00000000E+00  0.00000000E+00  0.00000000E+00  0.00000000E+00  0.00000000E+00  0.00000000E+00  0.00000000E+00
-1.36684992E+01  1.70300000E-02  1.70300000E-02  8.02400000E-03  8.02400000E-03  1.52500000E-03  1.52500000E-03  1.88900000E-02  1.88900000E-02  0.00000000E+00  0.00000000E+00  0.00000000E+00  0.00000000E+00  0.00000000E+00  0.00000000E+00  0.00000000E+00  0.00000000E+00  0.00000000E+00  0.00000000E+00
-1.36494992E+01  1.60000000E-02  1.60000000E-02  1.18400000E-02  1.18400000E-02  2.21000000E-03  2.21000000E-03  2.33900000E-02  2.33900000E-02  0.00000000E+00  0.00000000E+00  0.00000000E+00  0.00000000E+00  0.00000000E+00  0.00000000E+00  0.00000000E+00  0.00000000E+00  0.00000000E+00  0.00000000E+00
-1.36294992E+01  1.23100000E-02  1.23100000E-02  1.47500000E-02  1.47500000E-02  2.66700000E-03  2.66700000E-03  2.38400000E-02  2.38400000E-02  0.00000000E+00  0.00000000E+00  0.00000000E+00  0.00000000E+00  0.00000000E+00  0.00000000E+00  0.00000000E+00  0.00000000E+00  0.00000000E+00  0.00000000E+00
-1.36104992E+01  8.17600000E-03  8.17600000E-03  1.58100000E-02  1.58100000E-02  2.73500000E-03  2.73500000E-03  2.15100000E-02  2.15100000E-02  0.00000000E+00  0.00000000E+00  0.00000000E+00  0.00000000E+00  0.00000000E+00  0.00000000E+00  0.00000000E+00  0.00000000E+00  0.00000000E+00  0.00000000E+00
-1.35914992E+01  5.97200000E-03  5.97200000E-03  1.54000000E-02  1.54000000E-02  2.47800000E-03  2.47800000E-03  2.14000000E-02  2.14000000E-02  0.00000000E+00  0.00000000E+00  0.00000000E+00  0.00000000E+00  0.00000000E+00  0.00000000E+00  0.00000000E+00  0.00000000E+00  0.00000000E+00  0.00000000E+00
-1.35714992E+01  6.79300000E-03  6.79300000E-03  1.54700000E-02  1.54700000E-02  2.21400000E-03  2.21400000E-03  2.78800000E-02  2.78800000E-02  0.00000000E+00  0.00000000E+00  0.00000000E+00  0.00000000E+00  0.00000000E+00  0.00000000E+00  0.00000000E+00  0.00000000E+00  0.00000000E+00  0.00000000E+00
-1.35524992E+01  1.01000000E-02  1.01000000E-02  1.84300000E-02  1.84300000E-02  2.37100000E-03  2.37100000E-03  4.00100000E-02  4.00100000E-02  0.00000000E+00  0.00000000E+00  0.00000000E+00  0.00000000E+00  0.00000000E+00  0.00000000E+00  0.00000000E+00  0.00000000E+00  0.00000000E+00  0.00000000E+00
-1.35334992E+01  1.41200000E-02  1.41200000E-02  2.45800000E-02  2.45800000E-02  3.10200000E-03  3.10200000E-03  5.16300000E-02  5.16300000E-02  0.00000000E+00  0.00000000E+00  0.00000000E+00  0.00000000E+00  0.00000000E+00  0.00000000E+00  0.00000000E+00  0.00000000E+00  0.00000000E+00  0.00000000E+00
-1.35144992E+01  1.66700000E-02  1.66700000E-02  3.06700000E-02  3.06700000E-02  3.98500000E-03  3.98500000E-03  5.62400000E-02  5.62400000E-02  0.00000000E+00  0.00000000E+00  0.00000000E+00  0.00000000E+00  0.00000000E+00  0.00000000E+00  0.00000000E+00  0.00000000E+00  0.00000000E+00  0.00000000E+00
-1.34944992E+01  1.64900000E-02  1.64900000E-02  3.22800000E-02  3.22800000E-02  4.31900000E-03  4.31900000E-03  5.20400000E-02  5.20400000E-02  0.00000000E+00  0.00000000E+00  0.00000000E+00  0.00000000E+00  0.00000000E+00  0.00000000E+00  0.00000000E+00  0.00000000E+00  0.00000000E+00  0.00000000E+00
-1.34754992E+01  1.45400000E-02  1.45400000E-02  2.88700000E-02  2.88600000E-02  3.88900000E-03  3.88900000E-03  4.34600000E-02  4.34600000E-02  0.00000000E+00  0.00000000E+00  0.00000000E+00  0.00000000E+00  0.00000000E+00  0.00000000E+00  0.00000000E+00  0.00000000E+00  0.00000000E+00  0.00000000E+00
-1.34564992E+01  1.35700000E-02  1.35700000E-02  2.49300000E-02  2.49300000E-02  3.23800000E-03  3.23800000E-03  3.82200000E-02  3.82200000E-02  0.00000000E+00  0.00000000E+00  0.00000000E+00  0.00000000E+00  0.00000000E+00  0.00000000E+00  0.00000000E+00  0.00000000E+00  0.00000000E+00  0.00000000E+00
-1.34364992E+01  1.54400000E-02  1.54400000E-02  2.44900000E-02  2.44900000E-02  2.96200000E-03  2.96200000E-03  4.09900000E-02  4.09900000E-02  0.00000000E+00  0.00000000E+00  0.00000000E+00  0.00000000E+00  0.00000000E+00  0.00000000E+00  0.00000000E+00  0.00000000E+00  0.00000000E+00  0.00000000E+00
-1.34174992E+01  1.89000000E-02  1.89000000E-02  2.60400000E-02  2.60400000E-02  2.97600000E-03  2.97600000E-03  4.87200000E-02  4.87200000E-02  0.00000000E+00  0.00000000E+00  0.00000000E+00  0.00000000E+00  0.00000000E+00  0.00000000E+00  0.00000000E+00  0.00000000E+00  0.00000000E+00  0.00000000E+00
-1.33984992E+01  2.07900000E-02  2.07900000E-02  2.50100000E-02  2.50100000E-02  2.77200000E-03  2.77200000E-03  5.39100000E-02  5.39100000E-02  0.00000000E+00  0.00000000E+00  0.00000000E+00  0.00000000E+00  0.00000000E+00  0.00000000E+00  0.00000000E+00  0.00000000E+00  0.00000000E+00  0.00000000E+00
-1.33784992E+01  1.96700000E-02  1.96700000E-02  1.99600000E-02  1.99600000E-02  2.17300000E-03  2.17300000E-03  5.30800000E-02  5.30800000E-02  0.00000000E+00  0.00000000E+00  0.00000000E+00  0.00000000E+00  0.00000000E+00  0.00000000E+00  0.00000000E+00  0.00000000E+00  0.00000000E+00  0.00000000E+00
-1.33594992E+01  1.72400000E-02  1.72400000E-02  1.39200000E-02  1.39200000E-02  1.52400000E-03  1.52400000E-03  5.00200000E-02  5.00200000E-02  0.00000000E+00  0.00000000E+00  0.00000000E+00  0.00000000E+00  0.00000000E+00  0.00000000E+00  0.00000000E+00  0.00000000E+00  0.00000000E+00  0.00000000E+00
-1.33404992E+01  1.60700000E-02  1.60700000E-02  1.06100000E-02  1.06100000E-02  1.27800000E-03  1.27800000E-03  4.99300000E-02  4.99300000E-02  0.00000000E+00  0.00000000E+00  0.00000000E+00  0.00000000E+00  0.00000000E+00  0.00000000E+00  0.00000000E+00  0.00000000E+00  0.00000000E+00  0.00000000E+00
-1.33214992E+01  1.68100000E-02  1.68100000E-02  1.19700000E-02  1.19600000E-02  1.71300000E-03  1.71300000E-03  5.23800000E-02  5.23800000E-02  0.00000000E+00  0.00000000E+00  0.00000000E+00  0.00000000E+00  0.00000000E+00  0.00000000E+00  0.00000000E+00  0.00000000E+00  0.00000000E+00  0.00000000E+00
-1.33014992E+01  1.82200000E-02  1.82200000E-02  1.82700000E-02  1.82700000E-02  2.93100000E-03  2.93100000E-03  5.29200000E-02  5.29200000E-02  0.00000000E+00  0.00000000E+00  0.00000000E+00  0.00000000E+00  0.00000000E+00  0.00000000E+00  0.00000000E+00  0.00000000E+00  0.00000000E+00  0.00000000E+00
-1.32824992E+01  1.91000000E-02  1.91000000E-02  2.76800000E-02  2.76800000E-02  4.66600000E-03  4.66600000E-03  5.04000000E-02  5.04000000E-02  0.00000000E+00  0.00000000E+00  0.00000000E+00  0.00000000E+00  0.00000000E+00  0.00000000E+00  0.00000000E+00  0.00000000E+00  0.00000000E+00  0.00000000E+00
-1.32634992E+01  1.95000000E-02  1.95000000E-02  3.52800000E-02  3.52800000E-02  6.06800000E-03  6.06800000E-03  4.92900000E-02  4.92900000E-02  0.00000000E+00  0.00000000E+00  0.00000000E+00  0.00000000E+00  0.00000000E+00  0.00000000E+00  0.00000000E+00  0.00000000E+00  0.00000000E+00  0.00000000E+00
-1.32434992E+01  1.99400000E-02  1.99400000E-02  3.58200000E-02  3.58200000E-02  6.18000000E-03  6.18000000E-03  5.39500000E-02  5.39500000E-02  0.00000000E+00  0.00000000E+00  0.00000000E+00  0.00000000E+00  0.00000000E+00  0.00000000E+00  0.00000000E+00  0.00000000E+00  0.00000000E+00  0.00000000E+00
-1.32244992E+01  2.00500000E-02  2.00500000E-02  2.87500000E-02  2.87500000E-02  4.89100000E-03  4.89100000E-03  6.21900000E-02  6.21900000E-02  0.00000000E+00  0.00000000E+00  0.00000000E+00  0.00000000E+00  0.00000000E+00  0.00000000E+00  0.00000000E+00  0.00000000E+00  0.00000000E+00  0.00000000E+00
-1.32054992E+01  1.89600000E-02  1.89600000E-02  1.86900000E-02  1.86900000E-02  3.06300000E-03  3.06300000E-03  6.64400000E-02  6.64400000E-02  0.00000000E+00  0.00000000E+00  0.00000000E+00  0.00000000E+00  0.00000000E+00  0.00000000E+00  0.00000000E+00  0.00000000E+00  0.00000000E+00  0.00000000E+00
-1.31864992E+01  1.70700000E-02  1.70700000E-02  1.06500000E-02  1.06500000E-02  1.65400000E-03  1.65400000E-03  6.14300000E-02  6.14300000E-02  0.00000000E+00  0.00000000E+00  0.00000000E+00  0.00000000E+00  0.00000000E+00  0.00000000E+00  0.00000000E+00  0.00000000E+00  0.00000000E+00  0.00000000E+00
-1.31664992E+01  1.63100000E-02  1.63100000E-02  6.50800000E-03  6.50800000E-03  1.02100000E-03  1.02100000E-03  4.93200000E-02  4.93200000E-02  0.00000000E+00  0.00000000E+00  0.00000000E+00  0.00000000E+00  0.00000000E+00  0.00000000E+00  0.00000000E+00  0.00000000E+00  0.00000000E+00  0.00000000E+00
-1.31474992E+01  1.79100000E-02  1.79100000E-02  5.51900000E-03  5.51900000E-03  9.79500000E-04  9.79500000E-04  3.67100000E-02  3.67100000E-02  0.00000000E+00  0.00000000E+00  0.00000000E+00  0.00000000E+00  0.00000000E+00  0.00000000E+00  0.00000000E+00  0.00000000E+00  0.00000000E+00  0.00000000E+00
-1.31284992E+01  2.07800000E-02  2.07800000E-02  6.10700000E-03  6.10700000E-03  1.16700000E-03  1.16700000E-03  2.94200000E-02  2.94200000E-02  0.00000000E+00  0.00000000E+00  0.00000000E+00  0.00000000E+00  0.00000000E+00  0.00000000E+00  0.00000000E+00  0.00000000E+00  0.00000000E+00  0.00000000E+00
-1.31084992E+01  2.32500000E-02  2.32500000E-02  7.18000000E-03  7.18000000E-03  1.33200000E-03  1.33200000E-03  3.06200000E-02  3.06200000E-02  0.00000000E+00  0.00000000E+00  0.00000000E+00  0.00000000E+00  0.00000000E+00  0.00000000E+00  0.00000000E+00  0.00000000E+00  0.00000000E+00  0.00000000E+00
-1.30894992E+01  2.53400000E-02  2.53400000E-02  8.60600000E-03  8.60600000E-03  1.47800000E-03  1.47800000E-03  4.01100000E-02  4.01100000E-02  0.00000000E+00  0.00000000E+00  0.00000000E+00  0.00000000E+00  0.00000000E+00  0.00000000E+00  0.00000000E+00  0.00000000E+00  0.00000000E+00  0.00000000E+00
-1.30704992E+01  2.76600000E-02  2.76600000E-02  1.08700000E-02  1.08700000E-02  1.81300000E-03  1.81300000E-03  5.25900000E-02  5.25900000E-02  0.00000000E+00  0.00000000E+00  0.00000000E+00  0.00000000E+00  0.00000000E+00  0.00000000E+00  0.00000000E+00  0.00000000E+00  0.00000000E+00  0.00000000E+00
-1.30504992E+01  2.93200000E-02  2.93200000E-02  1.45700000E-02  1.45700000E-02  2.58900000E-03  2.58900000E-03  5.94100000E-02  5.94100000E-02  0.00000000E+00  0.00000000E+00  0.00000000E+00  0.00000000E+00  0.00000000E+00  0.00000000E+00  0.00000000E+00  0.00000000E+00  0.00000000E+00  0.00000000E+00
-1.30314992E+01  2.90600000E-02  2.90600000E-02  2.00700000E-02  2.00700000E-02  3.90600000E-03  3.90600000E-03  5.62100000E-02  5.62100000E-02  0.00000000E+00  0.00000000E+00  0.00000000E+00  0.00000000E+00  0.00000000E+00  0.00000000E+00  0.00000000E+00  0.00000000E+00  0.00000000E+00  0.00000000E+00
-1.30124992E+01  2.73000000E-02  2.73000000E-02  2.66500000E-02  2.66500000E-02  5.50200000E-03  5.50200000E-03  4.74500000E-02  4.74500000E-02  0.00000000E+00  0.00000000E+00  0.00000000E+00  0.00000000E+00  0.00000000E+00  0.00000000E+00  0.00000000E+00  0.00000000E+00  0.00000000E+00  0.00000000E+00
-1.29934992E+01  2.55800000E-02  2.55800000E-02  3.18800000E-02  3.18800000E-02  6.72900000E-03  6.72900000E-03  4.11100000E-02  4.11100000E-02  0.00000000E+00  0.00000000E+00  0.00000000E+00  0.00000000E+00  0.00000000E+00  0.00000000E+00  0.00000000E+00  0.00000000E+00  0.00000000E+00  0.00000000E+00
-1.29734992E+01  2.51000000E-02  2.51000000E-02  3.30900000E-02  3.30900000E-02  6.95900000E-03  6.95900000E-03  4.06300000E-02  4.06300000E-02  0.00000000E+00  0.00000000E+00  0.00000000E+00  0.00000000E+00  0.00000000E+00  0.00000000E+00  0.00000000E+00  0.00000000E+00  0.00000000E+00  0.00000000E+00
-1.29544992E+01  2.58900000E-02  2.58900000E-02  2.95400000E-02  2.95400000E-02  6.07200000E-03  6.07200000E-03  4.30400000E-02  4.30400000E-02  0.00000000E+00  0.00000000E+00  0.00000000E+00  0.00000000E+00  0.00000000E+00  0.00000000E+00  0.00000000E+00  0.00000000E+00  0.00000000E+00  0.00000000E+00
-1.29354992E+01  2.62100000E-02  2.62100000E-02  2.28700000E-02  2.28700000E-02  4.50500000E-03  4.50500000E-03  4.27600000E-02  4.27600000E-02  0.00000000E+00  0.00000000E+00  0.00000000E+00  0.00000000E+00  0.00000000E+00  0.00000000E+00  0.00000000E+00  0.00000000E+00  0.00000000E+00  0.00000000E+00
-1.29154992E+01  2.35600000E-02  2.35600000E-02  1.55300000E-02  1.55300000E-02  2.86700000E-03  2.86700000E-03  3.65200000E-02  3.65200000E-02  0.00000000E+00  0.00000000E+00  0.00000000E+00  0.00000000E+00  0.00000000E+00  0.00000000E+00  0.00000000E+00  0.00000000E+00  0.00000000E+00  0.00000000E+00
-1.28964992E+01  1.76900000E-02  1.76900000E-02  9.49100000E-03  9.49100000E-03  1.61900000E-03  1.61900000E-03  2.61400000E-02  2.61400000E-02  0.00000000E+00  0.00000000E+00  0.00000000E+00  0.00000000E+00  0.00000000E+00  0.00000000E+00  0.00000000E+00  0.00000000E+00  0.00000000E+00  0.00000000E+00
-1.28774992E+01  1.16600000E-02  1.16600000E-02  6.06200000E-03  6.06200000E-03  1.00800000E-03  1.00800000E-03  1.70400000E-02  1.70400000E-02  0.00000000E+00  0.00000000E+00  0.00000000E+00  0.00000000E+00  0.00000000E+00  0.00000000E+00  0.00000000E+00  0.00000000E+00  0.00000000E+00  0.00000000E+00
-1.28584992E+01  8.92000000E-03  8.92000000E-03  5.87800000E-03  5.87800000E-03  1.10100000E-03  1.10100000E-03  1.36600000E-02  1.36600000E-02  0.00000000E+00  0.00000000E+00  0.00000000E+00  0.00000000E+00  0.00000000E+00  0.00000000E+00  0.00000000E+00  0.00000000E+00  0.00000000E+00  0.00000000E+00
-1.28384992E+01  1.00900000E-02  1.00900000E-02  8.34600000E-03  8.34600000E-03  1.72700000E-03  1.72700000E-03  1.60000000E-02  1.60000000E-02  0.00000000E+00  0.00000000E+00  0.00000000E+00  0.00000000E+00  0.00000000E+00  0.00000000E+00  0.00000000E+00  0.00000000E+00  0.00000000E+00  0.00000000E+00
-1.28194992E+01  1.25500000E-02  1.25500000E-02  1.12600000E-02  1.12600000E-02  2.41200000E-03  2.41200000E-03  1.98200000E-02  1.98200000E-02  0.00000000E+00  0.00000000E+00  0.00000000E+00  0.00000000E+00  0.00000000E+00  0.00000000E+00  0.00000000E+00  0.00000000E+00  0.00000000E+00  0.00000000E+00
-1.28004992E+01  1.29600000E-02  1.29600000E-02  1.20100000E-02  1.20100000E-02  2.60500000E-03  2.60500000E-03  2.05800000E-02  2.05800000E-02  0.00000000E+00  0.00000000E+00  0.00000000E+00  0.00000000E+00  0.00000000E+00  0.00000000E+00  0.00000000E+00  0.00000000E+00  0.00000000E+00  0.00000000E+00
-1.27804992E+01  1.03600000E-02  1.03600000E-02  9.84000000E-03  9.84000000E-03  2.15700000E-03  2.15700000E-03  1.82100000E-02  1.82100000E-02  0.00000000E+00  0.00000000E+00  0.00000000E+00  0.00000000E+00  0.00000000E+00  0.00000000E+00  0.00000000E+00  0.00000000E+00  0.00000000E+00  0.00000000E+00
-1.27614992E+01  6.71300000E-03  6.71300000E-03  6.61500000E-03  6.61500000E-03  1.46500000E-03  1.46500000E-03  1.76500000E-02  1.76500000E-02  0.00000000E+00  0.00000000E+00  0.00000000E+00  0.00000000E+00  0.00000000E+00  0.00000000E+00  0.00000000E+00  0.00000000E+00  0.00000000E+00  0.00000000E+00
-1.27424992E+01  4.70900000E-03  4.70900000E-03  4.79800000E-03  4.79900000E-03  1.04900000E-03  1.04900000E-03  2.41700000E-02  2.41700000E-02  0.00000000E+00  0.00000000E+00  0.00000000E+00  0.00000000E+00  0.00000000E+00  0.00000000E+00  0.00000000E+00  0.00000000E+00  0.00000000E+00  0.00000000E+00
-1.27224992E+01  5.62300000E-03  5.62300000E-03  5.43500000E-03  5.43500000E-03  1.11800000E-03  1.11800000E-03  3.81800000E-02  3.81800000E-02  0.00000000E+00  0.00000000E+00  0.00000000E+00  0.00000000E+00  0.00000000E+00  0.00000000E+00  0.00000000E+00  0.00000000E+00  0.00000000E+00  0.00000000E+00
-1.27034992E+01  8.96200000E-03  8.96200000E-03  7.92600000E-03  7.92600000E-03  1.57800000E-03  1.57800000E-03  5.42200000E-02  5.42200000E-02  0.00000000E+00  0.00000000E+00  0.00000000E+00  0.00000000E+00  0.00000000E+00  0.00000000E+00  0.00000000E+00  0.00000000E+00  0.00000000E+00  0.00000000E+00
-1.26844992E+01  1.29800000E-02  1.29800000E-02  1.08900000E-02  1.08900000E-02  2.25000000E-03  2.25000000E-03  6.44100000E-02  6.44100000E-02  0.00000000E+00  0.00000000E+00  0.00000000E+00  0.00000000E+00  0.00000000E+00  0.00000000E+00  0.00000000E+00  0.00000000E+00  0.00000000E+00  0.00000000E+00
-1.26654992E+01  1.57100000E-02  1.57100000E-02  1.30600000E-02  1.30600000E-02  2.94700000E-03  2.94700000E-03  6.41700000E-02  6.41700000E-02  0.00000000E+00  0.00000000E+00  0.00000000E+00  0.00000000E+00  0.00000000E+00  0.00000000E+00  0.00000000E+00  0.00000000E+00  0.00000000E+00  0.00000000E+00
-1.26454992E+01  1.64400000E-02  1.64400000E-02  1.39200000E-02  1.39200000E-02  3.46800000E-03  3.46800000E-03  5.61400000E-02  5.61400000E-02  0.00000000E+00  0.00000000E+00  0.00000000E+00  0.00000000E+00  0.00000000E+00  0.00000000E+00  0.00000000E+00  0.00000000E+00  0.00000000E+00  0.00000000E+00
-1.26264992E+01  1.63700000E-02  1.63700000E-02  1.39100000E-02  1.39100000E-02  3.71000000E-03  3.71000000E-03  4.83400000E-02  4.83400000E-02  0.00000000E+00  0.00000000E+00  0.00000000E+00  0.00000000E+00  0.00000000E+00  0.00000000E+00  0.00000000E+00  0.00000000E+00  0.00000000E+00  0.00000000E+00
-1.26074992E+01  1.71600000E-02  1.71600000E-02  1.37700000E-02  1.37700000E-02  3.72900000E-03  3.72900000E-03  4.63600000E-02  4.63600000E-02  0.00000000E+00  0.00000000E+00  0.00000000E+00  0.00000000E+00  0.00000000E+00  0.00000000E+00  0.00000000E+00  0.00000000E+00  0.00000000E+00  0.00000000E+00
-1.25874992E+01  1.91300000E-02  1.91300000E-02  1.35700000E-02  1.35700000E-02  3.60800000E-03  3.60800000E-03  4.73800000E-02  4.73800000E-02  0.00000000E+00  0.00000000E+00  0.00000000E+00  0.00000000E+00  0.00000000E+00  0.00000000E+00  0.00000000E+00  0.00000000E+00  0.00000000E+00  0.00000000E+00
-1.25684992E+01  2.13700000E-02  2.13700000E-02  1.31100000E-02  1.31100000E-02  3.46400000E-03  3.46400000E-03  4.43100000E-02  4.43100000E-02  0.00000000E+00  0.00000000E+00  0.00000000E+00  0.00000000E+00  0.00000000E+00  0.00000000E+00  0.00000000E+00  0.00000000E+00  0.00000000E+00  0.00000000E+00
-1.25494992E+01  2.34500000E-02  2.34500000E-02  1.29200000E-02  1.29200000E-02  3.55600000E-03  3.55600000E-03  3.49400000E-02  3.49400000E-02  0.00000000E+00  0.00000000E+00  0.00000000E+00  0.00000000E+00  0.00000000E+00  0.00000000E+00  0.00000000E+00  0.00000000E+00  0.00000000E+00  0.00000000E+00
-1.25304992E+01  2.51900000E-02  2.51900000E-02  1.35400000E-02  1.35400000E-02  3.98700000E-03  3.98700000E-03  2.37300000E-02  2.37300000E-02  0.00000000E+00  0.00000000E+00  0.00000000E+00  0.00000000E+00  0.00000000E+00  0.00000000E+00  0.00000000E+00  0.00000000E+00  0.00000000E+00  0.00000000E+00
-1.25104992E+01  2.50800000E-02  2.50800000E-02  1.39400000E-02  1.39400000E-02  4.31200000E-03  4.31200000E-03  1.54600000E-02  1.54600000E-02  0.00000000E+00  0.00000000E+00  0.00000000E+00  0.00000000E+00  0.00000000E+00  0.00000000E+00  0.00000000E+00  0.00000000E+00  0.00000000E+00  0.00000000E+00
-1.24914992E+01  2.13700000E-02  2.13700000E-02  1.24900000E-02  1.24900000E-02  3.93500000E-03  3.93500000E-03  1.15200000E-02  1.15200000E-02  0.00000000E+00  0.00000000E+00  0.00000000E+00  0.00000000E+00  0.00000000E+00  0.00000000E+00  0.00000000E+00  0.00000000E+00  0.00000000E+00  0.00000000E+00
-1.24724992E+01  1.50400000E-02  1.50400000E-02  9.45600000E-03  9.45600000E-03  2.88700000E-03  2.88700000E-03  1.20500000E-02  1.20500000E-02  0.00000000E+00  0.00000000E+00  0.00000000E+00  0.00000000E+00  0.00000000E+00  0.00000000E+00  0.00000000E+00  0.00000000E+00  0.00000000E+00  0.00000000E+00
-1.24524992E+01  9.41900000E-03  9.41900000E-03  6.96000000E-03  6.96000000E-03  1.82700000E-03  1.82700000E-03  1.79800000E-02  1.79800000E-02  0.00000000E+00  0.00000000E+00  0.00000000E+00  0.00000000E+00  0.00000000E+00  0.00000000E+00  0.00000000E+00  0.00000000E+00  0.00000000E+00  0.00000000E+00
-1.24334992E+01  6.83800000E-03  6.83800000E-03  6.61500000E-03  6.61500000E-03  1.30800000E-03  1.30800000E-03  2.90400000E-02  2.90400000E-02  0.00000000E+00  0.00000000E+00  0.00000000E+00  0.00000000E+00  0.00000000E+00  0.00000000E+00  0.00000000E+00  0.00000000E+00  0.00000000E+00  0.00000000E+00
-1.24144992E+01  7.03500000E-03  7.03500000E-03  8.08000000E-03  8.08000000E-03  1.36400000E-03  1.36400000E-03  4.14300000E-02  4.14300000E-02  0.00000000E+00  0.00000000E+00  0.00000000E+00  0.00000000E+00  0.00000000E+00  0.00000000E+00  0.00000000E+00  0.00000000E+00  0.00000000E+00  0.00000000E+00
-1.23944992E+01  8.49900000E-03  8.49900000E-03  9.85900000E-03  9.85900000E-03  1.72600000E-03  1.72600000E-03  4.91900000E-02  4.91900000E-02  0.00000000E+00  0.00000000E+00  0.00000000E+00  0.00000000E+00  0.00000000E+00  0.00000000E+00  0.00000000E+00  0.00000000E+00  0.00000000E+00  0.00000000E+00
-1.23754992E+01  1.02500000E-02  1.02500000E-02  1.09200000E-02  1.09200000E-02  2.22200000E-03  2.22200000E-03  4.82600000E-02  4.82600000E-02  0.00000000E+00  0.00000000E+00  0.00000000E+00  0.00000000E+00  0.00000000E+00  0.00000000E+00  0.00000000E+00  0.00000000E+00  0.00000000E+00  0.00000000E+00
-1.23564992E+01  1.25700000E-02  1.25700000E-02  1.15000000E-02  1.15000000E-02  2.88500000E-03  2.88500000E-03  3.97600000E-02  3.97600000E-02  0.00000000E+00  0.00000000E+00  0.00000000E+00  0.00000000E+00  0.00000000E+00  0.00000000E+00  0.00000000E+00  0.00000000E+00  0.00000000E+00  0.00000000E+00
-1.23374992E+01  1.61700000E-02  1.61700000E-02  1.21900000E-02  1.21900000E-02  3.66400000E-03  3.66400000E-03  2.98400000E-02  2.98400000E-02  0.00000000E+00  0.00000000E+00  0.00000000E+00  0.00000000E+00  0.00000000E+00  0.00000000E+00  0.00000000E+00  0.00000000E+00  0.00000000E+00  0.00000000E+00
-1.23174992E+01  2.03100000E-02  2.03100000E-02  1.25300000E-02  1.25300000E-02  4.14200000E-03  4.14200000E-03  2.54400000E-02  2.54400000E-02  0.00000000E+00  0.00000000E+00  0.00000000E+00  0.00000000E+00  0.00000000E+00  0.00000000E+00  0.00000000E+00  0.00000000E+00  0.00000000E+00  0.00000000E+00
-1.22984992E+01  2.23900000E-02  2.23900000E-02  1.13600000E-02  1.13600000E-02  3.83500000E-03  3.83500000E-03  2.87500000E-02  2.87500000E-02  0.00000000E+00  0.00000000E+00  0.00000000E+00  0.00000000E+00  0.00000000E+00  0.00000000E+00  0.00000000E+00  0.00000000E+00  0.00000000E+00  0.00000000E+00
-1.22794992E+01  2.05500000E-02  2.05500000E-02  8.62300000E-03  8.62300000E-03  2.80600000E-03  2.80600000E-03  3.54300000E-02  3.54300000E-02  0.00000000E+00  0.00000000E+00  0.00000000E+00  0.00000000E+00  0.00000000E+00  0.00000000E+00  0.00000000E+00  0.00000000E+00  0.00000000E+00  0.00000000E+00
-1.22594992E+01  1.61300000E-02  1.61300000E-02  5.72500000E-03  5.72600000E-03  1.64300000E-03  1.64300000E-03  3.89000000E-02  3.89000000E-02  0.00000000E+00  0.00000000E+00  0.00000000E+00  0.00000000E+00  0.00000000E+00  0.00000000E+00  0.00000000E+00  0.00000000E+00  0.00000000E+00  0.00000000E+00
-1.22404992E+01  1.23400000E-02  1.23400000E-02  4.07500000E-03  4.07500000E-03  8.79000000E-04  8.79000000E-04  3.66000000E-02  3.66000000E-02  0.00000000E+00  0.00000000E+00  0.00000000E+00  0.00000000E+00  0.00000000E+00  0.00000000E+00  0.00000000E+00  0.00000000E+00  0.00000000E+00  0.00000000E+00
-1.22214992E+01  1.13100000E-02  1.13100000E-02  4.10700000E-03  4.10700000E-03  6.92600000E-04  6.92600000E-04  3.15900000E-02  3.15900000E-02  0.00000000E+00  0.00000000E+00  0.00000000E+00  0.00000000E+00  0.00000000E+00  0.00000000E+00  0.00000000E+00  0.00000000E+00  0.00000000E+00  0.00000000E+00
-1.22024992E+01  1.34200000E-02  1.34200000E-02  5.65100000E-03  5.65100000E-03  1.05800000E-03  1.05800000E-03  2.84600000E-02  2.84600000E-02  0.00000000E+00  0.00000000E+00  0.00000000E+00  0.00000000E+00  0.00000000E+00  0.00000000E+00  0.00000000E+00  0.00000000E+00  0.00000000E+00  0.00000000E+00
-1.21824992E+01  1.81800000E-02  1.81800000E-02  8.28300000E-03  8.28300000E-03  1.84400000E-03  1.84400000E-03  2.90500000E-02  2.90500000E-02  0.00000000E+00  0.00000000E+00  0.00000000E+00  0.00000000E+00  0.00000000E+00  0.00000000E+00  0.00000000E+00  0.00000000E+00  0.00000000E+00  0.00000000E+00
-1.21634992E+01  2.40000000E-02  2.40000000E-02  1.10100000E-02  1.10100000E-02  2.71800000E-03  2.71800000E-03  3.19700000E-02  3.19700000E-02  0.00000000E+00  0.00000000E+00  0.00000000E+00  0.00000000E+00  0.00000000E+00  0.00000000E+00  0.00000000E+00  0.00000000E+00  0.00000000E+00  0.00000000E+00
-1.21444992E+01  2.81900000E-02  2.81900000E-02  1.24700000E-02  1.24700000E-02  3.24100000E-03  3.24100000E-03  3.46000000E-02  3.46000000E-02  0.00000000E+00  0.00000000E+00  0.00000000E+00  0.00000000E+00  0.00000000E+00  0.00000000E+00  0.00000000E+00  0.00000000E+00  0.00000000E+00  0.00000000E+00
-1.21244992E+01  2.89100000E-02  2.89100000E-02  1.21600000E-02  1.21600000E-02  3.22900000E-03  3.22900000E-03  3.54500000E-02  3.54500000E-02  0.00000000E+00  0.00000000E+00  0.00000000E+00  0.00000000E+00  0.00000000E+00  0.00000000E+00  0.00000000E+00  0.00000000E+00  0.00000000E+00  0.00000000E+00
-1.21054992E+01  2.66700000E-02  2.66700000E-02  1.09300000E-02  1.09300000E-02  2.90100000E-03  2.90100000E-03  3.44400000E-02  3.44400000E-02  0.00000000E+00  0.00000000E+00  0.00000000E+00  0.00000000E+00  0.00000000E+00  0.00000000E+00  0.00000000E+00  0.00000000E+00  0.00000000E+00  0.00000000E+00
-1.20864992E+01  2.35600000E-02  2.35600000E-02  9.96000000E-03  9.96000000E-03  2.56800000E-03  2.56800000E-03  3.17500000E-02  3.17500000E-02  0.00000000E+00  0.00000000E+00  0.00000000E+00  0.00000000E+00  0.00000000E+00  0.00000000E+00  0.00000000E+00  0.00000000E+00  0.00000000E+00  0.00000000E+00
-1.20664992E+01  2.13400000E-02  2.13400000E-02  9.51800000E-03  9.51800000E-03  2.31900000E-03  2.31900000E-03  2.77400000E-02  2.77400000E-02  0.00000000E+00  0.00000000E+00  0.00000000E+00  0.00000000E+00  0.00000000E+00  0.00000000E+00  0.00000000E+00  0.00000000E+00  0.00000000E+00  0.00000000E+00
-1.20474992E+01  2.03000000E-02  2.03000000E-02  9.09100000E-03  9.09100000E-03  2.10600000E-03  2.10600000E-03  2.36400000E-02  2.36400000E-02  0.00000000E+00  0.00000000E+00  0.00000000E+00  0.00000000E+00  0.00000000E+00  0.00000000E+00  0.00000000E+00  0.00000000E+00  0.00000000E+00  0.00000000E+00
-1.20284992E+01  1.94900000E-02  1.94900000E-02  8.30200000E-03  8.30200000E-03  1.99100000E-03  1.99100000E-03  2.13700000E-02  2.13700000E-02  0.00000000E+00  0.00000000E+00  0.00000000E+00  0.00000000E+00  0.00000000E+00  0.00000000E+00  0.00000000E+00  0.00000000E+00  0.00000000E+00  0.00000000E+00
-1.20094992E+01  1.80900000E-02  1.80900000E-02  7.44700000E-03  7.44700000E-03  2.13500000E-03  2.13500000E-03  2.33100000E-02  2.33100000E-02  0.00000000E+00  0.00000000E+00  0.00000000E+00  0.00000000E+00  0.00000000E+00  0.00000000E+00  0.00000000E+00  0.00000000E+00  0.00000000E+00  0.00000000E+00
-1.19894992E+01  1.61400000E-02  1.61400000E-02  7.08200000E-03  7.08200000E-03  2.51100000E-03  2.51100000E-03  3.13800000E-02  3.13800000E-02  0.00000000E+00  0.00000000E+00  0.00000000E+00  0.00000000E+00  0.00000000E+00  0.00000000E+00  0.00000000E+00  0.00000000E+00  0.00000000E+00  0.00000000E+00
-1.19704992E+01  1.38500000E-02  1.38500000E-02  7.28000000E-03  7.28000000E-03  2.80700000E-03  2.80700000E-03  4.47300000E-02  4.47300000E-02  0.00000000E+00  0.00000000E+00  0.00000000E+00  0.00000000E+00  0.00000000E+00  0.00000000E+00  0.00000000E+00  0.00000000E+00  0.00000000E+00  0.00000000E+00
-1.19514992E+01  1.11300000E-02  1.11300000E-02  7.45800000E-03  7.45800000E-03  2.71700000E-03  2.71700000E-03  5.74900000E-02  5.74900000E-02  0.00000000E+00  0.00000000E+00  0.00000000E+00  0.00000000E+00  0.00000000E+00  0.00000000E+00  0.00000000E+00  0.00000000E+00  0.00000000E+00  0.00000000E+00
-1.19314992E+01  8.15700000E-03  8.15700000E-03  6.92000000E-03  6.92000000E-03  2.27400000E-03  2.27400000E-03  6.12700000E-02  6.12700000E-02  0.00000000E+00  0.00000000E+00  0.00000000E+00  0.00000000E+00  0.00000000E+00  0.00000000E+00  0.00000000E+00  0.00000000E+00  0.00000000E+00  0.00000000E+00
-1.19124992E+01  5.69100000E-03  5.69100000E-03  5.52800000E-03  5.52800000E-03  1.78100000E-03  1.78100000E-03  5.27100000E-02  5.27100000E-02  0.00000000E+00  0.00000000E+00  0.00000000E+00  0.00000000E+00  0.00000000E+00  0.00000000E+00  0.00000000E+00  0.00000000E+00  0.00000000E+00  0.00000000E+00
-1.18934992E+01  4.60600000E-03  4.60600000E-03  3.84900000E-03  3.84900000E-03  1.49400000E-03  1.49400000E-03  3.79300000E-02  3.79300000E-02  0.00000000E+00  0.00000000E+00  0.00000000E+00  0.00000000E+00  0.00000000E+00  0.00000000E+00  0.00000000E+00  0.00000000E+00  0.00000000E+00  0.00000000E+00
-1.18734992E+01  5.21700000E-03  5.21700000E-03  2.63000000E-03  2.63000000E-03  1.44700000E-03  1.44700000E-03  2.64200000E-02  2.64200000E-02  0.00000000E+00  0.00000000E+00  0.00000000E+00  0.00000000E+00  0.00000000E+00  0.00000000E+00  0.00000000E+00  0.00000000E+00  0.00000000E+00  0.00000000E+00
-1.18544992E+01  7.16900000E-03  7.16900000E-03  2.28600000E-03  2.28600000E-03  1.58100000E-03  1.58100000E-03  2.23800000E-02  2.23800000E-02  0.00000000E+00  0.00000000E+00  0.00000000E+00  0.00000000E+00  0.00000000E+00  0.00000000E+00  0.00000000E+00  0.00000000E+00  0.00000000E+00  0.00000000E+00
-1.18354992E+01  1.00000000E-02  1.00000000E-02  2.90400000E-03  2.90400000E-03  1.94800000E-03  1.94800000E-03  2.42500000E-02  2.42500000E-02  0.00000000E+00  0.00000000E+00  0.00000000E+00  0.00000000E+00  0.00000000E+00  0.00000000E+00  0.00000000E+00  0.00000000E+00  0.00000000E+00  0.00000000E+00
-1.18164992E+01  1.35200000E-02  1.35200000E-02  4.29500000E-03  4.29500000E-03  2.58300000E-03  2.58300000E-03  2.95900000E-02  2.95900000E-02  0.00000000E+00  0.00000000E+00  0.00000000E+00  0.00000000E+00  0.00000000E+00  0.00000000E+00  0.00000000E+00  0.00000000E+00  0.00000000E+00  0.00000000E+00
-1.17964992E+01  1.72800000E-02  1.72800000E-02  5.85900000E-03  5.85900000E-03  3.22500000E-03  3.22500000E-03  3.66100000E-02  3.66100000E-02  0.00000000E+00  0.00000000E+00  0.00000000E+00  0.00000000E+00  0.00000000E+00  0.00000000E+00  0.00000000E+00  0.00000000E+00  0.00000000E+00  0.00000000E+00
-1.17774992E+01  2.02400000E-02  2.02400000E-02  6.83300000E-03  6.83300000E-03  3.45800000E-03  3.45800000E-03  4.29500000E-02  4.29500000E-02  0.00000000E+00  0.00000000E+00  0.00000000E+00  0.00000000E+00  0.00000000E+00  0.00000000E+00  0.00000000E+00  0.00000000E+00  0.00000000E+00  0.00000000E+00
-1.17584992E+01  2.15600000E-02  2.15600000E-02  6.92700000E-03  6.92700000E-03  3.19800000E-03  3.19800000E-03  4.65500000E-02  4.65500000E-02  0.00000000E+00  0.00000000E+00  0.00000000E+00  0.00000000E+00  0.00000000E+00  0.00000000E+00  0.00000000E+00  0.00000000E+00  0.00000000E+00  0.00000000E+00
-1.17384992E+01  2.12800000E-02  2.12800000E-02  6.42800000E-03  6.42800000E-03  2.77200000E-03  2.77200000E-03  4.68300000E-02  4.68300000E-02  0.00000000E+00  0.00000000E+00  0.00000000E+00  0.00000000E+00  0.00000000E+00  0.00000000E+00  0.00000000E+00  0.00000000E+00  0.00000000E+00  0.00000000E+00
-1.17194992E+01  1.95800000E-02  1.95800000E-02  5.63300000E-03  5.63300000E-03  2.43300000E-03  2.43300000E-03  4.35100000E-02  4.35100000E-02  0.00000000E+00  0.00000000E+00  0.00000000E+00  0.00000000E+00  0.00000000E+00  0.00000000E+00  0.00000000E+00  0.00000000E+00  0.00000000E+00  0.00000000E+00
-1.17004992E+01  1.63400000E-02  1.63400000E-02  4.54800000E-03  4.54800000E-03  2.09300000E-03  2.09300000E-03  3.65200000E-02  3.65200000E-02  0.00000000E+00  0.00000000E+00  0.00000000E+00  0.00000000E+00  0.00000000E+00  0.00000000E+00  0.00000000E+00  0.00000000E+00  0.00000000E+00  0.00000000E+00
-1.16814992E+01  1.19900000E-02  1.19900000E-02  3.22300000E-03  3.22300000E-03  1.59000000E-03  1.59000000E-03  2.78400000E-02  2.78400000E-02  0.00000000E+00  0.00000000E+00  0.00000000E+00  0.00000000E+00  0.00000000E+00  0.00000000E+00  0.00000000E+00  0.00000000E+00  0.00000000E+00  0.00000000E+00
-1.16614992E+01  8.15400000E-03  8.15400000E-03  2.01300000E-03  2.01300000E-03  1.00300000E-03  1.00300000E-03  2.12000000E-02  2.12000000E-02  0.00000000E+00  0.00000000E+00  0.00000000E+00  0.00000000E+00  0.00000000E+00  0.00000000E+00  0.00000000E+00  0.00000000E+00  0.00000000E+00  0.00000000E+00
-1.16424992E+01  6.76200000E-03  6.76200000E-03  1.38900000E-03  1.38900000E-03  5.69400000E-04  5.69400000E-04  1.92400000E-02  1.92400000E-02  0.00000000E+00  0.00000000E+00  0.00000000E+00  0.00000000E+00  0.00000000E+00  0.00000000E+00  0.00000000E+00  0.00000000E+00  0.00000000E+00  0.00000000E+00
-1.16234992E+01  8.63800000E-03  8.63800000E-03  1.63200000E-03  1.63200000E-03  4.45200000E-04  4.45200000E-04  2.23300000E-02  2.23300000E-02  0.00000000E+00  0.00000000E+00  0.00000000E+00  0.00000000E+00  0.00000000E+00  0.00000000E+00  0.00000000E+00  0.00000000E+00  0.00000000E+00  0.00000000E+00
-1.16034992E+01  1.26900000E-02  1.26900000E-02  2.67200000E-03  2.67200000E-03  6.06100000E-04  6.06100000E-04  2.92900000E-02  2.92900000E-02  0.00000000E+00  0.00000000E+00  0.00000000E+00  0.00000000E+00  0.00000000E+00  0.00000000E+00  0.00000000E+00  0.00000000E+00  0.00000000E+00  0.00000000E+00
-1.15844992E+01  1.61800000E-02  1.61800000E-02  3.99900000E-03  3.99900000E-03  8.79900000E-04  8.79900000E-04  3.74100000E-02  3.74100000E-02  0.00000000E+00  0.00000000E+00  0.00000000E+00  0.00000000E+00  0.00000000E+00  0.00000000E+00  0.00000000E+00  0.00000000E+00  0.00000000E+00  0.00000000E+00
-1.15654992E+01  1.64800000E-02  1.64800000E-02  4.80800000E-03  4.80800000E-03  1.03600000E-03  1.03600000E-03  4.28700000E-02  4.28700000E-02  0.00000000E+00  0.00000000E+00  0.00000000E+00  0.00000000E+00  0.00000000E+00  0.00000000E+00  0.00000000E+00  0.00000000E+00  0.00000000E+00  0.00000000E+00
-1.15454992E+01  1.32200000E-02  1.32200000E-02  4.58500000E-03  4.58500000E-03  9.39600000E-04  9.39600000E-04  4.32500000E-02  4.32500000E-02  0.00000000E+00  0.00000000E+00  0.00000000E+00  0.00000000E+00  0.00000000E+00  0.00000000E+00  0.00000000E+00  0.00000000E+00  0.00000000E+00  0.00000000E+00
-1.15264992E+01  8.55000000E-03  8.55000000E-03  3.56100000E-03  3.56100000E-03  6.67100000E-04  6.67100000E-04  3.90700000E-02  3.90700000E-02  0.00000000E+00  0.00000000E+00  0.00000000E+00  0.00000000E+00  0.00000000E+00  0.00000000E+00  0.00000000E+00  0.00000000E+00  0.00000000E+00  0.00000000E+00
-1.15074992E+01  5.05000000E-03  5.05000000E-03  2.43400000E-03  2.43400000E-03  4.15100000E-04  4.15100000E-04  3.29000000E-02  3.29000000E-02  0.00000000E+00  0.00000000E+00  0.00000000E+00  0.00000000E+00  0.00000000E+00  0.00000000E+00  0.00000000E+00  0.00000000E+00  0.00000000E+00  0.00000000E+00
-1.14884992E+01  3.93500000E-03  3.93500000E-03  1.77200000E-03  1.77200000E-03  3.24100000E-04  3.24100000E-04  2.84500000E-02  2.84500000E-02  0.00000000E+00  0.00000000E+00  0.00000000E+00  0.00000000E+00  0.00000000E+00  0.00000000E+00  0.00000000E+00  0.00000000E+00  0.00000000E+00  0.00000000E+00
-1.14684992E+01  4.85000000E-03  4.85000000E-03  1.75300000E-03  1.75300000E-03  4.05800000E-04  4.05800000E-04  2.93300000E-02  2.93300000E-02  0.00000000E+00  0.00000000E+00  0.00000000E+00  0.00000000E+00  0.00000000E+00  0.00000000E+00  0.00000000E+00  0.00000000E+00  0.00000000E+00  0.00000000E+00
-1.14494992E+01  6.63000000E-03  6.63000000E-03  2.24300000E-03  2.24300000E-03  5.89600000E-04  5.89600000E-04  3.64900000E-02  3.64900000E-02  0.00000000E+00  0.00000000E+00  0.00000000E+00  0.00000000E+00  0.00000000E+00  0.00000000E+00  0.00000000E+00  0.00000000E+00  0.00000000E+00  0.00000000E+00
-1.14304992E+01  8.12500000E-03  8.12500000E-03  2.95500000E-03  2.95500000E-03  7.94900000E-04  7.94900000E-04  4.70900000E-02  4.70900000E-02  0.00000000E+00  0.00000000E+00  0.00000000E+00  0.00000000E+00  0.00000000E+00  0.00000000E+00  0.00000000E+00  0.00000000E+00  0.00000000E+00  0.00000000E+00
-1.14104992E+01  8.83200000E-03  8.83200000E-03  3.63300000E-03  3.63300000E-03  9.84300000E-04  9.84300000E-04  5.66300000E-02  5.66300000E-02  0.00000000E+00  0.00000000E+00  0.00000000E+00  0.00000000E+00  0.00000000E+00  0.00000000E+00  0.00000000E+00  0.00000000E+00  0.00000000E+00  0.00000000E+00
-1.13914992E+01  9.14800000E-03  9.14800000E-03  4.29600000E-03  4.29600000E-03  1.20100000E-03  1.20100000E-03  6.35100000E-02  6.35100000E-02  0.00000000E+00  0.00000000E+00  0.00000000E+00  0.00000000E+00  0.00000000E+00  0.00000000E+00  0.00000000E+00  0.00000000E+00  0.00000000E+00  0.00000000E+00
-1.13724992E+01  1.01000000E-02  1.01000000E-02  5.30300000E-03  5.30300000E-03  1.56000000E-03  1.56000000E-03  7.15400000E-02  7.15400000E-02  0.00000000E+00  0.00000000E+00  0.00000000E+00  0.00000000E+00  0.00000000E+00  0.00000000E+00  0.00000000E+00  0.00000000E+00  0.00000000E+00  0.00000000E+00
-1.13534992E+01  1.23500000E-02  1.23500000E-02  6.87700000E-03  6.87700000E-03  2.12200000E-03  2.12200000E-03  8.49800000E-02  8.49800000E-02  0.00000000E+00  0.00000000E+00  0.00000000E+00  0.00000000E+00  0.00000000E+00  0.00000000E+00  0.00000000E+00  0.00000000E+00  0.00000000E+00  0.00000000E+00
-1.13334992E+01  1.51800000E-02  1.51800000E-02  8.43600000E-03  8.43600000E-03  2.73300000E-03  2.73300000E-03  9.98200000E-02  9.98200000E-02  0.00000000E+00  0.00000000E+00  0.00000000E+00  0.00000000E+00  0.00000000E+00  0.00000000E+00  0.00000000E+00  0.00000000E+00  0.00000000E+00  0.00000000E+00
-1.13144992E+01  1.66600000E-02  1.66600000E-02  8.84700000E-03  8.84700000E-03  3.05600000E-03  3.05600000E-03  1.04600000E-01  1.04600000E-01  0.00000000E+00  0.00000000E+00  0.00000000E+00  0.00000000E+00  0.00000000E+00  0.00000000E+00  0.00000000E+00  0.00000000E+00  0.00000000E+00  0.00000000E+00
-1.12954992E+01  1.53600000E-02  1.53600000E-02  7.58600000E-03  7.58600000E-03  2.83800000E-03  2.83800000E-03  9.20400000E-02  9.20400000E-02  0.00000000E+00  0.00000000E+00  0.00000000E+00  0.00000000E+00  0.00000000E+00  0.00000000E+00  0.00000000E+00  0.00000000E+00  0.00000000E+00  0.00000000E+00
-1.12754992E+01  1.17100000E-02  1.17100000E-02  5.38500000E-03  5.38500000E-03  2.15300000E-03  2.15300000E-03  6.64200000E-02  6.64200000E-02  0.00000000E+00  0.00000000E+00  0.00000000E+00  0.00000000E+00  0.00000000E+00  0.00000000E+00  0.00000000E+00  0.00000000E+00  0.00000000E+00  0.00000000E+00
-1.12564992E+01  7.70300000E-03  7.70300000E-03  3.57300000E-03  3.57300000E-03  1.35300000E-03  1.35300000E-03  3.93000000E-02  3.93000000E-02  0.00000000E+00  0.00000000E+00  0.00000000E+00  0.00000000E+00  0.00000000E+00  0.00000000E+00  0.00000000E+00  0.00000000E+00  0.00000000E+00  0.00000000E+00
-1.12374992E+01  5.38000000E-03  5.38000000E-03  3.00700000E-03  3.00700000E-03  7.86900000E-04  7.86900000E-04  2.04700000E-02  2.04700000E-02  0.00000000E+00  0.00000000E+00  0.00000000E+00  0.00000000E+00  0.00000000E+00  0.00000000E+00  0.00000000E+00  0.00000000E+00  0.00000000E+00  0.00000000E+00
-1.12174992E+01  5.56200000E-03  5.56200000E-03  3.58200000E-03  3.58200000E-03  5.74700000E-04  5.74700000E-04  1.32900000E-02  1.32900000E-02  0.00000000E+00  0.00000000E+00  0.00000000E+00  0.00000000E+00  0.00000000E+00  0.00000000E+00  0.00000000E+00  0.00000000E+00  0.00000000E+00  0.00000000E+00
-1.11984992E+01  7.58900000E-03  7.58900000E-03  4.47400000E-03  4.47400000E-03  6.08800000E-04  6.08800000E-04  1.56300000E-02  1.56300000E-02  0.00000000E+00  0.00000000E+00  0.00000000E+00  0.00000000E+00  0.00000000E+00  0.00000000E+00  0.00000000E+00  0.00000000E+00  0.00000000E+00  0.00000000E+00
-1.11794992E+01  9.84800000E-03  9.84800000E-03  4.86200000E-03  4.86200000E-03  6.99700000E-04  6.99700000E-04  2.25300000E-02  2.25300000E-02  0.00000000E+00  0.00000000E+00  0.00000000E+00  0.00000000E+00  0.00000000E+00  0.00000000E+00  0.00000000E+00  0.00000000E+00  0.00000000E+00  0.00000000E+00
-1.11604992E+01  1.08700000E-02  1.08700000E-02  4.59700000E-03  4.59700000E-03  7.23100000E-04  7.23100000E-04  2.95100000E-02  2.95100000E-02  0.00000000E+00  0.00000000E+00  0.00000000E+00  0.00000000E+00  0.00000000E+00  0.00000000E+00  0.00000000E+00  0.00000000E+00  0.00000000E+00  0.00000000E+00
-1.11404992E+01  1.05500000E-02  1.05500000E-02  4.29000000E-03  4.29000000E-03  7.07500000E-04  7.07500000E-04  3.63100000E-02  3.63100000E-02  0.00000000E+00  0.00000000E+00  0.00000000E+00  0.00000000E+00  0.00000000E+00  0.00000000E+00  0.00000000E+00  0.00000000E+00  0.00000000E+00  0.00000000E+00
-1.11214992E+01  1.01800000E-02  1.01800000E-02  4.78300000E-03  4.78300000E-03  8.14200000E-04  8.14200000E-04  4.65700000E-02  4.65700000E-02  0.00000000E+00  0.00000000E+00  0.00000000E+00  0.00000000E+00  0.00000000E+00  0.00000000E+00  0.00000000E+00  0.00000000E+00  0.00000000E+00  0.00000000E+00
-1.11024992E+01  1.09900000E-02  1.09900000E-02  6.43700000E-03  6.43700000E-03  1.18500000E-03  1.18500000E-03  6.21100000E-02  6.21100000E-02  0.00000000E+00  0.00000000E+00  0.00000000E+00  0.00000000E+00  0.00000000E+00  0.00000000E+00  0.00000000E+00  0.00000000E+00  0.00000000E+00  0.00000000E+00
-1.10824992E+01  1.31800000E-02  1.31800000E-02  8.80700000E-03  8.80700000E-03  1.78800000E-03  1.78800000E-03  7.87200000E-02  7.87200000E-02  0.00000000E+00  0.00000000E+00  0.00000000E+00  0.00000000E+00  0.00000000E+00  0.00000000E+00  0.00000000E+00  0.00000000E+00  0.00000000E+00  0.00000000E+00
-1.10634992E+01  1.63700000E-02  1.63700000E-02  1.09500000E-02  1.09500000E-02  2.45100000E-03  2.45100000E-03  8.92200000E-02  8.92200000E-02  0.00000000E+00  0.00000000E+00  0.00000000E+00  0.00000000E+00  0.00000000E+00  0.00000000E+00  0.00000000E+00  0.00000000E+00  0.00000000E+00  0.00000000E+00
-1.10444992E+01  1.98900000E-02  1.98900000E-02  1.20200000E-02  1.20200000E-02  3.00000000E-03  3.00000000E-03  8.89600000E-02  8.89600000E-02  0.00000000E+00  0.00000000E+00  0.00000000E+00  0.00000000E+00  0.00000000E+00  0.00000000E+00  0.00000000E+00  0.00000000E+00  0.00000000E+00  0.00000000E+00
-1.10254992E+01  2.21200000E-02  2.21200000E-02  1.16100000E-02  1.16100000E-02  3.26500000E-03  3.26500000E-03  7.78200000E-02  7.78200000E-02  0.00000000E+00  0.00000000E+00  0.00000000E+00  0.00000000E+00  0.00000000E+00  0.00000000E+00  0.00000000E+00  0.00000000E+00  0.00000000E+00  0.00000000E+00
-1.10054992E+01  2.10500000E-02  2.10500000E-02  9.75000000E-03  9.75000000E-03  3.05000000E-03  3.05000000E-03  5.96500000E-02  5.96500000E-02  0.00000000E+00  0.00000000E+00  0.00000000E+00  0.00000000E+00  0.00000000E+00  0.00000000E+00  0.00000000E+00  0.00000000E+00  0.00000000E+00  0.00000000E+00
-1.09864992E+01  1.65300000E-02  1.65300000E-02  7.00600000E-03  7.00600000E-03  2.33200000E-03  2.33200000E-03  4.13800000E-02  4.13800000E-02  0.00000000E+00  0.00000000E+00  0.00000000E+00  0.00000000E+00  0.00000000E+00  0.00000000E+00  0.00000000E+00  0.00000000E+00  0.00000000E+00  0.00000000E+00
-1.09674992E+01  1.09400000E-02  1.09400000E-02  4.34900000E-03  4.34900000E-03  1.40600000E-03  1.40600000E-03  3.00100000E-02  3.00100000E-02  0.00000000E+00  0.00000000E+00  0.00000000E+00  0.00000000E+00  0.00000000E+00  0.00000000E+00  0.00000000E+00  0.00000000E+00  0.00000000E+00  0.00000000E+00
-1.09474992E+01  6.85300000E-03  6.85300000E-03  2.55700000E-03  2.55700000E-03  6.59100000E-04  6.59100000E-04  2.72800000E-02  2.72800000E-02  0.00000000E+00  0.00000000E+00  0.00000000E+00  0.00000000E+00  0.00000000E+00  0.00000000E+00  0.00000000E+00  0.00000000E+00  0.00000000E+00  0.00000000E+00
-1.09284992E+01  4.88700000E-03  4.88700000E-03  1.68600000E-03  1.68600000E-03  2.51300000E-04  2.51300000E-04  2.82600000E-02  2.82600000E-02  0.00000000E+00  0.00000000E+00  0.00000000E+00  0.00000000E+00  0.00000000E+00  0.00000000E+00  0.00000000E+00  0.00000000E+00  0.00000000E+00  0.00000000E+00
-1.09094992E+01  4.39700000E-03  4.39700000E-03  1.36000000E-03  1.36000000E-03  1.26900000E-04  1.26900000E-04  2.74200000E-02  2.74200000E-02  0.00000000E+00  0.00000000E+00  0.00000000E+00  0.00000000E+00  0.00000000E+00  0.00000000E+00  0.00000000E+00  0.00000000E+00  0.00000000E+00  0.00000000E+00
-1.08894992E+01  5.34800000E-03  5.34800000E-03  1.41100000E-03  1.41100000E-03  2.05600000E-04  2.05600000E-04  2.57400000E-02  2.57400000E-02  0.00000000E+00  0.00000000E+00  0.00000000E+00  0.00000000E+00  0.00000000E+00  0.00000000E+00  0.00000000E+00  0.00000000E+00  0.00000000E+00  0.00000000E+00
-1.08704992E+01  8.42900000E-03  8.42900000E-03  1.98200000E-03  1.98200000E-03  4.68800000E-04  4.68800000E-04  2.93800000E-02  2.93800000E-02  0.00000000E+00  0.00000000E+00  0.00000000E+00  0.00000000E+00  0.00000000E+00  0.00000000E+00  0.00000000E+00  0.00000000E+00  0.00000000E+00  0.00000000E+00
-1.08514992E+01  1.32800000E-02  1.32800000E-02  3.07400000E-03  3.07400000E-03  8.80900000E-04  8.80900000E-04  4.09900000E-02  4.09900000E-02  0.00000000E+00  0.00000000E+00  0.00000000E+00  0.00000000E+00  0.00000000E+00  0.00000000E+00  0.00000000E+00  0.00000000E+00  0.00000000E+00  0.00000000E+00
-1.08324992E+01  1.77000000E-02  1.77000000E-02  4.31700000E-03  4.31700000E-03  1.30200000E-03  1.30200000E-03  5.43200000E-02  5.43200000E-02  0.00000000E+00  0.00000000E+00  0.00000000E+00  0.00000000E+00  0.00000000E+00  0.00000000E+00  0.00000000E+00  0.00000000E+00  0.00000000E+00  0.00000000E+00
-1.08124992E+01  1.98700000E-02  1.98700000E-02  5.49200000E-03  5.49200000E-03  1.57200000E-03  1.57200000E-03  5.94000000E-02  5.94000000E-02  0.00000000E+00  0.00000000E+00  0.00000000E+00  0.00000000E+00  0.00000000E+00  0.00000000E+00  0.00000000E+00  0.00000000E+00  0.00000000E+00  0.00000000E+00
-1.07934992E+01  2.09600000E-02  2.09600000E-02  7.09600000E-03  7.09600000E-03  1.69200000E-03  1.69200000E-03  5.34700000E-02  5.34700000E-02  0.00000000E+00  0.00000000E+00  0.00000000E+00  0.00000000E+00  0.00000000E+00  0.00000000E+00  0.00000000E+00  0.00000000E+00  0.00000000E+00  0.00000000E+00
-1.07744992E+01  2.36800000E-02  2.36800000E-02  9.77300000E-03  9.77300000E-03  1.81100000E-03  1.81100000E-03  4.41700000E-02  4.41700000E-02  0.00000000E+00  0.00000000E+00  0.00000000E+00  0.00000000E+00  0.00000000E+00  0.00000000E+00  0.00000000E+00  0.00000000E+00  0.00000000E+00  0.00000000E+00
-1.07544992E+01  2.81900000E-02  2.81900000E-02  1.31000000E-02  1.31000000E-02  1.99800000E-03  1.99800000E-03  4.08100000E-02  4.08100000E-02  0.00000000E+00  0.00000000E+00  0.00000000E+00  0.00000000E+00  0.00000000E+00  0.00000000E+00  0.00000000E+00  0.00000000E+00  0.00000000E+00  0.00000000E+00
-1.07354992E+01  3.17800000E-02  3.17800000E-02  1.57400000E-02  1.57400000E-02  2.20300000E-03  2.20300000E-03  4.55400000E-02  4.55400000E-02  0.00000000E+00  0.00000000E+00  0.00000000E+00  0.00000000E+00  0.00000000E+00  0.00000000E+00  0.00000000E+00  0.00000000E+00  0.00000000E+00  0.00000000E+00
-1.07164992E+01  3.26100000E-02  3.26100000E-02  1.69400000E-02  1.69400000E-02  2.43600000E-03  2.43600000E-03  5.43000000E-02  5.43000000E-02  0.00000000E+00  0.00000000E+00  0.00000000E+00  0.00000000E+00  0.00000000E+00  0.00000000E+00  0.00000000E+00  0.00000000E+00  0.00000000E+00  0.00000000E+00
-1.06964992E+01  3.12900000E-02  3.12900000E-02  1.68900000E-02  1.68900000E-02  2.72800000E-03  2.72800000E-03  6.18600000E-02  6.18600000E-02  0.00000000E+00  0.00000000E+00  0.00000000E+00  0.00000000E+00  0.00000000E+00  0.00000000E+00  0.00000000E+00  0.00000000E+00  0.00000000E+00  0.00000000E+00
-1.06774992E+01  2.83300000E-02  2.83300000E-02  1.56900000E-02  1.56900000E-02  2.90800000E-03  2.90800000E-03  6.36000000E-02  6.36000000E-02  0.00000000E+00  0.00000000E+00  0.00000000E+00  0.00000000E+00  0.00000000E+00  0.00000000E+00  0.00000000E+00  0.00000000E+00  0.00000000E+00  0.00000000E+00
-1.06584992E+01  2.29900000E-02  2.29900000E-02  1.31000000E-02  1.31000000E-02  2.70500000E-03  2.70500000E-03  5.64200000E-02  5.64200000E-02  0.00000000E+00  0.00000000E+00  0.00000000E+00  0.00000000E+00  0.00000000E+00  0.00000000E+00  0.00000000E+00  0.00000000E+00  0.00000000E+00  0.00000000E+00
-1.06394992E+01  1.56500000E-02  1.56500000E-02  9.57100000E-03  9.57100000E-03  2.10800000E-03  2.10800000E-03  4.20500000E-02  4.20500000E-02  0.00000000E+00  0.00000000E+00  0.00000000E+00  0.00000000E+00  0.00000000E+00  0.00000000E+00  0.00000000E+00  0.00000000E+00  0.00000000E+00  0.00000000E+00
-1.06194992E+01  8.70900000E-03  8.70900000E-03  6.36900000E-03  6.36900000E-03  1.40000000E-03  1.40000000E-03  2.68400000E-02  2.68400000E-02  0.00000000E+00  0.00000000E+00  0.00000000E+00  0.00000000E+00  0.00000000E+00  0.00000000E+00  0.00000000E+00  0.00000000E+00  0.00000000E+00  0.00000000E+00
-1.06004992E+01  4.45800000E-03  4.45800000E-03  4.71800000E-03  4.71800000E-03  8.74500000E-04  8.74500000E-04  1.68600000E-02  1.68600000E-02  0.00000000E+00  0.00000000E+00  0.00000000E+00  0.00000000E+00  0.00000000E+00  0.00000000E+00  0.00000000E+00  0.00000000E+00  0.00000000E+00  0.00000000E+00
-1.05814992E+01  3.33300000E-03  3.33300000E-03  5.15200000E-03  5.15200000E-03  6.63700000E-04  6.63700000E-04  1.43700000E-02  1.43700000E-02  0.00000000E+00  0.00000000E+00  0.00000000E+00  0.00000000E+00  0.00000000E+00  0.00000000E+00  0.00000000E+00  0.00000000E+00  0.00000000E+00  0.00000000E+00
-1.05614992E+01  4.29100000E-03  4.29100000E-03  7.20000000E-03  7.20000000E-03  7.49300000E-04  7.49300000E-04  1.78400000E-02  1.78400000E-02  0.00000000E+00  0.00000000E+00  0.00000000E+00  0.00000000E+00  0.00000000E+00  0.00000000E+00  0.00000000E+00  0.00000000E+00  0.00000000E+00  0.00000000E+00
-1.05424992E+01  5.77800000E-03  5.77800000E-03  9.26500000E-03  9.26500000E-03  9.76300000E-04  9.76300000E-04  2.31300000E-02  2.31300000E-02  0.00000000E+00  0.00000000E+00  0.00000000E+00  0.00000000E+00  0.00000000E+00  0.00000000E+00  0.00000000E+00  0.00000000E+00  0.00000000E+00  0.00000000E+00
-1.05234992E+01  6.46800000E-03  6.46800000E-03  9.57800000E-03  9.57800000E-03  1.11500000E-03  1.11500000E-03  2.59300000E-02  2.59300000E-02  0.00000000E+00  0.00000000E+00  0.00000000E+00  0.00000000E+00  0.00000000E+00  0.00000000E+00  0.00000000E+00  0.00000000E+00  0.00000000E+00  0.00000000E+00
-1.05044992E+01  5.97000000E-03  5.97000000E-03  7.82200000E-03  7.82200000E-03  1.03400000E-03  1.03400000E-03  2.55300000E-02  2.55300000E-02  0.00000000E+00  0.00000000E+00  0.00000000E+00  0.00000000E+00  0.00000000E+00  0.00000000E+00  0.00000000E+00  0.00000000E+00  0.00000000E+00  0.00000000E+00
-1.04844992E+01  5.03000000E-03  5.03000000E-03  5.41600000E-03  5.41600000E-03  8.15500000E-04  8.15500000E-04  2.59900000E-02  2.59900000E-02  0.00000000E+00  0.00000000E+00  0.00000000E+00  0.00000000E+00  0.00000000E+00  0.00000000E+00  0.00000000E+00  0.00000000E+00  0.00000000E+00  0.00000000E+00
-1.04654992E+01  4.76400000E-03  4.76400000E-03  4.01600000E-03  4.01600000E-03  6.60000000E-04  6.60000000E-04  3.20500000E-02  3.20500000E-02  0.00000000E+00  0.00000000E+00  0.00000000E+00  0.00000000E+00  0.00000000E+00  0.00000000E+00  0.00000000E+00  0.00000000E+00  0.00000000E+00  0.00000000E+00
-1.04464992E+01  5.54200000E-03  5.54200000E-03  4.13600000E-03  4.13600000E-03  6.93300000E-04  6.93300000E-04  4.32400000E-02  4.32400000E-02  0.00000000E+00  0.00000000E+00  0.00000000E+00  0.00000000E+00  0.00000000E+00  0.00000000E+00  0.00000000E+00  0.00000000E+00  0.00000000E+00  0.00000000E+00
-1.04264992E+01  6.82000000E-03  6.82000000E-03  5.24900000E-03  5.24900000E-03  9.00500000E-04  9.00500000E-04  5.41600000E-02  5.41600000E-02  0.00000000E+00  0.00000000E+00  0.00000000E+00  0.00000000E+00  0.00000000E+00  0.00000000E+00  0.00000000E+00  0.00000000E+00  0.00000000E+00  0.00000000E+00
-1.04074992E+01  8.19000000E-03  8.19000000E-03  6.69500000E-03  6.69500000E-03  1.23100000E-03  1.23100000E-03  6.21900000E-02  6.21900000E-02  0.00000000E+00  0.00000000E+00  0.00000000E+00  0.00000000E+00  0.00000000E+00  0.00000000E+00  0.00000000E+00  0.00000000E+00  0.00000000E+00  0.00000000E+00
-1.03884992E+01  1.01500000E-02  1.01500000E-02  8.05600000E-03  8.05600000E-03  1.67400000E-03  1.67400000E-03  7.15200000E-02  7.15200000E-02  0.00000000E+00  0.00000000E+00  0.00000000E+00  0.00000000E+00  0.00000000E+00  0.00000000E+00  0.00000000E+00  0.00000000E+00  0.00000000E+00  0.00000000E+00
-1.03684992E+01  1.31900000E-02  1.31900000E-02  8.84300000E-03  8.84300000E-03  2.16800000E-03  2.16800000E-03  8.53400000E-02  8.53400000E-02  0.00000000E+00  0.00000000E+00  0.00000000E+00  0.00000000E+00  0.00000000E+00  0.00000000E+00  0.00000000E+00  0.00000000E+00  0.00000000E+00  0.00000000E+00
-1.03494992E+01  1.62300000E-02  1.62300000E-02  8.53400000E-03  8.53400000E-03  2.49400000E-03  2.49400000E-03  9.74700000E-02  9.74700000E-02  0.00000000E+00  0.00000000E+00  0.00000000E+00  0.00000000E+00  0.00000000E+00  0.00000000E+00  0.00000000E+00  0.00000000E+00  0.00000000E+00  0.00000000E+00
-1.03304992E+01  1.71600000E-02  1.71600000E-02  7.25000000E-03  7.25000000E-03  2.41000000E-03  2.41000000E-03  9.78500000E-02  9.78500000E-02  0.00000000E+00  0.00000000E+00  0.00000000E+00  0.00000000E+00  0.00000000E+00  0.00000000E+00  0.00000000E+00  0.00000000E+00  0.00000000E+00  0.00000000E+00
-1.03114992E+01  1.52000000E-02  1.52000000E-02  5.86500000E-03  5.86500000E-03  1.93200000E-03  1.93200000E-03  8.51900000E-02  8.51900000E-02  0.00000000E+00  0.00000000E+00  0.00000000E+00  0.00000000E+00  0.00000000E+00  0.00000000E+00  0.00000000E+00  0.00000000E+00  0.00000000E+00  0.00000000E+00
-1.02914992E+01  1.19900000E-02  1.19900000E-02  5.29100000E-03  5.29100000E-03  1.37800000E-03  1.37800000E-03  6.83900000E-02  6.83900000E-02  0.00000000E+00  0.00000000E+00  0.00000000E+00  0.00000000E+00  0.00000000E+00  0.00000000E+00  0.00000000E+00  0.00000000E+00  0.00000000E+00  0.00000000E+00
-1.02724992E+01  9.92800000E-03  9.92800000E-03  5.97000000E-03  5.97000000E-03  1.09000000E-03  1.09000000E-03  5.64900000E-02  5.64900000E-02  0.00000000E+00  0.00000000E+00  0.00000000E+00  0.00000000E+00  0.00000000E+00  0.00000000E+00  0.00000000E+00  0.00000000E+00  0.00000000E+00  0.00000000E+00
-1.02534992E+01  1.01300000E-02  1.01300000E-02  7.80300000E-03  7.80300000E-03  1.16100000E-03  1.16100000E-03  5.13200000E-02  5.13200000E-02  0.00000000E+00  0.00000000E+00  0.00000000E+00  0.00000000E+00  0.00000000E+00  0.00000000E+00  0.00000000E+00  0.00000000E+00  0.00000000E+00  0.00000000E+00
-1.02334992E+01  1.20000000E-02  1.20000000E-02  9.96200000E-03  9.96200000E-03  1.40500000E-03  1.40500000E-03  4.85500000E-02  4.85500000E-02  0.00000000E+00  0.00000000E+00  0.00000000E+00  0.00000000E+00  0.00000000E+00  0.00000000E+00  0.00000000E+00  0.00000000E+00  0.00000000E+00  0.00000000E+00
-1.02144992E+01  1.38400000E-02  1.38400000E-02  1.10600000E-02  1.10600000E-02  1.56300000E-03  1.56300000E-03  4.32000000E-02  4.32000000E-02  0.00000000E+00  0.00000000E+00  0.00000000E+00  0.00000000E+00  0.00000000E+00  0.00000000E+00  0.00000000E+00  0.00000000E+00  0.00000000E+00  0.00000000E+00
-1.01954992E+01  1.40200000E-02  1.40200000E-02  1.02800000E-02  1.02800000E-02  1.55500000E-03  1.55500000E-03  3.49900000E-02  3.49900000E-02  0.00000000E+00  0.00000000E+00  0.00000000E+00  0.00000000E+00  0.00000000E+00  0.00000000E+00  0.00000000E+00  0.00000000E+00  0.00000000E+00  0.00000000E+00
-1.01764992E+01  1.25000000E-02  1.25000000E-02  8.36900000E-03  8.36900000E-03  1.52600000E-03  1.52600000E-03  2.91500000E-02  2.91500000E-02  0.00000000E+00  0.00000000E+00  0.00000000E+00  0.00000000E+00  0.00000000E+00  0.00000000E+00  0.00000000E+00  0.00000000E+00  0.00000000E+00  0.00000000E+00
-1.01564992E+01  1.06800000E-02  1.06800000E-02  6.99100000E-03  6.99100000E-03  1.63100000E-03  1.63100000E-03  3.14100000E-02  3.14100000E-02  0.00000000E+00  0.00000000E+00  0.00000000E+00  0.00000000E+00  0.00000000E+00  0.00000000E+00  0.00000000E+00  0.00000000E+00  0.00000000E+00  0.00000000E+00
-1.01374992E+01  9.78900000E-03  9.78900000E-03  7.07500000E-03  7.07500000E-03  1.82500000E-03  1.82500000E-03  4.22500000E-02  4.22500000E-02  0.00000000E+00  0.00000000E+00  0.00000000E+00  0.00000000E+00  0.00000000E+00  0.00000000E+00  0.00000000E+00  0.00000000E+00  0.00000000E+00  0.00000000E+00
-1.01184992E+01  9.74000000E-03  9.74000000E-03  8.11500000E-03  8.11500000E-03  1.91900000E-03  1.91900000E-03  5.61000000E-02  5.61000000E-02  0.00000000E+00  0.00000000E+00  0.00000000E+00  0.00000000E+00  0.00000000E+00  0.00000000E+00  0.00000000E+00  0.00000000E+00  0.00000000E+00  0.00000000E+00
-1.00984992E+01  9.56900000E-03  9.56900000E-03  9.04000000E-03  9.04000000E-03  1.81600000E-03  1.81600000E-03  6.59900000E-02  6.59900000E-02  0.00000000E+00  0.00000000E+00  0.00000000E+00  0.00000000E+00  0.00000000E+00  0.00000000E+00  0.00000000E+00  0.00000000E+00  0.00000000E+00  0.00000000E+00
-1.00794992E+01  8.54900000E-03  8.54900000E-03  9.30300000E-03  9.30300000E-03  1.59600000E-03  1.59600000E-03  6.88000000E-02  6.88000000E-02  0.00000000E+00  0.00000000E+00  0.00000000E+00  0.00000000E+00  0.00000000E+00  0.00000000E+00  0.00000000E+00  0.00000000E+00  0.00000000E+00  0.00000000E+00
-1.00604992E+01  6.81900000E-03  6.81900000E-03  9.01800000E-03  9.01800000E-03  1.37800000E-03  1.37800000E-03  6.56500000E-02  6.56500000E-02  0.00000000E+00  0.00000000E+00  0.00000000E+00  0.00000000E+00  0.00000000E+00  0.00000000E+00  0.00000000E+00  0.00000000E+00  0.00000000E+00  0.00000000E+00
-1.00404992E+01  5.17200000E-03  5.17200000E-03  8.70200000E-03  8.70200000E-03  1.23900000E-03  1.23900000E-03  5.92300000E-02  5.92300000E-02  0.00000000E+00  0.00000000E+00  0.00000000E+00  0.00000000E+00  0.00000000E+00  0.00000000E+00  0.00000000E+00  0.00000000E+00  0.00000000E+00  0.00000000E+00
-1.00214992E+01  4.54500000E-03  4.54500000E-03  9.18600000E-03  9.18600000E-03  1.28000000E-03  1.28000000E-03  5.33000000E-02  5.33000000E-02  0.00000000E+00  0.00000000E+00  0.00000000E+00  0.00000000E+00  0.00000000E+00  0.00000000E+00  0.00000000E+00  0.00000000E+00  0.00000000E+00  0.00000000E+00
-1.00024992E+01  5.55100000E-03  5.55100000E-03  1.11200000E-02  1.11200000E-02  1.61400000E-03  1.61400000E-03  5.26100000E-02  5.26100000E-02  0.00000000E+00  0.00000000E+00  0.00000000E+00  0.00000000E+00  0.00000000E+00  0.00000000E+00  0.00000000E+00  0.00000000E+00  0.00000000E+00  0.00000000E+00
-9.98349916E+00  8.07000000E-03  8.07000000E-03  1.42400000E-02  1.42400000E-02  2.19600000E-03  2.19600000E-03  6.00700000E-02  6.00700000E-02  0.00000000E+00  0.00000000E+00  0.00000000E+00  0.00000000E+00  0.00000000E+00  0.00000000E+00  0.00000000E+00  0.00000000E+00  0.00000000E+00  0.00000000E+00
-9.96349916E+00  1.12900000E-02  1.12900000E-02  1.74800000E-02  1.74800000E-02  2.77100000E-03  2.77100000E-03  7.35600000E-02  7.35600000E-02  0.00000000E+00  0.00000000E+00  0.00000000E+00  0.00000000E+00  0.00000000E+00  0.00000000E+00  0.00000000E+00  0.00000000E+00  0.00000000E+00  0.00000000E+00
-9.94449916E+00  1.43700000E-02  1.43700000E-02  1.97400000E-02  1.97400000E-02  3.06900000E-03  3.06900000E-03  8.60600000E-02  8.60600000E-02  0.00000000E+00  0.00000000E+00  0.00000000E+00  0.00000000E+00  0.00000000E+00  0.00000000E+00  0.00000000E+00  0.00000000E+00  0.00000000E+00  0.00000000E+00
-9.92549916E+00  1.69400000E-02  1.69400000E-02  2.03600000E-02  2.03600000E-02  3.00100000E-03  3.00100000E-03  8.97600000E-02  8.97600000E-02  0.00000000E+00  0.00000000E+00  0.00000000E+00  0.00000000E+00  0.00000000E+00  0.00000000E+00  0.00000000E+00  0.00000000E+00  0.00000000E+00  0.00000000E+00
-9.90549916E+00  1.87300000E-02  1.87300000E-02  1.93200000E-02  1.93200000E-02  2.68200000E-03  2.68200000E-03  8.20400000E-02  8.20400000E-02  0.00000000E+00  0.00000000E+00  0.00000000E+00  0.00000000E+00  0.00000000E+00  0.00000000E+00  0.00000000E+00  0.00000000E+00  0.00000000E+00  0.00000000E+00
-9.88649916E+00  1.89900000E-02  1.89900000E-02  1.71400000E-02  1.71400000E-02  2.28900000E-03  2.28900000E-03  6.73600000E-02  6.73600000E-02  0.00000000E+00  0.00000000E+00  0.00000000E+00  0.00000000E+00  0.00000000E+00  0.00000000E+00  0.00000000E+00  0.00000000E+00  0.00000000E+00  0.00000000E+00
-9.86749916E+00  1.69800000E-02  1.69800000E-02  1.45700000E-02  1.45700000E-02  1.96100000E-03  1.96100000E-03  5.34100000E-02  5.34100000E-02  0.00000000E+00  0.00000000E+00  0.00000000E+00  0.00000000E+00  0.00000000E+00  0.00000000E+00  0.00000000E+00  0.00000000E+00  0.00000000E+00  0.00000000E+00
-9.84849916E+00  1.33800000E-02  1.33800000E-02  1.27600000E-02  1.27600000E-02  1.86600000E-03  1.86600000E-03  4.75200000E-02  4.75200000E-02  0.00000000E+00  0.00000000E+00  0.00000000E+00  0.00000000E+00  0.00000000E+00  0.00000000E+00  0.00000000E+00  0.00000000E+00  0.00000000E+00  0.00000000E+00
-9.82849916E+00  1.02400000E-02  1.02400000E-02  1.28900000E-02  1.28900000E-02  2.18700000E-03  2.18700000E-03  5.39600000E-02  5.39600000E-02  0.00000000E+00  0.00000000E+00  0.00000000E+00  0.00000000E+00  0.00000000E+00  0.00000000E+00  0.00000000E+00  0.00000000E+00  0.00000000E+00  0.00000000E+00
-9.80949916E+00  8.89500000E-03  8.89500000E-03  1.45400000E-02  1.45400000E-02  2.84800000E-03  2.84800000E-03  6.86300000E-02  6.86300000E-02  0.00000000E+00  0.00000000E+00  0.00000000E+00  0.00000000E+00  0.00000000E+00  0.00000000E+00  0.00000000E+00  0.00000000E+00  0.00000000E+00  0.00000000E+00
-9.79049916E+00  8.69100000E-03  8.69100000E-03  1.53700000E-02  1.53700000E-02  3.37200000E-03  3.37200000E-03  7.82800000E-02  7.82800000E-02  0.00000000E+00  0.00000000E+00  0.00000000E+00  0.00000000E+00  0.00000000E+00  0.00000000E+00  0.00000000E+00  0.00000000E+00  0.00000000E+00  0.00000000E+00
-9.77049916E+00  8.26000000E-03  8.26000000E-03  1.34400000E-02  1.34400000E-02  3.25200000E-03  3.25200000E-03  7.18100000E-02  7.18100000E-02  0.00000000E+00  0.00000000E+00  0.00000000E+00  0.00000000E+00  0.00000000E+00  0.00000000E+00  0.00000000E+00  0.00000000E+00  0.00000000E+00  0.00000000E+00
-9.75149916E+00  7.24900000E-03  7.24900000E-03  9.44400000E-03  9.44400000E-03  2.47500000E-03  2.47500000E-03  5.18300000E-02  5.18300000E-02  0.00000000E+00  0.00000000E+00  0.00000000E+00  0.00000000E+00  0.00000000E+00  0.00000000E+00  0.00000000E+00  0.00000000E+00  0.00000000E+00  0.00000000E+00
-9.73249916E+00  6.33600000E-03  6.33600000E-03  5.70500000E-03  5.70500000E-03  1.50800000E-03  1.50800000E-03  3.07800000E-02  3.07800000E-02  0.00000000E+00  0.00000000E+00  0.00000000E+00  0.00000000E+00  0.00000000E+00  0.00000000E+00  0.00000000E+00  0.00000000E+00  0.00000000E+00  0.00000000E+00
-9.71249916E+00  6.04100000E-03  6.04100000E-03  3.65500000E-03  3.65500000E-03  8.12500000E-04  8.12500000E-04  1.86000000E-02  1.86000000E-02  0.00000000E+00  0.00000000E+00  0.00000000E+00  0.00000000E+00  0.00000000E+00  0.00000000E+00  0.00000000E+00  0.00000000E+00  0.00000000E+00  0.00000000E+00
-9.69349916E+00  6.35000000E-03  6.35000000E-03  3.05200000E-03  3.05200000E-03  5.43100000E-04  5.43100000E-04  1.88600000E-02  1.88600000E-02  0.00000000E+00  0.00000000E+00  0.00000000E+00  0.00000000E+00  0.00000000E+00  0.00000000E+00  0.00000000E+00  0.00000000E+00  0.00000000E+00  0.00000000E+00
-9.67449916E+00  7.43500000E-03  7.43500000E-03  3.05800000E-03  3.05800000E-03  6.86200000E-04  6.86200000E-04  3.33600000E-02  3.33600000E-02  0.00000000E+00  0.00000000E+00  0.00000000E+00  0.00000000E+00  0.00000000E+00  0.00000000E+00  0.00000000E+00  0.00000000E+00  0.00000000E+00  0.00000000E+00
-9.65549916E+00  9.92000000E-03  9.92000000E-03  3.32800000E-03  3.32800000E-03  1.25000000E-03  1.25000000E-03  6.24900000E-02  6.24900000E-02  0.00000000E+00  0.00000000E+00  0.00000000E+00  0.00000000E+00  0.00000000E+00  0.00000000E+00  0.00000000E+00  0.00000000E+00  0.00000000E+00  0.00000000E+00
-9.63549916E+00  1.37600000E-02  1.37600000E-02  4.05800000E-03  4.05800000E-03  2.16300000E-03  2.16300000E-03  9.80400000E-02  9.80400000E-02  0.00000000E+00  0.00000000E+00  0.00000000E+00  0.00000000E+00  0.00000000E+00  0.00000000E+00  0.00000000E+00  0.00000000E+00  0.00000000E+00  0.00000000E+00
-9.61649916E+00  1.71600000E-02  1.71600000E-02  5.38000000E-03  5.38000000E-03  3.05500000E-03  3.05500000E-03  1.21900000E-01  1.21900000E-01  0.00000000E+00  0.00000000E+00  0.00000000E+00  0.00000000E+00  0.00000000E+00  0.00000000E+00  0.00000000E+00  0.00000000E+00  0.00000000E+00  0.00000000E+00
-9.59749916E+00  1.76600000E-02  1.76600000E-02  6.98000000E-03  6.98000000E-03  3.38500000E-03  3.38500000E-03  1.19600000E-01  1.19600000E-01  0.00000000E+00  0.00000000E+00  0.00000000E+00  0.00000000E+00  0.00000000E+00  0.00000000E+00  0.00000000E+00  0.00000000E+00  0.00000000E+00  0.00000000E+00
-9.57749916E+00  1.47200000E-02  1.47200000E-02  8.31100000E-03  8.31100000E-03  2.95700000E-03  2.95700000E-03  9.49000000E-02  9.49000000E-02  0.00000000E+00  0.00000000E+00  0.00000000E+00  0.00000000E+00  0.00000000E+00  0.00000000E+00  0.00000000E+00  0.00000000E+00  0.00000000E+00  0.00000000E+00
-9.55849916E+00  1.06100000E-02  1.06100000E-02  9.03800000E-03  9.03800000E-03  2.13900000E-03  2.13900000E-03  6.45300000E-02  6.45300000E-02  0.00000000E+00  0.00000000E+00  0.00000000E+00  0.00000000E+00  0.00000000E+00  0.00000000E+00  0.00000000E+00  0.00000000E+00  0.00000000E+00  0.00000000E+00
-9.53949916E+00  8.25900000E-03  8.25900000E-03  9.46900000E-03  9.46900000E-03  1.51700000E-03  1.51700000E-03  4.29400000E-02  4.29400000E-02  0.00000000E+00  0.00000000E+00  0.00000000E+00  0.00000000E+00  0.00000000E+00  0.00000000E+00  0.00000000E+00  0.00000000E+00  0.00000000E+00  0.00000000E+00
-9.51949916E+00  8.93500000E-03  8.93500000E-03  1.05500000E-02  1.05500000E-02  1.45500000E-03  1.45500000E-03  3.53300000E-02  3.53300000E-02  0.00000000E+00  0.00000000E+00  0.00000000E+00  0.00000000E+00  0.00000000E+00  0.00000000E+00  0.00000000E+00  0.00000000E+00  0.00000000E+00  0.00000000E+00
-9.50049916E+00  1.17700000E-02  1.17700000E-02  1.29900000E-02  1.29900000E-02  1.96700000E-03  1.96700000E-03  4.12900000E-02  4.12900000E-02  0.00000000E+00  0.00000000E+00  0.00000000E+00  0.00000000E+00  0.00000000E+00  0.00000000E+00  0.00000000E+00  0.00000000E+00  0.00000000E+00  0.00000000E+00
-9.48149916E+00  1.47500000E-02  1.47500000E-02  1.64700000E-02  1.64700000E-02  2.82300000E-03  2.82300000E-03  5.90000000E-02  5.90000000E-02  0.00000000E+00  0.00000000E+00  0.00000000E+00  0.00000000E+00  0.00000000E+00  0.00000000E+00  0.00000000E+00  0.00000000E+00  0.00000000E+00  0.00000000E+00
-9.46249916E+00  1.62900000E-02  1.62900000E-02  2.00100000E-02  2.00100000E-02  3.71800000E-03  3.71800000E-03  8.50600000E-02  8.50600000E-02  0.00000000E+00  0.00000000E+00  0.00000000E+00  0.00000000E+00  0.00000000E+00  0.00000000E+00  0.00000000E+00  0.00000000E+00  0.00000000E+00  0.00000000E+00
-9.44249916E+00  1.59700000E-02  1.59700000E-02  2.25500000E-02  2.25500000E-02  4.34500000E-03  4.34500000E-03  1.11000000E-01  1.11000000E-01  0.00000000E+00  0.00000000E+00  0.00000000E+00  0.00000000E+00  0.00000000E+00  0.00000000E+00  0.00000000E+00  0.00000000E+00  0.00000000E+00  0.00000000E+00
-9.42349916E+00  1.42300000E-02  1.42300000E-02  2.29100000E-02  2.29100000E-02  4.41100000E-03  4.41100000E-03  1.23900000E-01  1.23900000E-01  0.00000000E+00  0.00000000E+00  0.00000000E+00  0.00000000E+00  0.00000000E+00  0.00000000E+00  0.00000000E+00  0.00000000E+00  0.00000000E+00  0.00000000E+00
-9.40449916E+00  1.17000000E-02  1.17000000E-02  2.03500000E-02  2.03500000E-02  3.79700000E-03  3.79700000E-03  1.16700000E-01  1.16700000E-01  0.00000000E+00  0.00000000E+00  0.00000000E+00  0.00000000E+00  0.00000000E+00  0.00000000E+00  0.00000000E+00  0.00000000E+00  0.00000000E+00  0.00000000E+00
-9.38449916E+00  9.05600000E-03  9.05600000E-03  1.56400000E-02  1.56400000E-02  2.75500000E-03  2.75500000E-03  9.59900000E-02  9.59900000E-02  0.00000000E+00  0.00000000E+00  0.00000000E+00  0.00000000E+00  0.00000000E+00  0.00000000E+00  0.00000000E+00  0.00000000E+00  0.00000000E+00  0.00000000E+00
-9.36549916E+00  6.78400000E-03  6.78400000E-03  1.05100000E-02  1.05100000E-02  1.74300000E-03  1.74300000E-03  7.43500000E-02  7.43500000E-02  0.00000000E+00  0.00000000E+00  0.00000000E+00  0.00000000E+00  0.00000000E+00  0.00000000E+00  0.00000000E+00  0.00000000E+00  0.00000000E+00  0.00000000E+00
-9.34649916E+00  5.02400000E-03  5.02400000E-03  6.39300000E-03  6.39300000E-03  1.04500000E-03  1.04500000E-03  5.84500000E-02  5.84500000E-02  0.00000000E+00  0.00000000E+00  0.00000000E+00  0.00000000E+00  0.00000000E+00  0.00000000E+00  0.00000000E+00  0.00000000E+00  0.00000000E+00  0.00000000E+00
-9.32749916E+00  3.83400000E-03  3.83400000E-03  3.88700000E-03  3.88700000E-03  6.89400000E-04  6.89400000E-04  4.87800000E-02  4.87800000E-02  0.00000000E+00  0.00000000E+00  0.00000000E+00  0.00000000E+00  0.00000000E+00  0.00000000E+00  0.00000000E+00  0.00000000E+00  0.00000000E+00  0.00000000E+00
-9.30749916E+00  3.39800000E-03  3.39800000E-03  3.20500000E-03  3.20500000E-03  6.32000000E-04  6.32000000E-04  4.71900000E-02  4.71900000E-02  0.00000000E+00  0.00000000E+00  0.00000000E+00  0.00000000E+00  0.00000000E+00  0.00000000E+00  0.00000000E+00  0.00000000E+00  0.00000000E+00  0.00000000E+00
-9.28849916E+00  3.90000000E-03  3.90000000E-03  4.38500000E-03  4.38500000E-03  8.58600000E-04  8.58600000E-04  5.93000000E-02  5.93000000E-02  0.00000000E+00  0.00000000E+00  0.00000000E+00  0.00000000E+00  0.00000000E+00  0.00000000E+00  0.00000000E+00  0.00000000E+00  0.00000000E+00  0.00000000E+00
-9.26949916E+00  5.13100000E-03  5.13100000E-03  6.96400000E-03  6.96400000E-03  1.29400000E-03  1.29400000E-03  8.58500000E-02  8.58500000E-02  0.00000000E+00  0.00000000E+00  0.00000000E+00  0.00000000E+00  0.00000000E+00  0.00000000E+00  0.00000000E+00  0.00000000E+00  0.00000000E+00  0.00000000E+00
-9.24949916E+00  6.27900000E-03  6.27900000E-03  9.74300000E-03  9.74300000E-03  1.73200000E-03  1.73200000E-03  1.13400000E-01  1.13400000E-01  0.00000000E+00  0.00000000E+00  0.00000000E+00  0.00000000E+00  0.00000000E+00  0.00000000E+00  0.00000000E+00  0.00000000E+00  0.00000000E+00  0.00000000E+00
-9.23049916E+00  6.47800000E-03  6.47800000E-03  1.16300000E-02  1.16300000E-02  2.00400000E-03  2.00400000E-03  1.21700000E-01  1.21700000E-01  0.00000000E+00  0.00000000E+00  0.00000000E+00  0.00000000E+00  0.00000000E+00  0.00000000E+00  0.00000000E+00  0.00000000E+00  0.00000000E+00  0.00000000E+00
-9.21149916E+00  5.78200000E-03  5.78200000E-03  1.29500000E-02  1.29500000E-02  2.21300000E-03  2.21300000E-03  1.05700000E-01  1.05700000E-01  0.00000000E+00  0.00000000E+00  0.00000000E+00  0.00000000E+00  0.00000000E+00  0.00000000E+00  0.00000000E+00  0.00000000E+00  0.00000000E+00  0.00000000E+00
-9.19149916E+00  5.27200000E-03  5.27200000E-03  1.50100000E-02  1.50100000E-02  2.63700000E-03  2.63700000E-03  8.23900000E-02  8.23900000E-02  0.00000000E+00  0.00000000E+00  0.00000000E+00  0.00000000E+00  0.00000000E+00  0.00000000E+00  0.00000000E+00  0.00000000E+00  0.00000000E+00  0.00000000E+00
-9.17249916E+00  5.97400000E-03  5.97400000E-03  1.79600000E-02  1.79600000E-02  3.35400000E-03  3.35400000E-03  7.14500000E-02  7.14500000E-02  0.00000000E+00  0.00000000E+00  0.00000000E+00  0.00000000E+00  0.00000000E+00  0.00000000E+00  0.00000000E+00  0.00000000E+00  0.00000000E+00  0.00000000E+00
-9.15349916E+00  7.85700000E-03  7.85700000E-03  2.04400000E-02  2.04400000E-02  4.14000000E-03  4.14000000E-03  7.56000000E-02  7.56000000E-02  0.00000000E+00  0.00000000E+00  0.00000000E+00  0.00000000E+00  0.00000000E+00  0.00000000E+00  0.00000000E+00  0.00000000E+00  0.00000000E+00  0.00000000E+00
-9.13449916E+00  9.92800000E-03  9.92800000E-03  2.14100000E-02  2.14100000E-02  4.73300000E-03  4.73300000E-03  8.38600000E-02  8.38600000E-02  0.00000000E+00  0.00000000E+00  0.00000000E+00  0.00000000E+00  0.00000000E+00  0.00000000E+00  0.00000000E+00  0.00000000E+00  0.00000000E+00  0.00000000E+00
-9.11449916E+00  1.11700000E-02  1.11700000E-02  2.14000000E-02  2.14000000E-02  5.06500000E-03  5.06500000E-03  8.64100000E-02  8.64100000E-02  0.00000000E+00  0.00000000E+00  0.00000000E+00  0.00000000E+00  0.00000000E+00  0.00000000E+00  0.00000000E+00  0.00000000E+00  0.00000000E+00  0.00000000E+00
-9.09549916E+00  1.13800000E-02  1.13800000E-02  2.14500000E-02  2.14500000E-02  5.23900000E-03  5.23900000E-03  8.15900000E-02  8.15900000E-02  0.00000000E+00  0.00000000E+00  0.00000000E+00  0.00000000E+00  0.00000000E+00  0.00000000E+00  0.00000000E+00  0.00000000E+00  0.00000000E+00  0.00000000E+00
-9.07649916E+00  1.10900000E-02  1.10900000E-02  2.17400000E-02  2.17400000E-02  5.35400000E-03  5.35400000E-03  7.27500000E-02  7.27500000E-02  0.00000000E+00  0.00000000E+00  0.00000000E+00  0.00000000E+00  0.00000000E+00  0.00000000E+00  0.00000000E+00  0.00000000E+00  0.00000000E+00  0.00000000E+00
-9.05649916E+00  1.05100000E-02  1.05100000E-02  2.13300000E-02  2.13300000E-02  5.29700000E-03  5.29700000E-03  6.24000000E-02  6.24000000E-02  0.00000000E+00  0.00000000E+00  0.00000000E+00  0.00000000E+00  0.00000000E+00  0.00000000E+00  0.00000000E+00  0.00000000E+00  0.00000000E+00  0.00000000E+00
-9.03749916E+00  9.17100000E-03  9.17100000E-03  1.91800000E-02  1.91800000E-02  4.80100000E-03  4.80100000E-03  5.02100000E-02  5.02100000E-02  0.00000000E+00  0.00000000E+00  0.00000000E+00  0.00000000E+00  0.00000000E+00  0.00000000E+00  0.00000000E+00  0.00000000E+00  0.00000000E+00  0.00000000E+00
-9.01849916E+00  6.84300000E-03  6.84300000E-03  1.57100000E-02  1.57100000E-02  3.88300000E-03  3.88300000E-03  3.63200000E-02  3.63200000E-02  0.00000000E+00  0.00000000E+00  0.00000000E+00  0.00000000E+00  0.00000000E+00  0.00000000E+00  0.00000000E+00  0.00000000E+00  0.00000000E+00  0.00000000E+00
-8.99949916E+00  4.30000000E-03  4.30000000E-03  1.28100000E-02  1.28100000E-02  2.99100000E-03  2.99100000E-03  2.40300000E-02  2.40300000E-02  0.00000000E+00  0.00000000E+00  0.00000000E+00  0.00000000E+00  0.00000000E+00  0.00000000E+00  0.00000000E+00  0.00000000E+00  0.00000000E+00  0.00000000E+00
-8.97949916E+00  2.56500000E-03  2.56500000E-03  1.16700000E-02  1.16700000E-02  2.50800000E-03  2.50800000E-03  1.69700000E-02  1.69700000E-02  0.00000000E+00  0.00000000E+00  0.00000000E+00  0.00000000E+00  0.00000000E+00  0.00000000E+00  0.00000000E+00  0.00000000E+00  0.00000000E+00  0.00000000E+00
-8.96049916E+00  2.00900000E-03  2.00900000E-03  1.16700000E-02  1.16700000E-02  2.40500000E-03  2.40500000E-03  1.58600000E-02  1.58600000E-02  0.00000000E+00  0.00000000E+00  0.00000000E+00  0.00000000E+00  0.00000000E+00  0.00000000E+00  0.00000000E+00  0.00000000E+00  0.00000000E+00  0.00000000E+00
-8.94149916E+00  2.39500000E-03  2.39500000E-03  1.20900000E-02  1.20900000E-02  2.52800000E-03  2.52800000E-03  1.94300000E-02  1.94300000E-02  0.00000000E+00  0.00000000E+00  0.00000000E+00  0.00000000E+00  0.00000000E+00  0.00000000E+00  0.00000000E+00  0.00000000E+00  0.00000000E+00  0.00000000E+00
-8.92149916E+00  3.29700000E-03  3.29700000E-03  1.34300000E-02  1.34300000E-02  2.92200000E-03  2.92200000E-03  2.58200000E-02  2.58200000E-02  0.00000000E+00  0.00000000E+00  0.00000000E+00  0.00000000E+00  0.00000000E+00  0.00000000E+00  0.00000000E+00  0.00000000E+00  0.00000000E+00  0.00000000E+00
-8.90249916E+00  4.27700000E-03  4.27700000E-03  1.61900000E-02  1.61900000E-02  3.62900000E-03  3.62900000E-03  3.23800000E-02  3.23800000E-02  0.00000000E+00  0.00000000E+00  0.00000000E+00  0.00000000E+00  0.00000000E+00  0.00000000E+00  0.00000000E+00  0.00000000E+00  0.00000000E+00  0.00000000E+00
-8.88349916E+00  5.08800000E-03  5.08800000E-03  1.92600000E-02  1.92600000E-02  4.38900000E-03  4.38900000E-03  3.67000000E-02  3.67000000E-02  0.00000000E+00  0.00000000E+00  0.00000000E+00  0.00000000E+00  0.00000000E+00  0.00000000E+00  0.00000000E+00  0.00000000E+00  0.00000000E+00  0.00000000E+00
-8.86349916E+00  5.83600000E-03  5.83600000E-03  2.05900000E-02  2.05900000E-02  4.76700000E-03  4.76700000E-03  3.92900000E-02  3.92900000E-02  0.00000000E+00  0.00000000E+00  0.00000000E+00  0.00000000E+00  0.00000000E+00  0.00000000E+00  0.00000000E+00  0.00000000E+00  0.00000000E+00  0.00000000E+00
-8.84449916E+00  6.79600000E-03  6.79600000E-03  1.93300000E-02  1.93300000E-02  4.60100000E-03  4.60100000E-03  4.32200000E-02  4.32200000E-02  0.00000000E+00  0.00000000E+00  0.00000000E+00  0.00000000E+00  0.00000000E+00  0.00000000E+00  0.00000000E+00  0.00000000E+00  0.00000000E+00  0.00000000E+00
-8.82549916E+00  8.04700000E-03  8.04700000E-03  1.69200000E-02  1.69200000E-02  4.22700000E-03  4.22700000E-03  4.98100000E-02  4.98100000E-02  0.00000000E+00  0.00000000E+00  0.00000000E+00  0.00000000E+00  0.00000000E+00  0.00000000E+00  0.00000000E+00  0.00000000E+00  0.00000000E+00  0.00000000E+00
-8.80649916E+00  9.24900000E-03  9.24900000E-03  1.55500000E-02  1.55500000E-02  4.10200000E-03  4.10200000E-03  5.62500000E-02  5.62500000E-02  0.00000000E+00  0.00000000E+00  0.00000000E+00  0.00000000E+00  0.00000000E+00  0.00000000E+00  0.00000000E+00  0.00000000E+00  0.00000000E+00  0.00000000E+00
-8.78649916E+00  9.87800000E-03  9.87800000E-03  1.60500000E-02  1.60500000E-02  4.25100000E-03  4.25100000E-03  5.93300000E-02  5.93300000E-02  0.00000000E+00  0.00000000E+00  0.00000000E+00  0.00000000E+00  0.00000000E+00  0.00000000E+00  0.00000000E+00  0.00000000E+00  0.00000000E+00  0.00000000E+00
-8.76749916E+00  9.81300000E-03  9.81300000E-03  1.74100000E-02  1.74100000E-02  4.27000000E-03  4.27000000E-03  5.98900000E-02  5.98900000E-02  0.00000000E+00  0.00000000E+00  0.00000000E+00  0.00000000E+00  0.00000000E+00  0.00000000E+00  0.00000000E+00  0.00000000E+00  0.00000000E+00  0.00000000E+00
-8.74849916E+00  9.44500000E-03  9.44500000E-03  1.79000000E-02  1.79000000E-02  3.80700000E-03  3.80700000E-03  6.02000000E-02  6.02000000E-02  0.00000000E+00  0.00000000E+00  0.00000000E+00  0.00000000E+00  0.00000000E+00  0.00000000E+00  0.00000000E+00  0.00000000E+00  0.00000000E+00  0.00000000E+00
-8.72849916E+00  9.00500000E-03  9.00500000E-03  1.66000000E-02  1.66000000E-02  2.91400000E-03  2.91400000E-03  5.85400000E-02  5.85400000E-02  0.00000000E+00  0.00000000E+00  0.00000000E+00  0.00000000E+00  0.00000000E+00  0.00000000E+00  0.00000000E+00  0.00000000E+00  0.00000000E+00  0.00000000E+00
-8.70949916E+00  8.20100000E-03  8.20100000E-03  1.38500000E-02  1.38500000E-02  1.93900000E-03  1.93900000E-03  5.08100000E-02  5.08100000E-02  0.00000000E+00  0.00000000E+00  0.00000000E+00  0.00000000E+00  0.00000000E+00  0.00000000E+00  0.00000000E+00  0.00000000E+00  0.00000000E+00  0.00000000E+00
-8.69049916E+00  6.72800000E-03  6.72800000E-03  1.05500000E-02  1.05500000E-02  1.18900000E-03  1.18900000E-03  3.70100000E-02  3.70100000E-02  0.00000000E+00  0.00000000E+00  0.00000000E+00  0.00000000E+00  0.00000000E+00  0.00000000E+00  0.00000000E+00  0.00000000E+00  0.00000000E+00  0.00000000E+00
-8.67149916E+00  4.86100000E-03  4.86100000E-03  7.58700000E-03  7.58700000E-03  7.90600000E-04  7.90600000E-04  2.25700000E-02  2.25700000E-02  0.00000000E+00  0.00000000E+00  0.00000000E+00  0.00000000E+00  0.00000000E+00  0.00000000E+00  0.00000000E+00  0.00000000E+00  0.00000000E+00  0.00000000E+00
-8.65149916E+00  3.41500000E-03  3.41500000E-03  6.03900000E-03  6.03900000E-03  8.56200000E-04  8.56200000E-04  1.35900000E-02  1.35900000E-02  0.00000000E+00  0.00000000E+00  0.00000000E+00  0.00000000E+00  0.00000000E+00  0.00000000E+00  0.00000000E+00  0.00000000E+00  0.00000000E+00  0.00000000E+00
-8.63249916E+00  3.25000000E-03  3.25000000E-03  7.41500000E-03  7.41600000E-03  1.62600000E-03  1.62600000E-03  1.33500000E-02  1.33500000E-02  0.00000000E+00  0.00000000E+00  0.00000000E+00  0.00000000E+00  0.00000000E+00  0.00000000E+00  0.00000000E+00  0.00000000E+00  0.00000000E+00  0.00000000E+00
-8.61349916E+00  4.65700000E-03  4.65700000E-03  1.25600000E-02  1.25600000E-02  3.26000000E-03  3.26000000E-03  2.17900000E-02  2.17900000E-02  0.00000000E+00  0.00000000E+00  0.00000000E+00  0.00000000E+00  0.00000000E+00  0.00000000E+00  0.00000000E+00  0.00000000E+00  0.00000000E+00  0.00000000E+00
-8.59349916E+00  6.90100000E-03  6.90100000E-03  1.99000000E-02  1.99000000E-02  5.38600000E-03  5.38600000E-03  3.52200000E-02  3.52200000E-02  0.00000000E+00  0.00000000E+00  0.00000000E+00  0.00000000E+00  0.00000000E+00  0.00000000E+00  0.00000000E+00  0.00000000E+00  0.00000000E+00  0.00000000E+00
-8.57449916E+00  8.58800000E-03  8.58800000E-03  2.55500000E-02  2.55500000E-02  7.11200000E-03  7.11200000E-03  4.73300000E-02  4.73300000E-02  0.00000000E+00  0.00000000E+00  0.00000000E+00  0.00000000E+00  0.00000000E+00  0.00000000E+00  0.00000000E+00  0.00000000E+00  0.00000000E+00  0.00000000E+00
-8.55549916E+00  8.93000000E-03  8.93000000E-03  2.66800000E-02  2.66800000E-02  7.89500000E-03  7.89500000E-03  5.34300000E-02  5.34300000E-02  0.00000000E+00  0.00000000E+00  0.00000000E+00  0.00000000E+00  0.00000000E+00  0.00000000E+00  0.00000000E+00  0.00000000E+00  0.00000000E+00  0.00000000E+00
-8.53549916E+00  8.45900000E-03  8.45900000E-03  2.44800000E-02  2.44800000E-02  8.27800000E-03  8.27800000E-03  5.34200000E-02  5.34200000E-02  0.00000000E+00  0.00000000E+00  0.00000000E+00  0.00000000E+00  0.00000000E+00  0.00000000E+00  0.00000000E+00  0.00000000E+00  0.00000000E+00  0.00000000E+00
-8.51649916E+00  8.17800000E-03  8.17800000E-03  2.25500000E-02  2.25500000E-02  9.29400000E-03  9.29400000E-03  4.94700000E-02  4.94700000E-02  0.00000000E+00  0.00000000E+00  0.00000000E+00  0.00000000E+00  0.00000000E+00  0.00000000E+00  0.00000000E+00  0.00000000E+00  0.00000000E+00  0.00000000E+00
-8.49749916E+00  8.35900000E-03  8.35900000E-03  2.28000000E-02  2.28000000E-02  1.12000000E-02  1.12000000E-02  4.31800000E-02  4.31800000E-02  0.00000000E+00  0.00000000E+00  0.00000000E+00  0.00000000E+00  0.00000000E+00  0.00000000E+00  0.00000000E+00  0.00000000E+00  0.00000000E+00  0.00000000E+00
-8.47849916E+00  8.55400000E-03  8.55400000E-03  2.41600000E-02  2.41600000E-02  1.32000000E-02  1.32000000E-02  3.66700000E-02  3.66700000E-02  0.00000000E+00  0.00000000E+00  0.00000000E+00  0.00000000E+00  0.00000000E+00  0.00000000E+00  0.00000000E+00  0.00000000E+00  0.00000000E+00  0.00000000E+00
-8.45849916E+00  8.42200000E-03  8.42200000E-03  2.48500000E-02  2.48500000E-02  1.44200000E-02  1.44200000E-02  3.37700000E-02  3.37700000E-02  0.00000000E+00  0.00000000E+00  0.00000000E+00  0.00000000E+00  0.00000000E+00  0.00000000E+00  0.00000000E+00  0.00000000E+00  0.00000000E+00  0.00000000E+00
-8.43949916E+00  8.19800000E-03  8.19800000E-03  2.48200000E-02  2.48200000E-02  1.48300000E-02  1.48300000E-02  3.78000000E-02  3.78000000E-02  0.00000000E+00  0.00000000E+00  0.00000000E+00  0.00000000E+00  0.00000000E+00  0.00000000E+00  0.00000000E+00  0.00000000E+00  0.00000000E+00  0.00000000E+00
-8.42049916E+00  8.39500000E-03  8.39500000E-03  2.57900000E-02  2.57900000E-02  1.52500000E-02  1.52500000E-02  4.79900000E-02  4.79900000E-02  0.00000000E+00  0.00000000E+00  0.00000000E+00  0.00000000E+00  0.00000000E+00  0.00000000E+00  0.00000000E+00  0.00000000E+00  0.00000000E+00  0.00000000E+00
-8.40049916E+00  9.23100000E-03  9.23100000E-03  2.93300000E-02  2.93300000E-02  1.65300000E-02  1.65300000E-02  5.91800000E-02  5.91800000E-02  0.00000000E+00  0.00000000E+00  0.00000000E+00  0.00000000E+00  0.00000000E+00  0.00000000E+00  0.00000000E+00  0.00000000E+00  0.00000000E+00  0.00000000E+00
-8.38149916E+00  1.03800000E-02  1.03800000E-02  3.47900000E-02  3.47900000E-02  1.85000000E-02  1.85000000E-02  6.49000000E-02  6.49000000E-02  0.00000000E+00  0.00000000E+00  0.00000000E+00  0.00000000E+00  0.00000000E+00  0.00000000E+00  0.00000000E+00  0.00000000E+00  0.00000000E+00  0.00000000E+00
-8.36249916E+00  1.12600000E-02  1.12600000E-02  3.93600000E-02  3.93600000E-02  2.01300000E-02  2.01300000E-02  6.11900000E-02  6.11900000E-02  0.00000000E+00  0.00000000E+00  0.00000000E+00  0.00000000E+00  0.00000000E+00  0.00000000E+00  0.00000000E+00  0.00000000E+00  0.00000000E+00  0.00000000E+00
-8.34349916E+00  1.15300000E-02  1.15300000E-02  4.07600000E-02  4.07600000E-02  2.08900000E-02  2.08900000E-02  4.92700000E-02  4.92700000E-02  0.00000000E+00  0.00000000E+00  0.00000000E+00  0.00000000E+00  0.00000000E+00  0.00000000E+00  0.00000000E+00  0.00000000E+00  0.00000000E+00  0.00000000E+00
-8.32349916E+00  1.13600000E-02  1.13600000E-02  3.94300000E-02  3.94300000E-02  2.13600000E-02  2.13600000E-02  3.50500000E-02  3.50500000E-02  0.00000000E+00  0.00000000E+00  0.00000000E+00  0.00000000E+00  0.00000000E+00  0.00000000E+00  0.00000000E+00  0.00000000E+00  0.00000000E+00  0.00000000E+00
-8.30449916E+00  1.09100000E-02  1.09100000E-02  3.71600000E-02  3.71600000E-02  2.20900000E-02  2.20900000E-02  2.47300000E-02  2.47300000E-02  0.00000000E+00  0.00000000E+00  0.00000000E+00  0.00000000E+00  0.00000000E+00  0.00000000E+00  0.00000000E+00  0.00000000E+00  0.00000000E+00  0.00000000E+00
-8.28549916E+00  9.98700000E-03  9.98700000E-03  3.43100000E-02  3.43100000E-02  2.28700000E-02  2.28700000E-02  2.02100000E-02  2.02100000E-02  0.00000000E+00  0.00000000E+00  0.00000000E+00  0.00000000E+00  0.00000000E+00  0.00000000E+00  0.00000000E+00  0.00000000E+00  0.00000000E+00  0.00000000E+00
-8.26549916E+00  8.58400000E-03  8.58400000E-03  3.04600000E-02  3.04600000E-02  2.37900000E-02  2.37900000E-02  1.96900000E-02  1.96900000E-02  0.00000000E+00  0.00000000E+00  0.00000000E+00  0.00000000E+00  0.00000000E+00  0.00000000E+00  0.00000000E+00  0.00000000E+00  0.00000000E+00  0.00000000E+00
-8.24649916E+00  7.44000000E-03  7.44000000E-03  2.69900000E-02  2.69900000E-02  2.63800000E-02  2.63800000E-02  2.14400000E-02  2.14400000E-02  0.00000000E+00  0.00000000E+00  0.00000000E+00  0.00000000E+00  0.00000000E+00  0.00000000E+00  0.00000000E+00  0.00000000E+00  0.00000000E+00  0.00000000E+00
-8.22749916E+00  7.52700000E-03  7.52700000E-03  2.66400000E-02  2.66400000E-02  3.28500000E-02  3.28500000E-02  2.49000000E-02  2.49000000E-02  0.00000000E+00  0.00000000E+00  0.00000000E+00  0.00000000E+00  0.00000000E+00  0.00000000E+00  0.00000000E+00  0.00000000E+00  0.00000000E+00  0.00000000E+00
-8.20749916E+00  8.94100000E-03  8.94100000E-03  3.00000000E-02  3.00000000E-02  4.37400000E-02  4.37400000E-02  2.88800000E-02  2.88800000E-02  0.00000000E+00  0.00000000E+00  0.00000000E+00  0.00000000E+00  0.00000000E+00  0.00000000E+00  0.00000000E+00  0.00000000E+00  0.00000000E+00  0.00000000E+00
-8.18849916E+00  1.07200000E-02  1.07200000E-02  3.41200000E-02  3.41200000E-02  5.65300000E-02  5.65300000E-02  3.17000000E-02  3.17000000E-02  0.00000000E+00  0.00000000E+00  0.00000000E+00  0.00000000E+00  0.00000000E+00  0.00000000E+00  0.00000000E+00  0.00000000E+00  0.00000000E+00  0.00000000E+00
-8.16949916E+00  1.18300000E-02  1.18300000E-02  3.58500000E-02  3.58500000E-02  6.78600000E-02  6.78600000E-02  3.42400000E-02  3.42400000E-02  0.00000000E+00  0.00000000E+00  0.00000000E+00  0.00000000E+00  0.00000000E+00  0.00000000E+00  0.00000000E+00  0.00000000E+00  0.00000000E+00  0.00000000E+00
-8.15049916E+00  1.20800000E-02  1.20800000E-02  3.55900000E-02  3.55900000E-02  7.83200000E-02  7.83200000E-02  4.03700000E-02  4.03700000E-02  0.00000000E+00  0.00000000E+00  0.00000000E+00  0.00000000E+00  0.00000000E+00  0.00000000E+00  0.00000000E+00  0.00000000E+00  0.00000000E+00  0.00000000E+00
-8.13049916E+00  1.18500000E-02  1.18500000E-02  3.66000000E-02  3.66000000E-02  9.24500000E-02  9.24500000E-02  5.18500000E-02  5.18500000E-02  0.00000000E+00  0.00000000E+00  0.00000000E+00  0.00000000E+00  0.00000000E+00  0.00000000E+00  0.00000000E+00  0.00000000E+00  0.00000000E+00  0.00000000E+00
-8.11149916E+00  1.14300000E-02  1.14300000E-02  4.08800000E-02  4.08800000E-02  1.11100000E-01  1.11100000E-01  6.43700000E-02  6.43700000E-02  0.00000000E+00  0.00000000E+00  0.00000000E+00  0.00000000E+00  0.00000000E+00  0.00000000E+00  0.00000000E+00  0.00000000E+00  0.00000000E+00  0.00000000E+00
-8.09249916E+00  1.09700000E-02  1.09700000E-02  4.72200000E-02  4.72200000E-02  1.27400000E-01  1.27400000E-01  7.12000000E-02  7.12000000E-02  0.00000000E+00  0.00000000E+00  0.00000000E+00  0.00000000E+00  0.00000000E+00  0.00000000E+00  0.00000000E+00  0.00000000E+00  0.00000000E+00  0.00000000E+00
-8.07249916E+00  1.06400000E-02  1.06400000E-02  5.22700000E-02  5.22700000E-02  1.33000000E-01  1.33000000E-01  6.94600000E-02  6.94600000E-02  0.00000000E+00  0.00000000E+00  0.00000000E+00  0.00000000E+00  0.00000000E+00  0.00000000E+00  0.00000000E+00  0.00000000E+00  0.00000000E+00  0.00000000E+00
-8.05349916E+00  1.05100000E-02  1.05100000E-02  5.26200000E-02  5.26200000E-02  1.26700000E-01  1.26700000E-01  6.14400000E-02  6.14400000E-02  0.00000000E+00  0.00000000E+00  0.00000000E+00  0.00000000E+00  0.00000000E+00  0.00000000E+00  0.00000000E+00  0.00000000E+00  0.00000000E+00  0.00000000E+00
-8.03449916E+00  1.05700000E-02  1.05700000E-02  4.74200000E-02  4.74200000E-02  1.13000000E-01  1.13000000E-01  5.15500000E-02  5.15500000E-02  0.00000000E+00  0.00000000E+00  0.00000000E+00  0.00000000E+00  0.00000000E+00  0.00000000E+00  0.00000000E+00  0.00000000E+00  0.00000000E+00  0.00000000E+00
-8.01449916E+00  1.06700000E-02  1.06700000E-02  3.93700000E-02  3.93700000E-02  9.62700000E-02  9.62700000E-02  4.34500000E-02  4.34500000E-02  0.00000000E+00  0.00000000E+00  0.00000000E+00  0.00000000E+00  0.00000000E+00  0.00000000E+00  0.00000000E+00  0.00000000E+00  0.00000000E+00  0.00000000E+00
-7.99549916E+00  1.03800000E-02  1.03800000E-02  3.21300000E-02  3.21300000E-02  7.97100000E-02  7.97100000E-02  3.82900000E-02  3.82900000E-02  0.00000000E+00  0.00000000E+00  0.00000000E+00  0.00000000E+00  0.00000000E+00  0.00000000E+00  0.00000000E+00  0.00000000E+00  0.00000000E+00  0.00000000E+00
-7.97649916E+00  9.30800000E-03  9.30800000E-03  2.74400000E-02  2.74400000E-02  6.71200000E-02  6.71200000E-02  3.54000000E-02  3.54000000E-02  0.00000000E+00  0.00000000E+00  0.00000000E+00  0.00000000E+00  0.00000000E+00  0.00000000E+00  0.00000000E+00  0.00000000E+00  0.00000000E+00  0.00000000E+00
-7.95749916E+00  7.66100000E-03  7.66100000E-03  2.51800000E-02  2.51800000E-02  6.31100000E-02  6.31100000E-02  3.45600000E-02  3.45600000E-02  0.00000000E+00  0.00000000E+00  0.00000000E+00  0.00000000E+00  0.00000000E+00  0.00000000E+00  0.00000000E+00  0.00000000E+00  0.00000000E+00  0.00000000E+00
-7.93749916E+00  6.12200000E-03  6.12200000E-03  2.47700000E-02  2.47700000E-02  7.07700000E-02  7.07700000E-02  3.58600000E-02  3.58600000E-02  0.00000000E+00  0.00000000E+00  0.00000000E+00  0.00000000E+00  0.00000000E+00  0.00000000E+00  0.00000000E+00  0.00000000E+00  0.00000000E+00  0.00000000E+00
-7.91849916E+00  5.18400000E-03  5.18400000E-03  2.56400000E-02  2.56400000E-02  8.89100000E-02  8.89100000E-02  3.81500000E-02  3.81500000E-02  0.00000000E+00  0.00000000E+00  0.00000000E+00  0.00000000E+00  0.00000000E+00  0.00000000E+00  0.00000000E+00  0.00000000E+00  0.00000000E+00  0.00000000E+00
-7.89949916E+00  5.07200000E-03  5.07200000E-03  2.73400000E-02  2.73400000E-02  1.11100000E-01  1.11100000E-01  3.99900000E-02  3.99900000E-02  0.00000000E+00  0.00000000E+00  0.00000000E+00  0.00000000E+00  0.00000000E+00  0.00000000E+00  0.00000000E+00  0.00000000E+00  0.00000000E+00  0.00000000E+00
-7.87949916E+00  6.07900000E-03  6.07900000E-03  2.95100000E-02  2.95100000E-02  1.28500000E-01  1.28500000E-01  4.17400000E-02  4.17400000E-02  0.00000000E+00  0.00000000E+00  0.00000000E+00  0.00000000E+00  0.00000000E+00  0.00000000E+00  0.00000000E+00  0.00000000E+00  0.00000000E+00  0.00000000E+00
-7.86049916E+00  8.28000000E-03  8.28000000E-03  3.16900000E-02  3.16900000E-02  1.36200000E-01  1.36200000E-01  4.50200000E-02  4.50200000E-02  0.00000000E+00  0.00000000E+00  0.00000000E+00  0.00000000E+00  0.00000000E+00  0.00000000E+00  0.00000000E+00  0.00000000E+00  0.00000000E+00  0.00000000E+00
-7.84149916E+00  1.08900000E-02  1.08900000E-02  3.33000000E-02  3.33000000E-02  1.36800000E-01  1.36800000E-01  5.00900000E-02  5.00900000E-02  0.00000000E+00  0.00000000E+00  0.00000000E+00  0.00000000E+00  0.00000000E+00  0.00000000E+00  0.00000000E+00  0.00000000E+00  0.00000000E+00  0.00000000E+00
-7.82249916E+00  1.24800000E-02  1.24800000E-02  3.43000000E-02  3.43000000E-02  1.35400000E-01  1.35400000E-01  5.46400000E-02  5.46400000E-02  0.00000000E+00  0.00000000E+00  0.00000000E+00  0.00000000E+00  0.00000000E+00  0.00000000E+00  0.00000000E+00  0.00000000E+00  0.00000000E+00  0.00000000E+00
-7.80249916E+00  1.22100000E-02  1.22100000E-02  3.55100000E-02  3.55100000E-02  1.33100000E-01  1.33100000E-01  5.62500000E-02  5.62500000E-02  0.00000000E+00  0.00000000E+00  0.00000000E+00  0.00000000E+00  0.00000000E+00  0.00000000E+00  0.00000000E+00  0.00000000E+00  0.00000000E+00  0.00000000E+00
-7.78349916E+00  1.07500000E-02  1.07500000E-02  3.78100000E-02  3.78100000E-02  1.28100000E-01  1.28100000E-01  5.53600000E-02  5.53600000E-02  0.00000000E+00  0.00000000E+00  0.00000000E+00  0.00000000E+00  0.00000000E+00  0.00000000E+00  0.00000000E+00  0.00000000E+00  0.00000000E+00  0.00000000E+00
-7.76449916E+00  9.65400000E-03  9.65400000E-03  4.09900000E-02  4.09900000E-02  1.20600000E-01  1.20600000E-01  5.49000000E-02  5.49000000E-02  0.00000000E+00  0.00000000E+00  0.00000000E+00  0.00000000E+00  0.00000000E+00  0.00000000E+00  0.00000000E+00  0.00000000E+00  0.00000000E+00  0.00000000E+00
-7.74449916E+00  9.92500000E-03  9.92500000E-03  4.39400000E-02  4.39400000E-02  1.12800000E-01  1.12800000E-01  5.74600000E-02  5.74600000E-02  0.00000000E+00  0.00000000E+00  0.00000000E+00  0.00000000E+00  0.00000000E+00  0.00000000E+00  0.00000000E+00  0.00000000E+00  0.00000000E+00  0.00000000E+00
-7.72549916E+00  1.11000000E-02  1.11000000E-02  4.55300000E-02  4.55300000E-02  1.06200000E-01  1.06200000E-01  6.32500000E-02  6.32500000E-02  0.00000000E+00  0.00000000E+00  0.00000000E+00  0.00000000E+00  0.00000000E+00  0.00000000E+00  0.00000000E+00  0.00000000E+00  0.00000000E+00  0.00000000E+00
-7.70649916E+00  1.18700000E-02  1.18700000E-02  4.44400000E-02  4.44400000E-02  9.98500000E-02  9.98500000E-02  6.97300000E-02  6.97300000E-02  0.00000000E+00  0.00000000E+00  0.00000000E+00  0.00000000E+00  0.00000000E+00  0.00000000E+00  0.00000000E+00  0.00000000E+00  0.00000000E+00  0.00000000E+00
-7.68649916E+00  1.14600000E-02  1.14600000E-02  3.94700000E-02  3.94700000E-02  9.15400000E-02  9.15400000E-02  7.30500000E-02  7.30500000E-02  0.00000000E+00  0.00000000E+00  0.00000000E+00  0.00000000E+00  0.00000000E+00  0.00000000E+00  0.00000000E+00  0.00000000E+00  0.00000000E+00  0.00000000E+00
-7.66749916E+00  1.01900000E-02  1.01900000E-02  3.12300000E-02  3.12300000E-02  8.07300000E-02  8.07300000E-02  7.10500000E-02  7.10500000E-02  0.00000000E+00  0.00000000E+00  0.00000000E+00  0.00000000E+00  0.00000000E+00  0.00000000E+00  0.00000000E+00  0.00000000E+00  0.00000000E+00  0.00000000E+00
-7.64849916E+00  8.81500000E-03  8.81500000E-03  2.24100000E-02  2.24100000E-02  6.94800000E-02  6.94800000E-02  6.51600000E-02  6.51600000E-02  0.00000000E+00  0.00000000E+00  0.00000000E+00  0.00000000E+00  0.00000000E+00  0.00000000E+00  0.00000000E+00  0.00000000E+00  0.00000000E+00  0.00000000E+00
-7.62949916E+00  7.66800000E-03  7.66800000E-03  1.58900000E-02  1.58900000E-02  5.99200000E-02  5.99200000E-02  5.88000000E-02  5.88000000E-02  0.00000000E+00  0.00000000E+00  0.00000000E+00  0.00000000E+00  0.00000000E+00  0.00000000E+00  0.00000000E+00  0.00000000E+00  0.00000000E+00  0.00000000E+00
-7.60949916E+00  6.72800000E-03  6.72800000E-03  1.29500000E-02  1.29500000E-02  5.16200000E-02  5.16200000E-02  5.41900000E-02  5.41900000E-02  0.00000000E+00  0.00000000E+00  0.00000000E+00  0.00000000E+00  0.00000000E+00  0.00000000E+00  0.00000000E+00  0.00000000E+00  0.00000000E+00  0.00000000E+00
-7.59049916E+00  6.09300000E-03  6.09200000E-03  1.33900000E-02  1.33900000E-02  4.28000000E-02  4.28000000E-02  5.14000000E-02  5.14000000E-02  0.00000000E+00  0.00000000E+00  0.00000000E+00  0.00000000E+00  0.00000000E+00  0.00000000E+00  0.00000000E+00  0.00000000E+00  0.00000000E+00  0.00000000E+00
-7.57149916E+00  5.95600000E-03  5.95600000E-03  1.63900000E-02  1.63900000E-02  3.36400000E-02  3.36400000E-02  4.96700000E-02  4.96700000E-02  0.00000000E+00  0.00000000E+00  0.00000000E+00  0.00000000E+00  0.00000000E+00  0.00000000E+00  0.00000000E+00  0.00000000E+00  0.00000000E+00  0.00000000E+00
-7.55149916E+00  6.21100000E-03  6.21100000E-03  2.07400000E-02  2.07400000E-02  2.70700000E-02  2.70700000E-02  4.83100000E-02  4.83100000E-02  0.00000000E+00  0.00000000E+00  0.00000000E+00  0.00000000E+00  0.00000000E+00  0.00000000E+00  0.00000000E+00  0.00000000E+00  0.00000000E+00  0.00000000E+00
-7.53249916E+00  6.50600000E-03  6.50600000E-03  2.51600000E-02  2.51600000E-02  2.63700000E-02  2.63700000E-02  4.66000000E-02  4.66000000E-02  0.00000000E+00  0.00000000E+00  0.00000000E+00  0.00000000E+00  0.00000000E+00  0.00000000E+00  0.00000000E+00  0.00000000E+00  0.00000000E+00  0.00000000E+00
-7.51349916E+00  6.75600000E-03  6.75600000E-03  2.91700000E-02  2.91700000E-02  3.22700000E-02  3.22700000E-02  4.44000000E-02  4.43900000E-02  0.00000000E+00  0.00000000E+00  0.00000000E+00  0.00000000E+00  0.00000000E+00  0.00000000E+00  0.00000000E+00  0.00000000E+00  0.00000000E+00  0.00000000E+00
-7.49449916E+00  7.28700000E-03  7.28700000E-03  3.32800000E-02  3.32800000E-02  4.16000000E-02  4.16000000E-02  4.32700000E-02  4.32700000E-02  0.00000000E+00  0.00000000E+00  0.00000000E+00  0.00000000E+00  0.00000000E+00  0.00000000E+00  0.00000000E+00  0.00000000E+00  0.00000000E+00  0.00000000E+00
-7.47449916E+00  8.23100000E-03  8.23100000E-03  3.73400000E-02  3.73400000E-02  4.88100000E-02  4.88100000E-02  4.58000000E-02  4.57900000E-02  0.00000000E+00  0.00000000E+00  0.00000000E+00  0.00000000E+00  0.00000000E+00  0.00000000E+00  0.00000000E+00  0.00000000E+00  0.00000000E+00  0.00000000E+00
-7.45549916E+00  9.05600000E-03  9.05600000E-03  3.94300000E-02  3.94300000E-02  4.99400000E-02  4.99400000E-02  5.22900000E-02  5.22900000E-02  0.00000000E+00  0.00000000E+00  0.00000000E+00  0.00000000E+00  0.00000000E+00  0.00000000E+00  0.00000000E+00  0.00000000E+00  0.00000000E+00  0.00000000E+00
-7.43649916E+00  9.09800000E-03  9.09800000E-03  3.79300000E-02  3.79300000E-02  4.51100000E-02  4.51100000E-02  5.90900000E-02  5.90900000E-02  0.00000000E+00  0.00000000E+00  0.00000000E+00  0.00000000E+00  0.00000000E+00  0.00000000E+00  0.00000000E+00  0.00000000E+00  0.00000000E+00  0.00000000E+00
-7.41649916E+00  8.44500000E-03  8.44500000E-03  3.41300000E-02  3.41300000E-02  3.76500000E-02  3.76500000E-02  6.16200000E-02  6.16200000E-02  0.00000000E+00  0.00000000E+00  0.00000000E+00  0.00000000E+00  0.00000000E+00  0.00000000E+00  0.00000000E+00  0.00000000E+00  0.00000000E+00  0.00000000E+00
-7.39749916E+00  7.81200000E-03  7.81200000E-03  3.10600000E-02  3.10600000E-02  3.16500000E-02  3.16500000E-02  5.89200000E-02  5.89200000E-02  0.00000000E+00  0.00000000E+00  0.00000000E+00  0.00000000E+00  0.00000000E+00  0.00000000E+00  0.00000000E+00  0.00000000E+00  0.00000000E+00  0.00000000E+00
-7.37849916E+00  7.53300000E-03  7.53300000E-03  2.97100000E-02  2.97100000E-02  2.92000000E-02  2.92000000E-02  5.34300000E-02  5.34300000E-02  0.00000000E+00  0.00000000E+00  0.00000000E+00  0.00000000E+00  0.00000000E+00  0.00000000E+00  0.00000000E+00  0.00000000E+00  0.00000000E+00  0.00000000E+00
-7.35849916E+00  7.19400000E-03  7.19400000E-03  2.81200000E-02  2.81200000E-02  2.89500000E-02  2.89500000E-02  4.73300000E-02  4.73300000E-02  0.00000000E+00  0.00000000E+00  0.00000000E+00  0.00000000E+00  0.00000000E+00  0.00000000E+00  0.00000000E+00  0.00000000E+00  0.00000000E+00  0.00000000E+00
-7.33949916E+00  6.35900000E-03  6.35900000E-03  2.44400000E-02  2.44400000E-02  2.84600000E-02  2.84600000E-02  4.15500000E-02  4.15500000E-02  0.00000000E+00  0.00000000E+00  0.00000000E+00  0.00000000E+00  0.00000000E+00  0.00000000E+00  0.00000000E+00  0.00000000E+00  0.00000000E+00  0.00000000E+00
-7.32049916E+00  5.29200000E-03  5.29200000E-03  1.99800000E-02  1.99800000E-02  2.83900000E-02  2.83900000E-02  3.80000000E-02  3.80000000E-02  0.00000000E+00  0.00000000E+00  0.00000000E+00  0.00000000E+00  0.00000000E+00  0.00000000E+00  0.00000000E+00  0.00000000E+00  0.00000000E+00  0.00000000E+00
-7.30149916E+00  4.68800000E-03  4.68800000E-03  1.84600000E-02  1.84600000E-02  3.22500000E-02  3.22500000E-02  3.92800000E-02  3.92800000E-02  0.00000000E+00  0.00000000E+00  0.00000000E+00  0.00000000E+00  0.00000000E+00  0.00000000E+00  0.00000000E+00  0.00000000E+00  0.00000000E+00  0.00000000E+00
-7.28149916E+00  4.85200000E-03  4.85200000E-03  2.26200000E-02  2.26200000E-02  4.19500000E-02  4.19500000E-02  4.52300000E-02  4.52300000E-02  0.00000000E+00  0.00000000E+00  0.00000000E+00  0.00000000E+00  0.00000000E+00  0.00000000E+00  0.00000000E+00  0.00000000E+00  0.00000000E+00  0.00000000E+00
-7.26249916E+00  5.42100000E-03  5.42100000E-03  3.18600000E-02  3.18600000E-02  5.62300000E-02  5.62300000E-02  5.13100000E-02  5.13100000E-02  0.00000000E+00  0.00000000E+00  0.00000000E+00  0.00000000E+00  0.00000000E+00  0.00000000E+00  0.00000000E+00  0.00000000E+00  0.00000000E+00  0.00000000E+00
-7.24349916E+00  5.89000000E-03  5.89000000E-03  4.29100000E-02  4.29100000E-02  7.34200000E-02  7.34200000E-02  5.21800000E-02  5.21800000E-02  0.00000000E+00  0.00000000E+00  0.00000000E+00  0.00000000E+00  0.00000000E+00  0.00000000E+00  0.00000000E+00  0.00000000E+00  0.00000000E+00  0.00000000E+00
-7.22349916E+00  6.16300000E-03  6.16300000E-03  5.23000000E-02  5.23000000E-02  9.23000000E-02  9.22900000E-02  4.70200000E-02  4.70200000E-02  0.00000000E+00  0.00000000E+00  0.00000000E+00  0.00000000E+00  0.00000000E+00  0.00000000E+00  0.00000000E+00  0.00000000E+00  0.00000000E+00  0.00000000E+00
-7.20449916E+00  6.35500000E-03  6.35500000E-03  5.74400000E-02  5.74400000E-02  1.08700000E-01  1.08700000E-01  3.98800000E-02  3.98800000E-02  0.00000000E+00  0.00000000E+00  0.00000000E+00  0.00000000E+00  0.00000000E+00  0.00000000E+00  0.00000000E+00  0.00000000E+00  0.00000000E+00  0.00000000E+00
-7.18549916E+00  6.27100000E-03  6.27100000E-03  5.60300000E-02  5.60300000E-02  1.14500000E-01  1.14500000E-01  3.42500000E-02  3.42500000E-02  0.00000000E+00  0.00000000E+00  0.00000000E+00  0.00000000E+00  0.00000000E+00  0.00000000E+00  0.00000000E+00  0.00000000E+00  0.00000000E+00  0.00000000E+00
-7.16649916E+00  5.51100000E-03  5.51100000E-03  4.70900000E-02  4.70900000E-02  1.03300000E-01  1.03300000E-01  2.93100000E-02  2.93100000E-02  0.00000000E+00  0.00000000E+00  0.00000000E+00  0.00000000E+00  0.00000000E+00  0.00000000E+00  0.00000000E+00  0.00000000E+00  0.00000000E+00  0.00000000E+00
-7.14649916E+00  4.13000000E-03  4.13000000E-03  3.35400000E-02  3.35400000E-02  7.83300000E-02  7.83300000E-02  2.30800000E-02  2.30800000E-02  0.00000000E+00  0.00000000E+00  0.00000000E+00  0.00000000E+00  0.00000000E+00  0.00000000E+00  0.00000000E+00  0.00000000E+00  0.00000000E+00  0.00000000E+00
-7.12749916E+00  2.80600000E-03  2.80600000E-03  2.15400000E-02  2.15400000E-02  5.08400000E-02  5.08400000E-02  1.68300000E-02  1.68300000E-02  0.00000000E+00  0.00000000E+00  0.00000000E+00  0.00000000E+00  0.00000000E+00  0.00000000E+00  0.00000000E+00  0.00000000E+00  0.00000000E+00  0.00000000E+00
-7.10849916E+00  2.25900000E-03  2.25900000E-03  1.62500000E-02  1.62500000E-02  3.28200000E-02  3.28200000E-02  1.45400000E-02  1.45400000E-02  0.00000000E+00  0.00000000E+00  0.00000000E+00  0.00000000E+00  0.00000000E+00  0.00000000E+00  0.00000000E+00  0.00000000E+00  0.00000000E+00  0.00000000E+00
-7.08849916E+00  2.66500000E-03  2.66500000E-03  1.85800000E-02  1.85800000E-02  3.01600000E-02  3.01600000E-02  1.88000000E-02  1.88000000E-02  0.00000000E+00  0.00000000E+00  0.00000000E+00  0.00000000E+00  0.00000000E+00  0.00000000E+00  0.00000000E+00  0.00000000E+00  0.00000000E+00  0.00000000E+00
-7.06949916E+00  3.61600000E-03  3.61600000E-03  2.51500000E-02  2.51500000E-02  4.06500000E-02  4.06500000E-02  2.80100000E-02  2.80100000E-02  0.00000000E+00  0.00000000E+00  0.00000000E+00  0.00000000E+00  0.00000000E+00  0.00000000E+00  0.00000000E+00  0.00000000E+00  0.00000000E+00  0.00000000E+00
-7.05049916E+00  4.44600000E-03  4.44600000E-03  3.06900000E-02  3.06900000E-02  5.63100000E-02  5.63100000E-02  3.70900000E-02  3.70900000E-02  0.00000000E+00  0.00000000E+00  0.00000000E+00  0.00000000E+00  0.00000000E+00  0.00000000E+00  0.00000000E+00  0.00000000E+00  0.00000000E+00  0.00000000E+00
-7.03049916E+00  4.68100000E-03  4.68100000E-03  3.19600000E-02  3.19600000E-02  6.96800000E-02  6.96800000E-02  4.13500000E-02  4.13500000E-02  0.00000000E+00  0.00000000E+00  0.00000000E+00  0.00000000E+00  0.00000000E+00  0.00000000E+00  0.00000000E+00  0.00000000E+00  0.00000000E+00  0.00000000E+00
-7.01149916E+00  4.39400000E-03  4.39400000E-03  3.03900000E-02  3.03900000E-02  8.02400000E-02  8.02400000E-02  4.09500000E-02  4.09500000E-02  0.00000000E+00  0.00000000E+00  0.00000000E+00  0.00000000E+00  0.00000000E+00  0.00000000E+00  0.00000000E+00  0.00000000E+00  0.00000000E+00  0.00000000E+00
-6.99249916E+00  4.06800000E-03  4.06800000E-03  2.99500000E-02  2.99500000E-02  9.29000000E-02  9.29000000E-02  4.00900000E-02  4.00900000E-02  0.00000000E+00  0.00000000E+00  0.00000000E+00  0.00000000E+00  0.00000000E+00  0.00000000E+00  0.00000000E+00  0.00000000E+00  0.00000000E+00  0.00000000E+00
-6.97349916E+00  4.01900000E-03  4.01900000E-03  3.22300000E-02  3.22300000E-02  1.08300000E-01  1.08300000E-01  4.11500000E-02  4.11500000E-02  0.00000000E+00  0.00000000E+00  0.00000000E+00  0.00000000E+00  0.00000000E+00  0.00000000E+00  0.00000000E+00  0.00000000E+00  0.00000000E+00  0.00000000E+00
-6.95349916E+00  4.05400000E-03  4.05400000E-03  3.46800000E-02  3.46800000E-02  1.18700000E-01  1.18700000E-01  4.18700000E-02  4.18700000E-02  0.00000000E+00  0.00000000E+00  0.00000000E+00  0.00000000E+00  0.00000000E+00  0.00000000E+00  0.00000000E+00  0.00000000E+00  0.00000000E+00  0.00000000E+00
-6.93449916E+00  3.83400000E-03  3.83400000E-03  3.41500000E-02  3.41400000E-02  1.15800000E-01  1.15800000E-01  3.92800000E-02  3.92800000E-02  0.00000000E+00  0.00000000E+00  0.00000000E+00  0.00000000E+00  0.00000000E+00  0.00000000E+00  0.00000000E+00  0.00000000E+00  0.00000000E+00  0.00000000E+00
-6.91549916E+00  3.41200000E-03  3.41200000E-03  3.06800000E-02  3.06800000E-02  1.00300000E-01  1.00300000E-01  3.40500000E-02  3.40500000E-02  0.00000000E+00  0.00000000E+00  0.00000000E+00  0.00000000E+00  0.00000000E+00  0.00000000E+00  0.00000000E+00  0.00000000E+00  0.00000000E+00  0.00000000E+00
-6.89549916E+00  3.26600000E-03  3.26600000E-03  2.73400000E-02  2.73400000E-02  8.10000000E-02  8.10000000E-02  2.98200000E-02  2.98200000E-02  0.00000000E+00  0.00000000E+00  0.00000000E+00  0.00000000E+00  0.00000000E+00  0.00000000E+00  0.00000000E+00  0.00000000E+00  0.00000000E+00  0.00000000E+00
-6.87649916E+00  3.79600000E-03  3.79600000E-03  2.71100000E-02  2.71100000E-02  6.78500000E-02  6.78500000E-02  2.94700000E-02  2.94700000E-02  0.00000000E+00  0.00000000E+00  0.00000000E+00  0.00000000E+00  0.00000000E+00  0.00000000E+00  0.00000000E+00  0.00000000E+00  0.00000000E+00  0.00000000E+00
-6.85749916E+00  4.85500000E-03  4.85500000E-03  3.09500000E-02  3.09500000E-02  6.62100000E-02  6.62100000E-02  3.23200000E-02  3.23200000E-02  0.00000000E+00  0.00000000E+00  0.00000000E+00  0.00000000E+00  0.00000000E+00  0.00000000E+00  0.00000000E+00  0.00000000E+00  0.00000000E+00  0.00000000E+00
-6.83749916E+00  5.91100000E-03  5.91100000E-03  3.85200000E-02  3.85200000E-02  7.59300000E-02  7.59300000E-02  3.51200000E-02  3.51200000E-02  0.00000000E+00  0.00000000E+00  0.00000000E+00  0.00000000E+00  0.00000000E+00  0.00000000E+00  0.00000000E+00  0.00000000E+00  0.00000000E+00  0.00000000E+00
-6.81849916E+00  6.67100000E-03  6.67100000E-03  4.92900000E-02  4.92900000E-02  9.25400000E-02  9.25400000E-02  3.59400000E-02  3.59400000E-02  0.00000000E+00  0.00000000E+00  0.00000000E+00  0.00000000E+00  0.00000000E+00  0.00000000E+00  0.00000000E+00  0.00000000E+00  0.00000000E+00  0.00000000E+00
-6.79949916E+00  7.24200000E-03  7.24200000E-03  6.09800000E-02  6.09800000E-02  1.09300000E-01  1.09300000E-01  3.61300000E-02  3.61300000E-02  0.00000000E+00  0.00000000E+00  0.00000000E+00  0.00000000E+00  0.00000000E+00  0.00000000E+00  0.00000000E+00  0.00000000E+00  0.00000000E+00  0.00000000E+00
-6.78049916E+00  7.58800000E-03  7.58800000E-03  6.79300000E-02  6.79300000E-02  1.20000000E-01  1.20000000E-01  3.71900000E-02  3.71900000E-02  0.00000000E+00  0.00000000E+00  0.00000000E+00  0.00000000E+00  0.00000000E+00  0.00000000E+00  0.00000000E+00  0.00000000E+00  0.00000000E+00  0.00000000E+00
-6.76049916E+00  7.37400000E-03  7.37400000E-03  6.49900000E-02  6.49900000E-02  1.20000000E-01  1.20000000E-01  3.80400000E-02  3.80400000E-02  0.00000000E+00  0.00000000E+00  0.00000000E+00  0.00000000E+00  0.00000000E+00  0.00000000E+00  0.00000000E+00  0.00000000E+00  0.00000000E+00  0.00000000E+00
-6.74149916E+00  6.58000000E-03  6.58000000E-03  5.32600000E-02  5.32600000E-02  1.06800000E-01  1.06800000E-01  3.72800000E-02  3.72800000E-02  0.00000000E+00  0.00000000E+00  0.00000000E+00  0.00000000E+00  0.00000000E+00  0.00000000E+00  0.00000000E+00  0.00000000E+00  0.00000000E+00  0.00000000E+00
-6.72249916E+00  5.73100000E-03  5.73100000E-03  3.95300000E-02  3.95300000E-02  8.28500000E-02  8.28500000E-02  3.59700000E-02  3.59700000E-02  0.00000000E+00  0.00000000E+00  0.00000000E+00  0.00000000E+00  0.00000000E+00  0.00000000E+00  0.00000000E+00  0.00000000E+00  0.00000000E+00  0.00000000E+00
-6.70249916E+00  5.23100000E-03  5.23100000E-03  2.95500000E-02  2.95500000E-02  5.67300000E-02  5.67300000E-02  3.61900000E-02  3.61900000E-02  0.00000000E+00  0.00000000E+00  0.00000000E+00  0.00000000E+00  0.00000000E+00  0.00000000E+00  0.00000000E+00  0.00000000E+00  0.00000000E+00  0.00000000E+00
-6.68349916E+00  4.87000000E-03  4.87000000E-03  2.37800000E-02  2.37800000E-02  3.77100000E-02  3.77100000E-02  3.77100000E-02  3.77100000E-02  0.00000000E+00  0.00000000E+00  0.00000000E+00  0.00000000E+00  0.00000000E+00  0.00000000E+00  0.00000000E+00  0.00000000E+00  0.00000000E+00  0.00000000E+00
-6.66449916E+00  4.26000000E-03  4.26000000E-03  1.95100000E-02  1.95100000E-02  2.84100000E-02  2.84100000E-02  3.75300000E-02  3.75300000E-02  0.00000000E+00  0.00000000E+00  0.00000000E+00  0.00000000E+00  0.00000000E+00  0.00000000E+00  0.00000000E+00  0.00000000E+00  0.00000000E+00  0.00000000E+00
-6.64549916E+00  3.39200000E-03  3.39200000E-03  1.52300000E-02  1.52300000E-02  2.53900000E-02  2.53900000E-02  3.31100000E-02  3.31100000E-02  0.00000000E+00  0.00000000E+00  0.00000000E+00  0.00000000E+00  0.00000000E+00  0.00000000E+00  0.00000000E+00  0.00000000E+00  0.00000000E+00  0.00000000E+00
-6.62549916E+00  2.56600000E-03  2.56600000E-03  1.21900000E-02  1.21900000E-02  2.51200000E-02  2.51200000E-02  2.51900000E-02  2.51900000E-02  0.00000000E+00  0.00000000E+00  0.00000000E+00  0.00000000E+00  0.00000000E+00  0.00000000E+00  0.00000000E+00  0.00000000E+00  0.00000000E+00  0.00000000E+00
-6.60649916E+00  2.07400000E-03  2.07400000E-03  1.31300000E-02  1.31300000E-02  2.78900000E-02  2.78900000E-02  1.68300000E-02  1.68300000E-02  0.00000000E+00  0.00000000E+00  0.00000000E+00  0.00000000E+00  0.00000000E+00  0.00000000E+00  0.00000000E+00  0.00000000E+00  0.00000000E+00  0.00000000E+00
-6.58749916E+00  2.10000000E-03  2.10000000E-03  2.03800000E-02  2.03800000E-02  3.59600000E-02  3.59600000E-02  1.07100000E-02  1.07100000E-02  0.00000000E+00  0.00000000E+00  0.00000000E+00  0.00000000E+00  0.00000000E+00  0.00000000E+00  0.00000000E+00  0.00000000E+00  0.00000000E+00  0.00000000E+00
-6.56749916E+00  2.61700000E-03  2.61700000E-03  3.36600000E-02  3.36600000E-02  4.81600000E-02  4.81600000E-02  7.62900000E-03  7.62900000E-03  0.00000000E+00  0.00000000E+00  0.00000000E+00  0.00000000E+00  0.00000000E+00  0.00000000E+00  0.00000000E+00  0.00000000E+00  0.00000000E+00  0.00000000E+00
-6.54849916E+00  3.33900000E-03  3.33900000E-03  4.85200000E-02  4.85200000E-02  5.80200000E-02  5.80200000E-02  6.76100000E-03  6.76100000E-03  0.00000000E+00  0.00000000E+00  0.00000000E+00  0.00000000E+00  0.00000000E+00  0.00000000E+00  0.00000000E+00  0.00000000E+00  0.00000000E+00  0.00000000E+00
-6.52949916E+00  3.99700000E-03  3.99700000E-03  5.87700000E-02  5.87700000E-02  5.93500000E-02  5.93500000E-02  6.89300000E-03  6.89300000E-03  0.00000000E+00  0.00000000E+00  0.00000000E+00  0.00000000E+00  0.00000000E+00  0.00000000E+00  0.00000000E+00  0.00000000E+00  0.00000000E+00  0.00000000E+00
-6.50949916E+00  4.72800000E-03  4.72800000E-03  6.20000000E-02  6.20000000E-02  5.34100000E-02  5.34100000E-02  7.80300000E-03  7.80300000E-03  0.00000000E+00  0.00000000E+00  0.00000000E+00  0.00000000E+00  0.00000000E+00  0.00000000E+00  0.00000000E+00  0.00000000E+00  0.00000000E+00  0.00000000E+00
-6.49049916E+00  5.96700000E-03  5.96700000E-03  6.19300000E-02  6.19300000E-02  4.80800000E-02  4.80800000E-02  1.04400000E-02  1.04400000E-02  0.00000000E+00  0.00000000E+00  0.00000000E+00  0.00000000E+00  0.00000000E+00  0.00000000E+00  0.00000000E+00  0.00000000E+00  0.00000000E+00  0.00000000E+00
-6.47149916E+00  7.95800000E-03  7.95800000E-03  6.47300000E-02  6.47300000E-02  4.97500000E-02  4.97500000E-02  1.55300000E-02  1.55300000E-02  0.00000000E+00  0.00000000E+00  0.00000000E+00  0.00000000E+00  0.00000000E+00  0.00000000E+00  0.00000000E+00  0.00000000E+00  0.00000000E+00  0.00000000E+00
-6.45249916E+00  1.03800000E-02  1.03800000E-02  7.33700000E-02  7.33700000E-02  5.76700000E-02  5.76700000E-02  2.18300000E-02  2.18300000E-02  0.00000000E+00  0.00000000E+00  0.00000000E+00  0.00000000E+00  0.00000000E+00  0.00000000E+00  0.00000000E+00  0.00000000E+00  0.00000000E+00  0.00000000E+00
-6.43249916E+00  1.21800000E-02  1.21800000E-02  8.38000000E-02  8.38000000E-02  6.62100000E-02  6.62100000E-02  2.59900000E-02  2.59900000E-02  0.00000000E+00  0.00000000E+00  0.00000000E+00  0.00000000E+00  0.00000000E+00  0.00000000E+00  0.00000000E+00  0.00000000E+00  0.00000000E+00  0.00000000E+00
-6.41349916E+00  1.20700000E-02  1.20700000E-02  8.61300000E-02  8.61300000E-02  7.09400000E-02  7.09400000E-02  2.50500000E-02  2.50500000E-02  0.00000000E+00  0.00000000E+00  0.00000000E+00  0.00000000E+00  0.00000000E+00  0.00000000E+00  0.00000000E+00  0.00000000E+00  0.00000000E+00  0.00000000E+00
-6.39449916E+00  9.70500000E-03  9.70500000E-03  7.38700000E-02  7.38700000E-02  7.23700000E-02  7.23700000E-02  1.93800000E-02  1.93800000E-02  0.00000000E+00  0.00000000E+00  0.00000000E+00  0.00000000E+00  0.00000000E+00  0.00000000E+00  0.00000000E+00  0.00000000E+00  0.00000000E+00  0.00000000E+00
-6.37449916E+00  6.39200000E-03  6.39200000E-03  5.23300000E-02  5.23300000E-02  7.56500000E-02  7.56500000E-02  1.24900000E-02  1.24900000E-02  0.00000000E+00  0.00000000E+00  0.00000000E+00  0.00000000E+00  0.00000000E+00  0.00000000E+00  0.00000000E+00  0.00000000E+00  0.00000000E+00  0.00000000E+00
-6.35549916E+00  3.95400000E-03  3.95400000E-03  3.40700000E-02  3.40700000E-02  8.59000000E-02  8.59000000E-02  7.79200000E-03  7.79200000E-03  0.00000000E+00  0.00000000E+00  0.00000000E+00  0.00000000E+00  0.00000000E+00  0.00000000E+00  0.00000000E+00  0.00000000E+00  0.00000000E+00  0.00000000E+00
-6.33649916E+00  3.19100000E-03  3.19100000E-03  2.70000000E-02  2.70000000E-02  1.01600000E-01  1.01600000E-01  6.23100000E-03  6.23100000E-03  0.00000000E+00  0.00000000E+00  0.00000000E+00  0.00000000E+00  0.00000000E+00  0.00000000E+00  0.00000000E+00  0.00000000E+00  0.00000000E+00  0.00000000E+00
-6.31749916E+00  3.61400000E-03  3.61400000E-03  2.98000000E-02  2.98000000E-02  1.13100000E-01  1.13100000E-01  6.60600000E-03  6.60600000E-03  0.00000000E+00  0.00000000E+00  0.00000000E+00  0.00000000E+00  0.00000000E+00  0.00000000E+00  0.00000000E+00  0.00000000E+00  0.00000000E+00  0.00000000E+00
-6.29749916E+00  4.26700000E-03  4.26700000E-03  3.67200000E-02  3.67200000E-02  1.11500000E-01  1.11500000E-01  7.23900000E-03  7.23900000E-03  0.00000000E+00  0.00000000E+00  0.00000000E+00  0.00000000E+00  0.00000000E+00  0.00000000E+00  0.00000000E+00  0.00000000E+00  0.00000000E+00  0.00000000E+00
-6.27849916E+00  4.59000000E-03  4.59000000E-03  4.31700000E-02  4.31700000E-02  9.62600000E-02  9.62600000E-02  7.23600000E-03  7.23600000E-03  0.00000000E+00  0.00000000E+00  0.00000000E+00  0.00000000E+00  0.00000000E+00  0.00000000E+00  0.00000000E+00  0.00000000E+00  0.00000000E+00  0.00000000E+00
-6.25949916E+00  4.70600000E-03  4.70600000E-03  4.72000000E-02  4.72000000E-02  7.46200000E-02  7.46200000E-02  7.09400000E-03  7.09400000E-03  0.00000000E+00  0.00000000E+00  0.00000000E+00  0.00000000E+00  0.00000000E+00  0.00000000E+00  0.00000000E+00  0.00000000E+00  0.00000000E+00  0.00000000E+00
-6.23949916E+00  5.24200000E-03  5.24200000E-03  4.94500000E-02  4.94500000E-02  5.37500000E-02  5.37500000E-02  8.55400000E-03  8.55400000E-03  0.00000000E+00  0.00000000E+00  0.00000000E+00  0.00000000E+00  0.00000000E+00  0.00000000E+00  0.00000000E+00  0.00000000E+00  0.00000000E+00  0.00000000E+00
-6.22049916E+00  6.87600000E-03  6.87600000E-03  5.36100000E-02  5.36100000E-02  3.83800000E-02  3.83800000E-02  1.31500000E-02  1.31500000E-02  0.00000000E+00  0.00000000E+00  0.00000000E+00  0.00000000E+00  0.00000000E+00  0.00000000E+00  0.00000000E+00  0.00000000E+00  0.00000000E+00  0.00000000E+00
-6.20149916E+00  9.57600000E-03  9.57600000E-03  6.29500000E-02  6.29500000E-02  3.16200000E-02  3.16200000E-02  1.99100000E-02  1.99100000E-02  0.00000000E+00  0.00000000E+00  0.00000000E+00  0.00000000E+00  0.00000000E+00  0.00000000E+00  0.00000000E+00  0.00000000E+00  0.00000000E+00  0.00000000E+00
-6.18149916E+00  1.21100000E-02  1.21100000E-02  7.39500000E-02  7.39500000E-02  3.31400000E-02  3.31400000E-02  2.49200000E-02  2.49200000E-02  0.00000000E+00  0.00000000E+00  0.00000000E+00  0.00000000E+00  0.00000000E+00  0.00000000E+00  0.00000000E+00  0.00000000E+00  0.00000000E+00  0.00000000E+00
-6.16249916E+00  1.28600000E-02  1.28600000E-02  7.75900000E-02  7.75900000E-02  3.79500000E-02  3.79500000E-02  2.46500000E-02  2.46500000E-02  0.00000000E+00  0.00000000E+00  0.00000000E+00  0.00000000E+00  0.00000000E+00  0.00000000E+00  0.00000000E+00  0.00000000E+00  0.00000000E+00  0.00000000E+00
-6.14349916E+00  1.13400000E-02  1.13400000E-02  6.93900000E-02  6.93900000E-02  4.00800000E-02  4.00800000E-02  1.94900000E-02  1.94900000E-02  0.00000000E+00  0.00000000E+00  0.00000000E+00  0.00000000E+00  0.00000000E+00  0.00000000E+00  0.00000000E+00  0.00000000E+00  0.00000000E+00  0.00000000E+00
-6.12449916E+00  8.58800000E-03  8.58800000E-03  5.50400000E-02  5.50400000E-02  3.79000000E-02  3.79000000E-02  1.30100000E-02  1.30100000E-02  0.00000000E+00  0.00000000E+00  0.00000000E+00  0.00000000E+00  0.00000000E+00  0.00000000E+00  0.00000000E+00  0.00000000E+00  0.00000000E+00  0.00000000E+00
-6.10449916E+00  6.03400000E-03  6.03400000E-03  4.48100000E-02  4.48100000E-02  3.47200000E-02  3.47200000E-02  8.41000000E-03  8.41000000E-03  0.00000000E+00  0.00000000E+00  0.00000000E+00  0.00000000E+00  0.00000000E+00  0.00000000E+00  0.00000000E+00  0.00000000E+00  0.00000000E+00  0.00000000E+00
-6.08549916E+00  4.51300000E-03  4.51300000E-03  4.47600000E-02  4.47600000E-02  3.47100000E-02  3.47100000E-02  6.96300000E-03  6.96300000E-03  0.00000000E+00  0.00000000E+00  0.00000000E+00  0.00000000E+00  0.00000000E+00  0.00000000E+00  0.00000000E+00  0.00000000E+00  0.00000000E+00  0.00000000E+00
-6.06649916E+00  4.08000000E-03  4.08000000E-03  5.28600000E-02  5.28600000E-02  3.83900000E-02  3.83900000E-02  8.89600000E-03  8.89600000E-03  0.00000000E+00  0.00000000E+00  0.00000000E+00  0.00000000E+00  0.00000000E+00  0.00000000E+00  0.00000000E+00  0.00000000E+00  0.00000000E+00  0.00000000E+00
-6.04649916E+00  4.30700000E-03  4.30700000E-03  6.16600000E-02  6.16600000E-02  4.22600000E-02  4.22600000E-02  1.39300000E-02  1.39300000E-02  0.00000000E+00  0.00000000E+00  0.00000000E+00  0.00000000E+00  0.00000000E+00  0.00000000E+00  0.00000000E+00  0.00000000E+00  0.00000000E+00  0.00000000E+00
-6.02749916E+00  4.67400000E-03  4.67300000E-03  6.53100000E-02  6.53100000E-02  4.35800000E-02  4.35800000E-02  2.05400000E-02  2.05400000E-02  0.00000000E+00  0.00000000E+00  0.00000000E+00  0.00000000E+00  0.00000000E+00  0.00000000E+00  0.00000000E+00  0.00000000E+00  0.00000000E+00  0.00000000E+00
-6.00849916E+00  4.79600000E-03  4.79600000E-03  6.32000000E-02  6.32000000E-02  4.44500000E-02  4.44500000E-02  2.57100000E-02  2.57100000E-02  0.00000000E+00  0.00000000E+00  0.00000000E+00  0.00000000E+00  0.00000000E+00  0.00000000E+00  0.00000000E+00  0.00000000E+00  0.00000000E+00  0.00000000E+00
-5.98949916E+00  4.49700000E-03  4.49700000E-03  5.68200000E-02  5.68200000E-02  4.94800000E-02  4.94800000E-02  2.71200000E-02  2.71200000E-02  0.00000000E+00  0.00000000E+00  0.00000000E+00  0.00000000E+00  0.00000000E+00  0.00000000E+00  0.00000000E+00  0.00000000E+00  0.00000000E+00  0.00000000E+00
-5.96949916E+00  3.94000000E-03  3.94000000E-03  4.73800000E-02  4.73800000E-02  6.00300000E-02  6.00300000E-02  2.59200000E-02  2.59200000E-02  0.00000000E+00  0.00000000E+00  0.00000000E+00  0.00000000E+00  0.00000000E+00  0.00000000E+00  0.00000000E+00  0.00000000E+00  0.00000000E+00  0.00000000E+00
-5.95049916E+00  3.59800000E-03  3.59800000E-03  3.77500000E-02  3.77500000E-02  7.30100000E-02  7.30100000E-02  2.54600000E-02  2.54600000E-02  0.00000000E+00  0.00000000E+00  0.00000000E+00  0.00000000E+00  0.00000000E+00  0.00000000E+00  0.00000000E+00  0.00000000E+00  0.00000000E+00  0.00000000E+00
-5.93149916E+00  3.79600000E-03  3.79600000E-03  3.22000000E-02  3.22000000E-02  8.48400000E-02  8.48400000E-02  2.66200000E-02  2.66200000E-02  0.00000000E+00  0.00000000E+00  0.00000000E+00  0.00000000E+00  0.00000000E+00  0.00000000E+00  0.00000000E+00  0.00000000E+00  0.00000000E+00  0.00000000E+00
-5.91149916E+00  4.31500000E-03  4.31500000E-03  3.26200000E-02  3.26200000E-02  9.46000000E-02  9.46000000E-02  2.66900000E-02  2.66900000E-02  0.00000000E+00  0.00000000E+00  0.00000000E+00  0.00000000E+00  0.00000000E+00  0.00000000E+00  0.00000000E+00  0.00000000E+00  0.00000000E+00  0.00000000E+00
-5.89249916E+00  4.63800000E-03  4.63800000E-03  3.75700000E-02  3.75700000E-02  1.02700000E-01  1.02700000E-01  2.33700000E-02  2.33700000E-02  0.00000000E+00  0.00000000E+00  0.00000000E+00  0.00000000E+00  0.00000000E+00  0.00000000E+00  0.00000000E+00  0.00000000E+00  0.00000000E+00  0.00000000E+00
-5.87349916E+00  4.52900000E-03  4.52900000E-03  4.49000000E-02  4.49000000E-02  1.09000000E-01  1.09000000E-01  1.78000000E-02  1.78000000E-02  0.00000000E+00  0.00000000E+00  0.00000000E+00  0.00000000E+00  0.00000000E+00  0.00000000E+00  0.00000000E+00  0.00000000E+00  0.00000000E+00  0.00000000E+00
-5.85349916E+00  4.19300000E-03  4.19300000E-03  5.27600000E-02  5.27600000E-02  1.13800000E-01  1.13800000E-01  1.31100000E-02  1.31100000E-02  0.00000000E+00  0.00000000E+00  0.00000000E+00  0.00000000E+00  0.00000000E+00  0.00000000E+00  0.00000000E+00  0.00000000E+00  0.00000000E+00  0.00000000E+00
-5.83449916E+00  3.95000000E-03  3.95000000E-03  5.87500000E-02  5.87500000E-02  1.18700000E-01  1.18700000E-01  1.12000000E-02  1.12000000E-02  0.00000000E+00  0.00000000E+00  0.00000000E+00  0.00000000E+00  0.00000000E+00  0.00000000E+00  0.00000000E+00  0.00000000E+00  0.00000000E+00  0.00000000E+00
-5.81549916E+00  3.89900000E-03  3.89900000E-03  6.03900000E-02  6.03900000E-02  1.23300000E-01  1.23300000E-01  1.15000000E-02  1.15000000E-02  0.00000000E+00  0.00000000E+00  0.00000000E+00  0.00000000E+00  0.00000000E+00  0.00000000E+00  0.00000000E+00  0.00000000E+00  0.00000000E+00  0.00000000E+00
-5.79649916E+00  3.87100000E-03  3.87100000E-03  5.69200000E-02  5.69200000E-02  1.21600000E-01  1.21600000E-01  1.19800000E-02  1.19800000E-02  0.00000000E+00  0.00000000E+00  0.00000000E+00  0.00000000E+00  0.00000000E+00  0.00000000E+00  0.00000000E+00  0.00000000E+00  0.00000000E+00  0.00000000E+00
-5.77649916E+00  3.66900000E-03  3.66900000E-03  5.00900000E-02  5.00900000E-02  1.05800000E-01  1.05800000E-01  1.12500000E-02  1.12500000E-02  0.00000000E+00  0.00000000E+00  0.00000000E+00  0.00000000E+00  0.00000000E+00  0.00000000E+00  0.00000000E+00  0.00000000E+00  0.00000000E+00  0.00000000E+00
-5.75749916E+00  3.39800000E-03  3.39800000E-03  4.45700000E-02  4.45700000E-02  7.81800000E-02  7.81800000E-02  9.73000000E-03  9.73000000E-03  0.00000000E+00  0.00000000E+00  0.00000000E+00  0.00000000E+00  0.00000000E+00  0.00000000E+00  0.00000000E+00  0.00000000E+00  0.00000000E+00  0.00000000E+00
-5.73849916E+00  3.42500000E-03  3.42500000E-03  4.65800000E-02  4.65800000E-02  5.22100000E-02  5.22100000E-02  8.82600000E-03  8.82600000E-03  0.00000000E+00  0.00000000E+00  0.00000000E+00  0.00000000E+00  0.00000000E+00  0.00000000E+00  0.00000000E+00  0.00000000E+00  0.00000000E+00  0.00000000E+00
-5.71849916E+00  3.94800000E-03  3.94800000E-03  5.89400000E-02  5.89400000E-02  3.96100000E-02  3.96100000E-02  9.24700000E-03  9.24700000E-03  0.00000000E+00  0.00000000E+00  0.00000000E+00  0.00000000E+00  0.00000000E+00  0.00000000E+00  0.00000000E+00  0.00000000E+00  0.00000000E+00  0.00000000E+00
-5.69949916E+00  4.70200000E-03  4.70200000E-03  7.64800000E-02  7.64800000E-02  4.19200000E-02  4.19200000E-02  1.03200000E-02  1.03200000E-02  0.00000000E+00  0.00000000E+00  0.00000000E+00  0.00000000E+00  0.00000000E+00  0.00000000E+00  0.00000000E+00  0.00000000E+00  0.00000000E+00  0.00000000E+00
-5.68049916E+00  5.15700000E-03  5.15700000E-03  8.83200000E-02  8.83200000E-02  5.34100000E-02  5.34100000E-02  1.09500000E-02  1.09500000E-02  0.00000000E+00  0.00000000E+00  0.00000000E+00  0.00000000E+00  0.00000000E+00  0.00000000E+00  0.00000000E+00  0.00000000E+00  0.00000000E+00  0.00000000E+00
-5.66049916E+00  4.97400000E-03  4.97400000E-03  8.69200000E-02  8.69200000E-02  6.60900000E-02  6.60900000E-02  1.10100000E-02  1.10100000E-02  0.00000000E+00  0.00000000E+00  0.00000000E+00  0.00000000E+00  0.00000000E+00  0.00000000E+00  0.00000000E+00  0.00000000E+00  0.00000000E+00  0.00000000E+00
-5.64149916E+00  4.29700000E-03  4.29700000E-03  7.49600000E-02  7.49600000E-02  7.17800000E-02  7.17800000E-02  1.15100000E-02  1.15100000E-02  0.00000000E+00  0.00000000E+00  0.00000000E+00  0.00000000E+00  0.00000000E+00  0.00000000E+00  0.00000000E+00  0.00000000E+00  0.00000000E+00  0.00000000E+00
-5.62249916E+00  3.59100000E-03  3.59100000E-03  6.19500000E-02  6.19500000E-02  6.57500000E-02  6.57500000E-02  1.33900000E-02  1.33900000E-02  0.00000000E+00  0.00000000E+00  0.00000000E+00  0.00000000E+00  0.00000000E+00  0.00000000E+00  0.00000000E+00  0.00000000E+00  0.00000000E+00  0.00000000E+00
-5.60349916E+00  3.19300000E-03  3.19300000E-03  5.46200000E-02  5.46200000E-02  5.07800000E-02  5.07800000E-02  1.61100000E-02  1.61100000E-02  0.00000000E+00  0.00000000E+00  0.00000000E+00  0.00000000E+00  0.00000000E+00  0.00000000E+00  0.00000000E+00  0.00000000E+00  0.00000000E+00  0.00000000E+00
-5.58349916E+00  3.14500000E-03  3.14500000E-03  5.29600000E-02  5.29600000E-02  3.58300000E-02  3.58300000E-02  1.81500000E-02  1.81500000E-02  0.00000000E+00  0.00000000E+00  0.00000000E+00  0.00000000E+00  0.00000000E+00  0.00000000E+00  0.00000000E+00  0.00000000E+00  0.00000000E+00  0.00000000E+00
-5.56449916E+00  3.54200000E-03  3.54200000E-03  5.59600000E-02  5.59600000E-02  2.92600000E-02  2.92600000E-02  1.93200000E-02  1.93200000E-02  0.00000000E+00  0.00000000E+00  0.00000000E+00  0.00000000E+00  0.00000000E+00  0.00000000E+00  0.00000000E+00  0.00000000E+00  0.00000000E+00  0.00000000E+00
-5.54549916E+00  4.77400000E-03  4.77400000E-03  6.68300000E-02  6.68300000E-02  3.33000000E-02  3.33000000E-02  2.14500000E-02  2.14500000E-02  0.00000000E+00  0.00000000E+00  0.00000000E+00  0.00000000E+00  0.00000000E+00  0.00000000E+00  0.00000000E+00  0.00000000E+00  0.00000000E+00  0.00000000E+00
-5.52549916E+00  7.10300000E-03  7.10300000E-03  8.86200000E-02  8.86200000E-02  4.42600000E-02  4.42600000E-02  2.58200000E-02  2.58200000E-02  0.00000000E+00  0.00000000E+00  0.00000000E+00  0.00000000E+00  0.00000000E+00  0.00000000E+00  0.00000000E+00  0.00000000E+00  0.00000000E+00  0.00000000E+00
-5.50649916E+00  1.00600000E-02  1.00600000E-02  1.17100000E-01  1.17100000E-01  5.75700000E-02  5.75700000E-02  3.09600000E-02  3.09600000E-02  0.00000000E+00  0.00000000E+00  0.00000000E+00  0.00000000E+00  0.00000000E+00  0.00000000E+00  0.00000000E+00  0.00000000E+00  0.00000000E+00  0.00000000E+00
-5.48749916E+00  1.24200000E-02  1.24200000E-02  1.40300000E-01  1.40300000E-01  7.10900000E-02  7.10900000E-02  3.39800000E-02  3.39800000E-02  0.00000000E+00  0.00000000E+00  0.00000000E+00  0.00000000E+00  0.00000000E+00  0.00000000E+00  0.00000000E+00  0.00000000E+00  0.00000000E+00  0.00000000E+00
-5.46849916E+00  1.30100000E-02  1.30100000E-02  1.45800000E-01  1.45800000E-01  8.24900000E-02  8.24900000E-02  3.30200000E-02  3.30200000E-02  0.00000000E+00  0.00000000E+00  0.00000000E+00  0.00000000E+00  0.00000000E+00  0.00000000E+00  0.00000000E+00  0.00000000E+00  0.00000000E+00  0.00000000E+00
-5.44849916E+00  1.16700000E-02  1.16700000E-02  1.29300000E-01  1.29300000E-01  8.67400000E-02  8.67400000E-02  2.83000000E-02  2.83000000E-02  0.00000000E+00  0.00000000E+00  0.00000000E+00  0.00000000E+00  0.00000000E+00  0.00000000E+00  0.00000000E+00  0.00000000E+00  0.00000000E+00  0.00000000E+00
-5.42949916E+00  9.29200000E-03  9.29200000E-03  9.95300000E-02  9.95300000E-02  8.07400000E-02  8.07400000E-02  2.15800000E-02  2.15800000E-02  0.00000000E+00  0.00000000E+00  0.00000000E+00  0.00000000E+00  0.00000000E+00  0.00000000E+00  0.00000000E+00  0.00000000E+00  0.00000000E+00  0.00000000E+00
-5.41049916E+00  7.03200000E-03  7.03200000E-03  7.06700000E-02  7.06700000E-02  6.81300000E-02  6.81300000E-02  1.48900000E-02  1.48900000E-02  0.00000000E+00  0.00000000E+00  0.00000000E+00  0.00000000E+00  0.00000000E+00  0.00000000E+00  0.00000000E+00  0.00000000E+00  0.00000000E+00  0.00000000E+00
-5.39049916E+00  5.44300000E-03  5.44300000E-03  5.28900000E-02  5.28900000E-02  5.54300000E-02  5.54300000E-02  9.56000000E-03  9.56000000E-03  0.00000000E+00  0.00000000E+00  0.00000000E+00  0.00000000E+00  0.00000000E+00  0.00000000E+00  0.00000000E+00  0.00000000E+00  0.00000000E+00  0.00000000E+00
-5.37149916E+00  4.52100000E-03  4.52100000E-03  4.89500000E-02  4.89500000E-02  4.55500000E-02  4.55500000E-02  6.06600000E-03  6.06500000E-03  0.00000000E+00  0.00000000E+00  0.00000000E+00  0.00000000E+00  0.00000000E+00  0.00000000E+00  0.00000000E+00  0.00000000E+00  0.00000000E+00  0.00000000E+00
-5.35249916E+00  4.09400000E-03  4.09400000E-03  5.54700000E-02  5.54700000E-02  3.78300000E-02  3.78300000E-02  4.42700000E-03  4.42700000E-03  0.00000000E+00  0.00000000E+00  0.00000000E+00  0.00000000E+00  0.00000000E+00  0.00000000E+00  0.00000000E+00  0.00000000E+00  0.00000000E+00  0.00000000E+00
-5.33249916E+00  3.95600000E-03  3.95600000E-03  6.44700000E-02  6.44700000E-02  3.18000000E-02  3.18000000E-02  4.37100000E-03  4.37100000E-03  0.00000000E+00  0.00000000E+00  0.00000000E+00  0.00000000E+00  0.00000000E+00  0.00000000E+00  0.00000000E+00  0.00000000E+00  0.00000000E+00  0.00000000E+00
-5.31349916E+00  3.97600000E-03  3.97600000E-03  6.92900000E-02  6.92900000E-02  2.81500000E-02  2.81500000E-02  5.37000000E-03  5.37000000E-03  0.00000000E+00  0.00000000E+00  0.00000000E+00  0.00000000E+00  0.00000000E+00  0.00000000E+00  0.00000000E+00  0.00000000E+00  0.00000000E+00  0.00000000E+00
-5.29449916E+00  4.29400000E-03  4.29400000E-03  7.12000000E-02  7.12000000E-02  2.71500000E-02  2.71500000E-02  6.81000000E-03  6.81000000E-03  0.00000000E+00  0.00000000E+00  0.00000000E+00  0.00000000E+00  0.00000000E+00  0.00000000E+00  0.00000000E+00  0.00000000E+00  0.00000000E+00  0.00000000E+00
-5.27549916E+00  5.14500000E-03  5.14500000E-03  7.58400000E-02  7.58400000E-02  2.78500000E-02  2.78500000E-02  8.19900000E-03  8.19900000E-03  0.00000000E+00  0.00000000E+00  0.00000000E+00  0.00000000E+00  0.00000000E+00  0.00000000E+00  0.00000000E+00  0.00000000E+00  0.00000000E+00  0.00000000E+00
-5.25549916E+00  6.37800000E-03  6.37800000E-03  8.38200000E-02  8.38200000E-02  2.95100000E-02  2.95100000E-02  9.32900000E-03  9.32900000E-03  0.00000000E+00  0.00000000E+00  0.00000000E+00  0.00000000E+00  0.00000000E+00  0.00000000E+00  0.00000000E+00  0.00000000E+00  0.00000000E+00  0.00000000E+00
-5.23649916E+00  7.48100000E-03  7.48100000E-03  9.08900000E-02  9.08900000E-02  3.33100000E-02  3.33100000E-02  1.03500000E-02  1.03500000E-02  0.00000000E+00  0.00000000E+00  0.00000000E+00  0.00000000E+00  0.00000000E+00  0.00000000E+00  0.00000000E+00  0.00000000E+00  0.00000000E+00  0.00000000E+00
-5.21749916E+00  8.03200000E-03  8.03200000E-03  9.43000000E-02  9.43000000E-02  4.03600000E-02  4.03600000E-02  1.14000000E-02  1.14000000E-02  0.00000000E+00  0.00000000E+00  0.00000000E+00  0.00000000E+00  0.00000000E+00  0.00000000E+00  0.00000000E+00  0.00000000E+00  0.00000000E+00  0.00000000E+00
-5.19749916E+00  7.84300000E-03  7.84300000E-03  9.24600000E-02  9.24600000E-02  4.76000000E-02  4.76000000E-02  1.20200000E-02  1.20200000E-02  0.00000000E+00  0.00000000E+00  0.00000000E+00  0.00000000E+00  0.00000000E+00  0.00000000E+00  0.00000000E+00  0.00000000E+00  0.00000000E+00  0.00000000E+00
-5.17849916E+00  6.92000000E-03  6.92000000E-03  8.28500000E-02  8.28500000E-02  4.92800000E-02  4.92800000E-02  1.14700000E-02  1.14700000E-02  0.00000000E+00  0.00000000E+00  0.00000000E+00  0.00000000E+00  0.00000000E+00  0.00000000E+00  0.00000000E+00  0.00000000E+00  0.00000000E+00  0.00000000E+00
-5.15949916E+00  5.60000000E-03  5.60000000E-03  6.63700000E-02  6.63700000E-02  4.35600000E-02  4.35600000E-02  9.87900000E-03  9.87900000E-03  0.00000000E+00  0.00000000E+00  0.00000000E+00  0.00000000E+00  0.00000000E+00  0.00000000E+00  0.00000000E+00  0.00000000E+00  0.00000000E+00  0.00000000E+00
-5.14049916E+00  4.50100000E-03  4.50100000E-03  5.00100000E-02  5.00100000E-02  3.46100000E-02  3.46100000E-02  8.42000000E-03  8.42000000E-03  0.00000000E+00  0.00000000E+00  0.00000000E+00  0.00000000E+00  0.00000000E+00  0.00000000E+00  0.00000000E+00  0.00000000E+00  0.00000000E+00  0.00000000E+00
-5.12049916E+00  4.17200000E-03  4.17200000E-03  4.18100000E-02  4.18100000E-02  2.82300000E-02  2.82300000E-02  8.14800000E-03  8.14800000E-03  0.00000000E+00  0.00000000E+00  0.00000000E+00  0.00000000E+00  0.00000000E+00  0.00000000E+00  0.00000000E+00  0.00000000E+00  0.00000000E+00  0.00000000E+00
-5.10149916E+00  4.82900000E-03  4.82900000E-03  4.54000000E-02  4.54000000E-02  2.78000000E-02  2.78000000E-02  9.06000000E-03  9.06000000E-03  0.00000000E+00  0.00000000E+00  0.00000000E+00  0.00000000E+00  0.00000000E+00  0.00000000E+00  0.00000000E+00  0.00000000E+00  0.00000000E+00  0.00000000E+00
-5.08249916E+00  6.14900000E-03  6.14900000E-03  5.82600000E-02  5.82600000E-02  3.30200000E-02  3.30200000E-02  1.01400000E-02  1.01400000E-02  0.00000000E+00  0.00000000E+00  0.00000000E+00  0.00000000E+00  0.00000000E+00  0.00000000E+00  0.00000000E+00  0.00000000E+00  0.00000000E+00  0.00000000E+00
-5.06249916E+00  7.27000000E-03  7.27000000E-03  7.29500000E-02  7.29500000E-02  4.05200000E-02  4.05200000E-02  1.01800000E-02  1.01800000E-02  0.00000000E+00  0.00000000E+00  0.00000000E+00  0.00000000E+00  0.00000000E+00  0.00000000E+00  0.00000000E+00  0.00000000E+00  0.00000000E+00  0.00000000E+00
-5.04349916E+00  7.49600000E-03  7.49600000E-03  8.30200000E-02  8.30200000E-02  4.69200000E-02  4.69200000E-02  8.96200000E-03  8.96200000E-03  0.00000000E+00  0.00000000E+00  0.00000000E+00  0.00000000E+00  0.00000000E+00  0.00000000E+00  0.00000000E+00  0.00000000E+00  0.00000000E+00  0.00000000E+00
-5.02449916E+00  7.07100000E-03  7.07100000E-03  8.93600000E-02  8.93600000E-02  5.21000000E-02  5.21000000E-02  7.48000000E-03  7.48000000E-03  0.00000000E+00  0.00000000E+00  0.00000000E+00  0.00000000E+00  0.00000000E+00  0.00000000E+00  0.00000000E+00  0.00000000E+00  0.00000000E+00  0.00000000E+00
-5.00449916E+00  6.82900000E-03  6.82900000E-03  9.77600000E-02  9.77600000E-02  5.74900000E-02  5.74900000E-02  6.76000000E-03  6.75900000E-03  0.00000000E+00  0.00000000E+00  0.00000000E+00  0.00000000E+00  0.00000000E+00  0.00000000E+00  0.00000000E+00  0.00000000E+00  0.00000000E+00  0.00000000E+00
-4.98549916E+00  7.10300000E-03  7.10300000E-03  1.09200000E-01  1.09200000E-01  6.21300000E-02  6.21300000E-02  6.71000000E-03  6.71000000E-03  0.00000000E+00  0.00000000E+00  0.00000000E+00  0.00000000E+00  0.00000000E+00  0.00000000E+00  0.00000000E+00  0.00000000E+00  0.00000000E+00  0.00000000E+00
-4.96649916E+00  7.51200000E-03  7.51200000E-03  1.17100000E-01  1.17100000E-01  6.38700000E-02  6.38700000E-02  6.48500000E-03  6.48500000E-03  0.00000000E+00  0.00000000E+00  0.00000000E+00  0.00000000E+00  0.00000000E+00  0.00000000E+00  0.00000000E+00  0.00000000E+00  0.00000000E+00  0.00000000E+00
-4.94749916E+00  7.85100000E-03  7.85100000E-03  1.17000000E-01  1.17000000E-01  6.36100000E-02  6.36100000E-02  5.67900000E-03  5.67900000E-03  0.00000000E+00  0.00000000E+00  0.00000000E+00  0.00000000E+00  0.00000000E+00  0.00000000E+00  0.00000000E+00  0.00000000E+00  0.00000000E+00  0.00000000E+00
-4.92749916E+00  8.53900000E-03  8.53900000E-03  1.13500000E-01  1.13500000E-01  6.38600000E-02  6.38600000E-02  4.74300000E-03  4.74300000E-03  0.00000000E+00  0.00000000E+00  0.00000000E+00  0.00000000E+00  0.00000000E+00  0.00000000E+00  0.00000000E+00  0.00000000E+00  0.00000000E+00  0.00000000E+00
-4.90849916E+00  9.78900000E-03  9.78900000E-03  1.12200000E-01  1.12200000E-01  6.34600000E-02  6.34600000E-02  4.27500000E-03  4.27500000E-03  0.00000000E+00  0.00000000E+00  0.00000000E+00  0.00000000E+00  0.00000000E+00  0.00000000E+00  0.00000000E+00  0.00000000E+00  0.00000000E+00  0.00000000E+00
-4.88949916E+00  1.08000000E-02  1.08000000E-02  1.09900000E-01  1.09900000E-01  5.87200000E-02  5.87200000E-02  4.29100000E-03  4.29100000E-03  0.00000000E+00  0.00000000E+00  0.00000000E+00  0.00000000E+00  0.00000000E+00  0.00000000E+00  0.00000000E+00  0.00000000E+00  0.00000000E+00  0.00000000E+00
-4.86949916E+00  1.04600000E-02  1.04600000E-02  1.00700000E-01  1.00700000E-01  5.00900000E-02  5.00900000E-02  4.41400000E-03  4.41400000E-03  0.00000000E+00  0.00000000E+00  0.00000000E+00  0.00000000E+00  0.00000000E+00  0.00000000E+00  0.00000000E+00  0.00000000E+00  0.00000000E+00  0.00000000E+00
-4.85049916E+00  8.63100000E-03  8.63100000E-03  8.67100000E-02  8.67100000E-02  4.39300000E-02  4.39300000E-02  4.52700000E-03  4.52700000E-03  0.00000000E+00  0.00000000E+00  0.00000000E+00  0.00000000E+00  0.00000000E+00  0.00000000E+00  0.00000000E+00  0.00000000E+00  0.00000000E+00  0.00000000E+00
-4.83149916E+00  6.38600000E-03  6.38600000E-03  7.53300000E-02  7.53300000E-02  4.59400000E-02  4.59400000E-02  4.80500000E-03  4.80500000E-03  0.00000000E+00  0.00000000E+00  0.00000000E+00  0.00000000E+00  0.00000000E+00  0.00000000E+00  0.00000000E+00  0.00000000E+00  0.00000000E+00  0.00000000E+00
-4.81249916E+00  4.89600000E-03  4.89600000E-03  7.00700000E-02  7.00700000E-02  5.46000000E-02  5.46000000E-02  5.17900000E-03  5.17900000E-03  0.00000000E+00  0.00000000E+00  0.00000000E+00  0.00000000E+00  0.00000000E+00  0.00000000E+00  0.00000000E+00  0.00000000E+00  0.00000000E+00  0.00000000E+00
-4.79249916E+00  4.71500000E-03  4.71500000E-03  7.02600000E-02  7.02600000E-02  6.26700000E-02  6.26700000E-02  5.34200000E-03  5.34200000E-03  0.00000000E+00  0.00000000E+00  0.00000000E+00  0.00000000E+00  0.00000000E+00  0.00000000E+00  0.00000000E+00  0.00000000E+00  0.00000000E+00  0.00000000E+00
-4.77349916E+00  5.87000000E-03  5.87000000E-03  7.69300000E-02  7.69300000E-02  6.49800000E-02  6.49800000E-02  5.38300000E-03  5.38300000E-03  0.00000000E+00  0.00000000E+00  0.00000000E+00  0.00000000E+00  0.00000000E+00  0.00000000E+00  0.00000000E+00  0.00000000E+00  0.00000000E+00  0.00000000E+00
-4.75449916E+00  7.83100000E-03  7.83100000E-03  9.06200000E-02  9.06200000E-02  6.24200000E-02  6.24200000E-02  5.76400000E-03  5.76400000E-03  0.00000000E+00  0.00000000E+00  0.00000000E+00  0.00000000E+00  0.00000000E+00  0.00000000E+00  0.00000000E+00  0.00000000E+00  0.00000000E+00  0.00000000E+00
-4.73449916E+00  9.41400000E-03  9.41400000E-03  1.04800000E-01  1.04800000E-01  5.80000000E-02  5.80000000E-02  6.53400000E-03  6.53400000E-03  0.00000000E+00  0.00000000E+00  0.00000000E+00  0.00000000E+00  0.00000000E+00  0.00000000E+00  0.00000000E+00  0.00000000E+00  0.00000000E+00  0.00000000E+00
-4.71549916E+00  9.50800000E-03  9.50800000E-03  1.09300000E-01  1.09300000E-01  5.25900000E-02  5.25900000E-02  7.14300000E-03  7.14300000E-03  0.00000000E+00  0.00000000E+00  0.00000000E+00  0.00000000E+00  0.00000000E+00  0.00000000E+00  0.00000000E+00  0.00000000E+00  0.00000000E+00  0.00000000E+00
-4.69649916E+00  8.09600000E-03  8.09600000E-03  1.01000000E-01  1.01000000E-01  4.63500000E-02  4.63500000E-02  7.17400000E-03  7.17400000E-03  0.00000000E+00  0.00000000E+00  0.00000000E+00  0.00000000E+00  0.00000000E+00  0.00000000E+00  0.00000000E+00  0.00000000E+00  0.00000000E+00  0.00000000E+00
-4.67649916E+00  6.29300000E-03  6.29300000E-03  8.67900000E-02  8.67900000E-02  4.17500000E-02  4.17500000E-02  6.87900000E-03  6.87900000E-03  0.00000000E+00  0.00000000E+00  0.00000000E+00  0.00000000E+00  0.00000000E+00  0.00000000E+00  0.00000000E+00  0.00000000E+00  0.00000000E+00  0.00000000E+00
-4.65749916E+00  5.48900000E-03  5.48900000E-03  7.90900000E-02  7.90900000E-02  4.37600000E-02  4.37600000E-02  7.06800000E-03  7.06900000E-03  0.00000000E+00  0.00000000E+00  0.00000000E+00  0.00000000E+00  0.00000000E+00  0.00000000E+00  0.00000000E+00  0.00000000E+00  0.00000000E+00  0.00000000E+00
-4.63849916E+00  6.46000000E-03  6.46000000E-03  8.79300000E-02  8.79300000E-02  5.61500000E-02  5.61500000E-02  8.47600000E-03  8.47600000E-03  0.00000000E+00  0.00000000E+00  0.00000000E+00  0.00000000E+00  0.00000000E+00  0.00000000E+00  0.00000000E+00  0.00000000E+00  0.00000000E+00  0.00000000E+00
-4.61949916E+00  8.74100000E-03  8.74000000E-03  1.11400000E-01  1.11400000E-01  7.59500000E-02  7.59500000E-02  1.07700000E-02  1.07700000E-02  0.00000000E+00  0.00000000E+00  0.00000000E+00  0.00000000E+00  0.00000000E+00  0.00000000E+00  0.00000000E+00  0.00000000E+00  0.00000000E+00  0.00000000E+00
-4.59949916E+00  1.07200000E-02  1.07200000E-02  1.33200000E-01  1.33200000E-01  9.25100000E-02  9.25100000E-02  1.23500000E-02  1.23500000E-02  0.00000000E+00  0.00000000E+00  0.00000000E+00  0.00000000E+00  0.00000000E+00  0.00000000E+00  0.00000000E+00  0.00000000E+00  0.00000000E+00  0.00000000E+00
-4.58049916E+00  1.09300000E-02  1.09300000E-02  1.36200000E-01  1.36200000E-01  9.57300000E-02  9.57300000E-02  1.18900000E-02  1.18900000E-02  0.00000000E+00  0.00000000E+00  0.00000000E+00  0.00000000E+00  0.00000000E+00  0.00000000E+00  0.00000000E+00  0.00000000E+00  0.00000000E+00  0.00000000E+00
-4.56149916E+00  9.50300000E-03  9.50300000E-03  1.20000000E-01  1.20000000E-01  8.67300000E-02  8.67300000E-02  9.91900000E-03  9.91900000E-03  0.00000000E+00  0.00000000E+00  0.00000000E+00  0.00000000E+00  0.00000000E+00  0.00000000E+00  0.00000000E+00  0.00000000E+00  0.00000000E+00  0.00000000E+00
-4.54149916E+00  7.95000000E-03  7.95000000E-03  1.00600000E-01  1.00600000E-01  7.76300000E-02  7.76300000E-02  8.04900000E-03  8.04900000E-03  0.00000000E+00  0.00000000E+00  0.00000000E+00  0.00000000E+00  0.00000000E+00  0.00000000E+00  0.00000000E+00  0.00000000E+00  0.00000000E+00  0.00000000E+00
-4.52249916E+00  7.56000000E-03  7.56000000E-03  9.18700000E-02  9.18700000E-02  7.88400000E-02  7.88400000E-02  7.15600000E-03  7.15600000E-03  0.00000000E+00  0.00000000E+00  0.00000000E+00  0.00000000E+00  0.00000000E+00  0.00000000E+00  0.00000000E+00  0.00000000E+00  0.00000000E+00  0.00000000E+00
-4.50349916E+00  8.36500000E-03  8.36500000E-03  9.46000000E-02  9.46000000E-02  8.80100000E-02  8.80100000E-02  6.89800000E-03  6.89800000E-03  0.00000000E+00  0.00000000E+00  0.00000000E+00  0.00000000E+00  0.00000000E+00  0.00000000E+00  0.00000000E+00  0.00000000E+00  0.00000000E+00  0.00000000E+00
-4.48449916E+00  9.60600000E-03  9.60600000E-03  1.02500000E-01  1.02500000E-01  9.40200000E-02  9.40200000E-02  6.78800000E-03  6.78800000E-03  0.00000000E+00  0.00000000E+00  0.00000000E+00  0.00000000E+00  0.00000000E+00  0.00000000E+00  0.00000000E+00  0.00000000E+00  0.00000000E+00  0.00000000E+00
-4.46449916E+00  1.05700000E-02  1.05700000E-02  1.10600000E-01  1.10600000E-01  9.06900000E-02  9.06900000E-02  6.85400000E-03  6.85400000E-03  0.00000000E+00  0.00000000E+00  0.00000000E+00  0.00000000E+00  0.00000000E+00  0.00000000E+00  0.00000000E+00  0.00000000E+00  0.00000000E+00  0.00000000E+00
-4.44549916E+00  1.07400000E-02  1.07400000E-02  1.14500000E-01  1.14500000E-01  8.22800000E-02  8.22800000E-02  7.23400000E-03  7.23400000E-03  0.00000000E+00  0.00000000E+00  0.00000000E+00  0.00000000E+00  0.00000000E+00  0.00000000E+00  0.00000000E+00  0.00000000E+00  0.00000000E+00  0.00000000E+00
-4.42649916E+00  9.88800000E-03  9.88800000E-03  1.09900000E-01  1.09900000E-01  7.48800000E-02  7.48800000E-02  7.71600000E-03  7.71600000E-03  0.00000000E+00  0.00000000E+00  0.00000000E+00  0.00000000E+00  0.00000000E+00  0.00000000E+00  0.00000000E+00  0.00000000E+00  0.00000000E+00  0.00000000E+00
-4.40649916E+00  8.27900000E-03  8.27900000E-03  9.75100000E-02  9.75100000E-02  6.79200000E-02  6.79200000E-02  7.80000000E-03  7.80000000E-03  0.00000000E+00  0.00000000E+00  0.00000000E+00  0.00000000E+00  0.00000000E+00  0.00000000E+00  0.00000000E+00  0.00000000E+00  0.00000000E+00  0.00000000E+00
-4.38749916E+00  6.66000000E-03  6.66000000E-03  8.35700000E-02  8.35700000E-02  5.71400000E-02  5.71400000E-02  7.07500000E-03  7.07500000E-03  0.00000000E+00  0.00000000E+00  0.00000000E+00  0.00000000E+00  0.00000000E+00  0.00000000E+00  0.00000000E+00  0.00000000E+00  0.00000000E+00  0.00000000E+00
-4.36849916E+00  5.65700000E-03  5.65700000E-03  7.47700000E-02  7.47700000E-02  4.29100000E-02  4.29100000E-02  5.66900000E-03  5.66900000E-03  0.00000000E+00  0.00000000E+00  0.00000000E+00  0.00000000E+00  0.00000000E+00  0.00000000E+00  0.00000000E+00  0.00000000E+00  0.00000000E+00  0.00000000E+00
-4.34849916E+00  5.43500000E-03  5.43500000E-03  7.38800000E-02  7.38800000E-02  3.12100000E-02  3.12100000E-02  4.27700000E-03  4.27700000E-03  0.00000000E+00  0.00000000E+00  0.00000000E+00  0.00000000E+00  0.00000000E+00  0.00000000E+00  0.00000000E+00  0.00000000E+00  0.00000000E+00  0.00000000E+00
-4.32949916E+00  5.66000000E-03  5.66000000E-03  7.79300000E-02  7.79300000E-02  2.64800000E-02  2.64800000E-02  3.49800000E-03  3.49800000E-03  0.00000000E+00  0.00000000E+00  0.00000000E+00  0.00000000E+00  0.00000000E+00  0.00000000E+00  0.00000000E+00  0.00000000E+00  0.00000000E+00  0.00000000E+00
-4.31049916E+00  5.69400000E-03  5.69400000E-03  7.95700000E-02  7.95700000E-02  2.70300000E-02  2.70300000E-02  3.32400000E-03  3.32400000E-03  0.00000000E+00  0.00000000E+00  0.00000000E+00  0.00000000E+00  0.00000000E+00  0.00000000E+00  0.00000000E+00  0.00000000E+00  0.00000000E+00  0.00000000E+00
-4.29149916E+00  5.15500000E-03  5.15500000E-03  7.41200000E-02  7.41200000E-02  2.83600000E-02  2.83600000E-02  3.49900000E-03  3.49900000E-03  0.00000000E+00  0.00000000E+00  0.00000000E+00  0.00000000E+00  0.00000000E+00  0.00000000E+00  0.00000000E+00  0.00000000E+00  0.00000000E+00  0.00000000E+00
-4.27149916E+00  4.32500000E-03  4.32500000E-03  6.53700000E-02  6.53700000E-02  2.82700000E-02  2.82700000E-02  4.14200000E-03  4.14200000E-03  0.00000000E+00  0.00000000E+00  0.00000000E+00  0.00000000E+00  0.00000000E+00  0.00000000E+00  0.00000000E+00  0.00000000E+00  0.00000000E+00  0.00000000E+00
-4.25249916E+00  3.85500000E-03  3.85500000E-03  6.17200000E-02  6.17100000E-02  2.78000000E-02  2.78000000E-02  5.78600000E-03  5.78600000E-03  0.00000000E+00  0.00000000E+00  0.00000000E+00  0.00000000E+00  0.00000000E+00  0.00000000E+00  0.00000000E+00  0.00000000E+00  0.00000000E+00  0.00000000E+00
-4.23349916E+00  4.18600000E-03  4.18600000E-03  6.80000000E-02  6.80000000E-02  2.88300000E-02  2.88300000E-02  8.76300000E-03  8.76300000E-03  0.00000000E+00  0.00000000E+00  0.00000000E+00  0.00000000E+00  0.00000000E+00  0.00000000E+00  0.00000000E+00  0.00000000E+00  0.00000000E+00  0.00000000E+00
-4.21349916E+00  5.33500000E-03  5.33500000E-03  8.25700000E-02  8.25700000E-02  3.22600000E-02  3.22600000E-02  1.24100000E-02  1.24100000E-02  0.00000000E+00  0.00000000E+00  0.00000000E+00  0.00000000E+00  0.00000000E+00  0.00000000E+00  0.00000000E+00  0.00000000E+00  0.00000000E+00  0.00000000E+00
-4.19449916E+00  6.96000000E-03  6.96000000E-03  9.98300000E-02  9.98300000E-02  3.87600000E-02  3.87600000E-02  1.50500000E-02  1.50500000E-02  0.00000000E+00  0.00000000E+00  0.00000000E+00  0.00000000E+00  0.00000000E+00  0.00000000E+00  0.00000000E+00  0.00000000E+00  0.00000000E+00  0.00000000E+00
-4.17549916E+00  8.42400000E-03  8.42400000E-03  1.13000000E-01  1.13000000E-01  4.99800000E-02  4.99800000E-02  1.53000000E-02  1.53000000E-02  0.00000000E+00  0.00000000E+00  0.00000000E+00  0.00000000E+00  0.00000000E+00  0.00000000E+00  0.00000000E+00  0.00000000E+00  0.00000000E+00  0.00000000E+00
-4.15549916E+00  9.04200000E-03  9.04200000E-03  1.16100000E-01  1.16100000E-01  6.64200000E-02  6.64200000E-02  1.36000000E-02  1.36000000E-02  0.00000000E+00  0.00000000E+00  0.00000000E+00  0.00000000E+00  0.00000000E+00  0.00000000E+00  0.00000000E+00  0.00000000E+00  0.00000000E+00  0.00000000E+00
-4.13649916E+00  8.59600000E-03  8.59600000E-03  1.08100000E-01  1.08100000E-01  8.30500000E-02  8.30500000E-02  1.18500000E-02  1.18500000E-02  0.00000000E+00  0.00000000E+00  0.00000000E+00  0.00000000E+00  0.00000000E+00  0.00000000E+00  0.00000000E+00  0.00000000E+00  0.00000000E+00  0.00000000E+00
-4.11749916E+00  7.44600000E-03  7.44600000E-03  9.33200000E-02  9.33200000E-02  9.02500000E-02  9.02500000E-02  1.13900000E-02  1.13900000E-02  0.00000000E+00  0.00000000E+00  0.00000000E+00  0.00000000E+00  0.00000000E+00  0.00000000E+00  0.00000000E+00  0.00000000E+00  0.00000000E+00  0.00000000E+00
-4.09849916E+00  6.00200000E-03  6.00200000E-03  7.59700000E-02  7.59700000E-02  8.23000000E-02  8.23000000E-02  1.16900000E-02  1.16900000E-02  0.00000000E+00  0.00000000E+00  0.00000000E+00  0.00000000E+00  0.00000000E+00  0.00000000E+00  0.00000000E+00  0.00000000E+00  0.00000000E+00  0.00000000E+00
-4.07849916E+00  4.43300000E-03  4.43300000E-03  5.75700000E-02  5.75700000E-02  6.36000000E-02  6.36000000E-02  1.14400000E-02  1.14400000E-02  0.00000000E+00  0.00000000E+00  0.00000000E+00  0.00000000E+00  0.00000000E+00  0.00000000E+00  0.00000000E+00  0.00000000E+00  0.00000000E+00  0.00000000E+00
-4.05949916E+00  2.96300000E-03  2.96300000E-03  4.05000000E-02  4.05000000E-02  4.36700000E-02  4.36700000E-02  1.03200000E-02  1.03200000E-02  0.00000000E+00  0.00000000E+00  0.00000000E+00  0.00000000E+00  0.00000000E+00  0.00000000E+00  0.00000000E+00  0.00000000E+00  0.00000000E+00  0.00000000E+00
-4.04049916E+00  1.97900000E-03  1.97900000E-03  2.90400000E-02  2.90400000E-02  2.82500000E-02  2.82500000E-02  9.19700000E-03  9.19700000E-03  0.00000000E+00  0.00000000E+00  0.00000000E+00  0.00000000E+00  0.00000000E+00  0.00000000E+00  0.00000000E+00  0.00000000E+00  0.00000000E+00  0.00000000E+00
-4.02049916E+00  1.76000000E-03  1.76000000E-03  2.63800000E-02  2.63800000E-02  1.79100000E-02  1.79100000E-02  8.79800000E-03  8.79800000E-03  0.00000000E+00  0.00000000E+00  0.00000000E+00  0.00000000E+00  0.00000000E+00  0.00000000E+00  0.00000000E+00  0.00000000E+00  0.00000000E+00  0.00000000E+00
-4.00149916E+00  2.25500000E-03  2.25500000E-03  3.21600000E-02  3.21600000E-02  1.18000000E-02  1.18000000E-02  9.04400000E-03  9.04400000E-03  0.00000000E+00  0.00000000E+00  0.00000000E+00  0.00000000E+00  0.00000000E+00  0.00000000E+00  0.00000000E+00  0.00000000E+00  0.00000000E+00  0.00000000E+00
-3.98249916E+00  3.02800000E-03  3.02800000E-03  4.14100000E-02  4.14100000E-02  9.17800000E-03  9.17800000E-03  9.49500000E-03  9.49500000E-03  0.00000000E+00  0.00000000E+00  0.00000000E+00  0.00000000E+00  0.00000000E+00  0.00000000E+00  0.00000000E+00  0.00000000E+00  0.00000000E+00  0.00000000E+00
-3.96349916E+00  3.45000000E-03  3.45000000E-03  4.63300000E-02  4.63300000E-02  8.88500000E-03  8.88500000E-03  9.67300000E-03  9.67300000E-03  0.00000000E+00  0.00000000E+00  0.00000000E+00  0.00000000E+00  0.00000000E+00  0.00000000E+00  0.00000000E+00  0.00000000E+00  0.00000000E+00  0.00000000E+00
-3.94349916E+00  3.18600000E-03  3.18600000E-03  4.24700000E-02  4.24700000E-02  1.00200000E-02  1.00200000E-02  9.07200000E-03  9.07200000E-03  0.00000000E+00  0.00000000E+00  0.00000000E+00  0.00000000E+00  0.00000000E+00  0.00000000E+00  0.00000000E+00  0.00000000E+00  0.00000000E+00  0.00000000E+00
-3.92449916E+00  2.50200000E-03  2.50200000E-03  3.30100000E-02  3.30100000E-02  1.33600000E-02  1.33600000E-02  7.67700000E-03  7.67700000E-03  0.00000000E+00  0.00000000E+00  0.00000000E+00  0.00000000E+00  0.00000000E+00  0.00000000E+00  0.00000000E+00  0.00000000E+00  0.00000000E+00  0.00000000E+00
-3.90549916E+00  1.98900000E-03  1.98900000E-03  2.55200000E-02  2.55200000E-02  2.10400000E-02  2.10400000E-02  6.32800000E-03  6.32800000E-03  0.00000000E+00  0.00000000E+00  0.00000000E+00  0.00000000E+00  0.00000000E+00  0.00000000E+00  0.00000000E+00  0.00000000E+00  0.00000000E+00  0.00000000E+00
-3.88549916E+00  2.09600000E-03  2.09600000E-03  2.58800000E-02  2.58800000E-02  3.38100000E-02  3.38100000E-02  5.81600000E-03  5.81600000E-03  0.00000000E+00  0.00000000E+00  0.00000000E+00  0.00000000E+00  0.00000000E+00  0.00000000E+00  0.00000000E+00  0.00000000E+00  0.00000000E+00  0.00000000E+00
-3.86649916E+00  2.93000000E-03  2.93000000E-03  3.58000000E-02  3.58000000E-02  4.82800000E-02  4.82800000E-02  5.80300000E-03  5.80300000E-03  0.00000000E+00  0.00000000E+00  0.00000000E+00  0.00000000E+00  0.00000000E+00  0.00000000E+00  0.00000000E+00  0.00000000E+00  0.00000000E+00  0.00000000E+00
-3.84749916E+00  4.25000000E-03  4.25000000E-03  5.26100000E-02  5.26100000E-02  5.78500000E-02  5.78500000E-02  5.30300000E-03  5.30300000E-03  0.00000000E+00  0.00000000E+00  0.00000000E+00  0.00000000E+00  0.00000000E+00  0.00000000E+00  0.00000000E+00  0.00000000E+00  0.00000000E+00  0.00000000E+00
-3.82749916E+00  5.53700000E-03  5.53700000E-03  7.00500000E-02  7.00500000E-02  5.81500000E-02  5.81500000E-02  3.98200000E-03  3.98200000E-03  0.00000000E+00  0.00000000E+00  0.00000000E+00  0.00000000E+00  0.00000000E+00  0.00000000E+00  0.00000000E+00  0.00000000E+00  0.00000000E+00  0.00000000E+00
-3.80849916E+00  6.30500000E-03  6.30500000E-03  8.17100000E-02  8.17200000E-02  5.13500000E-02  5.13500000E-02  2.42800000E-03  2.42800000E-03  0.00000000E+00  0.00000000E+00  0.00000000E+00  0.00000000E+00  0.00000000E+00  0.00000000E+00  0.00000000E+00  0.00000000E+00  0.00000000E+00  0.00000000E+00
-3.78949916E+00  6.45900000E-03  6.45900000E-03  8.53600000E-02  8.53600000E-02  4.39200000E-02  4.39200000E-02  1.31100000E-03  1.31100000E-03  0.00000000E+00  0.00000000E+00  0.00000000E+00  0.00000000E+00  0.00000000E+00  0.00000000E+00  0.00000000E+00  0.00000000E+00  0.00000000E+00  0.00000000E+00
-3.77049916E+00  6.23900000E-03  6.23900000E-03  8.26200000E-02  8.26200000E-02  3.99900000E-02  3.99900000E-02  7.82000000E-04  7.82000000E-04  0.00000000E+00  0.00000000E+00  0.00000000E+00  0.00000000E+00  0.00000000E+00  0.00000000E+00  0.00000000E+00  0.00000000E+00  0.00000000E+00  0.00000000E+00
-3.75049916E+00  5.78300000E-03  5.78300000E-03  7.47600000E-02  7.47600000E-02  3.85200000E-02  3.85200000E-02  6.10900000E-04  6.10900000E-04  0.00000000E+00  0.00000000E+00  0.00000000E+00  0.00000000E+00  0.00000000E+00  0.00000000E+00  0.00000000E+00  0.00000000E+00  0.00000000E+00  0.00000000E+00
-3.73149916E+00  4.96800000E-03  4.96800000E-03  6.14100000E-02  6.14100000E-02  3.66100000E-02  3.66100000E-02  5.36800000E-04  5.36800000E-04  0.00000000E+00  0.00000000E+00  0.00000000E+00  0.00000000E+00  0.00000000E+00  0.00000000E+00  0.00000000E+00  0.00000000E+00  0.00000000E+00  0.00000000E+00
-3.71249916E+00  3.76500000E-03  3.76500000E-03  4.38900000E-02  4.38900000E-02  3.36300000E-02  3.36300000E-02  4.40800000E-04  4.40800000E-04  0.00000000E+00  0.00000000E+00  0.00000000E+00  0.00000000E+00  0.00000000E+00  0.00000000E+00  0.00000000E+00  0.00000000E+00  0.00000000E+00  0.00000000E+00
-3.69249916E+00  2.50900000E-03  2.50900000E-03  2.71600000E-02  2.71600000E-02  3.12200000E-02  3.12200000E-02  3.29300000E-04  3.29300000E-04  0.00000000E+00  0.00000000E+00  0.00000000E+00  0.00000000E+00  0.00000000E+00  0.00000000E+00  0.00000000E+00  0.00000000E+00  0.00000000E+00  0.00000000E+00
-3.67349916E+00  1.69600000E-03  1.69600000E-03  1.70900000E-02  1.70900000E-02  3.10400000E-02  3.10400000E-02  2.48800000E-04  2.48900000E-04  0.00000000E+00  0.00000000E+00  0.00000000E+00  0.00000000E+00  0.00000000E+00  0.00000000E+00  0.00000000E+00  0.00000000E+00  0.00000000E+00  0.00000000E+00
-3.65449916E+00  1.63400000E-03  1.63400000E-03  1.68500000E-02  1.68500000E-02  3.46600000E-02  3.46600000E-02  2.28500000E-04  2.28600000E-04  0.00000000E+00  0.00000000E+00  0.00000000E+00  0.00000000E+00  0.00000000E+00  0.00000000E+00  0.00000000E+00  0.00000000E+00  0.00000000E+00  0.00000000E+00
-3.63549916E+00  2.33200000E-03  2.33200000E-03  2.62300000E-02  2.62300000E-02  4.41200000E-02  4.41200000E-02  2.71000000E-04  2.71000000E-04  0.00000000E+00  0.00000000E+00  0.00000000E+00  0.00000000E+00  0.00000000E+00  0.00000000E+00  0.00000000E+00  0.00000000E+00  0.00000000E+00  0.00000000E+00
-3.61549916E+00  3.55000000E-03  3.55000000E-03  4.21800000E-02  4.21800000E-02  5.96700000E-02  5.96700000E-02  3.54700000E-04  3.54700000E-04  0.00000000E+00  0.00000000E+00  0.00000000E+00  0.00000000E+00  0.00000000E+00  0.00000000E+00  0.00000000E+00  0.00000000E+00  0.00000000E+00  0.00000000E+00
-3.59649916E+00  4.82900000E-03  4.82900000E-03  5.89800000E-02  5.89800000E-02  7.71600000E-02  7.71600000E-02  4.34900000E-04  4.34900000E-04  0.00000000E+00  0.00000000E+00  0.00000000E+00  0.00000000E+00  0.00000000E+00  0.00000000E+00  0.00000000E+00  0.00000000E+00  0.00000000E+00  0.00000000E+00
-3.57749916E+00  5.59000000E-03  5.59000000E-03  6.93800000E-02  6.93800000E-02  8.95400000E-02  8.95400000E-02  4.63500000E-04  4.63500000E-04  0.00000000E+00  0.00000000E+00  0.00000000E+00  0.00000000E+00  0.00000000E+00  0.00000000E+00  0.00000000E+00  0.00000000E+00  0.00000000E+00  0.00000000E+00
-3.55749916E+00  5.44200000E-03  5.44200000E-03  6.86000000E-02  6.86000000E-02  9.18300000E-02  9.18300000E-02  4.24900000E-04  4.24900000E-04  0.00000000E+00  0.00000000E+00  0.00000000E+00  0.00000000E+00  0.00000000E+00  0.00000000E+00  0.00000000E+00  0.00000000E+00  0.00000000E+00  0.00000000E+00
-3.53849916E+00  4.54400000E-03  4.54400000E-03  5.86400000E-02  5.86400000E-02  8.49800000E-02  8.49800000E-02  3.51900000E-04  3.51900000E-04  0.00000000E+00  0.00000000E+00  0.00000000E+00  0.00000000E+00  0.00000000E+00  0.00000000E+00  0.00000000E+00  0.00000000E+00  0.00000000E+00  0.00000000E+00
-3.51949916E+00  3.54800000E-03  3.54800000E-03  4.72900000E-02  4.72900000E-02  7.46700000E-02  7.46700000E-02  2.96400000E-04  2.96400000E-04  0.00000000E+00  0.00000000E+00  0.00000000E+00  0.00000000E+00  0.00000000E+00  0.00000000E+00  0.00000000E+00  0.00000000E+00  0.00000000E+00  0.00000000E+00
-3.49949916E+00  3.08900000E-03  3.08900000E-03  4.18000000E-02  4.18000000E-02  6.59900000E-02  6.59900000E-02  2.86500000E-04  2.86400000E-04  0.00000000E+00  0.00000000E+00  0.00000000E+00  0.00000000E+00  0.00000000E+00  0.00000000E+00  0.00000000E+00  0.00000000E+00  0.00000000E+00  0.00000000E+00
-3.48049916E+00  3.41600000E-03  3.41600000E-03  4.47300000E-02  4.47300000E-02  5.96200000E-02  5.96200000E-02  3.21600000E-04  3.21600000E-04  0.00000000E+00  0.00000000E+00  0.00000000E+00  0.00000000E+00  0.00000000E+00  0.00000000E+00  0.00000000E+00  0.00000000E+00  0.00000000E+00  0.00000000E+00
-3.46149916E+00  4.39800000E-03  4.39800000E-03  5.45900000E-02  5.45900000E-02  5.33800000E-02  5.33800000E-02  3.91700000E-04  3.91700000E-04  0.00000000E+00  0.00000000E+00  0.00000000E+00  0.00000000E+00  0.00000000E+00  0.00000000E+00  0.00000000E+00  0.00000000E+00  0.00000000E+00  0.00000000E+00
-3.44249916E+00  5.54800000E-03  5.54800000E-03  6.63100000E-02  6.63100000E-02  4.60600000E-02  4.60600000E-02  4.70400000E-04  4.70400000E-04  0.00000000E+00  0.00000000E+00  0.00000000E+00  0.00000000E+00  0.00000000E+00  0.00000000E+00  0.00000000E+00  0.00000000E+00  0.00000000E+00  0.00000000E+00
-3.42249916E+00  6.11500000E-03  6.11500000E-03  7.19800000E-02  7.19800000E-02  3.87100000E-02  3.87100000E-02  5.05800000E-04  5.05700000E-04  0.00000000E+00  0.00000000E+00  0.00000000E+00  0.00000000E+00  0.00000000E+00  0.00000000E+00  0.00000000E+00  0.00000000E+00  0.00000000E+00  0.00000000E+00
-3.40349916E+00  5.70200000E-03  5.70200000E-03  6.74000000E-02  6.74000000E-02  3.29200000E-02  3.29200000E-02  4.65300000E-04  4.65300000E-04  0.00000000E+00  0.00000000E+00  0.00000000E+00  0.00000000E+00  0.00000000E+00  0.00000000E+00  0.00000000E+00  0.00000000E+00  0.00000000E+00  0.00000000E+00
-3.38449916E+00  4.94100000E-03  4.94100000E-03  5.94700000E-02  5.94700000E-02  2.91500000E-02  2.91500000E-02  3.99100000E-04  3.99100000E-04  0.00000000E+00  0.00000000E+00  0.00000000E+00  0.00000000E+00  0.00000000E+00  0.00000000E+00  0.00000000E+00  0.00000000E+00  0.00000000E+00  0.00000000E+00
-3.36449916E+00  5.13400000E-03  5.13400000E-03  6.23200000E-02  6.23200000E-02  2.60900000E-02  2.60900000E-02  4.19100000E-04  4.19100000E-04  0.00000000E+00  0.00000000E+00  0.00000000E+00  0.00000000E+00  0.00000000E+00  0.00000000E+00  0.00000000E+00  0.00000000E+00  0.00000000E+00  0.00000000E+00
-3.34549916E+00  7.00400000E-03  7.00400000E-03  8.37100000E-02  8.37100000E-02  2.20200000E-02  2.20200000E-02  5.99800000E-04  5.99800000E-04  0.00000000E+00  0.00000000E+00  0.00000000E+00  0.00000000E+00  0.00000000E+00  0.00000000E+00  0.00000000E+00  0.00000000E+00  0.00000000E+00  0.00000000E+00
-3.32649916E+00  9.91800000E-03  9.91800000E-03  1.16800000E-01  1.16800000E-01  1.72800000E-02  1.72800000E-02  9.10800000E-04  9.10800000E-04  0.00000000E+00  0.00000000E+00  0.00000000E+00  0.00000000E+00  0.00000000E+00  0.00000000E+00  0.00000000E+00  0.00000000E+00  0.00000000E+00  0.00000000E+00
-3.30749916E+00  1.25400000E-02  1.25400000E-02  1.47500000E-01  1.47500000E-01  1.43800000E-02  1.43800000E-02  1.25800000E-03  1.25800000E-03  0.00000000E+00  0.00000000E+00  0.00000000E+00  0.00000000E+00  0.00000000E+00  0.00000000E+00  0.00000000E+00  0.00000000E+00  0.00000000E+00  0.00000000E+00
-3.28749916E+00  1.42900000E-02  1.42900000E-02  1.69500000E-01  1.69500000E-01  1.54000000E-02  1.54000000E-02  1.57500000E-03  1.57500000E-03  0.00000000E+00  0.00000000E+00  0.00000000E+00  0.00000000E+00  0.00000000E+00  0.00000000E+00  0.00000000E+00  0.00000000E+00  0.00000000E+00  0.00000000E+00
-3.26849916E+00  1.57100000E-02  1.57100000E-02  1.88800000E-01  1.88800000E-01  2.01800000E-02  2.01800000E-02  1.84800000E-03  1.84800000E-03  0.00000000E+00  0.00000000E+00  0.00000000E+00  0.00000000E+00  0.00000000E+00  0.00000000E+00  0.00000000E+00  0.00000000E+00  0.00000000E+00  0.00000000E+00
-3.24949916E+00  1.73500000E-02  1.73500000E-02  2.10600000E-01  2.10600000E-01  2.64800000E-02  2.64800000E-02  2.06400000E-03  2.06400000E-03  0.00000000E+00  0.00000000E+00  0.00000000E+00  0.00000000E+00  0.00000000E+00  0.00000000E+00  0.00000000E+00  0.00000000E+00  0.00000000E+00  0.00000000E+00
-3.22949916E+00  1.88500000E-02  1.88500000E-02  2.30300000E-01  2.30300000E-01  3.11800000E-02  3.11800000E-02  2.19800000E-03  2.19900000E-03  0.00000000E+00  0.00000000E+00  0.00000000E+00  0.00000000E+00  0.00000000E+00  0.00000000E+00  0.00000000E+00  0.00000000E+00  0.00000000E+00  0.00000000E+00
-3.21049916E+00  1.92800000E-02  1.92800000E-02  2.36300000E-01  2.36300000E-01  3.18000000E-02  3.18000000E-02  2.20800000E-03  2.20800000E-03  0.00000000E+00  0.00000000E+00  0.00000000E+00  0.00000000E+00  0.00000000E+00  0.00000000E+00  0.00000000E+00  0.00000000E+00  0.00000000E+00  0.00000000E+00
-3.19149916E+00  1.81900000E-02  1.81900000E-02  2.24000000E-01  2.24000000E-01  2.87000000E-02  2.87000000E-02  2.06600000E-03  2.06600000E-03  0.00000000E+00  0.00000000E+00  0.00000000E+00  0.00000000E+00  0.00000000E+00  0.00000000E+00  0.00000000E+00  0.00000000E+00  0.00000000E+00  0.00000000E+00
-3.17149916E+00  1.64400000E-02  1.64400000E-02  2.04300000E-01  2.04300000E-01  2.68200000E-02  2.68200000E-02  1.84600000E-03  1.84600000E-03  0.00000000E+00  0.00000000E+00  0.00000000E+00  0.00000000E+00  0.00000000E+00  0.00000000E+00  0.00000000E+00  0.00000000E+00  0.00000000E+00  0.00000000E+00
-3.15249916E+00  1.56200000E-02  1.56200000E-02  1.98000000E-01  1.98000000E-01  3.42600000E-02  3.42600000E-02  1.73600000E-03  1.73600000E-03  0.00000000E+00  0.00000000E+00  0.00000000E+00  0.00000000E+00  0.00000000E+00  0.00000000E+00  0.00000000E+00  0.00000000E+00  0.00000000E+00  0.00000000E+00
-3.13349916E+00  1.68200000E-02  1.68200000E-02  2.18800000E-01  2.18800000E-01  5.64300000E-02  5.64300000E-02  1.88900000E-03  1.88900000E-03  0.00000000E+00  0.00000000E+00  0.00000000E+00  0.00000000E+00  0.00000000E+00  0.00000000E+00  0.00000000E+00  0.00000000E+00  0.00000000E+00  0.00000000E+00
-3.11449916E+00  1.95600000E-02  1.95600000E-02  2.59200000E-01  2.59200000E-01  9.00400000E-02  9.00400000E-02  2.24600000E-03  2.24600000E-03  0.00000000E+00  0.00000000E+00  0.00000000E+00  0.00000000E+00  0.00000000E+00  0.00000000E+00  0.00000000E+00  0.00000000E+00  0.00000000E+00  0.00000000E+00
-3.09449916E+00  2.19500000E-02  2.19500000E-02  2.93300000E-01  2.93300000E-01  1.23400000E-01  1.23400000E-01  2.56000000E-03  2.56000000E-03  0.00000000E+00  0.00000000E+00  0.00000000E+00  0.00000000E+00  0.00000000E+00  0.00000000E+00  0.00000000E+00  0.00000000E+00  0.00000000E+00  0.00000000E+00
-3.07549916E+00  2.22400000E-02  2.22400000E-02  2.97300000E-01  2.97300000E-01  1.44900000E-01  1.44900000E-01  2.62700000E-03  2.62700000E-03  0.00000000E+00  0.00000000E+00  0.00000000E+00  0.00000000E+00  0.00000000E+00  0.00000000E+00  0.00000000E+00  0.00000000E+00  0.00000000E+00  0.00000000E+00
-3.05649916E+00  2.00500000E-02  2.00500000E-02  2.67000000E-01  2.67000000E-01  1.49700000E-01  1.49700000E-01  2.42000000E-03  2.42000000E-03  0.00000000E+00  0.00000000E+00  0.00000000E+00  0.00000000E+00  0.00000000E+00  0.00000000E+00  0.00000000E+00  0.00000000E+00  0.00000000E+00  0.00000000E+00
-3.03649916E+00  1.61800000E-02  1.61800000E-02  2.14600000E-01  2.14600000E-01  1.39900000E-01  1.39900000E-01  2.03400000E-03  2.03400000E-03  0.00000000E+00  0.00000000E+00  0.00000000E+00  0.00000000E+00  0.00000000E+00  0.00000000E+00  0.00000000E+00  0.00000000E+00  0.00000000E+00  0.00000000E+00
-3.01749916E+00  1.18400000E-02  1.18400000E-02  1.57200000E-01  1.57200000E-01  1.19300000E-01  1.19300000E-01  1.58100000E-03  1.58100000E-03  0.00000000E+00  0.00000000E+00  0.00000000E+00  0.00000000E+00  0.00000000E+00  0.00000000E+00  0.00000000E+00  0.00000000E+00  0.00000000E+00  0.00000000E+00
-2.99849916E+00  7.99100000E-03  7.99100000E-03  1.07100000E-01  1.07100000E-01  9.36000000E-02  9.36000000E-02  1.14700000E-03  1.14700000E-03  0.00000000E+00  0.00000000E+00  0.00000000E+00  0.00000000E+00  0.00000000E+00  0.00000000E+00  0.00000000E+00  0.00000000E+00  0.00000000E+00  0.00000000E+00
-2.97849916E+00  5.04700000E-03  5.04700000E-03  6.90400000E-02  6.90400000E-02  6.90300000E-02  6.90300000E-02  7.83200000E-04  7.83200000E-04  0.00000000E+00  0.00000000E+00  0.00000000E+00  0.00000000E+00  0.00000000E+00  0.00000000E+00  0.00000000E+00  0.00000000E+00  0.00000000E+00  0.00000000E+00
-2.95949916E+00  3.01400000E-03  3.01400000E-03  4.25800000E-02  4.25800000E-02  4.97000000E-02  4.97000000E-02  5.10000000E-04  5.10000000E-04  0.00000000E+00  0.00000000E+00  0.00000000E+00  0.00000000E+00  0.00000000E+00  0.00000000E+00  0.00000000E+00  0.00000000E+00  0.00000000E+00  0.00000000E+00
-2.94049916E+00  1.73400000E-03  1.73400000E-03  2.54800000E-02  2.54800000E-02  3.54800000E-02  3.54800000E-02  3.26200000E-04  3.26200000E-04  0.00000000E+00  0.00000000E+00  0.00000000E+00  0.00000000E+00  0.00000000E+00  0.00000000E+00  0.00000000E+00  0.00000000E+00  0.00000000E+00  0.00000000E+00
-2.92149916E+00  1.02600000E-03  1.02600000E-03  1.54200000E-02  1.54200000E-02  2.42900000E-02  2.42900000E-02  2.20800000E-04  2.20800000E-04  0.00000000E+00  0.00000000E+00  0.00000000E+00  0.00000000E+00  0.00000000E+00  0.00000000E+00  0.00000000E+00  0.00000000E+00  0.00000000E+00  0.00000000E+00
-2.90149916E+00  7.31100000E-04  7.31100000E-04  1.05300000E-02  1.05300000E-02  1.54700000E-02  1.54700000E-02  1.84700000E-04  1.84700000E-04  0.00000000E+00  0.00000000E+00  0.00000000E+00  0.00000000E+00  0.00000000E+00  0.00000000E+00  0.00000000E+00  0.00000000E+00  0.00000000E+00  0.00000000E+00
-2.88249916E+00  7.16500000E-04  7.16500000E-04  9.39000000E-03  9.39000000E-03  9.81900000E-03  9.81900000E-03  2.06100000E-04  2.06100000E-04  0.00000000E+00  0.00000000E+00  0.00000000E+00  0.00000000E+00  0.00000000E+00  0.00000000E+00  0.00000000E+00  0.00000000E+00  0.00000000E+00  0.00000000E+00
-2.86349916E+00  8.20000000E-04  8.20000000E-04  1.01400000E-02  1.01400000E-02  7.33200000E-03  7.33200000E-03  2.49900000E-04  2.49900000E-04  0.00000000E+00  0.00000000E+00  0.00000000E+00  0.00000000E+00  0.00000000E+00  0.00000000E+00  0.00000000E+00  0.00000000E+00  0.00000000E+00  0.00000000E+00
-2.84349916E+00  8.76300000E-04  8.76300000E-04  1.07700000E-02  1.07700000E-02  6.68000000E-03  6.68000000E-03  2.66800000E-04  2.66800000E-04  0.00000000E+00  0.00000000E+00  0.00000000E+00  0.00000000E+00  0.00000000E+00  0.00000000E+00  0.00000000E+00  0.00000000E+00  0.00000000E+00  0.00000000E+00
-2.82449916E+00  8.46400000E-04  8.46400000E-04  1.08100000E-02  1.08100000E-02  7.01500000E-03  7.01500000E-03  2.38500000E-04  2.38500000E-04  0.00000000E+00  0.00000000E+00  0.00000000E+00  0.00000000E+00  0.00000000E+00  0.00000000E+00  0.00000000E+00  0.00000000E+00  0.00000000E+00  0.00000000E+00
-2.80549916E+00  8.53400000E-04  8.53400000E-04  1.18800000E-02  1.18800000E-02  9.01800000E-03  9.01800000E-03  1.96200000E-04  1.96200000E-04  0.00000000E+00  0.00000000E+00  0.00000000E+00  0.00000000E+00  0.00000000E+00  0.00000000E+00  0.00000000E+00  0.00000000E+00  0.00000000E+00  0.00000000E+00
-2.78649916E+00  1.00900000E-03  1.00900000E-03  1.53700000E-02  1.53700000E-02  1.35300000E-02  1.35300000E-02  1.80700000E-04  1.80700000E-04  0.00000000E+00  0.00000000E+00  0.00000000E+00  0.00000000E+00  0.00000000E+00  0.00000000E+00  0.00000000E+00  0.00000000E+00  0.00000000E+00  0.00000000E+00
-2.76649916E+00  1.22900000E-03  1.22900000E-03  1.98500000E-02  1.98500000E-02  1.94100000E-02  1.94100000E-02  1.91800000E-04  1.91800000E-04  0.00000000E+00  0.00000000E+00  0.00000000E+00  0.00000000E+00  0.00000000E+00  0.00000000E+00  0.00000000E+00  0.00000000E+00  0.00000000E+00  0.00000000E+00
-2.74749916E+00  1.29900000E-03  1.29900000E-03  2.18500000E-02  2.18500000E-02  2.36300000E-02  2.36300000E-02  1.94300000E-04  1.94300000E-04  0.00000000E+00  0.00000000E+00  0.00000000E+00  0.00000000E+00  0.00000000E+00  0.00000000E+00  0.00000000E+00  0.00000000E+00  0.00000000E+00  0.00000000E+00
-2.72849916E+00  1.13200000E-03  1.13200000E-03  1.98100000E-02  1.98100000E-02  2.41200000E-02  2.41200000E-02  1.66500000E-04  1.66500000E-04  0.00000000E+00  0.00000000E+00  0.00000000E+00  0.00000000E+00  0.00000000E+00  0.00000000E+00  0.00000000E+00  0.00000000E+00  0.00000000E+00  0.00000000E+00
-2.70849916E+00  8.89300000E-04  8.89300000E-04  1.63000000E-02  1.63000000E-02  2.26000000E-02  2.26000000E-02  1.27300000E-04  1.27300000E-04  0.00000000E+00  0.00000000E+00  0.00000000E+00  0.00000000E+00  0.00000000E+00  0.00000000E+00  0.00000000E+00  0.00000000E+00  0.00000000E+00  0.00000000E+00
-2.68949916E+00  7.90900000E-04  7.90900000E-04  1.51200000E-02  1.51200000E-02  2.28900000E-02  2.28900000E-02  1.08600000E-04  1.08600000E-04  0.00000000E+00  0.00000000E+00  0.00000000E+00  0.00000000E+00  0.00000000E+00  0.00000000E+00  0.00000000E+00  0.00000000E+00  0.00000000E+00  0.00000000E+00
-2.67049916E+00  8.63700000E-04  8.63700000E-04  1.67800000E-02  1.67800000E-02  2.58000000E-02  2.58000000E-02  1.15500000E-04  1.15500000E-04  0.00000000E+00  0.00000000E+00  0.00000000E+00  0.00000000E+00  0.00000000E+00  0.00000000E+00  0.00000000E+00  0.00000000E+00  0.00000000E+00  0.00000000E+00
-2.65049916E+00  9.23500000E-04  9.23400000E-04  1.79600000E-02  1.79600000E-02  2.73500000E-02  2.73500000E-02  1.22700000E-04  1.22700000E-04  0.00000000E+00  0.00000000E+00  0.00000000E+00  0.00000000E+00  0.00000000E+00  0.00000000E+00  0.00000000E+00  0.00000000E+00  0.00000000E+00  0.00000000E+00
-2.63149916E+00  8.04200000E-04  8.04100000E-04  1.56200000E-02  1.56200000E-02  2.36200000E-02  2.36200000E-02  1.06800000E-04  1.06800000E-04  0.00000000E+00  0.00000000E+00  0.00000000E+00  0.00000000E+00  0.00000000E+00  0.00000000E+00  0.00000000E+00  0.00000000E+00  0.00000000E+00  0.00000000E+00
-2.61249916E+00  5.35300000E-04  5.35300000E-04  1.03900000E-02  1.03900000E-02  1.56600000E-02  1.56600000E-02  7.11000000E-05  7.11100000E-05  0.00000000E+00  0.00000000E+00  0.00000000E+00  0.00000000E+00  0.00000000E+00  0.00000000E+00  0.00000000E+00  0.00000000E+00  0.00000000E+00  0.00000000E+00
-2.59349916E+00  2.68100000E-04  2.68100000E-04  5.20100000E-03  5.20100000E-03  7.84000000E-03  7.84000000E-03  3.58200000E-05  3.58200000E-05  0.00000000E+00  0.00000000E+00  0.00000000E+00  0.00000000E+00  0.00000000E+00  0.00000000E+00  0.00000000E+00  0.00000000E+00  0.00000000E+00  0.00000000E+00
-2.57349916E+00  1.01800000E-04  1.01800000E-04  1.96400000E-03  1.96400000E-03  3.02300000E-03  3.02300000E-03  1.47800000E-05  1.47800000E-05  0.00000000E+00  0.00000000E+00  0.00000000E+00  0.00000000E+00  0.00000000E+00  0.00000000E+00  0.00000000E+00  0.00000000E+00  0.00000000E+00  0.00000000E+00
-2.55449916E+00  3.56500000E-05  3.56400000E-05  6.40600000E-04  6.40600000E-04  1.25900000E-03  1.25900000E-03  1.01300000E-05  1.01300000E-05  0.00000000E+00  0.00000000E+00  0.00000000E+00  0.00000000E+00  0.00000000E+00  0.00000000E+00  0.00000000E+00  0.00000000E+00  0.00000000E+00  0.00000000E+00
-2.53549916E+00  3.51000000E-05  3.51000000E-05  5.17900000E-04  5.17900000E-04  1.76200000E-03  1.76200000E-03  2.21800000E-05  2.21800000E-05  0.00000000E+00  0.00000000E+00  0.00000000E+00  0.00000000E+00  0.00000000E+00  0.00000000E+00  0.00000000E+00  0.00000000E+00  0.00000000E+00  0.00000000E+00
-2.51549916E+00  8.80600000E-05  8.80600000E-05  1.31100000E-03  1.31100000E-03  4.49000000E-03  4.49000000E-03  5.49600000E-05  5.49800000E-05  0.00000000E+00  0.00000000E+00  0.00000000E+00  0.00000000E+00  0.00000000E+00  0.00000000E+00  0.00000000E+00  0.00000000E+00  0.00000000E+00  0.00000000E+00
-2.49649916E+00  2.01300000E-04  2.01300000E-04  3.14900000E-03  3.14900000E-03  9.77000000E-03  9.77000000E-03  1.08500000E-04  1.08500000E-04  0.00000000E+00  0.00000000E+00  0.00000000E+00  0.00000000E+00  0.00000000E+00  0.00000000E+00  0.00000000E+00  0.00000000E+00  0.00000000E+00  0.00000000E+00
-2.47749916E+00  3.65700000E-04  3.65700000E-04  5.91000000E-03  5.91000000E-03  1.69500000E-02  1.69500000E-02  1.67400000E-04  1.67400000E-04  0.00000000E+00  0.00000000E+00  0.00000000E+00  0.00000000E+00  0.00000000E+00  0.00000000E+00  0.00000000E+00  0.00000000E+00  0.00000000E+00  0.00000000E+00
-2.45849916E+00  5.43300000E-04  5.43300000E-04  8.88700000E-03  8.88700000E-03  2.42800000E-02  2.42800000E-02  2.06500000E-04  2.06600000E-04  0.00000000E+00  0.00000000E+00  0.00000000E+00  0.00000000E+00  0.00000000E+00  0.00000000E+00  0.00000000E+00  0.00000000E+00  0.00000000E+00  0.00000000E+00
-2.43849916E+00  7.06900000E-04  7.06900000E-04  1.15200000E-02  1.15200000E-02  3.11200000E-02  3.11200000E-02  2.16700000E-04  2.16700000E-04  0.00000000E+00  0.00000000E+00  0.00000000E+00  0.00000000E+00  0.00000000E+00  0.00000000E+00  0.00000000E+00  0.00000000E+00  0.00000000E+00  0.00000000E+00
-2.41949916E+00  8.77500000E-04  8.77500000E-04  1.42600000E-02  1.42600000E-02  3.96300000E-02  3.96300000E-02  2.19900000E-04  2.19900000E-04  0.00000000E+00  0.00000000E+00  0.00000000E+00  0.00000000E+00  0.00000000E+00  0.00000000E+00  0.00000000E+00  0.00000000E+00  0.00000000E+00  0.00000000E+00
-2.40049916E+00  1.07900000E-03  1.07900000E-03  1.78800000E-02  1.78800000E-02  5.20800000E-02  5.20800000E-02  2.45300000E-04  2.45300000E-04  0.00000000E+00  0.00000000E+00  0.00000000E+00  0.00000000E+00  0.00000000E+00  0.00000000E+00  0.00000000E+00  0.00000000E+00  0.00000000E+00  0.00000000E+00
-2.38049916E+00  1.25900000E-03  1.25900000E-03  2.16200000E-02  2.16200000E-02  6.55300000E-02  6.55300000E-02  2.89800000E-04  2.89700000E-04  0.00000000E+00  0.00000000E+00  0.00000000E+00  0.00000000E+00  0.00000000E+00  0.00000000E+00  0.00000000E+00  0.00000000E+00  0.00000000E+00  0.00000000E+00
-2.36149916E+00  1.29400000E-03  1.29400000E-03  2.30300000E-02  2.30300000E-02  7.17300000E-02  7.17300000E-02  3.13200000E-04  3.13200000E-04  0.00000000E+00  0.00000000E+00  0.00000000E+00  0.00000000E+00  0.00000000E+00  0.00000000E+00  0.00000000E+00  0.00000000E+00  0.00000000E+00  0.00000000E+00
-2.34249916E+00  1.10900000E-03  1.10900000E-03  2.03000000E-02  2.03000000E-02  6.43000000E-02  6.43000000E-02  2.80800000E-04  2.80800000E-04  0.00000000E+00  0.00000000E+00  0.00000000E+00  0.00000000E+00  0.00000000E+00  0.00000000E+00  0.00000000E+00  0.00000000E+00  0.00000000E+00  0.00000000E+00
-2.32249916E+00  7.66700000E-04  7.66700000E-04  1.43000000E-02  1.43000000E-02  4.58000000E-02  4.58000000E-02  1.99900000E-04  1.99900000E-04  0.00000000E+00  0.00000000E+00  0.00000000E+00  0.00000000E+00  0.00000000E+00  0.00000000E+00  0.00000000E+00  0.00000000E+00  0.00000000E+00  0.00000000E+00
-2.30349916E+00  4.18500000E-04  4.18500000E-04  7.90100000E-03  7.90100000E-03  2.54700000E-02  2.54700000E-02  1.10800000E-04  1.10800000E-04  0.00000000E+00  0.00000000E+00  0.00000000E+00  0.00000000E+00  0.00000000E+00  0.00000000E+00  0.00000000E+00  0.00000000E+00  0.00000000E+00  0.00000000E+00
-2.28449916E+00  1.77700000E-04  1.77700000E-04  3.37900000E-03  3.37900000E-03  1.09500000E-02  1.09500000E-02  4.73700000E-05  4.73700000E-05  0.00000000E+00  0.00000000E+00  0.00000000E+00  0.00000000E+00  0.00000000E+00  0.00000000E+00  0.00000000E+00  0.00000000E+00  0.00000000E+00  0.00000000E+00
-2.26549916E+00  5.81100000E-05  5.81100000E-05  1.10900000E-03  1.10900000E-03  3.60500000E-03  3.60500000E-03  1.54800000E-05  1.54800000E-05  0.00000000E+00  0.00000000E+00  0.00000000E+00  0.00000000E+00  0.00000000E+00  0.00000000E+00  0.00000000E+00  0.00000000E+00  0.00000000E+00  0.00000000E+00
-2.24549916E+00  1.45800000E-05  1.45800000E-05  2.77600000E-04  2.77600000E-04  9.14900000E-04  9.14900000E-04  3.87000000E-06  3.87000000E-06  0.00000000E+00  0.00000000E+00  0.00000000E+00  0.00000000E+00  0.00000000E+00  0.00000000E+00  0.00000000E+00  0.00000000E+00  0.00000000E+00  0.00000000E+00
-2.22649916E+00  3.24900000E-06  3.24900000E-06  5.49200000E-05  5.49200000E-05  2.47600000E-04  2.47600000E-04  8.96100000E-07  8.96000000E-07  0.00000000E+00  0.00000000E+00  0.00000000E+00  0.00000000E+00  0.00000000E+00  0.00000000E+00  0.00000000E+00  0.00000000E+00  0.00000000E+00  0.00000000E+00
-2.20749916E+00  3.06500000E-06  3.06400000E-06  2.18300000E-05  2.18300000E-05  4.25300000E-04  4.25300000E-04  1.01600000E-06  1.01600000E-06  0.00000000E+00  0.00000000E+00  0.00000000E+00  0.00000000E+00  0.00000000E+00  0.00000000E+00  0.00000000E+00  0.00000000E+00  0.00000000E+00  0.00000000E+00
-2.18749916E+00  1.09700000E-05  1.09700000E-05  7.00100000E-05  7.00100000E-05  1.61300000E-03  1.61300000E-03  3.69000000E-06  3.69000000E-06  0.00000000E+00  0.00000000E+00  0.00000000E+00  0.00000000E+00  0.00000000E+00  0.00000000E+00  0.00000000E+00  0.00000000E+00  0.00000000E+00  0.00000000E+00
-2.16849916E+00  3.45300000E-05  3.45300000E-05  2.63500000E-04  2.63500000E-04  4.95800000E-03  4.95800000E-03  1.14400000E-05  1.14400000E-05  0.00000000E+00  0.00000000E+00  0.00000000E+00  0.00000000E+00  0.00000000E+00  0.00000000E+00  0.00000000E+00  0.00000000E+00  0.00000000E+00  0.00000000E+00
-2.14949916E+00  8.53400000E-05  8.53400000E-05  7.89500000E-04  7.89500000E-04  1.18100000E-02  1.18200000E-02  2.79800000E-05  2.79800000E-05  0.00000000E+00  0.00000000E+00  0.00000000E+00  0.00000000E+00  0.00000000E+00  0.00000000E+00  0.00000000E+00  0.00000000E+00  0.00000000E+00  0.00000000E+00
-2.13049916E+00  1.68200000E-04  1.68200000E-04  1.87100000E-03  1.87100000E-03  2.21600000E-02  2.21600000E-02  5.52100000E-05  5.52100000E-05  0.00000000E+00  0.00000000E+00  0.00000000E+00  0.00000000E+00  0.00000000E+00  0.00000000E+00  0.00000000E+00  0.00000000E+00  0.00000000E+00  0.00000000E+00
-2.11049916E+00  2.72100000E-04  2.72100000E-04  3.55200000E-03  3.55200000E-03  3.36300000E-02  3.36300000E-02  9.10400000E-05  9.10200000E-05  0.00000000E+00  0.00000000E+00  0.00000000E+00  0.00000000E+00  0.00000000E+00  0.00000000E+00  0.00000000E+00  0.00000000E+00  0.00000000E+00  0.00000000E+00
-2.09149916E+00  3.79200000E-04  3.79200000E-04  5.57400000E-03  5.57400000E-03  4.32900000E-02  4.32900000E-02  1.31500000E-04  1.31500000E-04  0.00000000E+00  0.00000000E+00  0.00000000E+00  0.00000000E+00  0.00000000E+00  0.00000000E+00  0.00000000E+00  0.00000000E+00  0.00000000E+00  0.00000000E+00
-2.07249916E+00  4.85700000E-04  4.85700000E-04  7.61700000E-03  7.61700000E-03  5.08900000E-02  5.08900000E-02  1.75200000E-04  1.75200000E-04  0.00000000E+00  0.00000000E+00  0.00000000E+00  0.00000000E+00  0.00000000E+00  0.00000000E+00  0.00000000E+00  0.00000000E+00  0.00000000E+00  0.00000000E+00
-2.05249916E+00  5.97400000E-04  5.97400000E-04  9.51200000E-03  9.51100000E-03  5.82200000E-02  5.82200000E-02  2.20500000E-04  2.20500000E-04  0.00000000E+00  0.00000000E+00  0.00000000E+00  0.00000000E+00  0.00000000E+00  0.00000000E+00  0.00000000E+00  0.00000000E+00  0.00000000E+00  0.00000000E+00
-2.03349916E+00  6.86300000E-04  6.86300000E-04  1.08300000E-02  1.08300000E-02  6.39800000E-02  6.39800000E-02  2.53600000E-04  2.53600000E-04  0.00000000E+00  0.00000000E+00  0.00000000E+00  0.00000000E+00  0.00000000E+00  0.00000000E+00  0.00000000E+00  0.00000000E+00  0.00000000E+00  0.00000000E+00
-2.01449916E+00  6.82400000E-04  6.82400000E-04  1.06800000E-02  1.06800000E-02  6.22400000E-02  6.22400000E-02  2.49800000E-04  2.49800000E-04  0.00000000E+00  0.00000000E+00  0.00000000E+00  0.00000000E+00  0.00000000E+00  0.00000000E+00  0.00000000E+00  0.00000000E+00  0.00000000E+00  0.00000000E+00
-1.99449916E+00  5.50600000E-04  5.50600000E-04  8.62300000E-03  8.62300000E-03  4.97200000E-02  4.97200000E-02  1.99500000E-04  1.99500000E-04  0.00000000E+00  0.00000000E+00  0.00000000E+00  0.00000000E+00  0.00000000E+00  0.00000000E+00  0.00000000E+00  0.00000000E+00  0.00000000E+00  0.00000000E+00
-1.97549916E+00  3.51700000E-04  3.51700000E-04  5.56600000E-03  5.56600000E-03  3.15100000E-02  3.15100000E-02  1.25600000E-04  1.25600000E-04  0.00000000E+00  0.00000000E+00  0.00000000E+00  0.00000000E+00  0.00000000E+00  0.00000000E+00  0.00000000E+00  0.00000000E+00  0.00000000E+00  0.00000000E+00
-1.95649916E+00  1.91400000E-04  1.91400000E-04  3.07600000E-03  3.07600000E-03  1.63200000E-02  1.63200000E-02  6.32900000E-05  6.32900000E-05  0.00000000E+00  0.00000000E+00  0.00000000E+00  0.00000000E+00  0.00000000E+00  0.00000000E+00  0.00000000E+00  0.00000000E+00  0.00000000E+00  0.00000000E+00
-1.93749916E+00  1.35700000E-04  1.35700000E-04  2.16100000E-03  2.16100000E-03  8.98000000E-03  8.98000000E-03  3.08100000E-05  3.08200000E-05  0.00000000E+00  0.00000000E+00  0.00000000E+00  0.00000000E+00  0.00000000E+00  0.00000000E+00  0.00000000E+00  0.00000000E+00  0.00000000E+00  0.00000000E+00
-1.91749916E+00  1.90500000E-04  1.90500000E-04  2.92900000E-03  2.92900000E-03  9.14500000E-03  9.14500000E-03  2.53100000E-05  2.53200000E-05  0.00000000E+00  0.00000000E+00  0.00000000E+00  0.00000000E+00  0.00000000E+00  0.00000000E+00  0.00000000E+00  0.00000000E+00  0.00000000E+00  0.00000000E+00
-1.89849916E+00  3.10900000E-04  3.10900000E-04  4.72100000E-03  4.72100000E-03  1.36100000E-02  1.36100000E-02  3.46100000E-05  3.46200000E-05  0.00000000E+00  0.00000000E+00  0.00000000E+00  0.00000000E+00  0.00000000E+00  0.00000000E+00  0.00000000E+00  0.00000000E+00  0.00000000E+00  0.00000000E+00
-1.87949916E+00  4.13400000E-04  4.13400000E-04  6.28500000E-03  6.28500000E-03  1.81000000E-02  1.81000000E-02  4.52200000E-05  4.52300000E-05  0.00000000E+00  0.00000000E+00  0.00000000E+00  0.00000000E+00  0.00000000E+00  0.00000000E+00  0.00000000E+00  0.00000000E+00  0.00000000E+00  0.00000000E+00
-1.85949916E+00  4.27300000E-04  4.27300000E-04  6.59000000E-03  6.59000000E-03  1.97100000E-02  1.97100000E-02  4.84500000E-05  4.84600000E-05  0.00000000E+00  0.00000000E+00  0.00000000E+00  0.00000000E+00  0.00000000E+00  0.00000000E+00  0.00000000E+00  0.00000000E+00  0.00000000E+00  0.00000000E+00
-1.84049916E+00  3.62200000E-04  3.62200000E-04  5.83700000E-03  5.83700000E-03  1.93800000E-02  1.93800000E-02  4.59600000E-05  4.59600000E-05  0.00000000E+00  0.00000000E+00  0.00000000E+00  0.00000000E+00  0.00000000E+00  0.00000000E+00  0.00000000E+00  0.00000000E+00  0.00000000E+00  0.00000000E+00
-1.82149916E+00  2.90400000E-04  2.90400000E-04  5.11600000E-03  5.11600000E-03  2.02700000E-02  2.02700000E-02  4.56000000E-05  4.56000000E-05  0.00000000E+00  0.00000000E+00  0.00000000E+00  0.00000000E+00  0.00000000E+00  0.00000000E+00  0.00000000E+00  0.00000000E+00  0.00000000E+00  0.00000000E+00
-1.80149916E+00  2.56600000E-04  2.56600000E-04  4.95600000E-03  4.95600000E-03  2.29400000E-02  2.29400000E-02  5.01600000E-05  5.01500000E-05  0.00000000E+00  0.00000000E+00  0.00000000E+00  0.00000000E+00  0.00000000E+00  0.00000000E+00  0.00000000E+00  0.00000000E+00  0.00000000E+00  0.00000000E+00
-1.78249916E+00  2.45400000E-04  2.45400000E-04  4.87500000E-03  4.87500000E-03  2.48900000E-02  2.48900000E-02  5.60700000E-05  5.60500000E-05  0.00000000E+00  0.00000000E+00  0.00000000E+00  0.00000000E+00  0.00000000E+00  0.00000000E+00  0.00000000E+00  0.00000000E+00  0.00000000E+00  0.00000000E+00
-1.76349916E+00  2.41100000E-04  2.41100000E-04  4.49500000E-03  4.49600000E-03  2.57000000E-02  2.57000000E-02  6.50900000E-05  6.50700000E-05  0.00000000E+00  0.00000000E+00  0.00000000E+00  0.00000000E+00  0.00000000E+00  0.00000000E+00  0.00000000E+00  0.00000000E+00  0.00000000E+00  0.00000000E+00
-1.74449916E+00  2.67300000E-04  2.67300000E-04  4.27900000E-03  4.27900000E-03  2.91600000E-02  2.91600000E-02  8.79100000E-05  8.78800000E-05  0.00000000E+00  0.00000000E+00  0.00000000E+00  0.00000000E+00  0.00000000E+00  0.00000000E+00  0.00000000E+00  0.00000000E+00  0.00000000E+00  0.00000000E+00
-1.72449916E+00  3.39600000E-04  3.39600000E-04  4.71800000E-03  4.71800000E-03  3.74800000E-02  3.74800000E-02  1.26800000E-04  1.26800000E-04  0.00000000E+00  0.00000000E+00  0.00000000E+00  0.00000000E+00  0.00000000E+00  0.00000000E+00  0.00000000E+00  0.00000000E+00  0.00000000E+00  0.00000000E+00
-1.70549916E+00  4.11000000E-04  4.11000000E-04  5.36000000E-03  5.36000000E-03  4.55300000E-02  4.55300000E-02  1.60800000E-04  1.60800000E-04  0.00000000E+00  0.00000000E+00  0.00000000E+00  0.00000000E+00  0.00000000E+00  0.00000000E+00  0.00000000E+00  0.00000000E+00  0.00000000E+00  0.00000000E+00
-1.68649916E+00  4.13900000E-04  4.13900000E-04  5.32100000E-03  5.32100000E-03  4.58000000E-02  4.58000000E-02  1.63600000E-04  1.63500000E-04  0.00000000E+00  0.00000000E+00  0.00000000E+00  0.00000000E+00  0.00000000E+00  0.00000000E+00  0.00000000E+00  0.00000000E+00  0.00000000E+00  0.00000000E+00
-1.66649916E+00  3.52700000E-04  3.52700000E-04  4.60600000E-03  4.60600000E-03  3.87100000E-02  3.87100000E-02  1.37800000E-04  1.37800000E-04  0.00000000E+00  0.00000000E+00  0.00000000E+00  0.00000000E+00  0.00000000E+00  0.00000000E+00  0.00000000E+00  0.00000000E+00  0.00000000E+00  0.00000000E+00
-1.64749916E+00  3.11800000E-04  3.11800000E-04  4.25700000E-03  4.25700000E-03  3.34600000E-02  3.34600000E-02  1.17200000E-04  1.17100000E-04  0.00000000E+00  0.00000000E+00  0.00000000E+00  0.00000000E+00  0.00000000E+00  0.00000000E+00  0.00000000E+00  0.00000000E+00  0.00000000E+00  0.00000000E+00
-1.62849916E+00  3.54500000E-04  3.54500000E-04  5.01600000E-03  5.01600000E-03  3.71100000E-02  3.71100000E-02  1.27300000E-04  1.27300000E-04  0.00000000E+00  0.00000000E+00  0.00000000E+00  0.00000000E+00  0.00000000E+00  0.00000000E+00  0.00000000E+00  0.00000000E+00  0.00000000E+00  0.00000000E+00
-1.60949916E+00  4.41200000E-04  4.41200000E-04  6.24900000E-03  6.24900000E-03  4.57100000E-02  4.57100000E-02  1.55400000E-04  1.55300000E-04  0.00000000E+00  0.00000000E+00  0.00000000E+00  0.00000000E+00  0.00000000E+00  0.00000000E+00  0.00000000E+00  0.00000000E+00  0.00000000E+00  0.00000000E+00
-1.58949916E+00  4.68900000E-04  4.68900000E-04  6.54500000E-03  6.54500000E-03  4.84800000E-02  4.84800000E-02  1.64400000E-04  1.64400000E-04  0.00000000E+00  0.00000000E+00  0.00000000E+00  0.00000000E+00  0.00000000E+00  0.00000000E+00  0.00000000E+00  0.00000000E+00  0.00000000E+00  0.00000000E+00
-1.57049916E+00  3.85800000E-04  3.85800000E-04  5.28700000E-03  5.28700000E-03  3.99000000E-02  3.99000000E-02  1.35200000E-04  1.35200000E-04  0.00000000E+00  0.00000000E+00  0.00000000E+00  0.00000000E+00  0.00000000E+00  0.00000000E+00  0.00000000E+00  0.00000000E+00  0.00000000E+00  0.00000000E+00
-1.55149916E+00  2.39700000E-04  2.39700000E-04  3.22300000E-03  3.22300000E-03  2.48100000E-02  2.48100000E-02  8.40800000E-05  8.40700000E-05  0.00000000E+00  0.00000000E+00  0.00000000E+00  0.00000000E+00  0.00000000E+00  0.00000000E+00  0.00000000E+00  0.00000000E+00  0.00000000E+00  0.00000000E+00
-1.53149916E+00  1.11800000E-04  1.11800000E-04  1.47600000E-03  1.47600000E-03  1.15900000E-02  1.15900000E-02  3.92700000E-05  3.92700000E-05  0.00000000E+00  0.00000000E+00  0.00000000E+00  0.00000000E+00  0.00000000E+00  0.00000000E+00  0.00000000E+00  0.00000000E+00  0.00000000E+00  0.00000000E+00
-1.51249916E+00  3.92200000E-05  3.92200000E-05  5.07300000E-04  5.07300000E-04  4.07300000E-03  4.07300000E-03  1.38100000E-05  1.38100000E-05  0.00000000E+00  0.00000000E+00  0.00000000E+00  0.00000000E+00  0.00000000E+00  0.00000000E+00  0.00000000E+00  0.00000000E+00  0.00000000E+00  0.00000000E+00
-1.49349916E+00  1.09900000E-05  1.09900000E-05  1.35600000E-04  1.35600000E-04  1.18600000E-03  1.18600000E-03  4.07500000E-06  4.07400000E-06  0.00000000E+00  0.00000000E+00  0.00000000E+00  0.00000000E+00  0.00000000E+00  0.00000000E+00  0.00000000E+00  0.00000000E+00  0.00000000E+00  0.00000000E+00
-1.47349916E+00  6.27500000E-06  6.27500000E-06  5.55000000E-05  5.55000000E-05  9.08300000E-04  9.08300000E-04  3.39300000E-06  3.39200000E-06  0.00000000E+00  0.00000000E+00  0.00000000E+00  0.00000000E+00  0.00000000E+00  0.00000000E+00  0.00000000E+00  0.00000000E+00  0.00000000E+00  0.00000000E+00
-1.45449916E+00  1.87700000E-05  1.87700000E-05  1.36900000E-04  1.36900000E-04  3.05400000E-03  3.05400000E-03  1.16700000E-05  1.16700000E-05  0.00000000E+00  0.00000000E+00  0.00000000E+00  0.00000000E+00  0.00000000E+00  0.00000000E+00  0.00000000E+00  0.00000000E+00  0.00000000E+00  0.00000000E+00
-1.43549916E+00  6.01700000E-05  6.01600000E-05  4.43600000E-04  4.43600000E-04  9.81000000E-03  9.81000000E-03  3.73000000E-05  3.72900000E-05  0.00000000E+00  0.00000000E+00  0.00000000E+00  0.00000000E+00  0.00000000E+00  0.00000000E+00  0.00000000E+00  0.00000000E+00  0.00000000E+00  0.00000000E+00
-1.41649916E+00  1.47500000E-04  1.47400000E-04  1.12300000E-03  1.12300000E-03  2.39000000E-02  2.39000000E-02  9.00200000E-05  9.00000000E-05  0.00000000E+00  0.00000000E+00  0.00000000E+00  0.00000000E+00  0.00000000E+00  0.00000000E+00  0.00000000E+00  0.00000000E+00  0.00000000E+00  0.00000000E+00
-1.39649916E+00  2.73500000E-04  2.73500000E-04  2.19000000E-03  2.19000000E-03  4.39100000E-02  4.39100000E-02  1.62900000E-04  1.62800000E-04  0.00000000E+00  0.00000000E+00  0.00000000E+00  0.00000000E+00  0.00000000E+00  0.00000000E+00  0.00000000E+00  0.00000000E+00  0.00000000E+00  0.00000000E+00
-1.37749916E+00  3.86300000E-04  3.86300000E-04  3.32100000E-03  3.32100000E-03  6.11200000E-02  6.11200000E-02  2.21100000E-04  2.21100000E-04  0.00000000E+00  0.00000000E+00  0.00000000E+00  0.00000000E+00  0.00000000E+00  0.00000000E+00  0.00000000E+00  0.00000000E+00  0.00000000E+00  0.00000000E+00
-1.35849916E+00  4.19100000E-04  4.19000000E-04  3.96000000E-03  3.96000000E-03  6.48800000E-02  6.48800000E-02  2.25900000E-04  2.25900000E-04  0.00000000E+00  0.00000000E+00  0.00000000E+00  0.00000000E+00  0.00000000E+00  0.00000000E+00  0.00000000E+00  0.00000000E+00  0.00000000E+00  0.00000000E+00
-1.33849916E+00  3.53000000E-04  3.52900000E-04  3.74600000E-03  3.74700000E-03  5.30100000E-02  5.30100000E-02  1.74300000E-04  1.74300000E-04  0.00000000E+00  0.00000000E+00  0.00000000E+00  0.00000000E+00  0.00000000E+00  0.00000000E+00  0.00000000E+00  0.00000000E+00  0.00000000E+00  0.00000000E+00
-1.31949916E+00  2.33500000E-04  2.33400000E-04  2.81800000E-03  2.81800000E-03  3.37200000E-02  3.37200000E-02  1.02100000E-04  1.02100000E-04  0.00000000E+00  0.00000000E+00  0.00000000E+00  0.00000000E+00  0.00000000E+00  0.00000000E+00  0.00000000E+00  0.00000000E+00  0.00000000E+00  0.00000000E+00
-1.30049916E+00  1.22400000E-04  1.22400000E-04  1.67700000E-03  1.67700000E-03  1.68800000E-02  1.68800000E-02  4.57300000E-05  4.57300000E-05  0.00000000E+00  0.00000000E+00  0.00000000E+00  0.00000000E+00  0.00000000E+00  0.00000000E+00  0.00000000E+00  0.00000000E+00  0.00000000E+00  0.00000000E+00
-1.28149916E+00  5.09800000E-05  5.09800000E-05  7.81500000E-04  7.81600000E-04  6.70400000E-03  6.70400000E-03  1.58300000E-05  1.58300000E-05  0.00000000E+00  0.00000000E+00  0.00000000E+00  0.00000000E+00  0.00000000E+00  0.00000000E+00  0.00000000E+00  0.00000000E+00  0.00000000E+00  0.00000000E+00
-1.26149916E+00  1.68200000E-05  1.68200000E-05  2.82100000E-04  2.82100000E-04  2.11600000E-03  2.11600000E-03  4.28000000E-06  4.27900000E-06  0.00000000E+00  0.00000000E+00  0.00000000E+00  0.00000000E+00  0.00000000E+00  0.00000000E+00  0.00000000E+00  0.00000000E+00  0.00000000E+00  0.00000000E+00
-1.24249916E+00  4.35600000E-06  4.35500000E-06  7.80300000E-05  7.80400000E-05  5.27900000E-04  5.27900000E-04  9.13600000E-07  9.13600000E-07  0.00000000E+00  0.00000000E+00  0.00000000E+00  0.00000000E+00  0.00000000E+00  0.00000000E+00  0.00000000E+00  0.00000000E+00  0.00000000E+00  0.00000000E+00
-1.22349916E+00  8.75200000E-07  8.75100000E-07  1.64000000E-05  1.64000000E-05  1.03200000E-04  1.03200000E-04  1.55500000E-07  1.55500000E-07  0.00000000E+00  0.00000000E+00  0.00000000E+00  0.00000000E+00  0.00000000E+00  0.00000000E+00  0.00000000E+00  0.00000000E+00  0.00000000E+00  0.00000000E+00
-1.20349916E+00  1.44700000E-07  1.44700000E-07  2.63300000E-06  2.63300000E-06  1.75000000E-05  1.75000000E-05  2.85600000E-08  2.85700000E-08  0.00000000E+00  0.00000000E+00  0.00000000E+00  0.00000000E+00  0.00000000E+00  0.00000000E+00  0.00000000E+00  0.00000000E+00  0.00000000E+00  0.00000000E+00
-1.18449916E+00  1.12100000E-07  1.12100000E-07  6.04000000E-07  6.04000000E-07  2.02900000E-05  2.02900000E-05  7.60400000E-08  7.60500000E-08  0.00000000E+00  0.00000000E+00  0.00000000E+00  0.00000000E+00  0.00000000E+00  0.00000000E+00  0.00000000E+00  0.00000000E+00  0.00000000E+00  0.00000000E+00
-1.16549916E+00  6.88700000E-07  6.88700000E-07  2.12200000E-06  2.12200000E-06  1.32100000E-04  1.32100000E-04  5.27100000E-07  5.27100000E-07  0.00000000E+00  0.00000000E+00  0.00000000E+00  0.00000000E+00  0.00000000E+00  0.00000000E+00  0.00000000E+00  0.00000000E+00  0.00000000E+00  0.00000000E+00
-1.14549916E+00  3.66400000E-06  3.66400000E-06  1.11700000E-05  1.11700000E-05  7.03700000E-04  7.03700000E-04  2.80900000E-06  2.80900000E-06  0.00000000E+00  0.00000000E+00  0.00000000E+00  0.00000000E+00  0.00000000E+00  0.00000000E+00  0.00000000E+00  0.00000000E+00  0.00000000E+00  0.00000000E+00
-1.12649916E+00  1.46000000E-05  1.46000000E-05  4.44800000E-05  4.44700000E-05  2.80300000E-03  2.80300000E-03  1.11900000E-05  1.11900000E-05  0.00000000E+00  0.00000000E+00  0.00000000E+00  0.00000000E+00  0.00000000E+00  0.00000000E+00  0.00000000E+00  0.00000000E+00  0.00000000E+00  0.00000000E+00
-1.10749916E+00  4.34700000E-05  4.34700000E-05  1.32400000E-04  1.32400000E-04  8.34700000E-03  8.34700000E-03  3.33200000E-05  3.33200000E-05  0.00000000E+00  0.00000000E+00  0.00000000E+00  0.00000000E+00  0.00000000E+00  0.00000000E+00  0.00000000E+00  0.00000000E+00  0.00000000E+00  0.00000000E+00
-1.08849916E+00  9.67700000E-05  9.67700000E-05  2.94800000E-04  2.94800000E-04  1.85800000E-02  1.85800000E-02  7.41800000E-05  7.41800000E-05  0.00000000E+00  0.00000000E+00  0.00000000E+00  0.00000000E+00  0.00000000E+00  0.00000000E+00  0.00000000E+00  0.00000000E+00  0.00000000E+00  0.00000000E+00
-1.06849916E+00  1.61100000E-04  1.61100000E-04  4.90800000E-04  4.90800000E-04  3.09300000E-02  3.09300000E-02  1.23500000E-04  1.23500000E-04  0.00000000E+00  0.00000000E+00  0.00000000E+00  0.00000000E+00  0.00000000E+00  0.00000000E+00  0.00000000E+00  0.00000000E+00  0.00000000E+00  0.00000000E+00
-1.04949916E+00  2.00500000E-04  2.00500000E-04  6.11000000E-04  6.11000000E-04  3.85100000E-02  3.85100000E-02  1.53700000E-04  1.53700000E-04  0.00000000E+00  0.00000000E+00  0.00000000E+00  0.00000000E+00  0.00000000E+00  0.00000000E+00  0.00000000E+00  0.00000000E+00  0.00000000E+00  0.00000000E+00
-1.03049916E+00  1.86700000E-04  1.86700000E-04  5.69000000E-04  5.69000000E-04  3.58600000E-02  3.58600000E-02  1.43100000E-04  1.43200000E-04  0.00000000E+00  0.00000000E+00  0.00000000E+00  0.00000000E+00  0.00000000E+00  0.00000000E+00  0.00000000E+00  0.00000000E+00  0.00000000E+00  0.00000000E+00
-1.01049916E+00  1.30300000E-04  1.30300000E-04  3.97500000E-04  3.97400000E-04  2.50200000E-02  2.50200000E-02  9.98400000E-05  9.98500000E-05  0.00000000E+00  0.00000000E+00  0.00000000E+00  0.00000000E+00  0.00000000E+00  0.00000000E+00  0.00000000E+00  0.00000000E+00  0.00000000E+00  0.00000000E+00
-9.91499160E-01  6.95100000E-05  6.95100000E-05  2.15700000E-04  2.15700000E-04  1.33800000E-02  1.33800000E-02  5.31400000E-05  5.31400000E-05  0.00000000E+00  0.00000000E+00  0.00000000E+00  0.00000000E+00  0.00000000E+00  0.00000000E+00  0.00000000E+00  0.00000000E+00  0.00000000E+00  0.00000000E+00
-9.72499160E-01  3.56900000E-05  3.56900000E-05  1.30300000E-04  1.30200000E-04  7.02400000E-03  7.02400000E-03  2.65400000E-05  2.65400000E-05  0.00000000E+00  0.00000000E+00  0.00000000E+00  0.00000000E+00  0.00000000E+00  0.00000000E+00  0.00000000E+00  0.00000000E+00  0.00000000E+00  0.00000000E+00
-9.53499160E-01  4.37700000E-05  4.37700000E-05  2.24100000E-04  2.24100000E-04  9.01900000E-03  9.01900000E-03  3.00900000E-05  3.00900000E-05  0.00000000E+00  0.00000000E+00  0.00000000E+00  0.00000000E+00  0.00000000E+00  0.00000000E+00  0.00000000E+00  0.00000000E+00  0.00000000E+00  0.00000000E+00
-9.33499160E-01  1.07400000E-04  1.07400000E-04  6.24300000E-04  6.24300000E-04  2.22500000E-02  2.22500000E-02  7.09300000E-05  7.09400000E-05  0.00000000E+00  0.00000000E+00  0.00000000E+00  0.00000000E+00  0.00000000E+00  0.00000000E+00  0.00000000E+00  0.00000000E+00  0.00000000E+00  0.00000000E+00
-9.14499160E-01  2.36100000E-04  2.36100000E-04  1.47600000E-03  1.47600000E-03  4.84500000E-02  4.84500000E-02  1.51900000E-04  1.51900000E-04  0.00000000E+00  0.00000000E+00  0.00000000E+00  0.00000000E+00  0.00000000E+00  0.00000000E+00  0.00000000E+00  0.00000000E+00  0.00000000E+00  0.00000000E+00
-8.95499160E-01  4.03200000E-04  4.03200000E-04  2.73200000E-03  2.73200000E-03  8.16300000E-02  8.16300000E-02  2.51100000E-04  2.51100000E-04  0.00000000E+00  0.00000000E+00  0.00000000E+00  0.00000000E+00  0.00000000E+00  0.00000000E+00  0.00000000E+00  0.00000000E+00  0.00000000E+00  0.00000000E+00
-8.75499160E-01  5.32100000E-04  5.32100000E-04  3.94100000E-03  3.94100000E-03  1.05900000E-01  1.05900000E-01  3.18100000E-04  3.18100000E-04  0.00000000E+00  0.00000000E+00  0.00000000E+00  0.00000000E+00  0.00000000E+00  0.00000000E+00  0.00000000E+00  0.00000000E+00  0.00000000E+00  0.00000000E+00
-8.56499160E-01  5.47200000E-04  5.47200000E-04  4.44000000E-03  4.44000000E-03  1.06700000E-01  1.06700000E-01  3.11700000E-04  3.11700000E-04  0.00000000E+00  0.00000000E+00  0.00000000E+00  0.00000000E+00  0.00000000E+00  0.00000000E+00  0.00000000E+00  0.00000000E+00  0.00000000E+00  0.00000000E+00
-8.37499160E-01  4.48800000E-04  4.48800000E-04  3.93200000E-03  3.93200000E-03  8.54500000E-02  8.54500000E-02  2.43500000E-04  2.43500000E-04  0.00000000E+00  0.00000000E+00  0.00000000E+00  0.00000000E+00  0.00000000E+00  0.00000000E+00  0.00000000E+00  0.00000000E+00  0.00000000E+00  0.00000000E+00
-8.17499160E-01  3.22200000E-04  3.22200000E-04  2.85200000E-03  2.85200000E-03  5.95700000E-02  5.95700000E-02  1.71400000E-04  1.71400000E-04  0.00000000E+00  0.00000000E+00  0.00000000E+00  0.00000000E+00  0.00000000E+00  0.00000000E+00  0.00000000E+00  0.00000000E+00  0.00000000E+00  0.00000000E+00
-7.98499160E-01  2.65200000E-04  2.65200000E-04  1.99200000E-03  1.99200000E-03  4.74800000E-02  4.74800000E-02  1.50300000E-04  1.50300000E-04  0.00000000E+00  0.00000000E+00  0.00000000E+00  0.00000000E+00  0.00000000E+00  0.00000000E+00  0.00000000E+00  0.00000000E+00  0.00000000E+00  0.00000000E+00
-7.79499160E-01  3.06200000E-04  3.06200000E-04  1.76700000E-03  1.76700000E-03  5.38300000E-02  5.38300000E-02  1.89200000E-04  1.89200000E-04  0.00000000E+00  0.00000000E+00  0.00000000E+00  0.00000000E+00  0.00000000E+00  0.00000000E+00  0.00000000E+00  0.00000000E+00  0.00000000E+00  0.00000000E+00
-7.60499160E-01  3.80800000E-04  3.80800000E-04  1.92100000E-03  1.92100000E-03  6.66900000E-02  6.66900000E-02  2.43800000E-04  2.43800000E-04  0.00000000E+00  0.00000000E+00  0.00000000E+00  0.00000000E+00  0.00000000E+00  0.00000000E+00  0.00000000E+00  0.00000000E+00  0.00000000E+00  0.00000000E+00
-7.40499160E-01  3.94400000E-04  3.94300000E-04  1.91600000E-03  1.91600000E-03  6.90800000E-02  6.90800000E-02  2.55000000E-04  2.55000000E-04  0.00000000E+00  0.00000000E+00  0.00000000E+00  0.00000000E+00  0.00000000E+00  0.00000000E+00  0.00000000E+00  0.00000000E+00  0.00000000E+00  0.00000000E+00
-7.21499160E-01  3.15500000E-04  3.15500000E-04  1.51900000E-03  1.51900000E-03  5.55100000E-02  5.55100000E-02  2.05400000E-04  2.05400000E-04  0.00000000E+00  0.00000000E+00  0.00000000E+00  0.00000000E+00  0.00000000E+00  0.00000000E+00  0.00000000E+00  0.00000000E+00  0.00000000E+00  0.00000000E+00
-7.02499160E-01  1.98400000E-04  1.98400000E-04  9.52800000E-04  9.52800000E-04  3.56500000E-02  3.56500000E-02  1.32200000E-04  1.32200000E-04  0.00000000E+00  0.00000000E+00  0.00000000E+00  0.00000000E+00  0.00000000E+00  0.00000000E+00  0.00000000E+00  0.00000000E+00  0.00000000E+00  0.00000000E+00
-6.82499160E-01  1.13000000E-04  1.13000000E-04  5.40500000E-04  5.40500000E-04  2.18900000E-02  2.18900000E-02  8.16800000E-05  8.16900000E-05  0.00000000E+00  0.00000000E+00  0.00000000E+00  0.00000000E+00  0.00000000E+00  0.00000000E+00  0.00000000E+00  0.00000000E+00  0.00000000E+00  0.00000000E+00
-6.63499160E-01  7.97400000E-05  7.97400000E-05  3.79800000E-04  3.79800000E-04  1.75600000E-02  1.75600000E-02  6.60600000E-05  6.60700000E-05  0.00000000E+00  0.00000000E+00  0.00000000E+00  0.00000000E+00  0.00000000E+00  0.00000000E+00  0.00000000E+00  0.00000000E+00  0.00000000E+00  0.00000000E+00
-6.44499160E-01  7.47200000E-05  7.47200000E-05  3.60800000E-04  3.60900000E-04  1.77400000E-02  1.77400000E-02  6.67300000E-05  6.67200000E-05  0.00000000E+00  0.00000000E+00  0.00000000E+00  0.00000000E+00  0.00000000E+00  0.00000000E+00  0.00000000E+00  0.00000000E+00  0.00000000E+00  0.00000000E+00
-6.25499160E-01  7.28600000E-05  7.28600000E-05  3.80100000E-04  3.80100000E-04  1.76500000E-02  1.76500000E-02  6.48700000E-05  6.48700000E-05  0.00000000E+00  0.00000000E+00  0.00000000E+00  0.00000000E+00  0.00000000E+00  0.00000000E+00  0.00000000E+00  0.00000000E+00  0.00000000E+00  0.00000000E+00
-6.05499160E-01  7.60100000E-05  7.60100000E-05  4.83600000E-04  4.83600000E-04  1.84100000E-02  1.84100000E-02  6.28800000E-05  6.28700000E-05  0.00000000E+00  0.00000000E+00  0.00000000E+00  0.00000000E+00  0.00000000E+00  0.00000000E+00  0.00000000E+00  0.00000000E+00  0.00000000E+00  0.00000000E+00
-5.86499160E-01  1.05400000E-04  1.05400000E-04  8.19200000E-04  8.19200000E-04  2.54400000E-02  2.54400000E-02  7.85600000E-05  7.85600000E-05  0.00000000E+00  0.00000000E+00  0.00000000E+00  0.00000000E+00  0.00000000E+00  0.00000000E+00  0.00000000E+00  0.00000000E+00  0.00000000E+00  0.00000000E+00
-5.67499160E-01  1.70000000E-04  1.70000000E-04  1.42300000E-03  1.42300000E-03  4.10200000E-02  4.10100000E-02  1.20800000E-04  1.20800000E-04  0.00000000E+00  0.00000000E+00  0.00000000E+00  0.00000000E+00  0.00000000E+00  0.00000000E+00  0.00000000E+00  0.00000000E+00  0.00000000E+00  0.00000000E+00
-5.47499160E-01  2.44400000E-04  2.44400000E-04  2.05200000E-03  2.05200000E-03  5.91500000E-02  5.91500000E-02  1.73400000E-04  1.73400000E-04  0.00000000E+00  0.00000000E+00  0.00000000E+00  0.00000000E+00  0.00000000E+00  0.00000000E+00  0.00000000E+00  0.00000000E+00  0.00000000E+00  0.00000000E+00
-5.28499160E-01  2.86800000E-04  2.86800000E-04  2.33600000E-03  2.33600000E-03  6.99100000E-02  6.99100000E-02  2.08000000E-04  2.08000000E-04  0.00000000E+00  0.00000000E+00  0.00000000E+00  0.00000000E+00  0.00000000E+00  0.00000000E+00  0.00000000E+00  0.00000000E+00  0.00000000E+00  0.00000000E+00
-5.09499160E-01  2.79200000E-04  2.79200000E-04  2.14000000E-03  2.14000000E-03  6.89200000E-02  6.89200000E-02  2.10900000E-04  2.10900000E-04  0.00000000E+00  0.00000000E+00  0.00000000E+00  0.00000000E+00  0.00000000E+00  0.00000000E+00  0.00000000E+00  0.00000000E+00  0.00000000E+00  0.00000000E+00
-4.89499160E-01  2.35900000E-04  2.35900000E-04  1.65300000E-03  1.65300000E-03  5.91900000E-02  5.91900000E-02  1.87900000E-04  1.87800000E-04  0.00000000E+00  0.00000000E+00  0.00000000E+00  0.00000000E+00  0.00000000E+00  0.00000000E+00  0.00000000E+00  0.00000000E+00  0.00000000E+00  0.00000000E+00
-4.70499160E-01  1.76700000E-04  1.76700000E-04  1.12600000E-03  1.12600000E-03  4.50400000E-02  4.50400000E-02  1.47800000E-04  1.47800000E-04  0.00000000E+00  0.00000000E+00  0.00000000E+00  0.00000000E+00  0.00000000E+00  0.00000000E+00  0.00000000E+00  0.00000000E+00  0.00000000E+00  0.00000000E+00
-4.51499160E-01  1.14800000E-04  1.14800000E-04  6.90300000E-04  6.90300000E-04  2.95500000E-02  2.95500000E-02  9.88700000E-05  9.88400000E-05  0.00000000E+00  0.00000000E+00  0.00000000E+00  0.00000000E+00  0.00000000E+00  0.00000000E+00  0.00000000E+00  0.00000000E+00  0.00000000E+00  0.00000000E+00
-4.32499160E-01  6.42300000E-05  6.42300000E-05  4.22500000E-04  4.22500000E-04  1.63600000E-02  1.63600000E-02  5.39900000E-05  5.39700000E-05  0.00000000E+00  0.00000000E+00  0.00000000E+00  0.00000000E+00  0.00000000E+00  0.00000000E+00  0.00000000E+00  0.00000000E+00  0.00000000E+00  0.00000000E+00
-4.12499160E-01  3.85400000E-05  3.85400000E-05  4.12300000E-04  4.12300000E-04  9.02800000E-03  9.02800000E-03  2.54500000E-05  2.54500000E-05  0.00000000E+00  0.00000000E+00  0.00000000E+00  0.00000000E+00  0.00000000E+00  0.00000000E+00  0.00000000E+00  0.00000000E+00  0.00000000E+00  0.00000000E+00
-3.93499160E-01  4.37200000E-05  4.37200000E-05  7.27600000E-04  7.27700000E-04  9.03700000E-03  9.03700000E-03  1.75400000E-05  1.75500000E-05  0.00000000E+00  0.00000000E+00  0.00000000E+00  0.00000000E+00  0.00000000E+00  0.00000000E+00  0.00000000E+00  0.00000000E+00  0.00000000E+00  0.00000000E+00
-3.74499160E-01  7.61600000E-05  7.61600000E-05  1.30900000E-03  1.30900000E-03  1.58300000E-02  1.58300000E-02  2.92800000E-05  2.92800000E-05  0.00000000E+00  0.00000000E+00  0.00000000E+00  0.00000000E+00  0.00000000E+00  0.00000000E+00  0.00000000E+00  0.00000000E+00  0.00000000E+00  0.00000000E+00
-3.54499160E-01  1.23300000E-04  1.23300000E-04  1.90000000E-03  1.90000000E-03  2.71700000E-02  2.71700000E-02  5.77100000E-05  5.77200000E-05  0.00000000E+00  0.00000000E+00  0.00000000E+00  0.00000000E+00  0.00000000E+00  0.00000000E+00  0.00000000E+00  0.00000000E+00  0.00000000E+00  0.00000000E+00
-3.35499160E-01  1.66700000E-04  1.66700000E-04  2.19100000E-03  2.19100000E-03  3.86000000E-02  3.86000000E-02  9.34400000E-05  9.34500000E-05  0.00000000E+00  0.00000000E+00  0.00000000E+00  0.00000000E+00  0.00000000E+00  0.00000000E+00  0.00000000E+00  0.00000000E+00  0.00000000E+00  0.00000000E+00
-3.16499160E-01  1.94700000E-04  1.94700000E-04  2.10900000E-03  2.11000000E-03  4.48500000E-02  4.48500000E-02  1.19400000E-04  1.19400000E-04  0.00000000E+00  0.00000000E+00  0.00000000E+00  0.00000000E+00  0.00000000E+00  0.00000000E+00  0.00000000E+00  0.00000000E+00  0.00000000E+00  0.00000000E+00
-2.96499160E-01  2.18100000E-04  2.18100000E-04  1.93900000E-03  1.93900000E-03  4.42500000E-02  4.42500000E-02  1.24300000E-04  1.24400000E-04  0.00000000E+00  0.00000000E+00  0.00000000E+00  0.00000000E+00  0.00000000E+00  0.00000000E+00  0.00000000E+00  0.00000000E+00  0.00000000E+00  0.00000000E+00
-2.77499160E-01  2.61900000E-04  2.61900000E-04  2.03900000E-03  2.03900000E-03  4.07100000E-02  4.07100000E-02  1.15400000E-04  1.15400000E-04  0.00000000E+00  0.00000000E+00  0.00000000E+00  0.00000000E+00  0.00000000E+00  0.00000000E+00  0.00000000E+00  0.00000000E+00  0.00000000E+00  0.00000000E+00
-2.58499160E-01  3.24700000E-04  3.24700000E-04  2.41600000E-03  2.41600000E-03  3.85100000E-02  3.85100000E-02  1.06300000E-04  1.06300000E-04  0.00000000E+00  0.00000000E+00  0.00000000E+00  0.00000000E+00  0.00000000E+00  0.00000000E+00  0.00000000E+00  0.00000000E+00  0.00000000E+00  0.00000000E+00
-2.39499160E-01  3.58300000E-04  3.58300000E-04  2.64800000E-03  2.64800000E-03  3.63000000E-02  3.63000000E-02  9.72500000E-05  9.72600000E-05  0.00000000E+00  0.00000000E+00  0.00000000E+00  0.00000000E+00  0.00000000E+00  0.00000000E+00  0.00000000E+00  0.00000000E+00  0.00000000E+00  0.00000000E+00
-2.19499160E-01  3.16600000E-04  3.16600000E-04  2.34100000E-03  2.34100000E-03  3.00500000E-02  3.00500000E-02  7.91800000E-05  7.92000000E-05  0.00000000E+00  0.00000000E+00  0.00000000E+00  0.00000000E+00  0.00000000E+00  0.00000000E+00  0.00000000E+00  0.00000000E+00  0.00000000E+00  0.00000000E+00
-2.00499160E-01  2.15200000E-04  2.15200000E-04  1.59200000E-03  1.59200000E-03  1.98800000E-02  1.98800000E-02  5.20000000E-05  5.20100000E-05  0.00000000E+00  0.00000000E+00  0.00000000E+00  0.00000000E+00  0.00000000E+00  0.00000000E+00  0.00000000E+00  0.00000000E+00  0.00000000E+00  0.00000000E+00
-1.81499160E-01  1.17800000E-04  1.17800000E-04  8.63000000E-04  8.63100000E-04  1.02400000E-02  1.02400000E-02  2.64600000E-05  2.64600000E-05  0.00000000E+00  0.00000000E+00  0.00000000E+00  0.00000000E+00  0.00000000E+00  0.00000000E+00  0.00000000E+00  0.00000000E+00  0.00000000E+00  0.00000000E+00
-1.61499160E-01  8.79500000E-05  8.79500000E-05  6.01400000E-04  6.01400000E-04  4.91000000E-03  4.91000000E-03  1.12900000E-05  1.12900000E-05  0.00000000E+00  0.00000000E+00  0.00000000E+00  0.00000000E+00  0.00000000E+00  0.00000000E+00  0.00000000E+00  0.00000000E+00  0.00000000E+00  0.00000000E+00
-1.42499160E-01  1.96700000E-04  1.96700000E-04  1.25200000E-03  1.25200000E-03  5.38300000E-03  5.38300000E-03  8.05800000E-06  8.05900000E-06  0.00000000E+00  0.00000000E+00  0.00000000E+00  0.00000000E+00  0.00000000E+00  0.00000000E+00  0.00000000E+00  0.00000000E+00  0.00000000E+00  0.00000000E+00
-1.23499160E-01  5.66900000E-04  5.66900000E-04  3.55000000E-03  3.55000000E-03  1.31000000E-02  1.31000000E-02  1.63600000E-05  1.63600000E-05  0.00000000E+00  0.00000000E+00  0.00000000E+00  0.00000000E+00  0.00000000E+00  0.00000000E+00  0.00000000E+00  0.00000000E+00  0.00000000E+00  0.00000000E+00
-1.04499160E-01  1.34000000E-03  1.34000000E-03  8.29300000E-03  8.29300000E-03  2.96600000E-02  2.96600000E-02  3.68400000E-05  3.68400000E-05  0.00000000E+00  0.00000000E+00  0.00000000E+00  0.00000000E+00  0.00000000E+00  0.00000000E+00  0.00000000E+00  0.00000000E+00  0.00000000E+00  0.00000000E+00
-8.44991600E-02  2.52600000E-03  2.52600000E-03  1.53700000E-02  1.53700000E-02  5.32500000E-02  5.32500000E-02  6.72300000E-05  6.72500000E-05  0.00000000E+00  0.00000000E+00  0.00000000E+00  0.00000000E+00  0.00000000E+00  0.00000000E+00  0.00000000E+00  0.00000000E+00  0.00000000E+00  0.00000000E+00
-6.54991600E-02  3.89500000E-03  3.89500000E-03  2.31700000E-02  2.31700000E-02  7.66000000E-02  7.66000000E-02  9.87100000E-05  9.87300000E-05  0.00000000E+00  0.00000000E+00  0.00000000E+00  0.00000000E+00  0.00000000E+00  0.00000000E+00  0.00000000E+00  0.00000000E+00  0.00000000E+00  0.00000000E+00
-4.64991600E-02  5.12600000E-03  5.12600000E-03  2.96500000E-02  2.96500000E-02  9.18000000E-02  9.18000000E-02  1.19700000E-04  1.19800000E-04  0.00000000E+00  0.00000000E+00  0.00000000E+00  0.00000000E+00  0.00000000E+00  0.00000000E+00  0.00000000E+00  0.00000000E+00  0.00000000E+00  0.00000000E+00
-2.64991600E-02  6.14000000E-03  6.14000000E-03  3.44900000E-02  3.44900000E-02  9.83000000E-02  9.83000000E-02  1.25100000E-04  1.25100000E-04  0.00000000E+00  0.00000000E+00  0.00000000E+00  0.00000000E+00  0.00000000E+00  0.00000000E+00  0.00000000E+00  0.00000000E+00  0.00000000E+00  0.00000000E+00
-7.49916000E-03  7.26200000E-03  7.26200000E-03  3.98900000E-02  3.98900000E-02  1.04500000E-01  1.04500000E-01  1.19900000E-04  1.19900000E-04  0.00000000E+00  0.00000000E+00  0.00000000E+00  0.00000000E+00  0.00000000E+00  0.00000000E+00  0.00000000E+00  0.00000000E+00  0.00000000E+00  0.00000000E+00
 1.15008400E-02  8.80100000E-03  8.80100000E-03  4.78000000E-02  4.78000000E-02  1.17900000E-01  1.17900000E-01  1.13600000E-04  1.13600000E-04  0.00000000E+00  0.00000000E+00  0.00000000E+00  0.00000000E+00  0.00000000E+00  0.00000000E+00  0.00000000E+00  0.00000000E+00  0.00000000E+00  0.00000000E+00
 3.15008400E-02  1.02800000E-02  1.02800000E-02  5.56000000E-02  5.56000000E-02  1.33000000E-01  1.33000000E-01  1.08500000E-04  1.08600000E-04  0.00000000E+00  0.00000000E+00  0.00000000E+00  0.00000000E+00  0.00000000E+00  0.00000000E+00  0.00000000E+00  0.00000000E+00  0.00000000E+00  0.00000000E+00
 5.05008400E-02  1.04600000E-02  1.04700000E-02  5.64600000E-02  5.64600000E-02  1.32700000E-01  1.32700000E-01  9.76500000E-05  9.76800000E-05  0.00000000E+00  0.00000000E+00  0.00000000E+00  0.00000000E+00  0.00000000E+00  0.00000000E+00  0.00000000E+00  0.00000000E+00  0.00000000E+00  0.00000000E+00
 6.95008400E-02  8.65500000E-03  8.65500000E-03  4.65200000E-02  4.65200000E-02  1.07700000E-01  1.07700000E-01  7.55000000E-05  7.55200000E-05  0.00000000E+00  0.00000000E+00  0.00000000E+00  0.00000000E+00  0.00000000E+00  0.00000000E+00  0.00000000E+00  0.00000000E+00  0.00000000E+00  0.00000000E+00
 8.85008400E-02  5.60200000E-03  5.60200000E-03  2.99600000E-02  2.99700000E-02  6.83400000E-02  6.83400000E-02  4.71300000E-05  4.71400000E-05  0.00000000E+00  0.00000000E+00  0.00000000E+00  0.00000000E+00  0.00000000E+00  0.00000000E+00  0.00000000E+00  0.00000000E+00  0.00000000E+00  0.00000000E+00
 1.08500840E-01  2.78800000E-03  2.78800000E-03  1.48300000E-02  1.48300000E-02  3.32900000E-02  3.32900000E-02  2.29900000E-05  2.29900000E-05  0.00000000E+00  0.00000000E+00  0.00000000E+00  0.00000000E+00  0.00000000E+00  0.00000000E+00  0.00000000E+00  0.00000000E+00  0.00000000E+00  0.00000000E+00
 1.27500840E-01  1.05700000E-03  1.05700000E-03  5.59200000E-03  5.59200000E-03  1.23500000E-02  1.23500000E-02  8.61800000E-06  8.61800000E-06  0.00000000E+00  0.00000000E+00  0.00000000E+00  0.00000000E+00  0.00000000E+00  0.00000000E+00  0.00000000E+00  0.00000000E+00  0.00000000E+00  0.00000000E+00
 1.46500840E-01  3.03400000E-04  3.03400000E-04  1.59800000E-03  1.59800000E-03  3.47600000E-03  3.47600000E-03  2.45900000E-06  2.45900000E-06  0.00000000E+00  0.00000000E+00  0.00000000E+00  0.00000000E+00  0.00000000E+00  0.00000000E+00  0.00000000E+00  0.00000000E+00  0.00000000E+00  0.00000000E+00
 1.66500840E-01  6.57500000E-05  6.57500000E-05  3.44700000E-04  3.44700000E-04  7.39200000E-04  7.39200000E-04  5.31400000E-07  5.31300000E-07  0.00000000E+00  0.00000000E+00  0.00000000E+00  0.00000000E+00  0.00000000E+00  0.00000000E+00  0.00000000E+00  0.00000000E+00  0.00000000E+00  0.00000000E+00
 1.85500840E-01  1.07300000E-05  1.07300000E-05  5.60200000E-05  5.60200000E-05  1.18600000E-04  1.18600000E-04  8.66200000E-08  8.66200000E-08  0.00000000E+00  0.00000000E+00  0.00000000E+00  0.00000000E+00  0.00000000E+00  0.00000000E+00  0.00000000E+00  0.00000000E+00  0.00000000E+00  0.00000000E+00
 2.04500840E-01  1.31800000E-06  1.31800000E-06  6.85100000E-06  6.85100000E-06  1.43300000E-05  1.43300000E-05  1.06500000E-08  1.06500000E-08  0.00000000E+00  0.00000000E+00  0.00000000E+00  0.00000000E+00  0.00000000E+00  0.00000000E+00  0.00000000E+00  0.00000000E+00  0.00000000E+00  0.00000000E+00
 2.23500840E-01  1.31500000E-07  1.31500000E-07  6.59800000E-07  6.59900000E-07  1.32800000E-06  1.32900000E-06  1.36300000E-09  1.36300000E-09  0.00000000E+00  0.00000000E+00  0.00000000E+00  0.00000000E+00  0.00000000E+00  0.00000000E+00  0.00000000E+00  0.00000000E+00  0.00000000E+00  0.00000000E+00
 2.43500840E-01  1.43800000E-07  1.43800000E-07  4.55300000E-07  4.55300000E-07  4.47100000E-07  4.47100000E-07  5.14700000E-09  5.14500000E-09  0.00000000E+00  0.00000000E+00  0.00000000E+00  0.00000000E+00  0.00000000E+00  0.00000000E+00  0.00000000E+00  0.00000000E+00  0.00000000E+00  0.00000000E+00
 2.62500840E-01  1.34900000E-06  1.34900000E-06  4.11200000E-06  4.11200000E-06  3.63700000E-06  3.63600000E-06  5.04700000E-08  5.04500000E-08  0.00000000E+00  0.00000000E+00  0.00000000E+00  0.00000000E+00  0.00000000E+00  0.00000000E+00  0.00000000E+00  0.00000000E+00  0.00000000E+00  0.00000000E+00
 2.81500840E-01  1.01300000E-05  1.01300000E-05  3.09300000E-05  3.09300000E-05  2.79600000E-05  2.79600000E-05  3.77900000E-07  3.77700000E-07  0.00000000E+00  0.00000000E+00  0.00000000E+00  0.00000000E+00  0.00000000E+00  0.00000000E+00  0.00000000E+00  0.00000000E+00  0.00000000E+00  0.00000000E+00
 3.01500840E-01  5.77500000E-05  5.77500000E-05  1.76800000E-04  1.76800000E-04  1.64900000E-04  1.64900000E-04  2.14700000E-06  2.14600000E-06  0.00000000E+00  0.00000000E+00  0.00000000E+00  0.00000000E+00  0.00000000E+00  0.00000000E+00  0.00000000E+00  0.00000000E+00  0.00000000E+00  0.00000000E+00
 3.20500840E-01  2.52700000E-04  2.52700000E-04  7.75300000E-04  7.75300000E-04  7.52900000E-04  7.52900000E-04  9.36200000E-06  9.35800000E-06  0.00000000E+00  0.00000000E+00  0.00000000E+00  0.00000000E+00  0.00000000E+00  0.00000000E+00  0.00000000E+00  0.00000000E+00  0.00000000E+00  0.00000000E+00
 3.39500840E-01  8.61400000E-04  8.61400000E-04  2.64600000E-03  2.64600000E-03  2.69800000E-03  2.69800000E-03  3.18600000E-05  3.18500000E-05  0.00000000E+00  0.00000000E+00  0.00000000E+00  0.00000000E+00  0.00000000E+00  0.00000000E+00  0.00000000E+00  0.00000000E+00  0.00000000E+00  0.00000000E+00
 3.59500840E-01  2.33200000E-03  2.33200000E-03  7.15100000E-03  7.15100000E-03  7.69200000E-03  7.69200000E-03  8.65100000E-05  8.64700000E-05  0.00000000E+00  0.00000000E+00  0.00000000E+00  0.00000000E+00  0.00000000E+00  0.00000000E+00  0.00000000E+00  0.00000000E+00  0.00000000E+00  0.00000000E+00
 3.78500840E-01  5.10600000E-03  5.10600000E-03  1.55700000E-02  1.55700000E-02  1.76100000E-02  1.76100000E-02  1.91500000E-04  1.91500000E-04  0.00000000E+00  0.00000000E+00  0.00000000E+00  0.00000000E+00  0.00000000E+00  0.00000000E+00  0.00000000E+00  0.00000000E+00  0.00000000E+00  0.00000000E+00
 3.97500840E-01  9.14700000E-03  9.14700000E-03  2.75800000E-02  2.75800000E-02  3.24500000E-02  3.24500000E-02  3.50100000E-04  3.50000000E-04  0.00000000E+00  0.00000000E+00  0.00000000E+00  0.00000000E+00  0.00000000E+00  0.00000000E+00  0.00000000E+00  0.00000000E+00  0.00000000E+00  0.00000000E+00
 4.16500840E-01  1.33800000E-02  1.33800000E-02  3.97200000E-02  3.97200000E-02  4.79000000E-02  4.79000000E-02  5.26500000E-04  5.26400000E-04  0.00000000E+00  0.00000000E+00  0.00000000E+00  0.00000000E+00  0.00000000E+00  0.00000000E+00  0.00000000E+00  0.00000000E+00  0.00000000E+00  0.00000000E+00
 4.36500840E-01  1.57900000E-02  1.57900000E-02  4.59900000E-02  4.59900000E-02  5.60800000E-02  5.60800000E-02  6.40600000E-04  6.40500000E-04  0.00000000E+00  0.00000000E+00  0.00000000E+00  0.00000000E+00  0.00000000E+00  0.00000000E+00  0.00000000E+00  0.00000000E+00  0.00000000E+00  0.00000000E+00
 4.55500840E-01  1.47900000E-02  1.47900000E-02  4.22200000E-02  4.22200000E-02  5.15300000E-02  5.15300000E-02  6.19700000E-04  6.19600000E-04  0.00000000E+00  0.00000000E+00  0.00000000E+00  0.00000000E+00  0.00000000E+00  0.00000000E+00  0.00000000E+00  0.00000000E+00  0.00000000E+00  0.00000000E+00
 4.74500840E-01  1.09800000E-02  1.09800000E-02  3.05700000E-02  3.05700000E-02  3.70500000E-02  3.70500000E-02  4.77300000E-04  4.77300000E-04  0.00000000E+00  0.00000000E+00  0.00000000E+00  0.00000000E+00  0.00000000E+00  0.00000000E+00  0.00000000E+00  0.00000000E+00  0.00000000E+00  0.00000000E+00
 4.94500840E-01  6.83100000E-03  6.83100000E-03  1.81500000E-02  1.81500000E-02  2.16600000E-02  2.16600000E-02  3.14300000E-04  3.14300000E-04  0.00000000E+00  0.00000000E+00  0.00000000E+00  0.00000000E+00  0.00000000E+00  0.00000000E+00  0.00000000E+00  0.00000000E+00  0.00000000E+00  0.00000000E+00
 5.13500840E-01  4.39000000E-03  4.39000000E-03  1.06200000E-02  1.06200000E-02  1.29200000E-02  1.29200000E-02  2.24100000E-04  2.24000000E-04  0.00000000E+00  0.00000000E+00  0.00000000E+00  0.00000000E+00  0.00000000E+00  0.00000000E+00  0.00000000E+00  0.00000000E+00  0.00000000E+00  0.00000000E+00
 5.32500840E-01  3.84200000E-03  3.84200000E-03  8.57800000E-03  8.57800000E-03  1.25200000E-02  1.25200000E-02  2.17400000E-04  2.17400000E-04  0.00000000E+00  0.00000000E+00  0.00000000E+00  0.00000000E+00  0.00000000E+00  0.00000000E+00  0.00000000E+00  0.00000000E+00  0.00000000E+00  0.00000000E+00
 5.51500840E-01  4.14700000E-03  4.14700000E-03  9.32500000E-03  9.32500000E-03  1.73900000E-02  1.73900000E-02  2.47000000E-04  2.47000000E-04  0.00000000E+00  0.00000000E+00  0.00000000E+00  0.00000000E+00  0.00000000E+00  0.00000000E+00  0.00000000E+00  0.00000000E+00  0.00000000E+00  0.00000000E+00
 5.71500840E-01  4.52200000E-03  4.52200000E-03  1.03900000E-02  1.03900000E-02  2.22700000E-02  2.22700000E-02  2.79000000E-04  2.79000000E-04  0.00000000E+00  0.00000000E+00  0.00000000E+00  0.00000000E+00  0.00000000E+00  0.00000000E+00  0.00000000E+00  0.00000000E+00  0.00000000E+00  0.00000000E+00
 5.90500840E-01  5.01600000E-03  5.01600000E-03  1.10400000E-02  1.10400000E-02  2.29000000E-02  2.29000000E-02  3.22800000E-04  3.22800000E-04  0.00000000E+00  0.00000000E+00  0.00000000E+00  0.00000000E+00  0.00000000E+00  0.00000000E+00  0.00000000E+00  0.00000000E+00  0.00000000E+00  0.00000000E+00
 6.09500840E-01  5.86100000E-03  5.86100000E-03  1.15400000E-02  1.15400000E-02  1.90700000E-02  1.90700000E-02  3.93900000E-04  3.94000000E-04  0.00000000E+00  0.00000000E+00  0.00000000E+00  0.00000000E+00  0.00000000E+00  0.00000000E+00  0.00000000E+00  0.00000000E+00  0.00000000E+00  0.00000000E+00
 6.29500840E-01  6.74800000E-03  6.74900000E-03  1.17900000E-02  1.17900000E-02  1.42600000E-02  1.42600000E-02  4.71400000E-04  4.71600000E-04  0.00000000E+00  0.00000000E+00  0.00000000E+00  0.00000000E+00  0.00000000E+00  0.00000000E+00  0.00000000E+00  0.00000000E+00  0.00000000E+00  0.00000000E+00
 6.48500840E-01  7.06000000E-03  7.06000000E-03  1.12800000E-02  1.12800000E-02  1.17700000E-02  1.17700000E-02  5.13400000E-04  5.13500000E-04  0.00000000E+00  0.00000000E+00  0.00000000E+00  0.00000000E+00  0.00000000E+00  0.00000000E+00  0.00000000E+00  0.00000000E+00  0.00000000E+00  0.00000000E+00
 6.67500840E-01  6.52900000E-03  6.52900000E-03  9.86100000E-03  9.86100000E-03  1.17200000E-02  1.17200000E-02  4.96200000E-04  4.96400000E-04  0.00000000E+00  0.00000000E+00  0.00000000E+00  0.00000000E+00  0.00000000E+00  0.00000000E+00  0.00000000E+00  0.00000000E+00  0.00000000E+00  0.00000000E+00
 6.87500840E-01  5.31500000E-03  5.31500000E-03  7.84700000E-03  7.84700000E-03  1.17400000E-02  1.17400000E-02  4.21200000E-04  4.21300000E-04  0.00000000E+00  0.00000000E+00  0.00000000E+00  0.00000000E+00  0.00000000E+00  0.00000000E+00  0.00000000E+00  0.00000000E+00  0.00000000E+00  0.00000000E+00
 7.06500840E-01  3.73500000E-03  3.73500000E-03  5.57500000E-03  5.57500000E-03  1.00500000E-02  1.00500000E-02  3.05500000E-04  3.05500000E-04  0.00000000E+00  0.00000000E+00  0.00000000E+00  0.00000000E+00  0.00000000E+00  0.00000000E+00  0.00000000E+00  0.00000000E+00  0.00000000E+00  0.00000000E+00
 7.25500840E-01  2.18600000E-03  2.18600000E-03  3.40200000E-03  3.40200000E-03  7.28900000E-03  7.28900000E-03  1.83300000E-04  1.83300000E-04  0.00000000E+00  0.00000000E+00  0.00000000E+00  0.00000000E+00  0.00000000E+00  0.00000000E+00  0.00000000E+00  0.00000000E+00  0.00000000E+00  0.00000000E+00
 7.44500840E-01  1.04300000E-03  1.04300000E-03  1.77700000E-03  1.77700000E-03  5.80700000E-03  5.80700000E-03  9.20300000E-05  9.20400000E-05  0.00000000E+00  0.00000000E+00  0.00000000E+00  0.00000000E+00  0.00000000E+00  0.00000000E+00  0.00000000E+00  0.00000000E+00  0.00000000E+00  0.00000000E+00
 7.64500840E-01  4.28100000E-04  4.28100000E-04  9.46800000E-04  9.46800000E-04  7.45200000E-03  7.45200000E-03  4.60400000E-05  4.60500000E-05  0.00000000E+00  0.00000000E+00  0.00000000E+00  0.00000000E+00  0.00000000E+00  0.00000000E+00  0.00000000E+00  0.00000000E+00  0.00000000E+00  0.00000000E+00
 7.83500840E-01  1.96700000E-04  1.96700000E-04  7.61400000E-04  7.61500000E-04  1.18100000E-02  1.18100000E-02  3.36800000E-05  3.37000000E-05  0.00000000E+00  0.00000000E+00  0.00000000E+00  0.00000000E+00  0.00000000E+00  0.00000000E+00  0.00000000E+00  0.00000000E+00  0.00000000E+00  0.00000000E+00
 8.02500840E-01  1.44100000E-04  1.44100000E-04  8.48700000E-04  8.48800000E-04  1.59500000E-02  1.59500000E-02  3.44300000E-05  3.44600000E-05  0.00000000E+00  0.00000000E+00  0.00000000E+00  0.00000000E+00  0.00000000E+00  0.00000000E+00  0.00000000E+00  0.00000000E+00  0.00000000E+00  0.00000000E+00
 8.22500840E-01  1.55000000E-04  1.55000000E-04  9.30600000E-04  9.30700000E-04  1.65000000E-02  1.65000000E-02  3.38100000E-05  3.38400000E-05  0.00000000E+00  0.00000000E+00  0.00000000E+00  0.00000000E+00  0.00000000E+00  0.00000000E+00  0.00000000E+00  0.00000000E+00  0.00000000E+00  0.00000000E+00
 8.41500840E-01  2.34500000E-04  2.34500000E-04  1.05100000E-03  1.05100000E-03  1.29600000E-02  1.29600000E-02  2.92200000E-05  2.92400000E-05  0.00000000E+00  0.00000000E+00  0.00000000E+00  0.00000000E+00  0.00000000E+00  0.00000000E+00  0.00000000E+00  0.00000000E+00  0.00000000E+00  0.00000000E+00
 8.60500840E-01  4.74900000E-04  4.74900000E-04  1.56200000E-03  1.56200000E-03  8.24200000E-03  8.24200000E-03  2.82800000E-05  2.82900000E-05  0.00000000E+00  0.00000000E+00  0.00000000E+00  0.00000000E+00  0.00000000E+00  0.00000000E+00  0.00000000E+00  0.00000000E+00  0.00000000E+00  0.00000000E+00
 8.80500840E-01  9.82700000E-04  9.82700000E-04  2.85600000E-03  2.85600000E-03  6.08300000E-03  6.08300000E-03  4.24400000E-05  4.24500000E-05  0.00000000E+00  0.00000000E+00  0.00000000E+00  0.00000000E+00  0.00000000E+00  0.00000000E+00  0.00000000E+00  0.00000000E+00  0.00000000E+00  0.00000000E+00
 8.99500840E-01  1.80100000E-03  1.80100000E-03  5.05800000E-03  5.05900000E-03  8.91600000E-03  8.91600000E-03  8.18000000E-05  8.18100000E-05  0.00000000E+00  0.00000000E+00  0.00000000E+00  0.00000000E+00  0.00000000E+00  0.00000000E+00  0.00000000E+00  0.00000000E+00  0.00000000E+00  0.00000000E+00
 9.18500840E-01  2.86000000E-03  2.86000000E-03  7.89500000E-03  7.89500000E-03  1.72400000E-02  1.72400000E-02  1.49600000E-04  1.49600000E-04  0.00000000E+00  0.00000000E+00  0.00000000E+00  0.00000000E+00  0.00000000E+00  0.00000000E+00  0.00000000E+00  0.00000000E+00  0.00000000E+00  0.00000000E+00
 9.37500840E-01  3.91200000E-03  3.91200000E-03  1.06200000E-02  1.06200000E-02  2.86800000E-02  2.86800000E-02  2.30300000E-04  2.30300000E-04  0.00000000E+00  0.00000000E+00  0.00000000E+00  0.00000000E+00  0.00000000E+00  0.00000000E+00  0.00000000E+00  0.00000000E+00  0.00000000E+00  0.00000000E+00
 9.57500840E-01  4.55400000E-03  4.55400000E-03  1.22000000E-02  1.22000000E-02  3.79900000E-02  3.79900000E-02  2.86000000E-04  2.86100000E-04  0.00000000E+00  0.00000000E+00  0.00000000E+00  0.00000000E+00  0.00000000E+00  0.00000000E+00  0.00000000E+00  0.00000000E+00  0.00000000E+00  0.00000000E+00
 9.76500840E-01  4.57200000E-03  4.57200000E-03  1.21900000E-02  1.21900000E-02  4.05000000E-02  4.05000000E-02  2.83200000E-04  2.83300000E-04  0.00000000E+00  0.00000000E+00  0.00000000E+00  0.00000000E+00  0.00000000E+00  0.00000000E+00  0.00000000E+00  0.00000000E+00  0.00000000E+00  0.00000000E+00
 9.95500840E-01  4.35600000E-03  4.35600000E-03  1.16000000E-02  1.16000000E-02  3.60500000E-02  3.60500000E-02  2.30400000E-04  2.30400000E-04  0.00000000E+00  0.00000000E+00  0.00000000E+00  0.00000000E+00  0.00000000E+00  0.00000000E+00  0.00000000E+00  0.00000000E+00  0.00000000E+00  0.00000000E+00
 1.01550084E+00  4.69300000E-03  4.69300000E-03  1.22400000E-02  1.22400000E-02  2.80800000E-02  2.80800000E-02  1.72200000E-04  1.72300000E-04  0.00000000E+00  0.00000000E+00  0.00000000E+00  0.00000000E+00  0.00000000E+00  0.00000000E+00  0.00000000E+00  0.00000000E+00  0.00000000E+00  0.00000000E+00
 1.03450084E+00  6.01800000E-03  6.01800000E-03  1.50900000E-02  1.50900000E-02  2.01600000E-02  2.01600000E-02  1.44600000E-04  1.44600000E-04  0.00000000E+00  0.00000000E+00  0.00000000E+00  0.00000000E+00  0.00000000E+00  0.00000000E+00  0.00000000E+00  0.00000000E+00  0.00000000E+00  0.00000000E+00
 1.05350084E+00  8.05300000E-03  8.05300000E-03  1.96100000E-02  1.96100000E-02  1.44100000E-02  1.44100000E-02  1.47600000E-04  1.47600000E-04  0.00000000E+00  0.00000000E+00  0.00000000E+00  0.00000000E+00  0.00000000E+00  0.00000000E+00  0.00000000E+00  0.00000000E+00  0.00000000E+00  0.00000000E+00
 1.07250084E+00  1.01400000E-02  1.01400000E-02  2.43400000E-02  2.43400000E-02  1.17500000E-02  1.17500000E-02  1.61800000E-04  1.61800000E-04  0.00000000E+00  0.00000000E+00  0.00000000E+00  0.00000000E+00  0.00000000E+00  0.00000000E+00  0.00000000E+00  0.00000000E+00  0.00000000E+00  0.00000000E+00
 1.09250084E+00  1.17500000E-02  1.17500000E-02  2.77900000E-02  2.77900000E-02  1.18400000E-02  1.18400000E-02  1.76800000E-04  1.76800000E-04  0.00000000E+00  0.00000000E+00  0.00000000E+00  0.00000000E+00  0.00000000E+00  0.00000000E+00  0.00000000E+00  0.00000000E+00  0.00000000E+00  0.00000000E+00
 1.11150084E+00  1.26500000E-02  1.26500000E-02  2.90200000E-02  2.90200000E-02  1.35000000E-02  1.35000000E-02  2.01300000E-04  2.01200000E-04  0.00000000E+00  0.00000000E+00  0.00000000E+00  0.00000000E+00  0.00000000E+00  0.00000000E+00  0.00000000E+00  0.00000000E+00  0.00000000E+00  0.00000000E+00
 1.13050084E+00  1.29500000E-02  1.29500000E-02  2.80700000E-02  2.80700000E-02  1.57700000E-02  1.57700000E-02  2.48100000E-04  2.48000000E-04  0.00000000E+00  0.00000000E+00  0.00000000E+00  0.00000000E+00  0.00000000E+00  0.00000000E+00  0.00000000E+00  0.00000000E+00  0.00000000E+00  0.00000000E+00
 1.15050084E+00  1.29700000E-02  1.29700000E-02  2.61300000E-02  2.61300000E-02  1.81400000E-02  1.81400000E-02  3.10600000E-04  3.10500000E-04  0.00000000E+00  0.00000000E+00  0.00000000E+00  0.00000000E+00  0.00000000E+00  0.00000000E+00  0.00000000E+00  0.00000000E+00  0.00000000E+00  0.00000000E+00
 1.16950084E+00  1.29700000E-02  1.29700000E-02  2.47300000E-02  2.47300000E-02  1.97200000E-02  1.97200000E-02  3.54800000E-04  3.54700000E-04  0.00000000E+00  0.00000000E+00  0.00000000E+00  0.00000000E+00  0.00000000E+00  0.00000000E+00  0.00000000E+00  0.00000000E+00  0.00000000E+00  0.00000000E+00
 1.18850084E+00  1.28300000E-02  1.28300000E-02  2.42400000E-02  2.42400000E-02  1.93600000E-02  1.93600000E-02  3.45300000E-04  3.45200000E-04  0.00000000E+00  0.00000000E+00  0.00000000E+00  0.00000000E+00  0.00000000E+00  0.00000000E+00  0.00000000E+00  0.00000000E+00  0.00000000E+00  0.00000000E+00
 1.20850084E+00  1.20500000E-02  1.20500000E-02  2.34000000E-02  2.34000000E-02  1.70800000E-02  1.70800000E-02  2.82100000E-04  2.82000000E-04  0.00000000E+00  0.00000000E+00  0.00000000E+00  0.00000000E+00  0.00000000E+00  0.00000000E+00  0.00000000E+00  0.00000000E+00  0.00000000E+00  0.00000000E+00
 1.22750084E+00  1.04700000E-02  1.04700000E-02  2.10600000E-02  2.10600000E-02  1.50000000E-02  1.50000000E-02  2.03700000E-04  2.03600000E-04  0.00000000E+00  0.00000000E+00  0.00000000E+00  0.00000000E+00  0.00000000E+00  0.00000000E+00  0.00000000E+00  0.00000000E+00  0.00000000E+00  0.00000000E+00
 1.24650084E+00  8.64500000E-03  8.64600000E-03  1.79300000E-02  1.79200000E-02  1.59700000E-02  1.59700000E-02  1.53800000E-04  1.53800000E-04  0.00000000E+00  0.00000000E+00  0.00000000E+00  0.00000000E+00  0.00000000E+00  0.00000000E+00  0.00000000E+00  0.00000000E+00  0.00000000E+00  0.00000000E+00
 1.26550084E+00  7.57500000E-03  7.57500000E-03  1.60100000E-02  1.60100000E-02  2.10600000E-02  2.10600000E-02  1.50700000E-04  1.50600000E-04  0.00000000E+00  0.00000000E+00  0.00000000E+00  0.00000000E+00  0.00000000E+00  0.00000000E+00  0.00000000E+00  0.00000000E+00  0.00000000E+00  0.00000000E+00
 1.28550084E+00  7.65700000E-03  7.65700000E-03  1.62400000E-02  1.62400000E-02  2.79500000E-02  2.79600000E-02  1.80400000E-04  1.80300000E-04  0.00000000E+00  0.00000000E+00  0.00000000E+00  0.00000000E+00  0.00000000E+00  0.00000000E+00  0.00000000E+00  0.00000000E+00  0.00000000E+00  0.00000000E+00
 1.30450084E+00  8.19300000E-03  8.19300000E-03  1.72400000E-02  1.72400000E-02  3.20100000E-02  3.20100000E-02  2.11900000E-04  2.11800000E-04  0.00000000E+00  0.00000000E+00  0.00000000E+00  0.00000000E+00  0.00000000E+00  0.00000000E+00  0.00000000E+00  0.00000000E+00  0.00000000E+00  0.00000000E+00
 1.32350084E+00  8.28400000E-03  8.28500000E-03  1.70300000E-02  1.70300000E-02  2.99500000E-02  2.99500000E-02  2.26200000E-04  2.26200000E-04  0.00000000E+00  0.00000000E+00  0.00000000E+00  0.00000000E+00  0.00000000E+00  0.00000000E+00  0.00000000E+00  0.00000000E+00  0.00000000E+00  0.00000000E+00
 1.34350084E+00  7.98900000E-03  7.99000000E-03  1.54100000E-02  1.54100000E-02  2.31300000E-02  2.31300000E-02  2.35500000E-04  2.35400000E-04  0.00000000E+00  0.00000000E+00  0.00000000E+00  0.00000000E+00  0.00000000E+00  0.00000000E+00  0.00000000E+00  0.00000000E+00  0.00000000E+00  0.00000000E+00
 1.36250084E+00  7.99000000E-03  7.99000000E-03  1.35500000E-02  1.35500000E-02  1.62500000E-02  1.62500000E-02  2.63300000E-04  2.63200000E-04  0.00000000E+00  0.00000000E+00  0.00000000E+00  0.00000000E+00  0.00000000E+00  0.00000000E+00  0.00000000E+00  0.00000000E+00  0.00000000E+00  0.00000000E+00
 1.38150084E+00  8.56800000E-03  8.56800000E-03  1.23600000E-02  1.23600000E-02  1.33800000E-02  1.33800000E-02  3.16500000E-04  3.16500000E-04  0.00000000E+00  0.00000000E+00  0.00000000E+00  0.00000000E+00  0.00000000E+00  0.00000000E+00  0.00000000E+00  0.00000000E+00  0.00000000E+00  0.00000000E+00
 1.40050084E+00  9.66900000E-03  9.66900000E-03  1.22700000E-02  1.22700000E-02  1.63900000E-02  1.63900000E-02  3.94400000E-04  3.94400000E-04  0.00000000E+00  0.00000000E+00  0.00000000E+00  0.00000000E+00  0.00000000E+00  0.00000000E+00  0.00000000E+00  0.00000000E+00  0.00000000E+00  0.00000000E+00
 1.42050084E+00  1.14200000E-02  1.14200000E-02  1.37100000E-02  1.37100000E-02  2.51600000E-02  2.51600000E-02  5.03900000E-04  5.03900000E-04  0.00000000E+00  0.00000000E+00  0.00000000E+00  0.00000000E+00  0.00000000E+00  0.00000000E+00  0.00000000E+00  0.00000000E+00  0.00000000E+00  0.00000000E+00
 1.43950084E+00  1.37100000E-02  1.37100000E-02  1.65700000E-02  1.65700000E-02  3.65400000E-02  3.65400000E-02  6.33000000E-04  6.32900000E-04  0.00000000E+00  0.00000000E+00  0.00000000E+00  0.00000000E+00  0.00000000E+00  0.00000000E+00  0.00000000E+00  0.00000000E+00  0.00000000E+00  0.00000000E+00
 1.45850084E+00  1.57400000E-02  1.57400000E-02  2.01300000E-02  2.01300000E-02  4.47100000E-02  4.47100000E-02  7.28300000E-04  7.28200000E-04  0.00000000E+00  0.00000000E+00  0.00000000E+00  0.00000000E+00  0.00000000E+00  0.00000000E+00  0.00000000E+00  0.00000000E+00  0.00000000E+00  0.00000000E+00
 1.47850084E+00  1.69800000E-02  1.69800000E-02  2.43300000E-02  2.43300000E-02  4.60100000E-02  4.60100000E-02  7.46700000E-04  7.46600000E-04  0.00000000E+00  0.00000000E+00  0.00000000E+00  0.00000000E+00  0.00000000E+00  0.00000000E+00  0.00000000E+00  0.00000000E+00  0.00000000E+00  0.00000000E+00
 1.49750084E+00  1.81700000E-02  1.81700000E-02  3.02300000E-02  3.02300000E-02  4.29000000E-02  4.29000000E-02  7.15800000E-04  7.15700000E-04  0.00000000E+00  0.00000000E+00  0.00000000E+00  0.00000000E+00  0.00000000E+00  0.00000000E+00  0.00000000E+00  0.00000000E+00  0.00000000E+00  0.00000000E+00
 1.51650084E+00  2.04800000E-02  2.04800000E-02  3.81100000E-02  3.81100000E-02  4.05200000E-02  4.05300000E-02  7.05700000E-04  7.05600000E-04  0.00000000E+00  0.00000000E+00  0.00000000E+00  0.00000000E+00  0.00000000E+00  0.00000000E+00  0.00000000E+00  0.00000000E+00  0.00000000E+00  0.00000000E+00
 1.53650084E+00  2.40000000E-02  2.40000000E-02  4.63600000E-02  4.63600000E-02  4.06500000E-02  4.06500000E-02  7.48300000E-04  7.48200000E-04  0.00000000E+00  0.00000000E+00  0.00000000E+00  0.00000000E+00  0.00000000E+00  0.00000000E+00  0.00000000E+00  0.00000000E+00  0.00000000E+00  0.00000000E+00
 1.55550084E+00  2.79400000E-02  2.79400000E-02  5.42200000E-02  5.42200000E-02  4.11000000E-02  4.11000000E-02  8.27900000E-04  8.27900000E-04  0.00000000E+00  0.00000000E+00  0.00000000E+00  0.00000000E+00  0.00000000E+00  0.00000000E+00  0.00000000E+00  0.00000000E+00  0.00000000E+00  0.00000000E+00
 1.57450084E+00  3.27300000E-02  3.27300000E-02  6.54800000E-02  6.54800000E-02  4.06800000E-02  4.06800000E-02  9.61200000E-04  9.61200000E-04  0.00000000E+00  0.00000000E+00  0.00000000E+00  0.00000000E+00  0.00000000E+00  0.00000000E+00  0.00000000E+00  0.00000000E+00  0.00000000E+00  0.00000000E+00
 1.59350084E+00  4.04000000E-02  4.04000000E-02  8.58600000E-02  8.58600000E-02  4.21300000E-02  4.21300000E-02  1.22800000E-03  1.22800000E-03  0.00000000E+00  0.00000000E+00  0.00000000E+00  0.00000000E+00  0.00000000E+00  0.00000000E+00  0.00000000E+00  0.00000000E+00  0.00000000E+00  0.00000000E+00
 1.61350084E+00  5.18800000E-02  5.18800000E-02  1.14700000E-01  1.14700000E-01  4.91500000E-02  4.91500000E-02  1.67400000E-03  1.67400000E-03  0.00000000E+00  0.00000000E+00  0.00000000E+00  0.00000000E+00  0.00000000E+00  0.00000000E+00  0.00000000E+00  0.00000000E+00  0.00000000E+00  0.00000000E+00
 1.63250084E+00  6.47500000E-02  6.47500000E-02  1.42400000E-01  1.42400000E-01  6.14700000E-02  6.14700000E-02  2.21700000E-03  2.21700000E-03  0.00000000E+00  0.00000000E+00  0.00000000E+00  0.00000000E+00  0.00000000E+00  0.00000000E+00  0.00000000E+00  0.00000000E+00  0.00000000E+00  0.00000000E+00
 1.65150084E+00  7.49900000E-02  7.49900000E-02  1.58600000E-01  1.58600000E-01  7.42200000E-02  7.42200000E-02  2.68700000E-03  2.68700000E-03  0.00000000E+00  0.00000000E+00  0.00000000E+00  0.00000000E+00  0.00000000E+00  0.00000000E+00  0.00000000E+00  0.00000000E+00  0.00000000E+00  0.00000000E+00
 1.67150084E+00  7.99300000E-02  7.99300000E-02  1.60900000E-01  1.60900000E-01  8.17900000E-02  8.17900000E-02  2.92800000E-03  2.92900000E-03  0.00000000E+00  0.00000000E+00  0.00000000E+00  0.00000000E+00  0.00000000E+00  0.00000000E+00  0.00000000E+00  0.00000000E+00  0.00000000E+00  0.00000000E+00
 1.69050084E+00  7.86900000E-02  7.86900000E-02  1.52300000E-01  1.52300000E-01  8.19300000E-02  8.19300000E-02  2.86400000E-03  2.86400000E-03  0.00000000E+00  0.00000000E+00  0.00000000E+00  0.00000000E+00  0.00000000E+00  0.00000000E+00  0.00000000E+00  0.00000000E+00  0.00000000E+00  0.00000000E+00
 1.70950084E+00  7.11200000E-02  7.11200000E-02  1.34300000E-01  1.34300000E-01  7.65600000E-02  7.65600000E-02  2.51200000E-03  2.51200000E-03  0.00000000E+00  0.00000000E+00  0.00000000E+00  0.00000000E+00  0.00000000E+00  0.00000000E+00  0.00000000E+00  0.00000000E+00  0.00000000E+00  0.00000000E+00
 1.72850084E+00  5.82000000E-02  5.82000000E-02  1.07800000E-01  1.07800000E-01  6.90200000E-02  6.90200000E-02  1.98700000E-03  1.98700000E-03  0.00000000E+00  0.00000000E+00  0.00000000E+00  0.00000000E+00  0.00000000E+00  0.00000000E+00  0.00000000E+00  0.00000000E+00  0.00000000E+00  0.00000000E+00
 1.74850084E+00  4.29400000E-02  4.29400000E-02  7.73300000E-02  7.73300000E-02  6.12800000E-02  6.12800000E-02  1.46000000E-03  1.46000000E-03  0.00000000E+00  0.00000000E+00  0.00000000E+00  0.00000000E+00  0.00000000E+00  0.00000000E+00  0.00000000E+00  0.00000000E+00  0.00000000E+00  0.00000000E+00
 1.76750084E+00  2.94700000E-02  2.94700000E-02  5.05400000E-02  5.05400000E-02  5.44600000E-02  5.44600000E-02  1.07700000E-03  1.07700000E-03  0.00000000E+00  0.00000000E+00  0.00000000E+00  0.00000000E+00  0.00000000E+00  0.00000000E+00  0.00000000E+00  0.00000000E+00  0.00000000E+00  0.00000000E+00
 1.78650084E+00  2.04800000E-02  2.04800000E-02  3.21000000E-02  3.21000000E-02  5.04200000E-02  5.04200000E-02  8.90300000E-04  8.90300000E-04  0.00000000E+00  0.00000000E+00  0.00000000E+00  0.00000000E+00  0.00000000E+00  0.00000000E+00  0.00000000E+00  0.00000000E+00  0.00000000E+00  0.00000000E+00
 1.80650084E+00  1.60700000E-02  1.60700000E-02  2.13600000E-02  2.13600000E-02  5.10400000E-02  5.10400000E-02  8.66700000E-04  8.66700000E-04  0.00000000E+00  0.00000000E+00  0.00000000E+00  0.00000000E+00  0.00000000E+00  0.00000000E+00  0.00000000E+00  0.00000000E+00  0.00000000E+00  0.00000000E+00
 1.82550084E+00  1.48700000E-02  1.48700000E-02  1.53700000E-02  1.53700000E-02  5.59200000E-02  5.59300000E-02  9.44700000E-04  9.44700000E-04  0.00000000E+00  0.00000000E+00  0.00000000E+00  0.00000000E+00  0.00000000E+00  0.00000000E+00  0.00000000E+00  0.00000000E+00  0.00000000E+00  0.00000000E+00
 1.84450084E+00  1.54000000E-02  1.54000000E-02  1.19100000E-02  1.19100000E-02  6.19500000E-02  6.19500000E-02  1.06600000E-03  1.06600000E-03  0.00000000E+00  0.00000000E+00  0.00000000E+00  0.00000000E+00  0.00000000E+00  0.00000000E+00  0.00000000E+00  0.00000000E+00  0.00000000E+00  0.00000000E+00
 1.86450084E+00  1.62900000E-02  1.62900000E-02  9.83400000E-03  9.83500000E-03  6.49400000E-02  6.49400000E-02  1.16600000E-03  1.16600000E-03  0.00000000E+00  0.00000000E+00  0.00000000E+00  0.00000000E+00  0.00000000E+00  0.00000000E+00  0.00000000E+00  0.00000000E+00  0.00000000E+00  0.00000000E+00
 1.88350084E+00  1.61300000E-02  1.61300000E-02  8.31800000E-03  8.31800000E-03  6.17500000E-02  6.17500000E-02  1.16700000E-03  1.16700000E-03  0.00000000E+00  0.00000000E+00  0.00000000E+00  0.00000000E+00  0.00000000E+00  0.00000000E+00  0.00000000E+00  0.00000000E+00  0.00000000E+00  0.00000000E+00
 1.90250084E+00  1.42400000E-02  1.42400000E-02  6.71800000E-03  6.71800000E-03  5.22900000E-02  5.22900000E-02  1.04000000E-03  1.04000000E-03  0.00000000E+00  0.00000000E+00  0.00000000E+00  0.00000000E+00  0.00000000E+00  0.00000000E+00  0.00000000E+00  0.00000000E+00  0.00000000E+00  0.00000000E+00
 1.92150084E+00  1.13600000E-02  1.13600000E-02  4.97800000E-03  4.97800000E-03  4.03500000E-02  4.03500000E-02  8.43100000E-04  8.43000000E-04  0.00000000E+00  0.00000000E+00  0.00000000E+00  0.00000000E+00  0.00000000E+00  0.00000000E+00  0.00000000E+00  0.00000000E+00  0.00000000E+00  0.00000000E+00
 1.94150084E+00  8.83100000E-03  8.83100000E-03  3.53400000E-03  3.53300000E-03  3.07200000E-02  3.07200000E-02  6.67700000E-04  6.67700000E-04  0.00000000E+00  0.00000000E+00  0.00000000E+00  0.00000000E+00  0.00000000E+00  0.00000000E+00  0.00000000E+00  0.00000000E+00  0.00000000E+00  0.00000000E+00
 1.96050084E+00  7.42600000E-03  7.42600000E-03  2.75600000E-03  2.75600000E-03  2.58600000E-02  2.58600000E-02  5.54900000E-04  5.55000000E-04  0.00000000E+00  0.00000000E+00  0.00000000E+00  0.00000000E+00  0.00000000E+00  0.00000000E+00  0.00000000E+00  0.00000000E+00  0.00000000E+00  0.00000000E+00
 1.97950084E+00  7.32700000E-03  7.32700000E-03  2.69700000E-03  2.69700000E-03  2.67800000E-02  2.67800000E-02  5.13400000E-04  5.13600000E-04  0.00000000E+00  0.00000000E+00  0.00000000E+00  0.00000000E+00  0.00000000E+00  0.00000000E+00  0.00000000E+00  0.00000000E+00  0.00000000E+00  0.00000000E+00
 1.99950084E+00  8.66200000E-03  8.66200000E-03  3.23800000E-03  3.23800000E-03  3.45100000E-02  3.45100000E-02  5.59600000E-04  5.59900000E-04  0.00000000E+00  0.00000000E+00  0.00000000E+00  0.00000000E+00  0.00000000E+00  0.00000000E+00  0.00000000E+00  0.00000000E+00  0.00000000E+00  0.00000000E+00
 2.01850084E+00  1.11700000E-02  1.11700000E-02  4.12500000E-03  4.12500000E-03  4.78400000E-02  4.78400000E-02  6.91200000E-04  6.91400000E-04  0.00000000E+00  0.00000000E+00  0.00000000E+00  0.00000000E+00  0.00000000E+00  0.00000000E+00  0.00000000E+00  0.00000000E+00  0.00000000E+00  0.00000000E+00
 2.03750084E+00  1.36500000E-02  1.36500000E-02  4.88400000E-03  4.88400000E-03  6.08500000E-02  6.08500000E-02  8.42900000E-04  8.43100000E-04  0.00000000E+00  0.00000000E+00  0.00000000E+00  0.00000000E+00  0.00000000E+00  0.00000000E+00  0.00000000E+00  0.00000000E+00  0.00000000E+00  0.00000000E+00
 2.05750084E+00  1.44500000E-02  1.44500000E-02  4.97800000E-03  4.97900000E-03  6.58800000E-02  6.58800000E-02  9.11400000E-04  9.11700000E-04  0.00000000E+00  0.00000000E+00  0.00000000E+00  0.00000000E+00  0.00000000E+00  0.00000000E+00  0.00000000E+00  0.00000000E+00  0.00000000E+00  0.00000000E+00
 2.07650084E+00  1.28400000E-02  1.28300000E-02  4.23900000E-03  4.23900000E-03  6.03300000E-02  6.03300000E-02  8.42800000E-04  8.43000000E-04  0.00000000E+00  0.00000000E+00  0.00000000E+00  0.00000000E+00  0.00000000E+00  0.00000000E+00  0.00000000E+00  0.00000000E+00  0.00000000E+00  0.00000000E+00
 2.09550084E+00  9.72900000E-03  9.72900000E-03  3.03800000E-03  3.03800000E-03  4.88700000E-02  4.88700000E-02  6.80200000E-04  6.80300000E-04  0.00000000E+00  0.00000000E+00  0.00000000E+00  0.00000000E+00  0.00000000E+00  0.00000000E+00  0.00000000E+00  0.00000000E+00  0.00000000E+00  0.00000000E+00
 2.11450084E+00  6.69900000E-03  6.69900000E-03  1.95000000E-03  1.95000000E-03  3.78000000E-02  3.78000000E-02  5.07400000E-04  5.07500000E-04  0.00000000E+00  0.00000000E+00  0.00000000E+00  0.00000000E+00  0.00000000E+00  0.00000000E+00  0.00000000E+00  0.00000000E+00  0.00000000E+00  0.00000000E+00
 2.13450084E+00  4.71600000E-03  4.71600000E-03  1.33900000E-03  1.33900000E-03  2.99800000E-02  2.99800000E-02  3.70200000E-04  3.70200000E-04  0.00000000E+00  0.00000000E+00  0.00000000E+00  0.00000000E+00  0.00000000E+00  0.00000000E+00  0.00000000E+00  0.00000000E+00  0.00000000E+00  0.00000000E+00
 2.15350084E+00  4.07900000E-03  4.07900000E-03  1.33000000E-03  1.33000000E-03  2.63800000E-02  2.63800000E-02  2.77400000E-04  2.77400000E-04  0.00000000E+00  0.00000000E+00  0.00000000E+00  0.00000000E+00  0.00000000E+00  0.00000000E+00  0.00000000E+00  0.00000000E+00  0.00000000E+00  0.00000000E+00
 2.17250084E+00  4.85400000E-03  4.85400000E-03  1.90300000E-03  1.90300000E-03  2.85800000E-02  2.85800000E-02  2.40700000E-04  2.40700000E-04  0.00000000E+00  0.00000000E+00  0.00000000E+00  0.00000000E+00  0.00000000E+00  0.00000000E+00  0.00000000E+00  0.00000000E+00  0.00000000E+00  0.00000000E+00
 2.19250084E+00  6.59100000E-03  6.59100000E-03  2.78400000E-03  2.78400000E-03  3.57000000E-02  3.57100000E-02  2.60900000E-04  2.60900000E-04  0.00000000E+00  0.00000000E+00  0.00000000E+00  0.00000000E+00  0.00000000E+00  0.00000000E+00  0.00000000E+00  0.00000000E+00  0.00000000E+00  0.00000000E+00
 2.21150084E+00  8.02900000E-03  8.02900000E-03  3.42800000E-03  3.42800000E-03  4.18800000E-02  4.18800000E-02  2.98700000E-04  2.98700000E-04  0.00000000E+00  0.00000000E+00  0.00000000E+00  0.00000000E+00  0.00000000E+00  0.00000000E+00  0.00000000E+00  0.00000000E+00  0.00000000E+00  0.00000000E+00
 2.23050084E+00  8.00600000E-03  8.00600000E-03  3.46700000E-03  3.46700000E-03  4.13900000E-02  4.13900000E-02  3.03200000E-04  3.03200000E-04  0.00000000E+00  0.00000000E+00  0.00000000E+00  0.00000000E+00  0.00000000E+00  0.00000000E+00  0.00000000E+00  0.00000000E+00  0.00000000E+00  0.00000000E+00
 2.24950084E+00  6.65100000E-03  6.65100000E-03  3.14300000E-03  3.14300000E-03  3.55200000E-02  3.55200000E-02  2.69700000E-04  2.69700000E-04  0.00000000E+00  0.00000000E+00  0.00000000E+00  0.00000000E+00  0.00000000E+00  0.00000000E+00  0.00000000E+00  0.00000000E+00  0.00000000E+00  0.00000000E+00
 2.26950084E+00  5.08300000E-03  5.08300000E-03  3.01800000E-03  3.01800000E-03  3.05000000E-02  3.05000000E-02  2.34800000E-04  2.34900000E-04  0.00000000E+00  0.00000000E+00  0.00000000E+00  0.00000000E+00  0.00000000E+00  0.00000000E+00  0.00000000E+00  0.00000000E+00  0.00000000E+00  0.00000000E+00
 2.28850084E+00  4.07500000E-03  4.07500000E-03  3.27300000E-03  3.27300000E-03  2.95400000E-02  2.95400000E-02  2.18400000E-04  2.18500000E-04  0.00000000E+00  0.00000000E+00  0.00000000E+00  0.00000000E+00  0.00000000E+00  0.00000000E+00  0.00000000E+00  0.00000000E+00  0.00000000E+00  0.00000000E+00
 2.30750084E+00  3.50300000E-03  3.50300000E-03  3.52200000E-03  3.52200000E-03  3.00000000E-02  3.00000000E-02  2.01700000E-04  2.01800000E-04  0.00000000E+00  0.00000000E+00  0.00000000E+00  0.00000000E+00  0.00000000E+00  0.00000000E+00  0.00000000E+00  0.00000000E+00  0.00000000E+00  0.00000000E+00
 2.32750084E+00  3.00100000E-03  3.00100000E-03  3.36200000E-03  3.36200000E-03  2.88100000E-02  2.88100000E-02  1.67100000E-04  1.67200000E-04  0.00000000E+00  0.00000000E+00  0.00000000E+00  0.00000000E+00  0.00000000E+00  0.00000000E+00  0.00000000E+00  0.00000000E+00  0.00000000E+00  0.00000000E+00
 2.34650084E+00  2.63200000E-03  2.63200000E-03  2.93500000E-03  2.93500000E-03  2.76200000E-02  2.76200000E-02  1.29900000E-04  1.30000000E-04  0.00000000E+00  0.00000000E+00  0.00000000E+00  0.00000000E+00  0.00000000E+00  0.00000000E+00  0.00000000E+00  0.00000000E+00  0.00000000E+00  0.00000000E+00
 2.36550084E+00  2.69500000E-03  2.69500000E-03  2.75200000E-03  2.75200000E-03  3.04800000E-02  3.04800000E-02  1.17500000E-04  1.17500000E-04  0.00000000E+00  0.00000000E+00  0.00000000E+00  0.00000000E+00  0.00000000E+00  0.00000000E+00  0.00000000E+00  0.00000000E+00  0.00000000E+00  0.00000000E+00
 2.38550084E+00  3.13800000E-03  3.13800000E-03  3.03700000E-03  3.03700000E-03  3.76100000E-02  3.76100000E-02  1.34100000E-04  1.34100000E-04  0.00000000E+00  0.00000000E+00  0.00000000E+00  0.00000000E+00  0.00000000E+00  0.00000000E+00  0.00000000E+00  0.00000000E+00  0.00000000E+00  0.00000000E+00
 2.40450084E+00  3.50000000E-03  3.50000000E-03  3.47600000E-03  3.47600000E-03  4.46100000E-02  4.46100000E-02  1.58000000E-04  1.58000000E-04  0.00000000E+00  0.00000000E+00  0.00000000E+00  0.00000000E+00  0.00000000E+00  0.00000000E+00  0.00000000E+00  0.00000000E+00  0.00000000E+00  0.00000000E+00
 2.42350084E+00  3.50600000E-03  3.50600000E-03  3.66000000E-03  3.66000000E-03  4.84900000E-02  4.84900000E-02  1.69100000E-04  1.69100000E-04  0.00000000E+00  0.00000000E+00  0.00000000E+00  0.00000000E+00  0.00000000E+00  0.00000000E+00  0.00000000E+00  0.00000000E+00  0.00000000E+00  0.00000000E+00
 2.44250084E+00  3.38900000E-03  3.38900000E-03  3.52100000E-03  3.52100000E-03  5.10800000E-02  5.10800000E-02  1.69300000E-04  1.69300000E-04  0.00000000E+00  0.00000000E+00  0.00000000E+00  0.00000000E+00  0.00000000E+00  0.00000000E+00  0.00000000E+00  0.00000000E+00  0.00000000E+00  0.00000000E+00
 2.46250084E+00  3.44000000E-03  3.44000000E-03  3.20700000E-03  3.20700000E-03  5.42000000E-02  5.42000000E-02  1.73000000E-04  1.73000000E-04  0.00000000E+00  0.00000000E+00  0.00000000E+00  0.00000000E+00  0.00000000E+00  0.00000000E+00  0.00000000E+00  0.00000000E+00  0.00000000E+00  0.00000000E+00
 2.48150084E+00  3.53900000E-03  3.53900000E-03  2.75700000E-03  2.75700000E-03  5.51500000E-02  5.51500000E-02  1.83800000E-04  1.83800000E-04  0.00000000E+00  0.00000000E+00  0.00000000E+00  0.00000000E+00  0.00000000E+00  0.00000000E+00  0.00000000E+00  0.00000000E+00  0.00000000E+00  0.00000000E+00
 2.50050084E+00  3.38200000E-03  3.38200000E-03  2.14600000E-03  2.14600000E-03  5.03600000E-02  5.03600000E-02  1.88200000E-04  1.88200000E-04  0.00000000E+00  0.00000000E+00  0.00000000E+00  0.00000000E+00  0.00000000E+00  0.00000000E+00  0.00000000E+00  0.00000000E+00  0.00000000E+00  0.00000000E+00
 2.52050084E+00  2.93600000E-03  2.93600000E-03  1.49400000E-03  1.49400000E-03  4.09100000E-02  4.09100000E-02  1.70500000E-04  1.70500000E-04  0.00000000E+00  0.00000000E+00  0.00000000E+00  0.00000000E+00  0.00000000E+00  0.00000000E+00  0.00000000E+00  0.00000000E+00  0.00000000E+00  0.00000000E+00
 2.53950084E+00  2.39800000E-03  2.39800000E-03  9.88200000E-04  9.88200000E-04  3.09300000E-02  3.09300000E-02  1.30200000E-04  1.30200000E-04  0.00000000E+00  0.00000000E+00  0.00000000E+00  0.00000000E+00  0.00000000E+00  0.00000000E+00  0.00000000E+00  0.00000000E+00  0.00000000E+00  0.00000000E+00
 2.55850084E+00  1.88400000E-03  1.88400000E-03  6.74900000E-04  6.74900000E-04  2.26400000E-02  2.26400000E-02  8.25800000E-05  8.25300000E-05  0.00000000E+00  0.00000000E+00  0.00000000E+00  0.00000000E+00  0.00000000E+00  0.00000000E+00  0.00000000E+00  0.00000000E+00  0.00000000E+00  0.00000000E+00
 2.57750084E+00  1.36700000E-03  1.36700000E-03  4.70800000E-04  4.70700000E-04  1.56300000E-02  1.56300000E-02  4.46700000E-05  4.46200000E-05  0.00000000E+00  0.00000000E+00  0.00000000E+00  0.00000000E+00  0.00000000E+00  0.00000000E+00  0.00000000E+00  0.00000000E+00  0.00000000E+00  0.00000000E+00
 2.59750084E+00  8.71400000E-04  8.71500000E-04  3.11000000E-04  3.10900000E-04  9.76400000E-03  9.76400000E-03  2.40800000E-05  2.40500000E-05  0.00000000E+00  0.00000000E+00  0.00000000E+00  0.00000000E+00  0.00000000E+00  0.00000000E+00  0.00000000E+00  0.00000000E+00  0.00000000E+00  0.00000000E+00
 2.61650084E+00  5.36100000E-04  5.36200000E-04  2.12200000E-04  2.12200000E-04  6.24100000E-03  6.24100000E-03  2.17700000E-05  2.17600000E-05  0.00000000E+00  0.00000000E+00  0.00000000E+00  0.00000000E+00  0.00000000E+00  0.00000000E+00  0.00000000E+00  0.00000000E+00  0.00000000E+00  0.00000000E+00
 2.63550084E+00  4.94700000E-04  4.94800000E-04  2.31900000E-04  2.31900000E-04  6.13000000E-03  6.13000000E-03  3.73700000E-05  3.73700000E-05  0.00000000E+00  0.00000000E+00  0.00000000E+00  0.00000000E+00  0.00000000E+00  0.00000000E+00  0.00000000E+00  0.00000000E+00  0.00000000E+00  0.00000000E+00
 2.65550084E+00  7.94000000E-04  7.94100000E-04  4.29600000E-04  4.29600000E-04  8.84500000E-03  8.84500000E-03  6.64000000E-05  6.64000000E-05  0.00000000E+00  0.00000000E+00  0.00000000E+00  0.00000000E+00  0.00000000E+00  0.00000000E+00  0.00000000E+00  0.00000000E+00  0.00000000E+00  0.00000000E+00
 2.67450084E+00  1.44000000E-03  1.44000000E-03  8.76200000E-04  8.76200000E-04  1.22900000E-02  1.22900000E-02  9.59800000E-05  9.59800000E-05  0.00000000E+00  0.00000000E+00  0.00000000E+00  0.00000000E+00  0.00000000E+00  0.00000000E+00  0.00000000E+00  0.00000000E+00  0.00000000E+00  0.00000000E+00
 2.69350084E+00  2.52300000E-03  2.52300000E-03  1.69300000E-03  1.69300000E-03  1.48500000E-02  1.48500000E-02  1.12800000E-04  1.12800000E-04  0.00000000E+00  0.00000000E+00  0.00000000E+00  0.00000000E+00  0.00000000E+00  0.00000000E+00  0.00000000E+00  0.00000000E+00  0.00000000E+00  0.00000000E+00
 2.71350084E+00  4.28100000E-03  4.28100000E-03  3.04300000E-03  3.04300000E-03  1.73100000E-02  1.73100000E-02  1.18200000E-04  1.18200000E-04  0.00000000E+00  0.00000000E+00  0.00000000E+00  0.00000000E+00  0.00000000E+00  0.00000000E+00  0.00000000E+00  0.00000000E+00  0.00000000E+00  0.00000000E+00
 2.73250084E+00  6.81600000E-03  6.81600000E-03  4.94000000E-03  4.94000000E-03  2.13700000E-02  2.13700000E-02  1.26100000E-04  1.26000000E-04  0.00000000E+00  0.00000000E+00  0.00000000E+00  0.00000000E+00  0.00000000E+00  0.00000000E+00  0.00000000E+00  0.00000000E+00  0.00000000E+00  0.00000000E+00
 2.75150084E+00  9.48300000E-03  9.48300000E-03  6.87200000E-03  6.87200000E-03  2.59200000E-02  2.59200000E-02  1.41900000E-04  1.41800000E-04  0.00000000E+00  0.00000000E+00  0.00000000E+00  0.00000000E+00  0.00000000E+00  0.00000000E+00  0.00000000E+00  0.00000000E+00  0.00000000E+00  0.00000000E+00
 2.77050084E+00  1.08700000E-02  1.08700000E-02  7.84800000E-03  7.84800000E-03  2.75500000E-02  2.75500000E-02  1.53800000E-04  1.53700000E-04  0.00000000E+00  0.00000000E+00  0.00000000E+00  0.00000000E+00  0.00000000E+00  0.00000000E+00  0.00000000E+00  0.00000000E+00  0.00000000E+00  0.00000000E+00
 2.79050084E+00  1.01400000E-02  1.01400000E-02  7.34400000E-03  7.34400000E-03  2.57600000E-02  2.57600000E-02  1.53400000E-04  1.53300000E-04  0.00000000E+00  0.00000000E+00  0.00000000E+00  0.00000000E+00  0.00000000E+00  0.00000000E+00  0.00000000E+00  0.00000000E+00  0.00000000E+00  0.00000000E+00
 2.80950084E+00  8.33400000E-03  8.33400000E-03  6.13600000E-03  6.13600000E-03  2.48200000E-02  2.48200000E-02  1.55400000E-04  1.55400000E-04  0.00000000E+00  0.00000000E+00  0.00000000E+00  0.00000000E+00  0.00000000E+00  0.00000000E+00  0.00000000E+00  0.00000000E+00  0.00000000E+00  0.00000000E+00
 2.82850084E+00  7.41800000E-03  7.41800000E-03  5.56200000E-03  5.56200000E-03  2.83200000E-02  2.83200000E-02  1.79900000E-04  1.80000000E-04  0.00000000E+00  0.00000000E+00  0.00000000E+00  0.00000000E+00  0.00000000E+00  0.00000000E+00  0.00000000E+00  0.00000000E+00  0.00000000E+00  0.00000000E+00
 2.84850084E+00  8.09200000E-03  8.09200000E-03  5.96700000E-03  5.96700000E-03  3.41100000E-02  3.41100000E-02  2.20400000E-04  2.20600000E-04  0.00000000E+00  0.00000000E+00  0.00000000E+00  0.00000000E+00  0.00000000E+00  0.00000000E+00  0.00000000E+00  0.00000000E+00  0.00000000E+00  0.00000000E+00
 2.86750084E+00  9.22100000E-03  9.22100000E-03  6.47500000E-03  6.47500000E-03  3.72700000E-02  3.72700000E-02  2.47100000E-04  2.47300000E-04  0.00000000E+00  0.00000000E+00  0.00000000E+00  0.00000000E+00  0.00000000E+00  0.00000000E+00  0.00000000E+00  0.00000000E+00  0.00000000E+00  0.00000000E+00
 2.88650084E+00  9.54600000E-03  9.54700000E-03  6.32500000E-03  6.32500000E-03  3.63700000E-02  3.63700000E-02  2.41500000E-04  2.41700000E-04  0.00000000E+00  0.00000000E+00  0.00000000E+00  0.00000000E+00  0.00000000E+00  0.00000000E+00  0.00000000E+00  0.00000000E+00  0.00000000E+00  0.00000000E+00
 2.90550084E+00  9.09100000E-03  9.09100000E-03  5.78600000E-03  5.78600000E-03  3.42300000E-02  3.42300000E-02  2.13400000E-04  2.13600000E-04  0.00000000E+00  0.00000000E+00  0.00000000E+00  0.00000000E+00  0.00000000E+00  0.00000000E+00  0.00000000E+00  0.00000000E+00  0.00000000E+00  0.00000000E+00
 2.92550084E+00  8.48600000E-03  8.48600000E-03  5.45100000E-03  5.45100000E-03  3.30800000E-02  3.30800000E-02  1.82900000E-04  1.82900000E-04  0.00000000E+00  0.00000000E+00  0.00000000E+00  0.00000000E+00  0.00000000E+00  0.00000000E+00  0.00000000E+00  0.00000000E+00  0.00000000E+00  0.00000000E+00
 2.94450084E+00  7.80400000E-03  7.80400000E-03  5.29600000E-03  5.29600000E-03  3.22300000E-02  3.22300000E-02  1.60900000E-04  1.60900000E-04  0.00000000E+00  0.00000000E+00  0.00000000E+00  0.00000000E+00  0.00000000E+00  0.00000000E+00  0.00000000E+00  0.00000000E+00  0.00000000E+00  0.00000000E+00
 2.96350084E+00  6.82100000E-03  6.82100000E-03  4.98100000E-03  4.98100000E-03  3.12300000E-02  3.12300000E-02  1.53500000E-04  1.53500000E-04  0.00000000E+00  0.00000000E+00  0.00000000E+00  0.00000000E+00  0.00000000E+00  0.00000000E+00  0.00000000E+00  0.00000000E+00  0.00000000E+00  0.00000000E+00
 2.98350084E+00  5.78800000E-03  5.78700000E-03  4.60300000E-03  4.60300000E-03  3.21600000E-02  3.21600000E-02  1.67100000E-04  1.67200000E-04  0.00000000E+00  0.00000000E+00  0.00000000E+00  0.00000000E+00  0.00000000E+00  0.00000000E+00  0.00000000E+00  0.00000000E+00  0.00000000E+00  0.00000000E+00
 3.00250084E+00  5.19100000E-03  5.19100000E-03  4.55600000E-03  4.55600000E-03  3.65100000E-02  3.65100000E-02  1.99800000E-04  1.99900000E-04  0.00000000E+00  0.00000000E+00  0.00000000E+00  0.00000000E+00  0.00000000E+00  0.00000000E+00  0.00000000E+00  0.00000000E+00  0.00000000E+00  0.00000000E+00
 3.02150084E+00  5.23700000E-03  5.23600000E-03  4.94200000E-03  4.94200000E-03  4.17100000E-02  4.17100000E-02  2.37100000E-04  2.37200000E-04  0.00000000E+00  0.00000000E+00  0.00000000E+00  0.00000000E+00  0.00000000E+00  0.00000000E+00  0.00000000E+00  0.00000000E+00  0.00000000E+00  0.00000000E+00
 3.04150084E+00  5.97500000E-03  5.97500000E-03  5.55600000E-03  5.55700000E-03  4.35000000E-02  4.35000000E-02  2.67000000E-04  2.67100000E-04  0.00000000E+00  0.00000000E+00  0.00000000E+00  0.00000000E+00  0.00000000E+00  0.00000000E+00  0.00000000E+00  0.00000000E+00  0.00000000E+00  0.00000000E+00
 3.06050084E+00  7.30100000E-03  7.30100000E-03  6.11900000E-03  6.12000000E-03  4.03700000E-02  4.03700000E-02  2.86400000E-04  2.86400000E-04  0.00000000E+00  0.00000000E+00  0.00000000E+00  0.00000000E+00  0.00000000E+00  0.00000000E+00  0.00000000E+00  0.00000000E+00  0.00000000E+00  0.00000000E+00
 3.07950084E+00  8.48800000E-03  8.48800000E-03  6.25200000E-03  6.25300000E-03  3.38600000E-02  3.38600000E-02  2.87700000E-04  2.87700000E-04  0.00000000E+00  0.00000000E+00  0.00000000E+00  0.00000000E+00  0.00000000E+00  0.00000000E+00  0.00000000E+00  0.00000000E+00  0.00000000E+00  0.00000000E+00
 3.09850084E+00  8.46600000E-03  8.46600000E-03  5.63700000E-03  5.63700000E-03  2.60500000E-02  2.60500000E-02  2.59100000E-04  2.59100000E-04  0.00000000E+00  0.00000000E+00  0.00000000E+00  0.00000000E+00  0.00000000E+00  0.00000000E+00  0.00000000E+00  0.00000000E+00  0.00000000E+00  0.00000000E+00
 3.11850084E+00  7.03100000E-03  7.03000000E-03  4.49800000E-03  4.49900000E-03  1.91700000E-02  1.91700000E-02  2.07500000E-04  2.07400000E-04  0.00000000E+00  0.00000000E+00  0.00000000E+00  0.00000000E+00  0.00000000E+00  0.00000000E+00  0.00000000E+00  0.00000000E+00  0.00000000E+00  0.00000000E+00
 3.13750084E+00  5.23500000E-03  5.23500000E-03  3.61600000E-03  3.61600000E-03  1.64800000E-02  1.64800000E-02  1.64500000E-04  1.64400000E-04  0.00000000E+00  0.00000000E+00  0.00000000E+00  0.00000000E+00  0.00000000E+00  0.00000000E+00  0.00000000E+00  0.00000000E+00  0.00000000E+00  0.00000000E+00
 3.15650084E+00  4.21900000E-03  4.21900000E-03  3.57900000E-03  3.57900000E-03  2.06600000E-02  2.06600000E-02  1.55700000E-04  1.55700000E-04  0.00000000E+00  0.00000000E+00  0.00000000E+00  0.00000000E+00  0.00000000E+00  0.00000000E+00  0.00000000E+00  0.00000000E+00  0.00000000E+00  0.00000000E+00
 3.17650084E+00  4.06900000E-03  4.06900000E-03  4.19300000E-03  4.19300000E-03  3.07500000E-02  3.07500000E-02  1.74700000E-04  1.74700000E-04  0.00000000E+00  0.00000000E+00  0.00000000E+00  0.00000000E+00  0.00000000E+00  0.00000000E+00  0.00000000E+00  0.00000000E+00  0.00000000E+00  0.00000000E+00
 3.19550084E+00  4.07300000E-03  4.07300000E-03  4.76200000E-03  4.76100000E-03  4.20500000E-02  4.20500000E-02  1.94900000E-04  1.94900000E-04  0.00000000E+00  0.00000000E+00  0.00000000E+00  0.00000000E+00  0.00000000E+00  0.00000000E+00  0.00000000E+00  0.00000000E+00  0.00000000E+00  0.00000000E+00
 3.21450084E+00  3.77400000E-03  3.77400000E-03  4.85800000E-03  4.85800000E-03  4.96200000E-02  4.96200000E-02  1.99100000E-04  1.99200000E-04  0.00000000E+00  0.00000000E+00  0.00000000E+00  0.00000000E+00  0.00000000E+00  0.00000000E+00  0.00000000E+00  0.00000000E+00  0.00000000E+00  0.00000000E+00
 3.23350084E+00  3.45800000E-03  3.45800000E-03  4.66100000E-03  4.66100000E-03  5.14800000E-02  5.14700000E-02  1.90900000E-04  1.91100000E-04  0.00000000E+00  0.00000000E+00  0.00000000E+00  0.00000000E+00  0.00000000E+00  0.00000000E+00  0.00000000E+00  0.00000000E+00  0.00000000E+00  0.00000000E+00
 3.25350084E+00  3.63000000E-03  3.63000000E-03  4.52800000E-03  4.52800000E-03  4.82400000E-02  4.82400000E-02  1.80600000E-04  1.80800000E-04  0.00000000E+00  0.00000000E+00  0.00000000E+00  0.00000000E+00  0.00000000E+00  0.00000000E+00  0.00000000E+00  0.00000000E+00  0.00000000E+00  0.00000000E+00
 3.27250084E+00  4.24800000E-03  4.24800000E-03  4.49200000E-03  4.49200000E-03  4.14100000E-02  4.14100000E-02  1.72000000E-04  1.72200000E-04  0.00000000E+00  0.00000000E+00  0.00000000E+00  0.00000000E+00  0.00000000E+00  0.00000000E+00  0.00000000E+00  0.00000000E+00  0.00000000E+00  0.00000000E+00
 3.29150084E+00  4.77400000E-03  4.77500000E-03  4.33900000E-03  4.33900000E-03  3.30300000E-02  3.30200000E-02  1.64600000E-04  1.64800000E-04  0.00000000E+00  0.00000000E+00  0.00000000E+00  0.00000000E+00  0.00000000E+00  0.00000000E+00  0.00000000E+00  0.00000000E+00  0.00000000E+00  0.00000000E+00
 3.31150084E+00  4.92000000E-03  4.92100000E-03  4.04300000E-03  4.04300000E-03  2.56600000E-02  2.56600000E-02  1.61600000E-04  1.61800000E-04  0.00000000E+00  0.00000000E+00  0.00000000E+00  0.00000000E+00  0.00000000E+00  0.00000000E+00  0.00000000E+00  0.00000000E+00  0.00000000E+00  0.00000000E+00
 3.33050084E+00  4.90800000E-03  4.90800000E-03  3.85200000E-03  3.85100000E-03  2.11200000E-02  2.11200000E-02  1.66200000E-04  1.66300000E-04  0.00000000E+00  0.00000000E+00  0.00000000E+00  0.00000000E+00  0.00000000E+00  0.00000000E+00  0.00000000E+00  0.00000000E+00  0.00000000E+00  0.00000000E+00
 3.34950084E+00  4.99400000E-03  4.99400000E-03  3.99600000E-03  3.99600000E-03  1.95200000E-02  1.95200000E-02  1.72000000E-04  1.72100000E-04  0.00000000E+00  0.00000000E+00  0.00000000E+00  0.00000000E+00  0.00000000E+00  0.00000000E+00  0.00000000E+00  0.00000000E+00  0.00000000E+00  0.00000000E+00
 3.36950084E+00  5.33600000E-03  5.33600000E-03  4.59100000E-03  4.59100000E-03  2.04700000E-02  2.04700000E-02  1.70700000E-04  1.70800000E-04  0.00000000E+00  0.00000000E+00  0.00000000E+00  0.00000000E+00  0.00000000E+00  0.00000000E+00  0.00000000E+00  0.00000000E+00  0.00000000E+00  0.00000000E+00
 3.38850084E+00  6.32800000E-03  6.32900000E-03  5.73000000E-03  5.73000000E-03  2.46600000E-02  2.46600000E-02  1.69700000E-04  1.69800000E-04  0.00000000E+00  0.00000000E+00  0.00000000E+00  0.00000000E+00  0.00000000E+00  0.00000000E+00  0.00000000E+00  0.00000000E+00  0.00000000E+00  0.00000000E+00
 3.40750084E+00  8.27800000E-03  8.27800000E-03  7.23200000E-03  7.23200000E-03  3.25800000E-02  3.25800000E-02  1.88000000E-04  1.88100000E-04  0.00000000E+00  0.00000000E+00  0.00000000E+00  0.00000000E+00  0.00000000E+00  0.00000000E+00  0.00000000E+00  0.00000000E+00  0.00000000E+00  0.00000000E+00
 3.42650084E+00  1.05200000E-02  1.05200000E-02  8.38100000E-03  8.38000000E-03  4.17000000E-02  4.17000000E-02  2.28300000E-04  2.28500000E-04  0.00000000E+00  0.00000000E+00  0.00000000E+00  0.00000000E+00  0.00000000E+00  0.00000000E+00  0.00000000E+00  0.00000000E+00  0.00000000E+00  0.00000000E+00
 3.44650084E+00  1.16400000E-02  1.16400000E-02  8.47700000E-03  8.47700000E-03  4.67900000E-02  4.67900000E-02  2.67600000E-04  2.67800000E-04  0.00000000E+00  0.00000000E+00  0.00000000E+00  0.00000000E+00  0.00000000E+00  0.00000000E+00  0.00000000E+00  0.00000000E+00  0.00000000E+00  0.00000000E+00
 3.46550084E+00  1.08900000E-02  1.08900000E-02  7.72400000E-03  7.72300000E-03  4.39000000E-02  4.38900000E-02  2.81000000E-04  2.81100000E-04  0.00000000E+00  0.00000000E+00  0.00000000E+00  0.00000000E+00  0.00000000E+00  0.00000000E+00  0.00000000E+00  0.00000000E+00  0.00000000E+00  0.00000000E+00
 3.48450084E+00  8.99700000E-03  8.99700000E-03  7.02800000E-03  7.02800000E-03  3.38700000E-02  3.38700000E-02  2.63000000E-04  2.63100000E-04  0.00000000E+00  0.00000000E+00  0.00000000E+00  0.00000000E+00  0.00000000E+00  0.00000000E+00  0.00000000E+00  0.00000000E+00  0.00000000E+00  0.00000000E+00
 3.50450084E+00  7.12200000E-03  7.12200000E-03  6.86000000E-03  6.86000000E-03  2.15700000E-02  2.15700000E-02  2.22800000E-04  2.22900000E-04  0.00000000E+00  0.00000000E+00  0.00000000E+00  0.00000000E+00  0.00000000E+00  0.00000000E+00  0.00000000E+00  0.00000000E+00  0.00000000E+00  0.00000000E+00
 3.52350084E+00  5.64600000E-03  5.64600000E-03  6.74400000E-03  6.74400000E-03  1.17100000E-02  1.17100000E-02  1.71300000E-04  1.71300000E-04  0.00000000E+00  0.00000000E+00  0.00000000E+00  0.00000000E+00  0.00000000E+00  0.00000000E+00  0.00000000E+00  0.00000000E+00  0.00000000E+00  0.00000000E+00
 3.54250084E+00  4.32000000E-03  4.32000000E-03  6.04200000E-03  6.04200000E-03  5.96900000E-03  5.96900000E-03  1.19900000E-04  1.19900000E-04  0.00000000E+00  0.00000000E+00  0.00000000E+00  0.00000000E+00  0.00000000E+00  0.00000000E+00  0.00000000E+00  0.00000000E+00  0.00000000E+00  0.00000000E+00
 3.56250084E+00  3.12100000E-03  3.12100000E-03  4.83200000E-03  4.83300000E-03  3.48400000E-03  3.48400000E-03  8.24200000E-05  8.24300000E-05  0.00000000E+00  0.00000000E+00  0.00000000E+00  0.00000000E+00  0.00000000E+00  0.00000000E+00  0.00000000E+00  0.00000000E+00  0.00000000E+00  0.00000000E+00
 3.58150084E+00  2.41900000E-03  2.41900000E-03  3.84600000E-03  3.84600000E-03  2.88500000E-03  2.88500000E-03  7.02900000E-05  7.02800000E-05  0.00000000E+00  0.00000000E+00  0.00000000E+00  0.00000000E+00  0.00000000E+00  0.00000000E+00  0.00000000E+00  0.00000000E+00  0.00000000E+00  0.00000000E+00
 3.60050084E+00  2.56700000E-03  2.56700000E-03  3.80000000E-03  3.80000000E-03  3.26500000E-03  3.26500000E-03  8.80400000E-05  8.80100000E-05  0.00000000E+00  0.00000000E+00  0.00000000E+00  0.00000000E+00  0.00000000E+00  0.00000000E+00  0.00000000E+00  0.00000000E+00  0.00000000E+00  0.00000000E+00
 3.61950084E+00  3.62900000E-03  3.62900000E-03  4.86500000E-03  4.86500000E-03  4.04100000E-03  4.04100000E-03  1.29400000E-04  1.29300000E-04  0.00000000E+00  0.00000000E+00  0.00000000E+00  0.00000000E+00  0.00000000E+00  0.00000000E+00  0.00000000E+00  0.00000000E+00  0.00000000E+00  0.00000000E+00
 3.63950084E+00  5.31400000E-03  5.31400000E-03  6.55500000E-03  6.55400000E-03  4.74500000E-03  4.74500000E-03  1.76600000E-04  1.76500000E-04  0.00000000E+00  0.00000000E+00  0.00000000E+00  0.00000000E+00  0.00000000E+00  0.00000000E+00  0.00000000E+00  0.00000000E+00  0.00000000E+00  0.00000000E+00
 3.65850084E+00  7.00500000E-03  7.00500000E-03  8.09900000E-03  8.09900000E-03  5.33800000E-03  5.33800000E-03  2.12700000E-04  2.12600000E-04  0.00000000E+00  0.00000000E+00  0.00000000E+00  0.00000000E+00  0.00000000E+00  0.00000000E+00  0.00000000E+00  0.00000000E+00  0.00000000E+00  0.00000000E+00
 3.67750084E+00  8.04900000E-03  8.05000000E-03  8.94800000E-03  8.94700000E-03  6.63700000E-03  6.63700000E-03  2.42700000E-04  2.42600000E-04  0.00000000E+00  0.00000000E+00  0.00000000E+00  0.00000000E+00  0.00000000E+00  0.00000000E+00  0.00000000E+00  0.00000000E+00  0.00000000E+00  0.00000000E+00
 3.69750084E+00  8.20800000E-03  8.20800000E-03  8.95300000E-03  8.95200000E-03  1.00200000E-02  1.00200000E-02  2.92200000E-04  2.92100000E-04  0.00000000E+00  0.00000000E+00  0.00000000E+00  0.00000000E+00  0.00000000E+00  0.00000000E+00  0.00000000E+00  0.00000000E+00  0.00000000E+00  0.00000000E+00
 3.71650084E+00  7.74700000E-03  7.74700000E-03  8.28700000E-03  8.28700000E-03  1.60100000E-02  1.60100000E-02  3.69900000E-04  3.69900000E-04  0.00000000E+00  0.00000000E+00  0.00000000E+00  0.00000000E+00  0.00000000E+00  0.00000000E+00  0.00000000E+00  0.00000000E+00  0.00000000E+00  0.00000000E+00
 3.73550084E+00  7.09300000E-03  7.09300000E-03  7.32100000E-03  7.32100000E-03  2.28500000E-02  2.28500000E-02  4.39200000E-04  4.39200000E-04  0.00000000E+00  0.00000000E+00  0.00000000E+00  0.00000000E+00  0.00000000E+00  0.00000000E+00  0.00000000E+00  0.00000000E+00  0.00000000E+00  0.00000000E+00
 3.75450084E+00  6.58200000E-03  6.58200000E-03  6.43900000E-03  6.43900000E-03  2.71600000E-02  2.71600000E-02  4.50900000E-04  4.51100000E-04  0.00000000E+00  0.00000000E+00  0.00000000E+00  0.00000000E+00  0.00000000E+00  0.00000000E+00  0.00000000E+00  0.00000000E+00  0.00000000E+00  0.00000000E+00
 3.77450084E+00  6.46300000E-03  6.46200000E-03  5.84300000E-03  5.84300000E-03  2.68600000E-02  2.68600000E-02  4.03300000E-04  4.03500000E-04  0.00000000E+00  0.00000000E+00  0.00000000E+00  0.00000000E+00  0.00000000E+00  0.00000000E+00  0.00000000E+00  0.00000000E+00  0.00000000E+00  0.00000000E+00
 3.79350084E+00  6.79500000E-03  6.79500000E-03  5.47400000E-03  5.47400000E-03  2.32400000E-02  2.32400000E-02  3.41500000E-04  3.41600000E-04  0.00000000E+00  0.00000000E+00  0.00000000E+00  0.00000000E+00  0.00000000E+00  0.00000000E+00  0.00000000E+00  0.00000000E+00  0.00000000E+00  0.00000000E+00
 3.81250084E+00  7.33700000E-03  7.33700000E-03  5.15000000E-03  5.15000000E-03  1.94800000E-02  1.94800000E-02  3.00900000E-04  3.01000000E-04  0.00000000E+00  0.00000000E+00  0.00000000E+00  0.00000000E+00  0.00000000E+00  0.00000000E+00  0.00000000E+00  0.00000000E+00  0.00000000E+00  0.00000000E+00
 3.83250084E+00  7.75200000E-03  7.75200000E-03  4.80900000E-03  4.80900000E-03  1.76700000E-02  1.76700000E-02  2.78100000E-04  2.78100000E-04  0.00000000E+00  0.00000000E+00  0.00000000E+00  0.00000000E+00  0.00000000E+00  0.00000000E+00  0.00000000E+00  0.00000000E+00  0.00000000E+00  0.00000000E+00
 3.85150084E+00  7.80300000E-03  7.80300000E-03  4.52800000E-03  4.52800000E-03  1.80100000E-02  1.80100000E-02  2.58700000E-04  2.58600000E-04  0.00000000E+00  0.00000000E+00  0.00000000E+00  0.00000000E+00  0.00000000E+00  0.00000000E+00  0.00000000E+00  0.00000000E+00  0.00000000E+00  0.00000000E+00
 3.87050084E+00  7.31100000E-03  7.31100000E-03  4.29900000E-03  4.29900000E-03  2.02400000E-02  2.02400000E-02  2.47700000E-04  2.47500000E-04  0.00000000E+00  0.00000000E+00  0.00000000E+00  0.00000000E+00  0.00000000E+00  0.00000000E+00  0.00000000E+00  0.00000000E+00  0.00000000E+00  0.00000000E+00
 3.89050084E+00  6.25200000E-03  6.25200000E-03  4.00900000E-03  4.00900000E-03  2.41300000E-02  2.41300000E-02  2.57500000E-04  2.57200000E-04  0.00000000E+00  0.00000000E+00  0.00000000E+00  0.00000000E+00  0.00000000E+00  0.00000000E+00  0.00000000E+00  0.00000000E+00  0.00000000E+00  0.00000000E+00
 3.90950084E+00  4.91600000E-03  4.91600000E-03  3.63400000E-03  3.63400000E-03  2.82300000E-02  2.82300000E-02  2.76700000E-04  2.76400000E-04  0.00000000E+00  0.00000000E+00  0.00000000E+00  0.00000000E+00  0.00000000E+00  0.00000000E+00  0.00000000E+00  0.00000000E+00  0.00000000E+00  0.00000000E+00
 3.92850084E+00  3.73200000E-03  3.73200000E-03  3.28800000E-03  3.28700000E-03  3.01700000E-02  3.01700000E-02  2.75300000E-04  2.75000000E-04  0.00000000E+00  0.00000000E+00  0.00000000E+00  0.00000000E+00  0.00000000E+00  0.00000000E+00  0.00000000E+00  0.00000000E+00  0.00000000E+00  0.00000000E+00
 3.94750084E+00  3.03700000E-03  3.03700000E-03  3.14700000E-03  3.14700000E-03  2.89500000E-02  2.89500000E-02  2.43100000E-04  2.42900000E-04  0.00000000E+00  0.00000000E+00  0.00000000E+00  0.00000000E+00  0.00000000E+00  0.00000000E+00  0.00000000E+00  0.00000000E+00  0.00000000E+00  0.00000000E+00
 3.96750084E+00  2.98900000E-03  2.98900000E-03  3.32900000E-03  3.32900000E-03  2.56300000E-02  2.56300000E-02  2.04200000E-04  2.04200000E-04  0.00000000E+00  0.00000000E+00  0.00000000E+00  0.00000000E+00  0.00000000E+00  0.00000000E+00  0.00000000E+00  0.00000000E+00  0.00000000E+00  0.00000000E+00
 3.98650084E+00  3.43500000E-03  3.43500000E-03  3.72000000E-03  3.72000000E-03  2.20100000E-02  2.20100000E-02  1.86000000E-04  1.86000000E-04  0.00000000E+00  0.00000000E+00  0.00000000E+00  0.00000000E+00  0.00000000E+00  0.00000000E+00  0.00000000E+00  0.00000000E+00  0.00000000E+00  0.00000000E+00
 4.00550084E+00  4.00100000E-03  4.00100000E-03  4.05700000E-03  4.05600000E-03  1.96600000E-02  1.96600000E-02  1.96900000E-04  1.96900000E-04  0.00000000E+00  0.00000000E+00  0.00000000E+00  0.00000000E+00  0.00000000E+00  0.00000000E+00  0.00000000E+00  0.00000000E+00  0.00000000E+00  0.00000000E+00
 4.02550084E+00  4.58300000E-03  4.58300000E-03  4.34800000E-03  4.34800000E-03  1.98900000E-02  1.98900000E-02  2.39900000E-04  2.40000000E-04  0.00000000E+00  0.00000000E+00  0.00000000E+00  0.00000000E+00  0.00000000E+00  0.00000000E+00  0.00000000E+00  0.00000000E+00  0.00000000E+00  0.00000000E+00
 4.04450084E+00  5.57300000E-03  5.57300000E-03  5.02300000E-03  5.02300000E-03  2.31800000E-02  2.31800000E-02  3.20300000E-04  3.20500000E-04  0.00000000E+00  0.00000000E+00  0.00000000E+00  0.00000000E+00  0.00000000E+00  0.00000000E+00  0.00000000E+00  0.00000000E+00  0.00000000E+00  0.00000000E+00
 4.06350084E+00  7.20700000E-03  7.20700000E-03  6.35600000E-03  6.35500000E-03  2.81100000E-02  2.81100000E-02  4.20300000E-04  4.20600000E-04  0.00000000E+00  0.00000000E+00  0.00000000E+00  0.00000000E+00  0.00000000E+00  0.00000000E+00  0.00000000E+00  0.00000000E+00  0.00000000E+00  0.00000000E+00
 4.08250084E+00  8.88900000E-03  8.88900000E-03  7.89100000E-03  7.89100000E-03  3.13200000E-02  3.13200000E-02  4.88400000E-04  4.88700000E-04  0.00000000E+00  0.00000000E+00  0.00000000E+00  0.00000000E+00  0.00000000E+00  0.00000000E+00  0.00000000E+00  0.00000000E+00  0.00000000E+00  0.00000000E+00
 4.10250084E+00  9.65400000E-03  9.65400000E-03  8.79600000E-03  8.79500000E-03  3.00900000E-02  3.00900000E-02  4.83100000E-04  4.83400000E-04  0.00000000E+00  0.00000000E+00  0.00000000E+00  0.00000000E+00  0.00000000E+00  0.00000000E+00  0.00000000E+00  0.00000000E+00  0.00000000E+00  0.00000000E+00
 4.12150084E+00  9.28800000E-03  9.28800000E-03  8.74600000E-03  8.74500000E-03  2.52700000E-02  2.52700000E-02  4.22100000E-04  4.22200000E-04  0.00000000E+00  0.00000000E+00  0.00000000E+00  0.00000000E+00  0.00000000E+00  0.00000000E+00  0.00000000E+00  0.00000000E+00  0.00000000E+00  0.00000000E+00
 4.14050084E+00  8.42100000E-03  8.42100000E-03  8.09300000E-03  8.09300000E-03  2.09300000E-02  2.09300000E-02  3.68700000E-04  3.68800000E-04  0.00000000E+00  0.00000000E+00  0.00000000E+00  0.00000000E+00  0.00000000E+00  0.00000000E+00  0.00000000E+00  0.00000000E+00  0.00000000E+00  0.00000000E+00
 4.16050084E+00  7.58400000E-03  7.58400000E-03  7.22500000E-03  7.22400000E-03  2.08400000E-02  2.08400000E-02  3.75600000E-04  3.75600000E-04  0.00000000E+00  0.00000000E+00  0.00000000E+00  0.00000000E+00  0.00000000E+00  0.00000000E+00  0.00000000E+00  0.00000000E+00  0.00000000E+00  0.00000000E+00
 4.17950084E+00  6.79000000E-03  6.79000000E-03  6.25700000E-03  6.25700000E-03  2.55500000E-02  2.55500000E-02  4.43100000E-04  4.43100000E-04  0.00000000E+00  0.00000000E+00  0.00000000E+00  0.00000000E+00  0.00000000E+00  0.00000000E+00  0.00000000E+00  0.00000000E+00  0.00000000E+00  0.00000000E+00
 4.19850084E+00  5.93900000E-03  5.93900000E-03  5.24500000E-03  5.24500000E-03  3.14700000E-02  3.14700000E-02  5.14200000E-04  5.14200000E-04  0.00000000E+00  0.00000000E+00  0.00000000E+00  0.00000000E+00  0.00000000E+00  0.00000000E+00  0.00000000E+00  0.00000000E+00  0.00000000E+00  0.00000000E+00
 4.21850084E+00  5.08600000E-03  5.08600000E-03  4.28000000E-03  4.28000000E-03  3.31900000E-02  3.31900000E-02  5.17700000E-04  5.17700000E-04  0.00000000E+00  0.00000000E+00  0.00000000E+00  0.00000000E+00  0.00000000E+00  0.00000000E+00  0.00000000E+00  0.00000000E+00  0.00000000E+00  0.00000000E+00
 4.23750084E+00  4.47600000E-03  4.47600000E-03  3.49800000E-03  3.49800000E-03  2.85800000E-02  2.85800000E-02  4.42600000E-04  4.42600000E-04  0.00000000E+00  0.00000000E+00  0.00000000E+00  0.00000000E+00  0.00000000E+00  0.00000000E+00  0.00000000E+00  0.00000000E+00  0.00000000E+00  0.00000000E+00
 4.25650084E+00  4.48600000E-03  4.48600000E-03  3.12000000E-03  3.12000000E-03  2.09300000E-02  2.09300000E-02  3.53500000E-04  3.53500000E-04  0.00000000E+00  0.00000000E+00  0.00000000E+00  0.00000000E+00  0.00000000E+00  0.00000000E+00  0.00000000E+00  0.00000000E+00  0.00000000E+00  0.00000000E+00
 4.27550084E+00  5.24500000E-03  5.24600000E-03  3.25700000E-03  3.25700000E-03  1.50300000E-02  1.50300000E-02  3.12800000E-04  3.12800000E-04  0.00000000E+00  0.00000000E+00  0.00000000E+00  0.00000000E+00  0.00000000E+00  0.00000000E+00  0.00000000E+00  0.00000000E+00  0.00000000E+00  0.00000000E+00
 4.29550084E+00  6.28900000E-03  6.28900000E-03  3.66800000E-03  3.66800000E-03  1.25200000E-02  1.25200000E-02  3.16000000E-04  3.16000000E-04  0.00000000E+00  0.00000000E+00  0.00000000E+00  0.00000000E+00  0.00000000E+00  0.00000000E+00  0.00000000E+00  0.00000000E+00  0.00000000E+00  0.00000000E+00
 4.31450084E+00  6.84600000E-03  6.84600000E-03  3.89800000E-03  3.89700000E-03  1.17400000E-02  1.17400000E-02  3.16200000E-04  3.16200000E-04  0.00000000E+00  0.00000000E+00  0.00000000E+00  0.00000000E+00  0.00000000E+00  0.00000000E+00  0.00000000E+00  0.00000000E+00  0.00000000E+00  0.00000000E+00
 4.33350084E+00  6.53500000E-03  6.53500000E-03  3.64800000E-03  3.64800000E-03  1.05200000E-02  1.05200000E-02  2.85800000E-04  2.85900000E-04  0.00000000E+00  0.00000000E+00  0.00000000E+00  0.00000000E+00  0.00000000E+00  0.00000000E+00  0.00000000E+00  0.00000000E+00  0.00000000E+00  0.00000000E+00
 4.35350084E+00  5.65100000E-03  5.65100000E-03  3.02400000E-03  3.02400000E-03  8.38100000E-03  8.38100000E-03  2.40600000E-04  2.40700000E-04  0.00000000E+00  0.00000000E+00  0.00000000E+00  0.00000000E+00  0.00000000E+00  0.00000000E+00  0.00000000E+00  0.00000000E+00  0.00000000E+00  0.00000000E+00
 4.37250084E+00  4.74400000E-03  4.74400000E-03  2.43400000E-03  2.43400000E-03  6.52200000E-03  6.52200000E-03  2.19200000E-04  2.19200000E-04  0.00000000E+00  0.00000000E+00  0.00000000E+00  0.00000000E+00  0.00000000E+00  0.00000000E+00  0.00000000E+00  0.00000000E+00  0.00000000E+00  0.00000000E+00
 4.39150084E+00  4.11800000E-03  4.11800000E-03  2.26000000E-03  2.26000000E-03  6.51700000E-03  6.51700000E-03  2.55700000E-04  2.55800000E-04  0.00000000E+00  0.00000000E+00  0.00000000E+00  0.00000000E+00  0.00000000E+00  0.00000000E+00  0.00000000E+00  0.00000000E+00  0.00000000E+00  0.00000000E+00
 4.41050084E+00  3.86200000E-03  3.86200000E-03  2.63200000E-03  2.63200000E-03  8.99000000E-03  8.99000000E-03  3.65100000E-04  3.65300000E-04  0.00000000E+00  0.00000000E+00  0.00000000E+00  0.00000000E+00  0.00000000E+00  0.00000000E+00  0.00000000E+00  0.00000000E+00  0.00000000E+00  0.00000000E+00
 4.43050084E+00  4.04200000E-03  4.04200000E-03  3.37500000E-03  3.37500000E-03  1.29000000E-02  1.29000000E-02  5.23900000E-04  5.24200000E-04  0.00000000E+00  0.00000000E+00  0.00000000E+00  0.00000000E+00  0.00000000E+00  0.00000000E+00  0.00000000E+00  0.00000000E+00  0.00000000E+00  0.00000000E+00
 4.44950084E+00  4.57200000E-03  4.57200000E-03  4.06600000E-03  4.06600000E-03  1.58700000E-02  1.58700000E-02  6.68800000E-04  6.69100000E-04  0.00000000E+00  0.00000000E+00  0.00000000E+00  0.00000000E+00  0.00000000E+00  0.00000000E+00  0.00000000E+00  0.00000000E+00  0.00000000E+00  0.00000000E+00
 4.46850084E+00  5.11000000E-03  5.11000000E-03  4.29100000E-03  4.29100000E-03  1.60800000E-02  1.60800000E-02  7.48600000E-04  7.48800000E-04  0.00000000E+00  0.00000000E+00  0.00000000E+00  0.00000000E+00  0.00000000E+00  0.00000000E+00  0.00000000E+00  0.00000000E+00  0.00000000E+00  0.00000000E+00
 4.48850084E+00  5.30800000E-03  5.30700000E-03  3.96600000E-03  3.96600000E-03  1.38000000E-02  1.38000000E-02  7.66600000E-04  7.66600000E-04  0.00000000E+00  0.00000000E+00  0.00000000E+00  0.00000000E+00  0.00000000E+00  0.00000000E+00  0.00000000E+00  0.00000000E+00  0.00000000E+00  0.00000000E+00
 4.50750084E+00  5.05000000E-03  5.05000000E-03  3.35300000E-03  3.35300000E-03  1.08900000E-02  1.08900000E-02  7.38900000E-04  7.38800000E-04  0.00000000E+00  0.00000000E+00  0.00000000E+00  0.00000000E+00  0.00000000E+00  0.00000000E+00  0.00000000E+00  0.00000000E+00  0.00000000E+00  0.00000000E+00
 4.52650084E+00  4.48100000E-03  4.48100000E-03  2.83900000E-03  2.83900000E-03  9.23800000E-03  9.23700000E-03  6.52300000E-04  6.52100000E-04  0.00000000E+00  0.00000000E+00  0.00000000E+00  0.00000000E+00  0.00000000E+00  0.00000000E+00  0.00000000E+00  0.00000000E+00  0.00000000E+00  0.00000000E+00
 4.54650084E+00  3.88700000E-03  3.88700000E-03  2.72900000E-03  2.72900000E-03  1.01000000E-02  1.01000000E-02  5.09900000E-04  5.09700000E-04  0.00000000E+00  0.00000000E+00  0.00000000E+00  0.00000000E+00  0.00000000E+00  0.00000000E+00  0.00000000E+00  0.00000000E+00  0.00000000E+00  0.00000000E+00
 4.56550084E+00  3.50200000E-03  3.50200000E-03  3.06200000E-03  3.06200000E-03  1.38400000E-02  1.38400000E-02  3.67500000E-04  3.67500000E-04  0.00000000E+00  0.00000000E+00  0.00000000E+00  0.00000000E+00  0.00000000E+00  0.00000000E+00  0.00000000E+00  0.00000000E+00  0.00000000E+00  0.00000000E+00
 4.58450084E+00  3.40100000E-03  3.40100000E-03  3.58600000E-03  3.58500000E-03  1.96800000E-02  1.96800000E-02  2.84800000E-04  2.84900000E-04  0.00000000E+00  0.00000000E+00  0.00000000E+00  0.00000000E+00  0.00000000E+00  0.00000000E+00  0.00000000E+00  0.00000000E+00  0.00000000E+00  0.00000000E+00
 4.60350084E+00  3.59900000E-03  3.59900000E-03  4.03200000E-03  4.03200000E-03  2.60700000E-02  2.60700000E-02  2.75800000E-04  2.76100000E-04  0.00000000E+00  0.00000000E+00  0.00000000E+00  0.00000000E+00  0.00000000E+00  0.00000000E+00  0.00000000E+00  0.00000000E+00  0.00000000E+00  0.00000000E+00
 4.62350084E+00  4.16700000E-03  4.16700000E-03  4.36200000E-03  4.36200000E-03  3.15300000E-02  3.15300000E-02  3.20600000E-04  3.21000000E-04  0.00000000E+00  0.00000000E+00  0.00000000E+00  0.00000000E+00  0.00000000E+00  0.00000000E+00  0.00000000E+00  0.00000000E+00  0.00000000E+00  0.00000000E+00
 4.64250084E+00  5.14000000E-03  5.14000000E-03  4.63700000E-03  4.63800000E-03  3.49600000E-02  3.49600000E-02  3.95000000E-04  3.95400000E-04  0.00000000E+00  0.00000000E+00  0.00000000E+00  0.00000000E+00  0.00000000E+00  0.00000000E+00  0.00000000E+00  0.00000000E+00  0.00000000E+00  0.00000000E+00
 4.66150084E+00  6.40800000E-03  6.40900000E-03  4.84900000E-03  4.85000000E-03  3.59900000E-02  3.59900000E-02  4.84500000E-04  4.85100000E-04  0.00000000E+00  0.00000000E+00  0.00000000E+00  0.00000000E+00  0.00000000E+00  0.00000000E+00  0.00000000E+00  0.00000000E+00  0.00000000E+00  0.00000000E+00
 4.68150084E+00  7.68200000E-03  7.68200000E-03  4.94600000E-03  4.94600000E-03  3.55900000E-02  3.55900000E-02  5.80700000E-04  5.81500000E-04  0.00000000E+00  0.00000000E+00  0.00000000E+00  0.00000000E+00  0.00000000E+00  0.00000000E+00  0.00000000E+00  0.00000000E+00  0.00000000E+00  0.00000000E+00
 4.70050084E+00  8.50400000E-03  8.50300000E-03  4.86500000E-03  4.86500000E-03  3.52200000E-02  3.52200000E-02  6.62100000E-04  6.63000000E-04  0.00000000E+00  0.00000000E+00  0.00000000E+00  0.00000000E+00  0.00000000E+00  0.00000000E+00  0.00000000E+00  0.00000000E+00  0.00000000E+00  0.00000000E+00
 4.71950084E+00  8.51400000E-03  8.51300000E-03  4.52100000E-03  4.52100000E-03  3.48400000E-02  3.48400000E-02  6.95100000E-04  6.95900000E-04  0.00000000E+00  0.00000000E+00  0.00000000E+00  0.00000000E+00  0.00000000E+00  0.00000000E+00  0.00000000E+00  0.00000000E+00  0.00000000E+00  0.00000000E+00
 4.73950084E+00  7.78600000E-03  7.78600000E-03  3.90000000E-03  3.90000000E-03  3.27300000E-02  3.27300000E-02  6.69900000E-04  6.70500000E-04  0.00000000E+00  0.00000000E+00  0.00000000E+00  0.00000000E+00  0.00000000E+00  0.00000000E+00  0.00000000E+00  0.00000000E+00  0.00000000E+00  0.00000000E+00
 4.75850084E+00  6.76900000E-03  6.76900000E-03  3.16500000E-03  3.16500000E-03  2.77600000E-02  2.77600000E-02  6.20500000E-04  6.20800000E-04  0.00000000E+00  0.00000000E+00  0.00000000E+00  0.00000000E+00  0.00000000E+00  0.00000000E+00  0.00000000E+00  0.00000000E+00  0.00000000E+00  0.00000000E+00
 4.77750084E+00  5.89600000E-03  5.89600000E-03  2.59200000E-03  2.59300000E-03  2.09700000E-02  2.09700000E-02  5.83800000E-04  5.83800000E-04  0.00000000E+00  0.00000000E+00  0.00000000E+00  0.00000000E+00  0.00000000E+00  0.00000000E+00  0.00000000E+00  0.00000000E+00  0.00000000E+00  0.00000000E+00
 4.79650084E+00  5.34700000E-03  5.34800000E-03  2.41000000E-03  2.41000000E-03  1.46600000E-02  1.46600000E-02  5.55700000E-04  5.55600000E-04  0.00000000E+00  0.00000000E+00  0.00000000E+00  0.00000000E+00  0.00000000E+00  0.00000000E+00  0.00000000E+00  0.00000000E+00  0.00000000E+00  0.00000000E+00
 4.81650084E+00  5.16200000E-03  5.16200000E-03  2.71600000E-03  2.71600000E-03  1.08800000E-02  1.08800000E-02  5.14100000E-04  5.14000000E-04  0.00000000E+00  0.00000000E+00  0.00000000E+00  0.00000000E+00  0.00000000E+00  0.00000000E+00  0.00000000E+00  0.00000000E+00  0.00000000E+00  0.00000000E+00
 4.83550084E+00  5.43100000E-03  5.43200000E-03  3.47500000E-03  3.47500000E-03  1.12600000E-02  1.12600000E-02  4.70800000E-04  4.70800000E-04  0.00000000E+00  0.00000000E+00  0.00000000E+00  0.00000000E+00  0.00000000E+00  0.00000000E+00  0.00000000E+00  0.00000000E+00  0.00000000E+00  0.00000000E+00
 4.85450084E+00  6.14500000E-03  6.14600000E-03  4.43800000E-03  4.43800000E-03  1.68900000E-02  1.68900000E-02  4.60000000E-04  4.60100000E-04  0.00000000E+00  0.00000000E+00  0.00000000E+00  0.00000000E+00  0.00000000E+00  0.00000000E+00  0.00000000E+00  0.00000000E+00  0.00000000E+00  0.00000000E+00
 4.87450084E+00  6.86100000E-03  6.86200000E-03  5.12200000E-03  5.12300000E-03  2.63700000E-02  2.63700000E-02  4.81100000E-04  4.81200000E-04  0.00000000E+00  0.00000000E+00  0.00000000E+00  0.00000000E+00  0.00000000E+00  0.00000000E+00  0.00000000E+00  0.00000000E+00  0.00000000E+00  0.00000000E+00
 4.89350084E+00  6.89200000E-03  6.89300000E-03  5.11500000E-03  5.11500000E-03  3.46000000E-02  3.46000000E-02  4.89700000E-04  4.89900000E-04  0.00000000E+00  0.00000000E+00  0.00000000E+00  0.00000000E+00  0.00000000E+00  0.00000000E+00  0.00000000E+00  0.00000000E+00  0.00000000E+00  0.00000000E+00
 4.91250084E+00  5.97100000E-03  5.97200000E-03  4.47200000E-03  4.47300000E-03  3.60700000E-02  3.60700000E-02  4.52300000E-04  4.52600000E-04  0.00000000E+00  0.00000000E+00  0.00000000E+00  0.00000000E+00  0.00000000E+00  0.00000000E+00  0.00000000E+00  0.00000000E+00  0.00000000E+00  0.00000000E+00
 4.93150084E+00  4.53800000E-03  4.53800000E-03  3.66600000E-03  3.66800000E-03  3.01300000E-02  3.01300000E-02  3.81900000E-04  3.82400000E-04  0.00000000E+00  0.00000000E+00  0.00000000E+00  0.00000000E+00  0.00000000E+00  0.00000000E+00  0.00000000E+00  0.00000000E+00  0.00000000E+00  0.00000000E+00
 4.95150084E+00  3.24000000E-03  3.24100000E-03  3.08500000E-03  3.08600000E-03  2.10200000E-02  2.10200000E-02  3.11400000E-04  3.12100000E-04  0.00000000E+00  0.00000000E+00  0.00000000E+00  0.00000000E+00  0.00000000E+00  0.00000000E+00  0.00000000E+00  0.00000000E+00  0.00000000E+00  0.00000000E+00
 4.97050084E+00  2.36500000E-03  2.36500000E-03  2.70200000E-03  2.70300000E-03  1.30300000E-02  1.30300000E-02  2.57100000E-04  2.57900000E-04  0.00000000E+00  0.00000000E+00  0.00000000E+00  0.00000000E+00  0.00000000E+00  0.00000000E+00  0.00000000E+00  0.00000000E+00  0.00000000E+00  0.00000000E+00
 4.98950084E+00  1.88600000E-03  1.88700000E-03  2.34400000E-03  2.34500000E-03  7.68200000E-03  7.68200000E-03  2.27300000E-04  2.28000000E-04  0.00000000E+00  0.00000000E+00  0.00000000E+00  0.00000000E+00  0.00000000E+00  0.00000000E+00  0.00000000E+00  0.00000000E+00  0.00000000E+00  0.00000000E+00
 5.00950084E+00  1.87600000E-03  1.87700000E-03  2.11600000E-03  2.11700000E-03  5.06100000E-03  5.06100000E-03  2.45100000E-04  2.45500000E-04  0.00000000E+00  0.00000000E+00  0.00000000E+00  0.00000000E+00  0.00000000E+00  0.00000000E+00  0.00000000E+00  0.00000000E+00  0.00000000E+00  0.00000000E+00
 5.02850084E+00  2.54200000E-03  2.54200000E-03  2.37200000E-03  2.37200000E-03  5.23600000E-03  5.23600000E-03  3.38400000E-04  3.38600000E-04  0.00000000E+00  0.00000000E+00  0.00000000E+00  0.00000000E+00  0.00000000E+00  0.00000000E+00  0.00000000E+00  0.00000000E+00  0.00000000E+00  0.00000000E+00
 5.04750084E+00  3.83800000E-03  3.83900000E-03  3.28500000E-03  3.28500000E-03  7.96500000E-03  7.96400000E-03  5.10100000E-04  5.10300000E-04  0.00000000E+00  0.00000000E+00  0.00000000E+00  0.00000000E+00  0.00000000E+00  0.00000000E+00  0.00000000E+00  0.00000000E+00  0.00000000E+00  0.00000000E+00
 5.06750084E+00  5.25600000E-03  5.25600000E-03  4.55100000E-03  4.55100000E-03  1.18000000E-02  1.17900000E-02  7.24300000E-04  7.24600000E-04  0.00000000E+00  0.00000000E+00  0.00000000E+00  0.00000000E+00  0.00000000E+00  0.00000000E+00  0.00000000E+00  0.00000000E+00  0.00000000E+00  0.00000000E+00
 5.08650084E+00  6.22700000E-03  6.22700000E-03  5.52200000E-03  5.52100000E-03  1.43300000E-02  1.43300000E-02  9.19600000E-04  9.19900000E-04  0.00000000E+00  0.00000000E+00  0.00000000E+00  0.00000000E+00  0.00000000E+00  0.00000000E+00  0.00000000E+00  0.00000000E+00  0.00000000E+00  0.00000000E+00
 5.10550084E+00  6.74400000E-03  6.74400000E-03  5.69400000E-03  5.69300000E-03  1.41000000E-02  1.41000000E-02  1.05100000E-03  1.05200000E-03  0.00000000E+00  0.00000000E+00  0.00000000E+00  0.00000000E+00  0.00000000E+00  0.00000000E+00  0.00000000E+00  0.00000000E+00  0.00000000E+00  0.00000000E+00
 5.12450084E+00  7.35200000E-03  7.35300000E-03  5.12000000E-03  5.12000000E-03  1.19700000E-02  1.19700000E-02  1.12300000E-03  1.12300000E-03  0.00000000E+00  0.00000000E+00  0.00000000E+00  0.00000000E+00  0.00000000E+00  0.00000000E+00  0.00000000E+00  0.00000000E+00  0.00000000E+00  0.00000000E+00
 5.14450084E+00  8.42800000E-03  8.42900000E-03  4.29400000E-03  4.29300000E-03  1.01600000E-02  1.01600000E-02  1.15500000E-03  1.15500000E-03  0.00000000E+00  0.00000000E+00  0.00000000E+00  0.00000000E+00  0.00000000E+00  0.00000000E+00  0.00000000E+00  0.00000000E+00  0.00000000E+00  0.00000000E+00
 5.16350084E+00  9.64700000E-03  9.64800000E-03  3.64900000E-03  3.64900000E-03  9.98800000E-03  9.98900000E-03  1.13700000E-03  1.13600000E-03  0.00000000E+00  0.00000000E+00  0.00000000E+00  0.00000000E+00  0.00000000E+00  0.00000000E+00  0.00000000E+00  0.00000000E+00  0.00000000E+00  0.00000000E+00
 5.18250084E+00  1.03200000E-02  1.03300000E-02  3.30600000E-03  3.30600000E-03  1.11400000E-02  1.11400000E-02  1.04300000E-03  1.04200000E-03  0.00000000E+00  0.00000000E+00  0.00000000E+00  0.00000000E+00  0.00000000E+00  0.00000000E+00  0.00000000E+00  0.00000000E+00  0.00000000E+00  0.00000000E+00
 5.20250084E+00  1.02200000E-02  1.02200000E-02  3.21400000E-03  3.21400000E-03  1.26400000E-02  1.26400000E-02  8.89300000E-04  8.88400000E-04  0.00000000E+00  0.00000000E+00  0.00000000E+00  0.00000000E+00  0.00000000E+00  0.00000000E+00  0.00000000E+00  0.00000000E+00  0.00000000E+00  0.00000000E+00
 5.22150084E+00  9.82300000E-03  9.82300000E-03  3.29500000E-03  3.29500000E-03  1.39200000E-02  1.39200000E-02  7.38400000E-04  7.37600000E-04  0.00000000E+00  0.00000000E+00  0.00000000E+00  0.00000000E+00  0.00000000E+00  0.00000000E+00  0.00000000E+00  0.00000000E+00  0.00000000E+00  0.00000000E+00
 5.24050084E+00  9.70400000E-03  9.70300000E-03  3.42600000E-03  3.42600000E-03  1.48500000E-02  1.48500000E-02  6.43900000E-04  6.43300000E-04  0.00000000E+00  0.00000000E+00  0.00000000E+00  0.00000000E+00  0.00000000E+00  0.00000000E+00  0.00000000E+00  0.00000000E+00  0.00000000E+00  0.00000000E+00
 5.25950084E+00  9.90100000E-03  9.90100000E-03  3.46800000E-03  3.46800000E-03  1.54600000E-02  1.54600000E-02  6.11400000E-04  6.10800000E-04  0.00000000E+00  0.00000000E+00  0.00000000E+00  0.00000000E+00  0.00000000E+00  0.00000000E+00  0.00000000E+00  0.00000000E+00  0.00000000E+00  0.00000000E+00
 5.27950084E+00  1.00300000E-02  1.00300000E-02  3.39900000E-03  3.39900000E-03  1.63100000E-02  1.63100000E-02  6.24600000E-04  6.24000000E-04  0.00000000E+00  0.00000000E+00  0.00000000E+00  0.00000000E+00  0.00000000E+00  0.00000000E+00  0.00000000E+00  0.00000000E+00  0.00000000E+00  0.00000000E+00
 5.29850084E+00  9.82200000E-03  9.82200000E-03  3.29300000E-03  3.29300000E-03  1.84200000E-02  1.84300000E-02  6.97200000E-04  6.96400000E-04  0.00000000E+00  0.00000000E+00  0.00000000E+00  0.00000000E+00  0.00000000E+00  0.00000000E+00  0.00000000E+00  0.00000000E+00  0.00000000E+00  0.00000000E+00
 5.31750084E+00  9.40200000E-03  9.40100000E-03  3.19600000E-03  3.19700000E-03  2.20900000E-02  2.20900000E-02  8.55500000E-04  8.54500000E-04  0.00000000E+00  0.00000000E+00  0.00000000E+00  0.00000000E+00  0.00000000E+00  0.00000000E+00  0.00000000E+00  0.00000000E+00  0.00000000E+00  0.00000000E+00
 5.33750084E+00  9.08300000E-03  9.08200000E-03  3.09300000E-03  3.09400000E-03  2.57800000E-02  2.57800000E-02  1.05800000E-03  1.05700000E-03  0.00000000E+00  0.00000000E+00  0.00000000E+00  0.00000000E+00  0.00000000E+00  0.00000000E+00  0.00000000E+00  0.00000000E+00  0.00000000E+00  0.00000000E+00
 5.35650084E+00  9.06500000E-03  9.06400000E-03  2.96400000E-03  2.96500000E-03  2.69800000E-02  2.69800000E-02  1.17600000E-03  1.17500000E-03  0.00000000E+00  0.00000000E+00  0.00000000E+00  0.00000000E+00  0.00000000E+00  0.00000000E+00  0.00000000E+00  0.00000000E+00  0.00000000E+00  0.00000000E+00
 5.37550084E+00  9.24500000E-03  9.24500000E-03  2.81300000E-03  2.81300000E-03  2.44700000E-02  2.44700000E-02  1.10400000E-03  1.10400000E-03  0.00000000E+00  0.00000000E+00  0.00000000E+00  0.00000000E+00  0.00000000E+00  0.00000000E+00  0.00000000E+00  0.00000000E+00  0.00000000E+00  0.00000000E+00
 5.39550084E+00  9.29500000E-03  9.29500000E-03  2.64800000E-03  2.64800000E-03  1.95100000E-02  1.95100000E-02  8.75400000E-04  8.75200000E-04  0.00000000E+00  0.00000000E+00  0.00000000E+00  0.00000000E+00  0.00000000E+00  0.00000000E+00  0.00000000E+00  0.00000000E+00  0.00000000E+00  0.00000000E+00
 5.41450084E+00  8.88700000E-03  8.88700000E-03  2.45800000E-03  2.45800000E-03  1.43800000E-02  1.43800000E-02  6.30900000E-04  6.31000000E-04  0.00000000E+00  0.00000000E+00  0.00000000E+00  0.00000000E+00  0.00000000E+00  0.00000000E+00  0.00000000E+00  0.00000000E+00  0.00000000E+00  0.00000000E+00
 5.43350084E+00  7.98700000E-03  7.98700000E-03  2.26100000E-03  2.26100000E-03  1.04600000E-02  1.04600000E-02  5.01800000E-04  5.02100000E-04  0.00000000E+00  0.00000000E+00  0.00000000E+00  0.00000000E+00  0.00000000E+00  0.00000000E+00  0.00000000E+00  0.00000000E+00  0.00000000E+00  0.00000000E+00
 5.45250084E+00  7.00800000E-03  7.00800000E-03  2.16500000E-03  2.16500000E-03  8.11900000E-03  8.11900000E-03  5.38300000E-04  5.38900000E-04  0.00000000E+00  0.00000000E+00  0.00000000E+00  0.00000000E+00  0.00000000E+00  0.00000000E+00  0.00000000E+00  0.00000000E+00  0.00000000E+00  0.00000000E+00
 5.47250084E+00  6.54500000E-03  6.54500000E-03  2.31200000E-03  2.31300000E-03  7.45300000E-03  7.45300000E-03  7.14700000E-04  7.15600000E-04  0.00000000E+00  0.00000000E+00  0.00000000E+00  0.00000000E+00  0.00000000E+00  0.00000000E+00  0.00000000E+00  0.00000000E+00  0.00000000E+00  0.00000000E+00
 5.49150084E+00  6.99500000E-03  6.99500000E-03  2.75800000E-03  2.75900000E-03  8.65800000E-03  8.65800000E-03  9.74200000E-04  9.75400000E-04  0.00000000E+00  0.00000000E+00  0.00000000E+00  0.00000000E+00  0.00000000E+00  0.00000000E+00  0.00000000E+00  0.00000000E+00  0.00000000E+00  0.00000000E+00
 5.51050084E+00  8.54200000E-03  8.54200000E-03  3.42000000E-03  3.42100000E-03  1.17900000E-02  1.17900000E-02  1.27500000E-03  1.27600000E-03  0.00000000E+00  0.00000000E+00  0.00000000E+00  0.00000000E+00  0.00000000E+00  0.00000000E+00  0.00000000E+00  0.00000000E+00  0.00000000E+00  0.00000000E+00
 5.53050084E+00  1.10300000E-02  1.10300000E-02  4.05600000E-03  4.05700000E-03  1.60900000E-02  1.60900000E-02  1.56600000E-03  1.56700000E-03  0.00000000E+00  0.00000000E+00  0.00000000E+00  0.00000000E+00  0.00000000E+00  0.00000000E+00  0.00000000E+00  0.00000000E+00  0.00000000E+00  0.00000000E+00
 5.54950084E+00  1.35100000E-02  1.35100000E-02  4.32500000E-03  4.32600000E-03  1.97100000E-02  1.97100000E-02  1.73800000E-03  1.73900000E-03  0.00000000E+00  0.00000000E+00  0.00000000E+00  0.00000000E+00  0.00000000E+00  0.00000000E+00  0.00000000E+00  0.00000000E+00  0.00000000E+00  0.00000000E+00
 5.56850084E+00  1.45200000E-02  1.45200000E-02  4.03600000E-03  4.03700000E-03  2.09200000E-02  2.09200000E-02  1.67000000E-03  1.67100000E-03  0.00000000E+00  0.00000000E+00  0.00000000E+00  0.00000000E+00  0.00000000E+00  0.00000000E+00  0.00000000E+00  0.00000000E+00  0.00000000E+00  0.00000000E+00
 5.58750084E+00  1.34900000E-02  1.34900000E-02  3.39200000E-03  3.39300000E-03  1.99200000E-02  1.99200000E-02  1.38100000E-03  1.38200000E-03  0.00000000E+00  0.00000000E+00  0.00000000E+00  0.00000000E+00  0.00000000E+00  0.00000000E+00  0.00000000E+00  0.00000000E+00  0.00000000E+00  0.00000000E+00
 5.60750084E+00  1.14100000E-02  1.14100000E-02  2.87100000E-03  2.87200000E-03  1.89000000E-02  1.88900000E-02  1.04300000E-03  1.04400000E-03  0.00000000E+00  0.00000000E+00  0.00000000E+00  0.00000000E+00  0.00000000E+00  0.00000000E+00  0.00000000E+00  0.00000000E+00  0.00000000E+00  0.00000000E+00
 5.62650084E+00  9.82100000E-03  9.82200000E-03  2.82200000E-03  2.82200000E-03  1.98400000E-02  1.98400000E-02  8.28000000E-04  8.29700000E-04  0.00000000E+00  0.00000000E+00  0.00000000E+00  0.00000000E+00  0.00000000E+00  0.00000000E+00  0.00000000E+00  0.00000000E+00  0.00000000E+00  0.00000000E+00
 5.64550084E+00  9.46400000E-03  9.46400000E-03  3.20400000E-03  3.20400000E-03  2.24700000E-02  2.24700000E-02  7.92200000E-04  7.93600000E-04  0.00000000E+00  0.00000000E+00  0.00000000E+00  0.00000000E+00  0.00000000E+00  0.00000000E+00  0.00000000E+00  0.00000000E+00  0.00000000E+00  0.00000000E+00
 5.66550084E+00  1.00700000E-02  1.00700000E-02  3.72200000E-03  3.72200000E-03  2.48100000E-02  2.48100000E-02  8.89100000E-04  8.90000000E-04  0.00000000E+00  0.00000000E+00  0.00000000E+00  0.00000000E+00  0.00000000E+00  0.00000000E+00  0.00000000E+00  0.00000000E+00  0.00000000E+00  0.00000000E+00
 5.68450084E+00  1.10100000E-02  1.10000000E-02  4.09400000E-03  4.09500000E-03  2.53700000E-02  2.53700000E-02  1.02700000E-03  1.02800000E-03  0.00000000E+00  0.00000000E+00  0.00000000E+00  0.00000000E+00  0.00000000E+00  0.00000000E+00  0.00000000E+00  0.00000000E+00  0.00000000E+00  0.00000000E+00
 5.70350084E+00  1.16200000E-02  1.16200000E-02  4.17300000E-03  4.17400000E-03  2.42800000E-02  2.42800000E-02  1.11200000E-03  1.11200000E-03  0.00000000E+00  0.00000000E+00  0.00000000E+00  0.00000000E+00  0.00000000E+00  0.00000000E+00  0.00000000E+00  0.00000000E+00  0.00000000E+00  0.00000000E+00
 5.72350084E+00  1.15600000E-02  1.15600000E-02  3.94100000E-03  3.94200000E-03  2.27300000E-02  2.27300000E-02  1.09200000E-03  1.09200000E-03  0.00000000E+00  0.00000000E+00  0.00000000E+00  0.00000000E+00  0.00000000E+00  0.00000000E+00  0.00000000E+00  0.00000000E+00  0.00000000E+00  0.00000000E+00
 5.74250084E+00  1.10500000E-02  1.10500000E-02  3.53800000E-03  3.53900000E-03  2.19100000E-02  2.19100000E-02  9.94600000E-04  9.94500000E-04  0.00000000E+00  0.00000000E+00  0.00000000E+00  0.00000000E+00  0.00000000E+00  0.00000000E+00  0.00000000E+00  0.00000000E+00  0.00000000E+00  0.00000000E+00
 5.76150084E+00  1.08700000E-02  1.08700000E-02  3.23600000E-03  3.23600000E-03  2.27000000E-02  2.27000000E-02  9.17500000E-04  9.17500000E-04  0.00000000E+00  0.00000000E+00  0.00000000E+00  0.00000000E+00  0.00000000E+00  0.00000000E+00  0.00000000E+00  0.00000000E+00  0.00000000E+00  0.00000000E+00
 5.78050084E+00  1.15000000E-02  1.15000000E-02  3.26400000E-03  3.26400000E-03  2.53400000E-02  2.53400000E-02  9.82200000E-04  9.82000000E-04  0.00000000E+00  0.00000000E+00  0.00000000E+00  0.00000000E+00  0.00000000E+00  0.00000000E+00  0.00000000E+00  0.00000000E+00  0.00000000E+00  0.00000000E+00
 5.80050084E+00  1.24400000E-02  1.24400000E-02  3.57200000E-03  3.57100000E-03  2.85400000E-02  2.85400000E-02  1.23200000E-03  1.23200000E-03  0.00000000E+00  0.00000000E+00  0.00000000E+00  0.00000000E+00  0.00000000E+00  0.00000000E+00  0.00000000E+00  0.00000000E+00  0.00000000E+00  0.00000000E+00
 5.81950084E+00  1.25100000E-02  1.25100000E-02  3.85300000E-03  3.85200000E-03  2.98900000E-02  2.98900000E-02  1.54000000E-03  1.54000000E-03  0.00000000E+00  0.00000000E+00  0.00000000E+00  0.00000000E+00  0.00000000E+00  0.00000000E+00  0.00000000E+00  0.00000000E+00  0.00000000E+00  0.00000000E+00
 5.83850084E+00  1.13200000E-02  1.13200000E-02  3.89400000E-03  3.89300000E-03  2.84700000E-02  2.84700000E-02  1.69300000E-03  1.69200000E-03  0.00000000E+00  0.00000000E+00  0.00000000E+00  0.00000000E+00  0.00000000E+00  0.00000000E+00  0.00000000E+00  0.00000000E+00  0.00000000E+00  0.00000000E+00
 5.85850084E+00  9.86700000E-03  9.86800000E-03  3.81200000E-03  3.81100000E-03  2.59800000E-02  2.59800000E-02  1.60000000E-03  1.60100000E-03  0.00000000E+00  0.00000000E+00  0.00000000E+00  0.00000000E+00  0.00000000E+00  0.00000000E+00  0.00000000E+00  0.00000000E+00  0.00000000E+00  0.00000000E+00
 5.87750084E+00  9.52700000E-03  9.52800000E-03  3.88200000E-03  3.88200000E-03  2.44600000E-02  2.44600000E-02  1.37900000E-03  1.38000000E-03  0.00000000E+00  0.00000000E+00  0.00000000E+00  0.00000000E+00  0.00000000E+00  0.00000000E+00  0.00000000E+00  0.00000000E+00  0.00000000E+00  0.00000000E+00
 5.89650084E+00  1.09700000E-02  1.09800000E-02  4.31500000E-03  4.31500000E-03  2.43100000E-02  2.43100000E-02  1.20200000E-03  1.20300000E-03  0.00000000E+00  0.00000000E+00  0.00000000E+00  0.00000000E+00  0.00000000E+00  0.00000000E+00  0.00000000E+00  0.00000000E+00  0.00000000E+00  0.00000000E+00
 5.91650084E+00  1.41200000E-02  1.41200000E-02  5.35200000E-03  5.35200000E-03  2.50500000E-02  2.50500000E-02  1.16500000E-03  1.16700000E-03  0.00000000E+00  0.00000000E+00  0.00000000E+00  0.00000000E+00  0.00000000E+00  0.00000000E+00  0.00000000E+00  0.00000000E+00  0.00000000E+00  0.00000000E+00
 5.93550084E+00  1.87500000E-02  1.87500000E-02  7.33800000E-03  7.33800000E-03  2.62000000E-02  2.62000000E-02  1.27900000E-03  1.28000000E-03  0.00000000E+00  0.00000000E+00  0.00000000E+00  0.00000000E+00  0.00000000E+00  0.00000000E+00  0.00000000E+00  0.00000000E+00  0.00000000E+00  0.00000000E+00
 5.95450084E+00  2.46300000E-02  2.46300000E-02  1.02800000E-02  1.02800000E-02  2.71100000E-02  2.71100000E-02  1.49800000E-03  1.49900000E-03  0.00000000E+00  0.00000000E+00  0.00000000E+00  0.00000000E+00  0.00000000E+00  0.00000000E+00  0.00000000E+00  0.00000000E+00  0.00000000E+00  0.00000000E+00
 5.97350084E+00  3.07900000E-02  3.07900000E-02  1.32800000E-02  1.32800000E-02  2.70900000E-02  2.70900000E-02  1.73000000E-03  1.73000000E-03  0.00000000E+00  0.00000000E+00  0.00000000E+00  0.00000000E+00  0.00000000E+00  0.00000000E+00  0.00000000E+00  0.00000000E+00  0.00000000E+00  0.00000000E+00
 5.99350084E+00  3.51700000E-02  3.51700000E-02  1.48500000E-02  1.48500000E-02  2.57600000E-02  2.57600000E-02  1.87200000E-03  1.87300000E-03  0.00000000E+00  0.00000000E+00  0.00000000E+00  0.00000000E+00  0.00000000E+00  0.00000000E+00  0.00000000E+00  0.00000000E+00  0.00000000E+00  0.00000000E+00
 6.01250084E+00  3.58500000E-02  3.58500000E-02  1.41800000E-02  1.41800000E-02  2.27900000E-02  2.27900000E-02  1.87700000E-03  1.87700000E-03  0.00000000E+00  0.00000000E+00  0.00000000E+00  0.00000000E+00  0.00000000E+00  0.00000000E+00  0.00000000E+00  0.00000000E+00  0.00000000E+00  0.00000000E+00
 6.03150084E+00  3.29200000E-02  3.29200000E-02  1.19900000E-02  1.19900000E-02  1.82100000E-02  1.82100000E-02  1.76400000E-03  1.76400000E-03  0.00000000E+00  0.00000000E+00  0.00000000E+00  0.00000000E+00  0.00000000E+00  0.00000000E+00  0.00000000E+00  0.00000000E+00  0.00000000E+00  0.00000000E+00
 6.05150084E+00  2.90000000E-02  2.90000000E-02  9.98600000E-03  9.98700000E-03  1.31100000E-02  1.31100000E-02  1.62600000E-03  1.62600000E-03  0.00000000E+00  0.00000000E+00  0.00000000E+00  0.00000000E+00  0.00000000E+00  0.00000000E+00  0.00000000E+00  0.00000000E+00  0.00000000E+00  0.00000000E+00
 6.07050084E+00  2.70500000E-02  2.70500000E-02  9.38200000E-03  9.38300000E-03  9.26800000E-03  9.26800000E-03  1.58900000E-03  1.58900000E-03  0.00000000E+00  0.00000000E+00  0.00000000E+00  0.00000000E+00  0.00000000E+00  0.00000000E+00  0.00000000E+00  0.00000000E+00  0.00000000E+00  0.00000000E+00
 6.08950084E+00  2.73400000E-02  2.73400000E-02  9.88700000E-03  9.88800000E-03  7.60700000E-03  7.60800000E-03  1.69300000E-03  1.69300000E-03  0.00000000E+00  0.00000000E+00  0.00000000E+00  0.00000000E+00  0.00000000E+00  0.00000000E+00  0.00000000E+00  0.00000000E+00  0.00000000E+00  0.00000000E+00
 6.10850084E+00  2.73100000E-02  2.73100000E-02  1.01300000E-02  1.01300000E-02  7.63700000E-03  7.63700000E-03  1.81500000E-03  1.81500000E-03  0.00000000E+00  0.00000000E+00  0.00000000E+00  0.00000000E+00  0.00000000E+00  0.00000000E+00  0.00000000E+00  0.00000000E+00  0.00000000E+00  0.00000000E+00
 6.12850084E+00  2.53000000E-02  2.53000000E-02  9.33200000E-03  9.33200000E-03  8.51300000E-03  8.51200000E-03  1.80700000E-03  1.80700000E-03  0.00000000E+00  0.00000000E+00  0.00000000E+00  0.00000000E+00  0.00000000E+00  0.00000000E+00  0.00000000E+00  0.00000000E+00  0.00000000E+00  0.00000000E+00
 6.14750084E+00  2.31400000E-02  2.31400000E-02  8.31300000E-03  8.31200000E-03  1.00300000E-02  1.00300000E-02  1.70200000E-03  1.70300000E-03  0.00000000E+00  0.00000000E+00  0.00000000E+00  0.00000000E+00  0.00000000E+00  0.00000000E+00  0.00000000E+00  0.00000000E+00  0.00000000E+00  0.00000000E+00
 6.16650084E+00  2.43300000E-02  2.43300000E-02  8.71400000E-03  8.71100000E-03  1.23700000E-02  1.23700000E-02  1.69900000E-03  1.69900000E-03  0.00000000E+00  0.00000000E+00  0.00000000E+00  0.00000000E+00  0.00000000E+00  0.00000000E+00  0.00000000E+00  0.00000000E+00  0.00000000E+00  0.00000000E+00
 6.18650084E+00  3.05900000E-02  3.05900000E-02  1.17100000E-02  1.17000000E-02  1.53300000E-02  1.53200000E-02  1.96600000E-03  1.96500000E-03  0.00000000E+00  0.00000000E+00  0.00000000E+00  0.00000000E+00  0.00000000E+00  0.00000000E+00  0.00000000E+00  0.00000000E+00  0.00000000E+00  0.00000000E+00
 6.20550084E+00  4.04900000E-02  4.04900000E-02  1.72800000E-02  1.72800000E-02  1.83200000E-02  1.83100000E-02  2.53500000E-03  2.53400000E-03  0.00000000E+00  0.00000000E+00  0.00000000E+00  0.00000000E+00  0.00000000E+00  0.00000000E+00  0.00000000E+00  0.00000000E+00  0.00000000E+00  0.00000000E+00
 6.22450084E+00  5.04700000E-02  5.04700000E-02  2.41700000E-02  2.41600000E-02  2.11500000E-02  2.11500000E-02  3.32200000E-03  3.32000000E-03  0.00000000E+00  0.00000000E+00  0.00000000E+00  0.00000000E+00  0.00000000E+00  0.00000000E+00  0.00000000E+00  0.00000000E+00  0.00000000E+00  0.00000000E+00
 6.24450084E+00  5.70300000E-02  5.70200000E-02  3.04800000E-02  3.04800000E-02  2.42800000E-02  2.42700000E-02  4.15500000E-03  4.15200000E-03  0.00000000E+00  0.00000000E+00  0.00000000E+00  0.00000000E+00  0.00000000E+00  0.00000000E+00  0.00000000E+00  0.00000000E+00  0.00000000E+00  0.00000000E+00
 6.26350084E+00  5.88200000E-02  5.88200000E-02  3.50400000E-02  3.50400000E-02  2.77100000E-02  2.77000000E-02  4.87100000E-03  4.86700000E-03  0.00000000E+00  0.00000000E+00  0.00000000E+00  0.00000000E+00  0.00000000E+00  0.00000000E+00  0.00000000E+00  0.00000000E+00  0.00000000E+00  0.00000000E+00
 6.28250084E+00  5.74500000E-02  5.74500000E-02  3.79600000E-02  3.79600000E-02  2.99900000E-02  2.99800000E-02  5.48600000E-03  5.48100000E-03  0.00000000E+00  0.00000000E+00  0.00000000E+00  0.00000000E+00  0.00000000E+00  0.00000000E+00  0.00000000E+00  0.00000000E+00  0.00000000E+00  0.00000000E+00
 6.30150084E+00  5.59900000E-02  5.59900000E-02  3.98600000E-02  3.98600000E-02  2.91700000E-02  2.91600000E-02  6.18800000E-03  6.18200000E-03  0.00000000E+00  0.00000000E+00  0.00000000E+00  0.00000000E+00  0.00000000E+00  0.00000000E+00  0.00000000E+00  0.00000000E+00  0.00000000E+00  0.00000000E+00
 6.32150084E+00  5.62000000E-02  5.62100000E-02  4.07000000E-02  4.07100000E-02  2.53400000E-02  2.53300000E-02  7.01500000E-03  7.00900000E-03  0.00000000E+00  0.00000000E+00  0.00000000E+00  0.00000000E+00  0.00000000E+00  0.00000000E+00  0.00000000E+00  0.00000000E+00  0.00000000E+00  0.00000000E+00
 6.34050084E+00  5.70600000E-02  5.70800000E-02  3.96000000E-02  3.96100000E-02  2.11500000E-02  2.11400000E-02  7.57800000E-03  7.57200000E-03  0.00000000E+00  0.00000000E+00  0.00000000E+00  0.00000000E+00  0.00000000E+00  0.00000000E+00  0.00000000E+00  0.00000000E+00  0.00000000E+00  0.00000000E+00
 6.35950084E+00  5.61300000E-02  5.61500000E-02  3.58200000E-02  3.58300000E-02  1.94500000E-02  1.94400000E-02  7.38300000E-03  7.37700000E-03  0.00000000E+00  0.00000000E+00  0.00000000E+00  0.00000000E+00  0.00000000E+00  0.00000000E+00  0.00000000E+00  0.00000000E+00  0.00000000E+00  0.00000000E+00
 6.37950084E+00  5.28200000E-02  5.28400000E-02  3.01900000E-02  3.02000000E-02  2.10100000E-02  2.10100000E-02  6.43600000E-03  6.43100000E-03  0.00000000E+00  0.00000000E+00  0.00000000E+00  0.00000000E+00  0.00000000E+00  0.00000000E+00  0.00000000E+00  0.00000000E+00  0.00000000E+00  0.00000000E+00
 6.39850084E+00  4.95700000E-02  4.95800000E-02  2.49800000E-02  2.49900000E-02  2.45700000E-02  2.45700000E-02  5.27800000E-03  5.27300000E-03  0.00000000E+00  0.00000000E+00  0.00000000E+00  0.00000000E+00  0.00000000E+00  0.00000000E+00  0.00000000E+00  0.00000000E+00  0.00000000E+00  0.00000000E+00
 6.41750084E+00  4.91400000E-02  4.91400000E-02  2.22000000E-02  2.22000000E-02  2.78700000E-02  2.78800000E-02  4.42800000E-03  4.42400000E-03  0.00000000E+00  0.00000000E+00  0.00000000E+00  0.00000000E+00  0.00000000E+00  0.00000000E+00  0.00000000E+00  0.00000000E+00  0.00000000E+00  0.00000000E+00
 6.43650084E+00  5.18000000E-02  5.18000000E-02  2.24700000E-02  2.24700000E-02  2.86300000E-02  2.86300000E-02  4.05900000E-03  4.05400000E-03  0.00000000E+00  0.00000000E+00  0.00000000E+00  0.00000000E+00  0.00000000E+00  0.00000000E+00  0.00000000E+00  0.00000000E+00  0.00000000E+00  0.00000000E+00
 6.45650084E+00  5.65200000E-02  5.65100000E-02  2.57200000E-02  2.57200000E-02  2.59900000E-02  2.59900000E-02  4.23300000E-03  4.22900000E-03  0.00000000E+00  0.00000000E+00  0.00000000E+00  0.00000000E+00  0.00000000E+00  0.00000000E+00  0.00000000E+00  0.00000000E+00  0.00000000E+00  0.00000000E+00
 6.47550084E+00  6.36500000E-02  6.36400000E-02  3.20800000E-02  3.20800000E-02  2.15200000E-02  2.15200000E-02  5.15900000E-03  5.15600000E-03  0.00000000E+00  0.00000000E+00  0.00000000E+00  0.00000000E+00  0.00000000E+00  0.00000000E+00  0.00000000E+00  0.00000000E+00  0.00000000E+00  0.00000000E+00
 6.49450084E+00  7.33200000E-02  7.33100000E-02  4.08800000E-02  4.08900000E-02  1.78600000E-02  1.78600000E-02  6.90000000E-03  6.90000000E-03  0.00000000E+00  0.00000000E+00  0.00000000E+00  0.00000000E+00  0.00000000E+00  0.00000000E+00  0.00000000E+00  0.00000000E+00  0.00000000E+00  0.00000000E+00
 6.51450084E+00  8.16800000E-02  8.16800000E-02  4.90300000E-02  4.90500000E-02  1.62700000E-02  1.62700000E-02  8.95400000E-03  8.95700000E-03  0.00000000E+00  0.00000000E+00  0.00000000E+00  0.00000000E+00  0.00000000E+00  0.00000000E+00  0.00000000E+00  0.00000000E+00  0.00000000E+00  0.00000000E+00
 6.53350084E+00  8.27600000E-02  8.27600000E-02  5.23600000E-02  5.23800000E-02  1.61200000E-02  1.61300000E-02  1.05200000E-02  1.05300000E-02  0.00000000E+00  0.00000000E+00  0.00000000E+00  0.00000000E+00  0.00000000E+00  0.00000000E+00  0.00000000E+00  0.00000000E+00  0.00000000E+00  0.00000000E+00
 6.55250084E+00  7.48500000E-02  7.48400000E-02  4.95300000E-02  4.95400000E-02  1.62400000E-02  1.62400000E-02  1.12200000E-02  1.12200000E-02  0.00000000E+00  0.00000000E+00  0.00000000E+00  0.00000000E+00  0.00000000E+00  0.00000000E+00  0.00000000E+00  0.00000000E+00  0.00000000E+00  0.00000000E+00
 6.57250084E+00  6.24900000E-02  6.24900000E-02  4.32900000E-02  4.33000000E-02  1.61700000E-02  1.61700000E-02  1.12200000E-02  1.12200000E-02  0.00000000E+00  0.00000000E+00  0.00000000E+00  0.00000000E+00  0.00000000E+00  0.00000000E+00  0.00000000E+00  0.00000000E+00  0.00000000E+00  0.00000000E+00
 6.59150084E+00  5.13300000E-02  5.13200000E-02  3.73500000E-02  3.73500000E-02  1.61100000E-02  1.61200000E-02  1.07800000E-02  1.07800000E-02  0.00000000E+00  0.00000000E+00  0.00000000E+00  0.00000000E+00  0.00000000E+00  0.00000000E+00  0.00000000E+00  0.00000000E+00  0.00000000E+00  0.00000000E+00
 6.61050084E+00  4.31500000E-02  4.31500000E-02  3.29300000E-02  3.29300000E-02  1.62600000E-02  1.62600000E-02  9.99400000E-03  9.99200000E-03  0.00000000E+00  0.00000000E+00  0.00000000E+00  0.00000000E+00  0.00000000E+00  0.00000000E+00  0.00000000E+00  0.00000000E+00  0.00000000E+00  0.00000000E+00
 6.62950084E+00  3.63600000E-02  3.63600000E-02  2.89300000E-02  2.89200000E-02  1.63900000E-02  1.63900000E-02  8.89000000E-03  8.88500000E-03  0.00000000E+00  0.00000000E+00  0.00000000E+00  0.00000000E+00  0.00000000E+00  0.00000000E+00  0.00000000E+00  0.00000000E+00  0.00000000E+00  0.00000000E+00
 6.64950084E+00  2.91900000E-02  2.91900000E-02  2.40100000E-02  2.40000000E-02  1.59600000E-02  1.59500000E-02  7.57300000E-03  7.56600000E-03  0.00000000E+00  0.00000000E+00  0.00000000E+00  0.00000000E+00  0.00000000E+00  0.00000000E+00  0.00000000E+00  0.00000000E+00  0.00000000E+00  0.00000000E+00
 6.66850084E+00  2.19700000E-02  2.19700000E-02  1.82500000E-02  1.82400000E-02  1.44700000E-02  1.44700000E-02  6.33100000E-03  6.32500000E-03  0.00000000E+00  0.00000000E+00  0.00000000E+00  0.00000000E+00  0.00000000E+00  0.00000000E+00  0.00000000E+00  0.00000000E+00  0.00000000E+00  0.00000000E+00
 6.68750084E+00  1.69300000E-02  1.69300000E-02  1.30200000E-02  1.30100000E-02  1.22700000E-02  1.22700000E-02  5.68600000E-03  5.68100000E-03  0.00000000E+00  0.00000000E+00  0.00000000E+00  0.00000000E+00  0.00000000E+00  0.00000000E+00  0.00000000E+00  0.00000000E+00  0.00000000E+00  0.00000000E+00
 6.70750084E+00  1.59300000E-02  1.59300000E-02  9.92000000E-03  9.91700000E-03  1.07200000E-02  1.07100000E-02  6.02400000E-03  6.02000000E-03  0.00000000E+00  0.00000000E+00  0.00000000E+00  0.00000000E+00  0.00000000E+00  0.00000000E+00  0.00000000E+00  0.00000000E+00  0.00000000E+00  0.00000000E+00
 6.72650084E+00  1.83700000E-02  1.83700000E-02  9.44500000E-03  9.44400000E-03  1.12700000E-02  1.12600000E-02  7.05900000E-03  7.05500000E-03  0.00000000E+00  0.00000000E+00  0.00000000E+00  0.00000000E+00  0.00000000E+00  0.00000000E+00  0.00000000E+00  0.00000000E+00  0.00000000E+00  0.00000000E+00
 6.74550084E+00  2.16300000E-02  2.16300000E-02  1.07100000E-02  1.07100000E-02  1.40900000E-02  1.40900000E-02  7.95700000E-03  7.95200000E-03  0.00000000E+00  0.00000000E+00  0.00000000E+00  0.00000000E+00  0.00000000E+00  0.00000000E+00  0.00000000E+00  0.00000000E+00  0.00000000E+00  0.00000000E+00
 6.76450084E+00  2.37400000E-02  2.37400000E-02  1.23300000E-02  1.23400000E-02  1.76400000E-02  1.76400000E-02  8.27000000E-03  8.26400000E-03  0.00000000E+00  0.00000000E+00  0.00000000E+00  0.00000000E+00  0.00000000E+00  0.00000000E+00  0.00000000E+00  0.00000000E+00  0.00000000E+00  0.00000000E+00
 6.78450084E+00  2.53300000E-02  2.53300000E-02  1.36000000E-02  1.36100000E-02  1.99500000E-02  1.99500000E-02  8.57700000E-03  8.57200000E-03  0.00000000E+00  0.00000000E+00  0.00000000E+00  0.00000000E+00  0.00000000E+00  0.00000000E+00  0.00000000E+00  0.00000000E+00  0.00000000E+00  0.00000000E+00
 6.80350084E+00  2.83100000E-02  2.83100000E-02  1.47400000E-02  1.47500000E-02  2.03700000E-02  2.03700000E-02  9.83000000E-03  9.82900000E-03  0.00000000E+00  0.00000000E+00  0.00000000E+00  0.00000000E+00  0.00000000E+00  0.00000000E+00  0.00000000E+00  0.00000000E+00  0.00000000E+00  0.00000000E+00
 6.82250084E+00  3.28000000E-02  3.28000000E-02  1.60200000E-02  1.60300000E-02  1.95800000E-02  1.95800000E-02  1.20500000E-02  1.20600000E-02  0.00000000E+00  0.00000000E+00  0.00000000E+00  0.00000000E+00  0.00000000E+00  0.00000000E+00  0.00000000E+00  0.00000000E+00  0.00000000E+00  0.00000000E+00
 6.84250084E+00  3.64400000E-02  3.64400000E-02  1.70700000E-02  1.70700000E-02  1.84200000E-02  1.84100000E-02  1.41000000E-02  1.41100000E-02  0.00000000E+00  0.00000000E+00  0.00000000E+00  0.00000000E+00  0.00000000E+00  0.00000000E+00  0.00000000E+00  0.00000000E+00  0.00000000E+00  0.00000000E+00
 6.86150084E+00  3.71700000E-02  3.71700000E-02  1.73000000E-02  1.73100000E-02  1.73600000E-02  1.73500000E-02  1.49700000E-02  1.49800000E-02  0.00000000E+00  0.00000000E+00  0.00000000E+00  0.00000000E+00  0.00000000E+00  0.00000000E+00  0.00000000E+00  0.00000000E+00  0.00000000E+00  0.00000000E+00
 6.88050084E+00  3.54600000E-02  3.54600000E-02  1.67100000E-02  1.67100000E-02  1.67300000E-02  1.67300000E-02  1.49800000E-02  1.49900000E-02  0.00000000E+00  0.00000000E+00  0.00000000E+00  0.00000000E+00  0.00000000E+00  0.00000000E+00  0.00000000E+00  0.00000000E+00  0.00000000E+00  0.00000000E+00
 6.90050084E+00  3.32200000E-02  3.32100000E-02  1.57500000E-02  1.57500000E-02  1.65100000E-02  1.65100000E-02  1.51100000E-02  1.51200000E-02  0.00000000E+00  0.00000000E+00  0.00000000E+00  0.00000000E+00  0.00000000E+00  0.00000000E+00  0.00000000E+00  0.00000000E+00  0.00000000E+00  0.00000000E+00
 6.91950084E+00  3.19200000E-02  3.19100000E-02  1.49600000E-02  1.49700000E-02  1.59600000E-02  1.59500000E-02  1.57900000E-02  1.57900000E-02  0.00000000E+00  0.00000000E+00  0.00000000E+00  0.00000000E+00  0.00000000E+00  0.00000000E+00  0.00000000E+00  0.00000000E+00  0.00000000E+00  0.00000000E+00
 6.93850084E+00  3.26100000E-02  3.26000000E-02  1.48300000E-02  1.48400000E-02  1.43100000E-02  1.43100000E-02  1.68800000E-02  1.68700000E-02  0.00000000E+00  0.00000000E+00  0.00000000E+00  0.00000000E+00  0.00000000E+00  0.00000000E+00  0.00000000E+00  0.00000000E+00  0.00000000E+00  0.00000000E+00
 6.95750084E+00  3.59100000E-02  3.59100000E-02  1.56500000E-02  1.56700000E-02  1.19300000E-02  1.19200000E-02  1.83200000E-02  1.83200000E-02  0.00000000E+00  0.00000000E+00  0.00000000E+00  0.00000000E+00  0.00000000E+00  0.00000000E+00  0.00000000E+00  0.00000000E+00  0.00000000E+00  0.00000000E+00
 6.97750084E+00  4.11000000E-02  4.11100000E-02  1.72800000E-02  1.73000000E-02  1.01600000E-02  1.01600000E-02  2.02700000E-02  2.02600000E-02  0.00000000E+00  0.00000000E+00  0.00000000E+00  0.00000000E+00  0.00000000E+00  0.00000000E+00  0.00000000E+00  0.00000000E+00  0.00000000E+00  0.00000000E+00
 6.99650084E+00  4.59800000E-02  4.60000000E-02  1.90700000E-02  1.90900000E-02  1.00300000E-02  1.00300000E-02  2.25800000E-02  2.25700000E-02  0.00000000E+00  0.00000000E+00  0.00000000E+00  0.00000000E+00  0.00000000E+00  0.00000000E+00  0.00000000E+00  0.00000000E+00  0.00000000E+00  0.00000000E+00
 7.01550084E+00  4.81600000E-02  4.81900000E-02  2.02200000E-02  2.02400000E-02  1.13500000E-02  1.13400000E-02  2.44900000E-02  2.44800000E-02  0.00000000E+00  0.00000000E+00  0.00000000E+00  0.00000000E+00  0.00000000E+00  0.00000000E+00  0.00000000E+00  0.00000000E+00  0.00000000E+00  0.00000000E+00
 7.03550084E+00  4.62500000E-02  4.62800000E-02  2.01900000E-02  2.02100000E-02  1.30200000E-02  1.30100000E-02  2.48500000E-02  2.48500000E-02  0.00000000E+00  0.00000000E+00  0.00000000E+00  0.00000000E+00  0.00000000E+00  0.00000000E+00  0.00000000E+00  0.00000000E+00  0.00000000E+00  0.00000000E+00
 7.05450084E+00  4.06200000E-02  4.06400000E-02  1.89700000E-02  1.89900000E-02  1.40600000E-02  1.40500000E-02  2.30900000E-02  2.30900000E-02  0.00000000E+00  0.00000000E+00  0.00000000E+00  0.00000000E+00  0.00000000E+00  0.00000000E+00  0.00000000E+00  0.00000000E+00  0.00000000E+00  0.00000000E+00
 7.07350084E+00  3.32500000E-02  3.32700000E-02  1.71100000E-02  1.71300000E-02  1.43500000E-02  1.43400000E-02  1.98400000E-02  1.98300000E-02  0.00000000E+00  0.00000000E+00  0.00000000E+00  0.00000000E+00  0.00000000E+00  0.00000000E+00  0.00000000E+00  0.00000000E+00  0.00000000E+00  0.00000000E+00
 7.09250084E+00  2.68300000E-02  2.68500000E-02  1.54500000E-02  1.54700000E-02  1.45900000E-02  1.45800000E-02  1.66300000E-02  1.66200000E-02  0.00000000E+00  0.00000000E+00  0.00000000E+00  0.00000000E+00  0.00000000E+00  0.00000000E+00  0.00000000E+00  0.00000000E+00  0.00000000E+00  0.00000000E+00
 7.11250084E+00  2.37400000E-02  2.37500000E-02  1.49300000E-02  1.49400000E-02  1.56200000E-02  1.56100000E-02  1.50100000E-02  1.50000000E-02  0.00000000E+00  0.00000000E+00  0.00000000E+00  0.00000000E+00  0.00000000E+00  0.00000000E+00  0.00000000E+00  0.00000000E+00  0.00000000E+00  0.00000000E+00
 7.13150084E+00  2.50700000E-02  2.50900000E-02  1.61700000E-02  1.61800000E-02  1.75000000E-02  1.75000000E-02  1.56100000E-02  1.56000000E-02  0.00000000E+00  0.00000000E+00  0.00000000E+00  0.00000000E+00  0.00000000E+00  0.00000000E+00  0.00000000E+00  0.00000000E+00  0.00000000E+00  0.00000000E+00
 7.15050084E+00  2.96700000E-02  2.96900000E-02  1.87400000E-02  1.87500000E-02  1.92600000E-02  1.92600000E-02  1.76700000E-02  1.76700000E-02  0.00000000E+00  0.00000000E+00  0.00000000E+00  0.00000000E+00  0.00000000E+00  0.00000000E+00  0.00000000E+00  0.00000000E+00  0.00000000E+00  0.00000000E+00
 7.17050084E+00  3.42900000E-02  3.43200000E-02  2.09700000E-02  2.09800000E-02  1.98600000E-02  1.98500000E-02  1.95800000E-02  1.95900000E-02  0.00000000E+00  0.00000000E+00  0.00000000E+00  0.00000000E+00  0.00000000E+00  0.00000000E+00  0.00000000E+00  0.00000000E+00  0.00000000E+00  0.00000000E+00
 7.18950084E+00  3.57100000E-02  3.57400000E-02  2.11500000E-02  2.11500000E-02  1.92800000E-02  1.92800000E-02  2.02400000E-02  2.02500000E-02  0.00000000E+00  0.00000000E+00  0.00000000E+00  0.00000000E+00  0.00000000E+00  0.00000000E+00  0.00000000E+00  0.00000000E+00  0.00000000E+00  0.00000000E+00
 7.20850084E+00  3.30600000E-02  3.30900000E-02  1.89800000E-02  1.89800000E-02  1.85700000E-02  1.85700000E-02  1.97500000E-02  1.97600000E-02  0.00000000E+00  0.00000000E+00  0.00000000E+00  0.00000000E+00  0.00000000E+00  0.00000000E+00  0.00000000E+00  0.00000000E+00  0.00000000E+00  0.00000000E+00
 7.22850084E+00  2.79600000E-02  2.79900000E-02  1.59200000E-02  1.59200000E-02  1.89700000E-02  1.89700000E-02  1.89700000E-02  1.89900000E-02  0.00000000E+00  0.00000000E+00  0.00000000E+00  0.00000000E+00  0.00000000E+00  0.00000000E+00  0.00000000E+00  0.00000000E+00  0.00000000E+00  0.00000000E+00
 7.24750084E+00  2.25900000E-02  2.26200000E-02  1.38300000E-02  1.38300000E-02  2.08900000E-02  2.08900000E-02  1.86000000E-02  1.86100000E-02  0.00000000E+00  0.00000000E+00  0.00000000E+00  0.00000000E+00  0.00000000E+00  0.00000000E+00  0.00000000E+00  0.00000000E+00  0.00000000E+00  0.00000000E+00
 7.26650084E+00  1.82400000E-02  1.82700000E-02  1.34800000E-02  1.34800000E-02  2.33300000E-02  2.33200000E-02  1.85700000E-02  1.85900000E-02  0.00000000E+00  0.00000000E+00  0.00000000E+00  0.00000000E+00  0.00000000E+00  0.00000000E+00  0.00000000E+00  0.00000000E+00  0.00000000E+00  0.00000000E+00
 7.28550084E+00  1.53500000E-02  1.53800000E-02  1.44000000E-02  1.44000000E-02  2.44100000E-02  2.44000000E-02  1.84000000E-02  1.84200000E-02  0.00000000E+00  0.00000000E+00  0.00000000E+00  0.00000000E+00  0.00000000E+00  0.00000000E+00  0.00000000E+00  0.00000000E+00  0.00000000E+00  0.00000000E+00
 7.30550084E+00  1.41600000E-02  1.41800000E-02  1.58300000E-02  1.58200000E-02  2.30100000E-02  2.30100000E-02  1.77200000E-02  1.77400000E-02  0.00000000E+00  0.00000000E+00  0.00000000E+00  0.00000000E+00  0.00000000E+00  0.00000000E+00  0.00000000E+00  0.00000000E+00  0.00000000E+00  0.00000000E+00
 7.32450084E+00  1.47100000E-02  1.47200000E-02  1.72900000E-02  1.72900000E-02  2.00200000E-02  2.00100000E-02  1.67700000E-02  1.67800000E-02  0.00000000E+00  0.00000000E+00  0.00000000E+00  0.00000000E+00  0.00000000E+00  0.00000000E+00  0.00000000E+00  0.00000000E+00  0.00000000E+00  0.00000000E+00
 7.34350084E+00  1.64900000E-02  1.65000000E-02  1.83600000E-02  1.83600000E-02  1.75100000E-02  1.75100000E-02  1.61500000E-02  1.61700000E-02  0.00000000E+00  0.00000000E+00  0.00000000E+00  0.00000000E+00  0.00000000E+00  0.00000000E+00  0.00000000E+00  0.00000000E+00  0.00000000E+00  0.00000000E+00
 7.36350084E+00  1.82500000E-02  1.82700000E-02  1.83200000E-02  1.83200000E-02  1.66600000E-02  1.66500000E-02  1.60600000E-02  1.60800000E-02  0.00000000E+00  0.00000000E+00  0.00000000E+00  0.00000000E+00  0.00000000E+00  0.00000000E+00  0.00000000E+00  0.00000000E+00  0.00000000E+00  0.00000000E+00
 7.38250084E+00  1.86300000E-02  1.86600000E-02  1.68600000E-02  1.68700000E-02  1.66700000E-02  1.66700000E-02  1.59700000E-02  1.59900000E-02  0.00000000E+00  0.00000000E+00  0.00000000E+00  0.00000000E+00  0.00000000E+00  0.00000000E+00  0.00000000E+00  0.00000000E+00  0.00000000E+00  0.00000000E+00
 7.40150084E+00  1.71200000E-02  1.71500000E-02  1.45800000E-02  1.45800000E-02  1.61000000E-02  1.60900000E-02  1.53400000E-02  1.53600000E-02  0.00000000E+00  0.00000000E+00  0.00000000E+00  0.00000000E+00  0.00000000E+00  0.00000000E+00  0.00000000E+00  0.00000000E+00  0.00000000E+00  0.00000000E+00
 7.42150084E+00  1.45400000E-02  1.45800000E-02  1.23400000E-02  1.23400000E-02  1.45300000E-02  1.45300000E-02  1.43100000E-02  1.43200000E-02  0.00000000E+00  0.00000000E+00  0.00000000E+00  0.00000000E+00  0.00000000E+00  0.00000000E+00  0.00000000E+00  0.00000000E+00  0.00000000E+00  0.00000000E+00
 7.44050084E+00  1.23400000E-02  1.23700000E-02  1.05900000E-02  1.05900000E-02  1.27500000E-02  1.27500000E-02  1.36100000E-02  1.36100000E-02  0.00000000E+00  0.00000000E+00  0.00000000E+00  0.00000000E+00  0.00000000E+00  0.00000000E+00  0.00000000E+00  0.00000000E+00  0.00000000E+00  0.00000000E+00
 7.45950084E+00  1.13400000E-02  1.13600000E-02  9.36700000E-03  9.35900000E-03  1.17200000E-02  1.17200000E-02  1.39500000E-02  1.39400000E-02  0.00000000E+00  0.00000000E+00  0.00000000E+00  0.00000000E+00  0.00000000E+00  0.00000000E+00  0.00000000E+00  0.00000000E+00  0.00000000E+00  0.00000000E+00
 7.47850084E+00  1.15100000E-02  1.15200000E-02  8.67700000E-03  8.66700000E-03  1.17400000E-02  1.17400000E-02  1.55100000E-02  1.54900000E-02  0.00000000E+00  0.00000000E+00  0.00000000E+00  0.00000000E+00  0.00000000E+00  0.00000000E+00  0.00000000E+00  0.00000000E+00  0.00000000E+00  0.00000000E+00
 7.49850084E+00  1.23900000E-02  1.23900000E-02  8.60100000E-03  8.58900000E-03  1.24200000E-02  1.24200000E-02  1.80400000E-02  1.80200000E-02  0.00000000E+00  0.00000000E+00  0.00000000E+00  0.00000000E+00  0.00000000E+00  0.00000000E+00  0.00000000E+00  0.00000000E+00  0.00000000E+00  0.00000000E+00
 7.51750084E+00  1.34600000E-02  1.34600000E-02  9.09300000E-03  9.07800000E-03  1.30500000E-02  1.30600000E-02  2.11500000E-02  2.11400000E-02  0.00000000E+00  0.00000000E+00  0.00000000E+00  0.00000000E+00  0.00000000E+00  0.00000000E+00  0.00000000E+00  0.00000000E+00  0.00000000E+00  0.00000000E+00
 7.53650084E+00  1.40300000E-02  1.40200000E-02  9.88100000E-03  9.86600000E-03  1.33000000E-02  1.33000000E-02  2.45100000E-02  2.45000000E-02  0.00000000E+00  0.00000000E+00  0.00000000E+00  0.00000000E+00  0.00000000E+00  0.00000000E+00  0.00000000E+00  0.00000000E+00  0.00000000E+00  0.00000000E+00
 7.55650084E+00  1.35100000E-02  1.35100000E-02  1.07100000E-02  1.07000000E-02  1.34400000E-02  1.34400000E-02  2.82300000E-02  2.82100000E-02  0.00000000E+00  0.00000000E+00  0.00000000E+00  0.00000000E+00  0.00000000E+00  0.00000000E+00  0.00000000E+00  0.00000000E+00  0.00000000E+00  0.00000000E+00
 7.57550084E+00  1.20300000E-02  1.20300000E-02  1.17000000E-02  1.17000000E-02  1.40800000E-02  1.40900000E-02  3.31900000E-02  3.31600000E-02  0.00000000E+00  0.00000000E+00  0.00000000E+00  0.00000000E+00  0.00000000E+00  0.00000000E+00  0.00000000E+00  0.00000000E+00  0.00000000E+00  0.00000000E+00
 7.59450084E+00  1.05000000E-02  1.05000000E-02  1.33000000E-02  1.33100000E-02  1.55200000E-02  1.55300000E-02  4.03300000E-02  4.02800000E-02  0.00000000E+00  0.00000000E+00  0.00000000E+00  0.00000000E+00  0.00000000E+00  0.00000000E+00  0.00000000E+00  0.00000000E+00  0.00000000E+00  0.00000000E+00
 7.61350084E+00  9.81500000E-03  9.82100000E-03  1.55900000E-02  1.56000000E-02  1.73300000E-02  1.73400000E-02  4.88100000E-02  4.87600000E-02  0.00000000E+00  0.00000000E+00  0.00000000E+00  0.00000000E+00  0.00000000E+00  0.00000000E+00  0.00000000E+00  0.00000000E+00  0.00000000E+00  0.00000000E+00
 7.63350084E+00  9.92700000E-03  9.93600000E-03  1.77600000E-02  1.77800000E-02  1.86100000E-02  1.86100000E-02  5.51800000E-02  5.51200000E-02  0.00000000E+00  0.00000000E+00  0.00000000E+00  0.00000000E+00  0.00000000E+00  0.00000000E+00  0.00000000E+00  0.00000000E+00  0.00000000E+00  0.00000000E+00
 7.65250084E+00  9.98500000E-03  9.99500000E-03  1.86700000E-02  1.86900000E-02  1.86300000E-02  1.86300000E-02  5.55100000E-02  5.54500000E-02  0.00000000E+00  0.00000000E+00  0.00000000E+00  0.00000000E+00  0.00000000E+00  0.00000000E+00  0.00000000E+00  0.00000000E+00  0.00000000E+00  0.00000000E+00
 7.67150084E+00  9.44700000E-03  9.45500000E-03  1.79500000E-02  1.79700000E-02  1.75000000E-02  1.75000000E-02  4.95400000E-02  4.94900000E-02  0.00000000E+00  0.00000000E+00  0.00000000E+00  0.00000000E+00  0.00000000E+00  0.00000000E+00  0.00000000E+00  0.00000000E+00  0.00000000E+00  0.00000000E+00
 7.69150084E+00  8.71300000E-03  8.71800000E-03  1.64200000E-02  1.64300000E-02  1.61400000E-02  1.61500000E-02  4.18500000E-02  4.18000000E-02  0.00000000E+00  0.00000000E+00  0.00000000E+00  0.00000000E+00  0.00000000E+00  0.00000000E+00  0.00000000E+00  0.00000000E+00  0.00000000E+00  0.00000000E+00
 7.71050084E+00  8.51400000E-03  8.51900000E-03  1.52000000E-02  1.52200000E-02  1.55400000E-02  1.55500000E-02  3.79500000E-02  3.79100000E-02  0.00000000E+00  0.00000000E+00  0.00000000E+00  0.00000000E+00  0.00000000E+00  0.00000000E+00  0.00000000E+00  0.00000000E+00  0.00000000E+00  0.00000000E+00
 7.72950084E+00  9.08400000E-03  9.08900000E-03  1.48400000E-02  1.48600000E-02  1.61300000E-02  1.61400000E-02  3.98800000E-02  3.98500000E-02  0.00000000E+00  0.00000000E+00  0.00000000E+00  0.00000000E+00  0.00000000E+00  0.00000000E+00  0.00000000E+00  0.00000000E+00  0.00000000E+00  0.00000000E+00
 7.74950084E+00  1.01700000E-02  1.01700000E-02  1.54200000E-02  1.54300000E-02  1.79000000E-02  1.79100000E-02  4.61900000E-02  4.61800000E-02  0.00000000E+00  0.00000000E+00  0.00000000E+00  0.00000000E+00  0.00000000E+00  0.00000000E+00  0.00000000E+00  0.00000000E+00  0.00000000E+00  0.00000000E+00
 7.76850084E+00  1.14300000E-02  1.14300000E-02  1.69200000E-02  1.69300000E-02  2.04900000E-02  2.05000000E-02  5.47200000E-02  5.47300000E-02  0.00000000E+00  0.00000000E+00  0.00000000E+00  0.00000000E+00  0.00000000E+00  0.00000000E+00  0.00000000E+00  0.00000000E+00  0.00000000E+00  0.00000000E+00
 7.78750084E+00  1.24700000E-02  1.24500000E-02  1.89900000E-02  1.90000000E-02  2.28100000E-02  2.28200000E-02  6.32800000E-02  6.32800000E-02  0.00000000E+00  0.00000000E+00  0.00000000E+00  0.00000000E+00  0.00000000E+00  0.00000000E+00  0.00000000E+00  0.00000000E+00  0.00000000E+00  0.00000000E+00
 7.80650084E+00  1.27800000E-02  1.27500000E-02  2.07600000E-02  2.07800000E-02  2.33400000E-02  2.33400000E-02  6.90200000E-02  6.90100000E-02  0.00000000E+00  0.00000000E+00  0.00000000E+00  0.00000000E+00  0.00000000E+00  0.00000000E+00  0.00000000E+00  0.00000000E+00  0.00000000E+00  0.00000000E+00
 7.82650084E+00  1.21100000E-02  1.20900000E-02  2.15900000E-02  2.16100000E-02  2.16500000E-02  2.16500000E-02  6.99000000E-02  6.98600000E-02  0.00000000E+00  0.00000000E+00  0.00000000E+00  0.00000000E+00  0.00000000E+00  0.00000000E+00  0.00000000E+00  0.00000000E+00  0.00000000E+00  0.00000000E+00
 7.84550084E+00  1.09300000E-02  1.09200000E-02  2.16000000E-02  2.16300000E-02  1.91100000E-02  1.91200000E-02  6.66500000E-02  6.65900000E-02  0.00000000E+00  0.00000000E+00  0.00000000E+00  0.00000000E+00  0.00000000E+00  0.00000000E+00  0.00000000E+00  0.00000000E+00  0.00000000E+00  0.00000000E+00
 7.86450084E+00  1.00600000E-02  1.00700000E-02  2.12300000E-02  2.12600000E-02  1.77600000E-02  1.77800000E-02  6.15900000E-02  6.15300000E-02  0.00000000E+00  0.00000000E+00  0.00000000E+00  0.00000000E+00  0.00000000E+00  0.00000000E+00  0.00000000E+00  0.00000000E+00  0.00000000E+00  0.00000000E+00
 7.88450084E+00  9.95300000E-03  9.97000000E-03  2.06700000E-02  2.06800000E-02  1.86400000E-02  1.86700000E-02  5.61800000E-02  5.61400000E-02  0.00000000E+00  0.00000000E+00  0.00000000E+00  0.00000000E+00  0.00000000E+00  0.00000000E+00  0.00000000E+00  0.00000000E+00  0.00000000E+00  0.00000000E+00
 7.90350084E+00  1.03600000E-02  1.03800000E-02  1.98900000E-02  1.99000000E-02  2.13000000E-02  2.13300000E-02  5.09100000E-02  5.09100000E-02  0.00000000E+00  0.00000000E+00  0.00000000E+00  0.00000000E+00  0.00000000E+00  0.00000000E+00  0.00000000E+00  0.00000000E+00  0.00000000E+00  0.00000000E+00
 7.92250084E+00  1.07100000E-02  1.07300000E-02  1.90400000E-02  1.90400000E-02  2.41300000E-02  2.41500000E-02  4.63800000E-02  4.63900000E-02  0.00000000E+00  0.00000000E+00  0.00000000E+00  0.00000000E+00  0.00000000E+00  0.00000000E+00  0.00000000E+00  0.00000000E+00  0.00000000E+00  0.00000000E+00
 7.94150084E+00  1.06800000E-02  1.06900000E-02  1.83000000E-02  1.82900000E-02  2.50500000E-02  2.50600000E-02  4.34000000E-02  4.33800000E-02  0.00000000E+00  0.00000000E+00  0.00000000E+00  0.00000000E+00  0.00000000E+00  0.00000000E+00  0.00000000E+00  0.00000000E+00  0.00000000E+00  0.00000000E+00
 7.96150084E+00  1.03500000E-02  1.03500000E-02  1.76500000E-02  1.76300000E-02  2.29400000E-02  2.29300000E-02  4.26000000E-02  4.25300000E-02  0.00000000E+00  0.00000000E+00  0.00000000E+00  0.00000000E+00  0.00000000E+00  0.00000000E+00  0.00000000E+00  0.00000000E+00  0.00000000E+00  0.00000000E+00
 7.98050084E+00  1.00200000E-02  1.00200000E-02  1.69700000E-02  1.69500000E-02  1.86600000E-02  1.86600000E-02  4.45500000E-02  4.44300000E-02  0.00000000E+00  0.00000000E+00  0.00000000E+00  0.00000000E+00  0.00000000E+00  0.00000000E+00  0.00000000E+00  0.00000000E+00  0.00000000E+00  0.00000000E+00
 7.99950084E+00  9.78900000E-03  9.78500000E-03  1.63800000E-02  1.63600000E-02  1.43300000E-02  1.43300000E-02  4.95600000E-02  4.94200000E-02  0.00000000E+00  0.00000000E+00  0.00000000E+00  0.00000000E+00  0.00000000E+00  0.00000000E+00  0.00000000E+00  0.00000000E+00  0.00000000E+00  0.00000000E+00
 8.01950084E+00  9.50200000E-03  9.50100000E-03  1.61800000E-02  1.61600000E-02  1.16100000E-02  1.16000000E-02  5.65900000E-02  5.64300000E-02  0.00000000E+00  0.00000000E+00  0.00000000E+00  0.00000000E+00  0.00000000E+00  0.00000000E+00  0.00000000E+00  0.00000000E+00  0.00000000E+00  0.00000000E+00
 8.03850084E+00  9.01700000E-03  9.02000000E-03  1.65200000E-02  1.65200000E-02  1.09400000E-02  1.09400000E-02  6.30400000E-02  6.28600000E-02  0.00000000E+00  0.00000000E+00  0.00000000E+00  0.00000000E+00  0.00000000E+00  0.00000000E+00  0.00000000E+00  0.00000000E+00  0.00000000E+00  0.00000000E+00
 8.05750084E+00  8.47200000E-03  8.48100000E-03  1.74700000E-02  1.74800000E-02  1.20100000E-02  1.20200000E-02  6.69800000E-02  6.67800000E-02  0.00000000E+00  0.00000000E+00  0.00000000E+00  0.00000000E+00  0.00000000E+00  0.00000000E+00  0.00000000E+00  0.00000000E+00  0.00000000E+00  0.00000000E+00
 8.07750084E+00  8.23700000E-03  8.25100000E-03  1.92000000E-02  1.92200000E-02  1.40400000E-02  1.40500000E-02  6.88200000E-02  6.86000000E-02  0.00000000E+00  0.00000000E+00  0.00000000E+00  0.00000000E+00  0.00000000E+00  0.00000000E+00  0.00000000E+00  0.00000000E+00  0.00000000E+00  0.00000000E+00
 8.09650084E+00  8.56300000E-03  8.57900000E-03  2.15000000E-02  2.15300000E-02  1.59200000E-02  1.59400000E-02  6.93800000E-02  6.91500000E-02  0.00000000E+00  0.00000000E+00  0.00000000E+00  0.00000000E+00  0.00000000E+00  0.00000000E+00  0.00000000E+00  0.00000000E+00  0.00000000E+00  0.00000000E+00
 8.11550084E+00  9.25400000E-03  9.26400000E-03  2.33000000E-02  2.33300000E-02  1.65600000E-02  1.65800000E-02  6.77300000E-02  6.74900000E-02  0.00000000E+00  0.00000000E+00  0.00000000E+00  0.00000000E+00  0.00000000E+00  0.00000000E+00  0.00000000E+00  0.00000000E+00  0.00000000E+00  0.00000000E+00
 8.13450084E+00  9.81200000E-03  9.80700000E-03  2.32900000E-02  2.33200000E-02  1.56400000E-02  1.56600000E-02  6.26200000E-02  6.24000000E-02  0.00000000E+00  0.00000000E+00  0.00000000E+00  0.00000000E+00  0.00000000E+00  0.00000000E+00  0.00000000E+00  0.00000000E+00  0.00000000E+00  0.00000000E+00
 8.15450084E+00  9.96400000E-03  9.94100000E-03  2.11800000E-02  2.12200000E-02  1.39900000E-02  1.40200000E-02  5.48300000E-02  5.46400000E-02  0.00000000E+00  0.00000000E+00  0.00000000E+00  0.00000000E+00  0.00000000E+00  0.00000000E+00  0.00000000E+00  0.00000000E+00  0.00000000E+00  0.00000000E+00
 8.17350084E+00  9.81400000E-03  9.77700000E-03  1.79900000E-02  1.80300000E-02  1.29200000E-02  1.29500000E-02  4.66400000E-02  4.65000000E-02  0.00000000E+00  0.00000000E+00  0.00000000E+00  0.00000000E+00  0.00000000E+00  0.00000000E+00  0.00000000E+00  0.00000000E+00  0.00000000E+00  0.00000000E+00
 8.19250084E+00  9.46800000E-03  9.42700000E-03  1.49700000E-02  1.50100000E-02  1.29400000E-02  1.29600000E-02  3.99900000E-02  3.99000000E-02  0.00000000E+00  0.00000000E+00  0.00000000E+00  0.00000000E+00  0.00000000E+00  0.00000000E+00  0.00000000E+00  0.00000000E+00  0.00000000E+00  0.00000000E+00
 8.21250084E+00  8.80900000E-03  8.77000000E-03  1.27600000E-02  1.27700000E-02  1.32400000E-02  1.32400000E-02  3.55300000E-02  3.54800000E-02  0.00000000E+00  0.00000000E+00  0.00000000E+00  0.00000000E+00  0.00000000E+00  0.00000000E+00  0.00000000E+00  0.00000000E+00  0.00000000E+00  0.00000000E+00
 8.23150084E+00  7.73300000E-03  7.70200000E-03  1.14100000E-02  1.14000000E-02  1.26900000E-02  1.26600000E-02  3.27100000E-02  3.26700000E-02  0.00000000E+00  0.00000000E+00  0.00000000E+00  0.00000000E+00  0.00000000E+00  0.00000000E+00  0.00000000E+00  0.00000000E+00  0.00000000E+00  0.00000000E+00
 8.25050084E+00  6.48200000E-03  6.46300000E-03  1.09200000E-02  1.08900000E-02  1.11900000E-02  1.11600000E-02  3.05800000E-02  3.05300000E-02  0.00000000E+00  0.00000000E+00  0.00000000E+00  0.00000000E+00  0.00000000E+00  0.00000000E+00  0.00000000E+00  0.00000000E+00  0.00000000E+00  0.00000000E+00
 8.26950084E+00  5.57300000E-03  5.56400000E-03  1.14000000E-02  1.13700000E-02  9.70000000E-03  9.67600000E-03  2.87600000E-02  2.87200000E-02  0.00000000E+00  0.00000000E+00  0.00000000E+00  0.00000000E+00  0.00000000E+00  0.00000000E+00  0.00000000E+00  0.00000000E+00  0.00000000E+00  0.00000000E+00
 8.28950084E+00  5.34900000E-03  5.34400000E-03  1.28000000E-02  1.27800000E-02  9.01700000E-03  9.01400000E-03  2.75600000E-02  2.75300000E-02  0.00000000E+00  0.00000000E+00  0.00000000E+00  0.00000000E+00  0.00000000E+00  0.00000000E+00  0.00000000E+00  0.00000000E+00  0.00000000E+00  0.00000000E+00
 8.30850084E+00  5.66300000E-03  5.65800000E-03  1.45600000E-02  1.45500000E-02  9.11200000E-03  9.12900000E-03  2.72100000E-02  2.72100000E-02  0.00000000E+00  0.00000000E+00  0.00000000E+00  0.00000000E+00  0.00000000E+00  0.00000000E+00  0.00000000E+00  0.00000000E+00  0.00000000E+00  0.00000000E+00
 8.32750084E+00  6.07800000E-03  6.07400000E-03  1.58700000E-02  1.58600000E-02  9.37700000E-03  9.40800000E-03  2.75100000E-02  2.75100000E-02  0.00000000E+00  0.00000000E+00  0.00000000E+00  0.00000000E+00  0.00000000E+00  0.00000000E+00  0.00000000E+00  0.00000000E+00  0.00000000E+00  0.00000000E+00
 8.34750084E+00  6.35800000E-03  6.35700000E-03  1.62100000E-02  1.62000000E-02  9.29800000E-03  9.33400000E-03  2.79400000E-02  2.79500000E-02  0.00000000E+00  0.00000000E+00  0.00000000E+00  0.00000000E+00  0.00000000E+00  0.00000000E+00  0.00000000E+00  0.00000000E+00  0.00000000E+00  0.00000000E+00
 8.36650084E+00  6.64800000E-03  6.64600000E-03  1.55500000E-02  1.55400000E-02  8.87400000E-03  8.90600000E-03  2.82100000E-02  2.82300000E-02  0.00000000E+00  0.00000000E+00  0.00000000E+00  0.00000000E+00  0.00000000E+00  0.00000000E+00  0.00000000E+00  0.00000000E+00  0.00000000E+00  0.00000000E+00
 8.38550084E+00  7.10000000E-03  7.09100000E-03  1.41900000E-02  1.41900000E-02  8.55000000E-03  8.57500000E-03  2.83700000E-02  2.84300000E-02  0.00000000E+00  0.00000000E+00  0.00000000E+00  0.00000000E+00  0.00000000E+00  0.00000000E+00  0.00000000E+00  0.00000000E+00  0.00000000E+00  0.00000000E+00
 8.40550084E+00  7.51300000E-03  7.49100000E-03  1.27300000E-02  1.27400000E-02  8.86300000E-03  8.88000000E-03  2.87400000E-02  2.88200000E-02  0.00000000E+00  0.00000000E+00  0.00000000E+00  0.00000000E+00  0.00000000E+00  0.00000000E+00  0.00000000E+00  0.00000000E+00  0.00000000E+00  0.00000000E+00
 8.42450084E+00  7.55700000E-03  7.52100000E-03  1.19400000E-02  1.19800000E-02  1.00600000E-02  1.00700000E-02  2.94600000E-02  2.95100000E-02  0.00000000E+00  0.00000000E+00  0.00000000E+00  0.00000000E+00  0.00000000E+00  0.00000000E+00  0.00000000E+00  0.00000000E+00  0.00000000E+00  0.00000000E+00
 8.44350084E+00  7.22500000E-03  7.18100000E-03  1.22800000E-02  1.23400000E-02  1.19000000E-02  1.18900000E-02  3.03300000E-02  3.03300000E-02  0.00000000E+00  0.00000000E+00  0.00000000E+00  0.00000000E+00  0.00000000E+00  0.00000000E+00  0.00000000E+00  0.00000000E+00  0.00000000E+00  0.00000000E+00
 8.46250084E+00  6.83600000E-03  6.79200000E-03  1.33200000E-02  1.33900000E-02  1.38200000E-02  1.38000000E-02  3.12700000E-02  3.12000000E-02  0.00000000E+00  0.00000000E+00  0.00000000E+00  0.00000000E+00  0.00000000E+00  0.00000000E+00  0.00000000E+00  0.00000000E+00  0.00000000E+00  0.00000000E+00
 8.48250084E+00  6.66900000E-03  6.62800000E-03  1.40300000E-02  1.41100000E-02  1.55200000E-02  1.54800000E-02  3.24500000E-02  3.23000000E-02  0.00000000E+00  0.00000000E+00  0.00000000E+00  0.00000000E+00  0.00000000E+00  0.00000000E+00  0.00000000E+00  0.00000000E+00  0.00000000E+00  0.00000000E+00
 8.50150084E+00  6.76000000E-03  6.72300000E-03  1.38500000E-02  1.39300000E-02  1.70600000E-02  1.70200000E-02  3.37300000E-02  3.34900000E-02  0.00000000E+00  0.00000000E+00  0.00000000E+00  0.00000000E+00  0.00000000E+00  0.00000000E+00  0.00000000E+00  0.00000000E+00  0.00000000E+00  0.00000000E+00
 8.52050084E+00  7.00500000E-03  6.96900000E-03  1.31300000E-02  1.32000000E-02  1.84200000E-02  1.83700000E-02  3.42500000E-02  3.39800000E-02  0.00000000E+00  0.00000000E+00  0.00000000E+00  0.00000000E+00  0.00000000E+00  0.00000000E+00  0.00000000E+00  0.00000000E+00  0.00000000E+00  0.00000000E+00
 8.54050084E+00  7.32700000E-03  7.29500000E-03  1.26300000E-02  1.26800000E-02  1.91300000E-02  1.90800000E-02  3.34700000E-02  3.32400000E-02  0.00000000E+00  0.00000000E+00  0.00000000E+00  0.00000000E+00  0.00000000E+00  0.00000000E+00  0.00000000E+00  0.00000000E+00  0.00000000E+00  0.00000000E+00
 8.55950084E+00  7.72100000E-03  7.69400000E-03  1.28000000E-02  1.28200000E-02  1.87800000E-02  1.87300000E-02  3.18300000E-02  3.17100000E-02  0.00000000E+00  0.00000000E+00  0.00000000E+00  0.00000000E+00  0.00000000E+00  0.00000000E+00  0.00000000E+00  0.00000000E+00  0.00000000E+00  0.00000000E+00
 8.57850084E+00  8.13400000E-03  8.11300000E-03  1.36000000E-02  1.35900000E-02  1.75900000E-02  1.75500000E-02  3.01200000E-02  3.01300000E-02  0.00000000E+00  0.00000000E+00  0.00000000E+00  0.00000000E+00  0.00000000E+00  0.00000000E+00  0.00000000E+00  0.00000000E+00  0.00000000E+00  0.00000000E+00
 8.59850084E+00  8.33400000E-03  8.31800000E-03  1.46800000E-02  1.46800000E-02  1.62400000E-02  1.62200000E-02  2.86100000E-02  2.87500000E-02  0.00000000E+00  0.00000000E+00  0.00000000E+00  0.00000000E+00  0.00000000E+00  0.00000000E+00  0.00000000E+00  0.00000000E+00  0.00000000E+00  0.00000000E+00
 8.61750084E+00  8.02100000E-03  8.00700000E-03  1.55300000E-02  1.55800000E-02  1.52000000E-02  1.51900000E-02  2.72400000E-02  2.74700000E-02  0.00000000E+00  0.00000000E+00  0.00000000E+00  0.00000000E+00  0.00000000E+00  0.00000000E+00  0.00000000E+00  0.00000000E+00  0.00000000E+00  0.00000000E+00
 8.63650084E+00  7.18400000E-03  7.16600000E-03  1.56600000E-02  1.57700000E-02  1.44900000E-02  1.44900000E-02  2.58600000E-02  2.61300000E-02  0.00000000E+00  0.00000000E+00  0.00000000E+00  0.00000000E+00  0.00000000E+00  0.00000000E+00  0.00000000E+00  0.00000000E+00  0.00000000E+00  0.00000000E+00
 8.65550084E+00  6.25300000E-03  6.22400000E-03  1.49300000E-02  1.50800000E-02  1.39000000E-02  1.38900000E-02  2.43100000E-02  2.45400000E-02  0.00000000E+00  0.00000000E+00  0.00000000E+00  0.00000000E+00  0.00000000E+00  0.00000000E+00  0.00000000E+00  0.00000000E+00  0.00000000E+00  0.00000000E+00
 8.67550084E+00  5.77100000E-03  5.73000000E-03  1.37700000E-02  1.39200000E-02  1.34000000E-02  1.33700000E-02  2.26700000E-02  2.28200000E-02  0.00000000E+00  0.00000000E+00  0.00000000E+00  0.00000000E+00  0.00000000E+00  0.00000000E+00  0.00000000E+00  0.00000000E+00  0.00000000E+00  0.00000000E+00
 8.69450084E+00  5.93000000E-03  5.88700000E-03  1.27700000E-02  1.29000000E-02  1.31100000E-02  1.30700000E-02  2.13000000E-02  2.13900000E-02  0.00000000E+00  0.00000000E+00  0.00000000E+00  0.00000000E+00  0.00000000E+00  0.00000000E+00  0.00000000E+00  0.00000000E+00  0.00000000E+00  0.00000000E+00
 8.71350084E+00  6.51900000E-03  6.49300000E-03  1.23000000E-02  1.24100000E-02  1.29500000E-02  1.29000000E-02  2.01700000E-02  2.02400000E-02  0.00000000E+00  0.00000000E+00  0.00000000E+00  0.00000000E+00  0.00000000E+00  0.00000000E+00  0.00000000E+00  0.00000000E+00  0.00000000E+00  0.00000000E+00
 8.73350084E+00  7.27700000E-03  7.28100000E-03  1.26500000E-02  1.27400000E-02  1.26300000E-02  1.26200000E-02  1.88000000E-02  1.89100000E-02  0.00000000E+00  0.00000000E+00  0.00000000E+00  0.00000000E+00  0.00000000E+00  0.00000000E+00  0.00000000E+00  0.00000000E+00  0.00000000E+00  0.00000000E+00
 8.75250084E+00  8.13600000E-03  8.16300000E-03  1.39900000E-02  1.40400000E-02  1.22900000E-02  1.23200000E-02  1.70500000E-02  1.72100000E-02  0.00000000E+00  0.00000000E+00  0.00000000E+00  0.00000000E+00  0.00000000E+00  0.00000000E+00  0.00000000E+00  0.00000000E+00  0.00000000E+00  0.00000000E+00
 8.77150084E+00  9.07100000E-03  9.09800000E-03  1.58900000E-02  1.58900000E-02  1.23600000E-02  1.24300000E-02  1.54300000E-02  1.56400000E-02  0.00000000E+00  0.00000000E+00  0.00000000E+00  0.00000000E+00  0.00000000E+00  0.00000000E+00  0.00000000E+00  0.00000000E+00  0.00000000E+00  0.00000000E+00
 8.79050084E+00  9.90400000E-03  9.91200000E-03  1.72200000E-02  1.71800000E-02  1.30200000E-02  1.31200000E-02  1.45700000E-02  1.48000000E-02  0.00000000E+00  0.00000000E+00  0.00000000E+00  0.00000000E+00  0.00000000E+00  0.00000000E+00  0.00000000E+00  0.00000000E+00  0.00000000E+00  0.00000000E+00
 8.81050084E+00  1.04600000E-02  1.04500000E-02  1.71300000E-02  1.70700000E-02  1.41300000E-02  1.42200000E-02  1.46600000E-02  1.48600000E-02  0.00000000E+00  0.00000000E+00  0.00000000E+00  0.00000000E+00  0.00000000E+00  0.00000000E+00  0.00000000E+00  0.00000000E+00  0.00000000E+00  0.00000000E+00
 8.82950084E+00  1.07400000E-02  1.07300000E-02  1.59800000E-02  1.59200000E-02  1.54500000E-02  1.55200000E-02  1.54600000E-02  1.56300000E-02  0.00000000E+00  0.00000000E+00  0.00000000E+00  0.00000000E+00  0.00000000E+00  0.00000000E+00  0.00000000E+00  0.00000000E+00  0.00000000E+00  0.00000000E+00
 8.84850084E+00  1.08100000E-02  1.08200000E-02  1.50300000E-02  1.49900000E-02  1.67300000E-02  1.67500000E-02  1.68000000E-02  1.69300000E-02  0.00000000E+00  0.00000000E+00  0.00000000E+00  0.00000000E+00  0.00000000E+00  0.00000000E+00  0.00000000E+00  0.00000000E+00  0.00000000E+00  0.00000000E+00
 8.86850084E+00  1.06400000E-02  1.06700000E-02  1.52300000E-02  1.52000000E-02  1.75500000E-02  1.75300000E-02  1.86300000E-02  1.87400000E-02  0.00000000E+00  0.00000000E+00  0.00000000E+00  0.00000000E+00  0.00000000E+00  0.00000000E+00  0.00000000E+00  0.00000000E+00  0.00000000E+00  0.00000000E+00
 8.88750084E+00  1.03300000E-02  1.03800000E-02  1.64900000E-02  1.64400000E-02  1.75700000E-02  1.75500000E-02  2.08600000E-02  2.09300000E-02  0.00000000E+00  0.00000000E+00  0.00000000E+00  0.00000000E+00  0.00000000E+00  0.00000000E+00  0.00000000E+00  0.00000000E+00  0.00000000E+00  0.00000000E+00
 8.90650084E+00  1.01100000E-02  1.01700000E-02  1.79100000E-02  1.78200000E-02  1.68500000E-02  1.68400000E-02  2.29300000E-02  2.29600000E-02  0.00000000E+00  0.00000000E+00  0.00000000E+00  0.00000000E+00  0.00000000E+00  0.00000000E+00  0.00000000E+00  0.00000000E+00  0.00000000E+00  0.00000000E+00
 8.92650084E+00  1.00100000E-02  1.00700000E-02  1.85400000E-02  1.83900000E-02  1.59000000E-02  1.59100000E-02  2.40800000E-02  2.40700000E-02  0.00000000E+00  0.00000000E+00  0.00000000E+00  0.00000000E+00  0.00000000E+00  0.00000000E+00  0.00000000E+00  0.00000000E+00  0.00000000E+00  0.00000000E+00
 8.94550084E+00  9.87200000E-03  9.91200000E-03  1.80600000E-02  1.78800000E-02  1.53700000E-02  1.53900000E-02  2.40800000E-02  2.40100000E-02  0.00000000E+00  0.00000000E+00  0.00000000E+00  0.00000000E+00  0.00000000E+00  0.00000000E+00  0.00000000E+00  0.00000000E+00  0.00000000E+00  0.00000000E+00
 8.96450084E+00  9.80600000E-03  9.84300000E-03  1.68700000E-02  1.67000000E-02  1.55400000E-02  1.55600000E-02  2.34400000E-02  2.32900000E-02  0.00000000E+00  0.00000000E+00  0.00000000E+00  0.00000000E+00  0.00000000E+00  0.00000000E+00  0.00000000E+00  0.00000000E+00  0.00000000E+00  0.00000000E+00
 8.98350084E+00  1.03100000E-02  1.03800000E-02  1.55000000E-02  1.53900000E-02  1.61500000E-02  1.61800000E-02  2.26100000E-02  2.24000000E-02  0.00000000E+00  0.00000000E+00  0.00000000E+00  0.00000000E+00  0.00000000E+00  0.00000000E+00  0.00000000E+00  0.00000000E+00  0.00000000E+00  0.00000000E+00
 9.00350084E+00  1.16100000E-02  1.17400000E-02  1.41300000E-02  1.41000000E-02  1.65400000E-02  1.66000000E-02  2.15000000E-02  2.13000000E-02  0.00000000E+00  0.00000000E+00  0.00000000E+00  0.00000000E+00  0.00000000E+00  0.00000000E+00  0.00000000E+00  0.00000000E+00  0.00000000E+00  0.00000000E+00
 9.02250084E+00  1.33400000E-02  1.35000000E-02  1.28300000E-02  1.28800000E-02  1.61800000E-02  1.62700000E-02  2.01100000E-02  1.99500000E-02  0.00000000E+00  0.00000000E+00  0.00000000E+00  0.00000000E+00  0.00000000E+00  0.00000000E+00  0.00000000E+00  0.00000000E+00  0.00000000E+00  0.00000000E+00
 9.04150084E+00  1.49400000E-02  1.50900000E-02  1.20100000E-02  1.21100000E-02  1.51300000E-02  1.52300000E-02  1.90600000E-02  1.89400000E-02  0.00000000E+00  0.00000000E+00  0.00000000E+00  0.00000000E+00  0.00000000E+00  0.00000000E+00  0.00000000E+00  0.00000000E+00  0.00000000E+00  0.00000000E+00
 9.06150084E+00  1.61500000E-02  1.62400000E-02  1.20000000E-02  1.21100000E-02  1.38800000E-02  1.39500000E-02  1.89700000E-02  1.88600000E-02  0.00000000E+00  0.00000000E+00  0.00000000E+00  0.00000000E+00  0.00000000E+00  0.00000000E+00  0.00000000E+00  0.00000000E+00  0.00000000E+00  0.00000000E+00
 9.08050084E+00  1.67800000E-02  1.68000000E-02  1.24200000E-02  1.25000000E-02  1.26500000E-02  1.26800000E-02  1.96400000E-02  1.95900000E-02  0.00000000E+00  0.00000000E+00  0.00000000E+00  0.00000000E+00  0.00000000E+00  0.00000000E+00  0.00000000E+00  0.00000000E+00  0.00000000E+00  0.00000000E+00
 9.09950084E+00  1.66700000E-02  1.66200000E-02  1.27000000E-02  1.27200000E-02  1.12800000E-02  1.12700000E-02  2.04800000E-02  2.05700000E-02  0.00000000E+00  0.00000000E+00  0.00000000E+00  0.00000000E+00  0.00000000E+00  0.00000000E+00  0.00000000E+00  0.00000000E+00  0.00000000E+00  0.00000000E+00
 9.11850084E+00  1.59500000E-02  1.58700000E-02  1.28800000E-02  1.28200000E-02  9.92300000E-03  9.91100000E-03  2.12200000E-02  2.15200000E-02  0.00000000E+00  0.00000000E+00  0.00000000E+00  0.00000000E+00  0.00000000E+00  0.00000000E+00  0.00000000E+00  0.00000000E+00  0.00000000E+00  0.00000000E+00
 9.13850084E+00  1.50600000E-02  1.49900000E-02  1.32500000E-02  1.31500000E-02  9.23300000E-03  9.24900000E-03  2.17300000E-02  2.22600000E-02  0.00000000E+00  0.00000000E+00  0.00000000E+00  0.00000000E+00  0.00000000E+00  0.00000000E+00  0.00000000E+00  0.00000000E+00  0.00000000E+00  0.00000000E+00
 9.15750084E+00  1.43900000E-02  1.43500000E-02  1.35800000E-02  1.34600000E-02  9.64700000E-03  9.72700000E-03  2.18100000E-02  2.25100000E-02  0.00000000E+00  0.00000000E+00  0.00000000E+00  0.00000000E+00  0.00000000E+00  0.00000000E+00  0.00000000E+00  0.00000000E+00  0.00000000E+00  0.00000000E+00
 9.17650084E+00  1.41800000E-02  1.41900000E-02  1.34000000E-02  1.33100000E-02  1.08800000E-02  1.10200000E-02  2.15700000E-02  2.23300000E-02  0.00000000E+00  0.00000000E+00  0.00000000E+00  0.00000000E+00  0.00000000E+00  0.00000000E+00  0.00000000E+00  0.00000000E+00  0.00000000E+00  0.00000000E+00
 9.19650084E+00  1.44400000E-02  1.45000000E-02  1.28400000E-02  1.27900000E-02  1.21600000E-02  1.23100000E-02  2.12200000E-02  2.19000000E-02  0.00000000E+00  0.00000000E+00  0.00000000E+00  0.00000000E+00  0.00000000E+00  0.00000000E+00  0.00000000E+00  0.00000000E+00  0.00000000E+00  0.00000000E+00
 9.21550084E+00  1.45800000E-02  1.46900000E-02  1.22300000E-02  1.21800000E-02  1.29100000E-02  1.30200000E-02  2.04600000E-02  2.09200000E-02  0.00000000E+00  0.00000000E+00  0.00000000E+00  0.00000000E+00  0.00000000E+00  0.00000000E+00  0.00000000E+00  0.00000000E+00  0.00000000E+00  0.00000000E+00
 9.23450084E+00  1.37300000E-02  1.38400000E-02  1.14700000E-02  1.13900000E-02  1.30200000E-02  1.30700000E-02  1.85900000E-02  1.87900000E-02  0.00000000E+00  0.00000000E+00  0.00000000E+00  0.00000000E+00  0.00000000E+00  0.00000000E+00  0.00000000E+00  0.00000000E+00  0.00000000E+00  0.00000000E+00
 9.25450084E+00  1.15600000E-02  1.16300000E-02  1.03300000E-02  1.02300000E-02  1.26400000E-02  1.26800000E-02  1.55300000E-02  1.55400000E-02  0.00000000E+00  0.00000000E+00  0.00000000E+00  0.00000000E+00  0.00000000E+00  0.00000000E+00  0.00000000E+00  0.00000000E+00  0.00000000E+00  0.00000000E+00
 9.27350084E+00  8.75000000E-03  8.76900000E-03  9.04500000E-03  8.94400000E-03  1.18900000E-02  1.19500000E-02  1.22000000E-02  1.21500000E-02  0.00000000E+00  0.00000000E+00  0.00000000E+00  0.00000000E+00  0.00000000E+00  0.00000000E+00  0.00000000E+00  0.00000000E+00  0.00000000E+00  0.00000000E+00
 9.29250084E+00  6.42800000E-03  6.41600000E-03  8.20600000E-03  8.14200000E-03  1.09400000E-02  1.10100000E-02  9.92600000E-03  9.93100000E-03  0.00000000E+00  0.00000000E+00  0.00000000E+00  0.00000000E+00  0.00000000E+00  0.00000000E+00  0.00000000E+00  0.00000000E+00  0.00000000E+00  0.00000000E+00
 9.31150084E+00  5.37100000E-03  5.35400000E-03  8.27200000E-03  8.26500000E-03  1.01900000E-02  1.02500000E-02  9.53700000E-03  9.62900000E-03  0.00000000E+00  0.00000000E+00  0.00000000E+00  0.00000000E+00  0.00000000E+00  0.00000000E+00  0.00000000E+00  0.00000000E+00  0.00000000E+00  0.00000000E+00
 9.33150084E+00  5.68800000E-03  5.67200000E-03  9.23000000E-03  9.28600000E-03  1.00300000E-02  1.00700000E-02  1.09000000E-02  1.10900000E-02  0.00000000E+00  0.00000000E+00  0.00000000E+00  0.00000000E+00  0.00000000E+00  0.00000000E+00  0.00000000E+00  0.00000000E+00  0.00000000E+00  0.00000000E+00
 9.35050084E+00  6.92100000E-03  6.88100000E-03  1.06000000E-02  1.07100000E-02  1.04000000E-02  1.04400000E-02  1.32100000E-02  1.34800000E-02  0.00000000E+00  0.00000000E+00  0.00000000E+00  0.00000000E+00  0.00000000E+00  0.00000000E+00  0.00000000E+00  0.00000000E+00  0.00000000E+00  0.00000000E+00
 9.36950084E+00  8.23200000E-03  8.14200000E-03  1.16900000E-02  1.18500000E-02  1.09900000E-02  1.09800000E-02  1.56800000E-02  1.59600000E-02  0.00000000E+00  0.00000000E+00  0.00000000E+00  0.00000000E+00  0.00000000E+00  0.00000000E+00  0.00000000E+00  0.00000000E+00  0.00000000E+00  0.00000000E+00
 9.38950084E+00  8.78800000E-03  8.66200000E-03  1.20000000E-02  1.21900000E-02  1.15400000E-02  1.14200000E-02  1.79900000E-02  1.81800000E-02  0.00000000E+00  0.00000000E+00  0.00000000E+00  0.00000000E+00  0.00000000E+00  0.00000000E+00  0.00000000E+00  0.00000000E+00  0.00000000E+00  0.00000000E+00
 9.40850084E+00  8.36300000E-03  8.27700000E-03  1.16000000E-02  1.17800000E-02  1.20700000E-02  1.18000000E-02  2.00200000E-02  2.00700000E-02  0.00000000E+00  0.00000000E+00  0.00000000E+00  0.00000000E+00  0.00000000E+00  0.00000000E+00  0.00000000E+00  0.00000000E+00  0.00000000E+00  0.00000000E+00
 9.42750084E+00  7.53800000E-03  7.58700000E-03  1.10200000E-02  1.11600000E-02  1.27100000E-02  1.23100000E-02  2.14300000E-02  2.13800000E-02  0.00000000E+00  0.00000000E+00  0.00000000E+00  0.00000000E+00  0.00000000E+00  0.00000000E+00  0.00000000E+00  0.00000000E+00  0.00000000E+00  0.00000000E+00
 9.44650084E+00  7.11500000E-03  7.35200000E-03  1.07900000E-02  1.09200000E-02  1.35000000E-02  1.30100000E-02  2.17700000E-02  2.17500000E-02  0.00000000E+00  0.00000000E+00  0.00000000E+00  0.00000000E+00  0.00000000E+00  0.00000000E+00  0.00000000E+00  0.00000000E+00  0.00000000E+00  0.00000000E+00
 9.46650084E+00  7.42000000E-03  7.82300000E-03  1.09900000E-02  1.11600000E-02  1.42800000E-02  1.37900000E-02  2.10700000E-02  2.11800000E-02  0.00000000E+00  0.00000000E+00  0.00000000E+00  0.00000000E+00  0.00000000E+00  0.00000000E+00  0.00000000E+00  0.00000000E+00  0.00000000E+00  0.00000000E+00
 9.48550084E+00  8.18900000E-03  8.67200000E-03  1.12800000E-02  1.14900000E-02  1.47200000E-02  1.42600000E-02  1.97400000E-02  1.99900000E-02  0.00000000E+00  0.00000000E+00  0.00000000E+00  0.00000000E+00  0.00000000E+00  0.00000000E+00  0.00000000E+00  0.00000000E+00  0.00000000E+00  0.00000000E+00
 9.50450084E+00  8.89100000E-03  9.34800000E-03  1.11600000E-02  1.13800000E-02  1.44200000E-02  1.40000000E-02  1.80300000E-02  1.82800000E-02  0.00000000E+00  0.00000000E+00  0.00000000E+00  0.00000000E+00  0.00000000E+00  0.00000000E+00  0.00000000E+00  0.00000000E+00  0.00000000E+00  0.00000000E+00
 9.52450084E+00  9.14600000E-03  9.49500000E-03  1.04800000E-02  1.06300000E-02  1.32700000E-02  1.29100000E-02  1.60300000E-02  1.60900000E-02  0.00000000E+00  0.00000000E+00  0.00000000E+00  0.00000000E+00  0.00000000E+00  0.00000000E+00  0.00000000E+00  0.00000000E+00  0.00000000E+00  0.00000000E+00
 9.54350084E+00  9.11100000E-03  9.30600000E-03  9.55800000E-03  9.55200000E-03  1.18100000E-02  1.14900000E-02  1.41700000E-02  1.39500000E-02  0.00000000E+00  0.00000000E+00  0.00000000E+00  0.00000000E+00  0.00000000E+00  0.00000000E+00  0.00000000E+00  0.00000000E+00  0.00000000E+00  0.00000000E+00
 9.56250084E+00  9.49500000E-03  9.54300000E-03  8.99100000E-03  8.78800000E-03  1.08500000E-02  1.05700000E-02  1.32000000E-02  1.28400000E-02  0.00000000E+00  0.00000000E+00  0.00000000E+00  0.00000000E+00  0.00000000E+00  0.00000000E+00  0.00000000E+00  0.00000000E+00  0.00000000E+00  0.00000000E+00
 9.58250084E+00  1.09800000E-02  1.09500000E-02  9.10800000E-03  8.77400000E-03  1.07100000E-02  1.05500000E-02  1.36100000E-02  1.34000000E-02  0.00000000E+00  0.00000000E+00  0.00000000E+00  0.00000000E+00  0.00000000E+00  0.00000000E+00  0.00000000E+00  0.00000000E+00  0.00000000E+00  0.00000000E+00
 9.60150084E+00  1.34400000E-02  1.33800000E-02  9.70500000E-03  9.39200000E-03  1.10400000E-02  1.11400000E-02  1.51800000E-02  1.53100000E-02  0.00000000E+00  0.00000000E+00  0.00000000E+00  0.00000000E+00  0.00000000E+00  0.00000000E+00  0.00000000E+00  0.00000000E+00  0.00000000E+00  0.00000000E+00
 9.62050084E+00  1.58000000E-02  1.56400000E-02  1.03000000E-02  1.01200000E-02  1.13500000E-02  1.17200000E-02  1.73100000E-02  1.75800000E-02  0.00000000E+00  0.00000000E+00  0.00000000E+00  0.00000000E+00  0.00000000E+00  0.00000000E+00  0.00000000E+00  0.00000000E+00  0.00000000E+00  0.00000000E+00
 9.63950084E+00  1.67300000E-02  1.63600000E-02  1.06100000E-02  1.05600000E-02  1.15600000E-02  1.20400000E-02  1.96500000E-02  1.95600000E-02  0.00000000E+00  0.00000000E+00  0.00000000E+00  0.00000000E+00  0.00000000E+00  0.00000000E+00  0.00000000E+00  0.00000000E+00  0.00000000E+00  0.00000000E+00
 9.65950084E+00  1.58400000E-02  1.52800000E-02  1.07200000E-02  1.07300000E-02  1.19400000E-02  1.23800000E-02  2.21700000E-02  2.12900000E-02  0.00000000E+00  0.00000000E+00  0.00000000E+00  0.00000000E+00  0.00000000E+00  0.00000000E+00  0.00000000E+00  0.00000000E+00  0.00000000E+00  0.00000000E+00
 9.67850084E+00  1.40000000E-02  1.34300000E-02  1.10500000E-02  1.11200000E-02  1.25900000E-02  1.29200000E-02  2.47300000E-02  2.31500000E-02  0.00000000E+00  0.00000000E+00  0.00000000E+00  0.00000000E+00  0.00000000E+00  0.00000000E+00  0.00000000E+00  0.00000000E+00  0.00000000E+00  0.00000000E+00
 9.69750084E+00  1.25100000E-02  1.21400000E-02  1.21100000E-02  1.23400000E-02  1.30600000E-02  1.33100000E-02  2.68700000E-02  2.53600000E-02  0.00000000E+00  0.00000000E+00  0.00000000E+00  0.00000000E+00  0.00000000E+00  0.00000000E+00  0.00000000E+00  0.00000000E+00  0.00000000E+00  0.00000000E+00
 9.71750084E+00  1.19800000E-02  1.19000000E-02  1.39900000E-02  1.45100000E-02  1.27200000E-02  1.29300000E-02  2.79400000E-02  2.76900000E-02  0.00000000E+00  0.00000000E+00  0.00000000E+00  0.00000000E+00  0.00000000E+00  0.00000000E+00  0.00000000E+00  0.00000000E+00  0.00000000E+00  0.00000000E+00
 9.73650084E+00  1.19500000E-02  1.21400000E-02  1.59000000E-02  1.67000000E-02  1.14500000E-02  1.16400000E-02  2.74600000E-02  2.92500000E-02  0.00000000E+00  0.00000000E+00  0.00000000E+00  0.00000000E+00  0.00000000E+00  0.00000000E+00  0.00000000E+00  0.00000000E+00  0.00000000E+00  0.00000000E+00
 9.75550084E+00  1.14700000E-02  1.17800000E-02  1.64700000E-02  1.73500000E-02  9.76100000E-03  9.88700000E-03  2.54000000E-02  2.88900000E-02  0.00000000E+00  0.00000000E+00  0.00000000E+00  0.00000000E+00  0.00000000E+00  0.00000000E+00  0.00000000E+00  0.00000000E+00  0.00000000E+00  0.00000000E+00
 9.77550084E+00  1.01100000E-02  1.03600000E-02  1.51500000E-02  1.59300000E-02  8.30300000E-03  8.31900000E-03  2.22400000E-02  2.63000000E-02  0.00000000E+00  0.00000000E+00  0.00000000E+00  0.00000000E+00  0.00000000E+00  0.00000000E+00  0.00000000E+00  0.00000000E+00  0.00000000E+00  0.00000000E+00
 9.79450084E+00  8.37800000E-03  8.55700000E-03  1.29900000E-02  1.36600000E-02  7.57000000E-03  7.46900000E-03  1.90300000E-02  2.26400000E-02  0.00000000E+00  0.00000000E+00  0.00000000E+00  0.00000000E+00  0.00000000E+00  0.00000000E+00  0.00000000E+00  0.00000000E+00  0.00000000E+00  0.00000000E+00
 9.81350084E+00  7.05500000E-03  7.32600000E-03  1.15000000E-02  1.22200000E-02  7.76800000E-03  7.59300000E-03  1.69800000E-02  1.97300000E-02  0.00000000E+00  0.00000000E+00  0.00000000E+00  0.00000000E+00  0.00000000E+00  0.00000000E+00  0.00000000E+00  0.00000000E+00  0.00000000E+00  0.00000000E+00
 9.83250084E+00  6.33300000E-03  6.87500000E-03  1.10100000E-02  1.19300000E-02  8.61900000E-03  8.46900000E-03  1.64000000E-02  1.82800000E-02  0.00000000E+00  0.00000000E+00  0.00000000E+00  0.00000000E+00  0.00000000E+00  0.00000000E+00  0.00000000E+00  0.00000000E+00  0.00000000E+00  0.00000000E+00
 9.85250084E+00  5.97000000E-03  6.75500000E-03  1.05600000E-02  1.16100000E-02  9.34800000E-03  9.35400000E-03  1.62100000E-02  1.73200000E-02  0.00000000E+00  0.00000000E+00  0.00000000E+00  0.00000000E+00  0.00000000E+00  0.00000000E+00  0.00000000E+00  0.00000000E+00  0.00000000E+00  0.00000000E+00
 9.87150084E+00  5.87100000E-03  6.66400000E-03  9.32800000E-03  1.02400000E-02  9.16000000E-03  9.38900000E-03  1.51600000E-02  1.56000000E-02  0.00000000E+00  0.00000000E+00  0.00000000E+00  0.00000000E+00  0.00000000E+00  0.00000000E+00  0.00000000E+00  0.00000000E+00  0.00000000E+00  0.00000000E+00
 9.89050084E+00  6.07500000E-03  6.62300000E-03  7.43800000E-03  7.94400000E-03  7.81200000E-03  8.21700000E-03  1.33000000E-02  1.32000000E-02  0.00000000E+00  0.00000000E+00  0.00000000E+00  0.00000000E+00  0.00000000E+00  0.00000000E+00  0.00000000E+00  0.00000000E+00  0.00000000E+00  0.00000000E+00
 9.91050084E+00  6.24500000E-03  6.45100000E-03  5.47100000E-03  5.52200000E-03  5.73100000E-03  6.20300000E-03  1.13400000E-02  1.09400000E-02  0.00000000E+00  0.00000000E+00  0.00000000E+00  0.00000000E+00  0.00000000E+00  0.00000000E+00  0.00000000E+00  0.00000000E+00  0.00000000E+00  0.00000000E+00
 9.92950084E+00  5.73200000E-03  5.68300000E-03  3.74600000E-03  3.49900000E-03  3.62800000E-03  4.07400000E-03  9.35600000E-03  8.92200000E-03  0.00000000E+00  0.00000000E+00  0.00000000E+00  0.00000000E+00  0.00000000E+00  0.00000000E+00  0.00000000E+00  0.00000000E+00  0.00000000E+00  0.00000000E+00
 9.94850084E+00  4.34600000E-03  4.22700000E-03  2.31200000E-03  1.99100000E-03  2.00400000E-03  2.36300000E-03  6.93000000E-03  6.68600000E-03  0.00000000E+00  0.00000000E+00  0.00000000E+00  0.00000000E+00  0.00000000E+00  0.00000000E+00  0.00000000E+00  0.00000000E+00  0.00000000E+00  0.00000000E+00
 9.96750084E+00  2.65500000E-03  2.60700000E-03  1.22000000E-03  9.75100000E-04  9.71400000E-04  1.21300000E-03  4.25700000E-03  4.27000000E-03  0.00000000E+00  0.00000000E+00  0.00000000E+00  0.00000000E+00  0.00000000E+00  0.00000000E+00  0.00000000E+00  0.00000000E+00  0.00000000E+00  0.00000000E+00
 9.98750084E+00  1.33500000E-03  1.37800000E-03  5.28200000E-04  3.96200000E-04  4.09600000E-04  5.40100000E-04  2.07600000E-03  2.25200000E-03  0.00000000E+00  0.00000000E+00  0.00000000E+00  0.00000000E+00  0.00000000E+00  0.00000000E+00  0.00000000E+00  0.00000000E+00  0.00000000E+00  0.00000000E+00
 1.00065008E+01  5.83900000E-04  6.62200000E-04  1.86200000E-04  1.33200000E-04  1.52200000E-04  2.08000000E-04  7.97300000E-04  9.95300000E-04  0.00000000E+00  0.00000000E+00  0.00000000E+00  0.00000000E+00  0.00000000E+00  0.00000000E+00  0.00000000E+00  0.00000000E+00  0.00000000E+00  0.00000000E+00
 1.00255008E+01  2.34600000E-04  2.95400000E-04  5.75900000E-05  4.33700000E-05  7.53100000E-05  9.77700000E-05  2.51500000E-04  3.88400000E-04  0.00000000E+00  0.00000000E+00  0.00000000E+00  0.00000000E+00  0.00000000E+00  0.00000000E+00  0.00000000E+00  0.00000000E+00  0.00000000E+00  0.00000000E+00
 1.00455008E+01  8.71500000E-05  1.17800000E-04  2.62400000E-05  3.06700000E-05  1.23400000E-04  1.40600000E-04  8.82100000E-05  1.59000000E-04  0.00000000E+00  0.00000000E+00  0.00000000E+00  0.00000000E+00  0.00000000E+00  0.00000000E+00  0.00000000E+00  0.00000000E+00  0.00000000E+00  0.00000000E+00
 1.00645008E+01  3.16300000E-05  4.27500000E-05  3.53300000E-05  5.47400000E-05  2.95000000E-04  3.17500000E-04  7.99600000E-05  1.14700000E-04  0.00000000E+00  0.00000000E+00  0.00000000E+00  0.00000000E+00  0.00000000E+00  0.00000000E+00  0.00000000E+00  0.00000000E+00  0.00000000E+00  0.00000000E+00
 1.00835008E+01  1.82400000E-05  2.32400000E-05  6.24500000E-05  9.67400000E-05  5.73700000E-04  5.96100000E-04  1.28800000E-04  1.50700000E-04  0.00000000E+00  0.00000000E+00  0.00000000E+00  0.00000000E+00  0.00000000E+00  0.00000000E+00  0.00000000E+00  0.00000000E+00  0.00000000E+00  0.00000000E+00
 1.01035008E+01  2.24600000E-05  3.16700000E-05  8.97400000E-05  1.32500000E-04  8.55500000E-04  8.68300000E-04  1.81500000E-04  1.95300000E-04  0.00000000E+00  0.00000000E+00  0.00000000E+00  0.00000000E+00  0.00000000E+00  0.00000000E+00  0.00000000E+00  0.00000000E+00  0.00000000E+00  0.00000000E+00
 1.01225008E+01  3.04700000E-05  5.14900000E-05  9.87800000E-05  1.37600000E-04  9.80600000E-04  9.91900000E-04  1.96700000E-04  1.98500000E-04  0.00000000E+00  0.00000000E+00  0.00000000E+00  0.00000000E+00  0.00000000E+00  0.00000000E+00  0.00000000E+00  0.00000000E+00  0.00000000E+00  0.00000000E+00
 1.01415008E+01  3.36600000E-05  6.80600000E-05  8.32400000E-05  1.08800000E-04  8.70800000E-04  9.06400000E-04  1.62300000E-04  1.52800000E-04  0.00000000E+00  0.00000000E+00  0.00000000E+00  0.00000000E+00  0.00000000E+00  0.00000000E+00  0.00000000E+00  0.00000000E+00  0.00000000E+00  0.00000000E+00
 1.01605008E+01  2.87700000E-05  6.89400000E-05  5.40800000E-05  6.62900000E-05  6.03500000E-04  6.74100000E-04  1.02500000E-04  8.89600000E-05  0.00000000E+00  0.00000000E+00  0.00000000E+00  0.00000000E+00  0.00000000E+00  0.00000000E+00  0.00000000E+00  0.00000000E+00  0.00000000E+00  0.00000000E+00
 1.01805008E+01  1.88000000E-05  5.28600000E-05  2.73000000E-05  3.16300000E-05  3.28100000E-04  4.10200000E-04  4.99800000E-05  3.95000000E-05  0.00000000E+00  0.00000000E+00  0.00000000E+00  0.00000000E+00  0.00000000E+00  0.00000000E+00  0.00000000E+00  0.00000000E+00  0.00000000E+00  0.00000000E+00
 1.01995008E+01  9.32700000E-06  3.05100000E-05  1.07800000E-05  1.20700000E-05  1.40000000E-04  2.02400000E-04  1.89400000E-05  1.35400000E-05  0.00000000E+00  0.00000000E+00  0.00000000E+00  0.00000000E+00  0.00000000E+00  0.00000000E+00  0.00000000E+00  0.00000000E+00  0.00000000E+00  0.00000000E+00
 1.02185008E+01  3.49600000E-06  1.32200000E-05  3.34300000E-06  3.74400000E-06  4.66900000E-05  7.94300000E-05  5.61600000E-06  3.64900000E-06  0.00000000E+00  0.00000000E+00  0.00000000E+00  0.00000000E+00  0.00000000E+00  0.00000000E+00  0.00000000E+00  0.00000000E+00  0.00000000E+00  0.00000000E+00
 1.02385008E+01  9.86500000E-07  4.28900000E-06  8.12200000E-07  9.50600000E-07  1.20900000E-05  2.43100000E-05  1.30700000E-06  7.88800000E-07  0.00000000E+00  0.00000000E+00  0.00000000E+00  0.00000000E+00  0.00000000E+00  0.00000000E+00  0.00000000E+00  0.00000000E+00  0.00000000E+00  0.00000000E+00
 1.02575008E+01  2.09000000E-07  1.04100000E-06  1.53900000E-07  1.95700000E-07  2.41200000E-06  5.70600000E-06  2.38300000E-07  1.39000000E-07  0.00000000E+00  0.00000000E+00  0.00000000E+00  0.00000000E+00  0.00000000E+00  0.00000000E+00  0.00000000E+00  0.00000000E+00  0.00000000E+00  0.00000000E+00
 1.02765008E+01  3.31800000E-08  1.89000000E-07  2.25500000E-08  3.20400000E-08  3.67400000E-07  1.01700000E-06  3.38500000E-08  2.00100000E-08  0.00000000E+00  0.00000000E+00  0.00000000E+00  0.00000000E+00  0.00000000E+00  0.00000000E+00  0.00000000E+00  0.00000000E+00  0.00000000E+00  0.00000000E+00
 1.02955008E+01  3.94300000E-09  2.56500000E-08  2.53400000E-09  4.08800000E-09  4.24600000E-08  1.36500000E-07  3.71600000E-09  2.32900000E-09  0.00000000E+00  0.00000000E+00  0.00000000E+00  0.00000000E+00  0.00000000E+00  0.00000000E+00  0.00000000E+00  0.00000000E+00  0.00000000E+00  0.00000000E+00
 1.03155008E+01  3.50300000E-10  2.59900000E-09  2.16900000E-10  4.00000000E-10  3.70400000E-09  1.37500000E-08  3.12500000E-10  2.14700000E-10  0.00000000E+00  0.00000000E+00  0.00000000E+00  0.00000000E+00  0.00000000E+00  0.00000000E+00  0.00000000E+00  0.00000000E+00  0.00000000E+00  0.00000000E+00
 1.03345008E+01  2.32400000E-11  1.96600000E-10  1.40400000E-11  2.96700000E-11  2.42900000E-10  1.03700000E-09  1.99900000E-11  1.53600000E-11  0.00000000E+00  0.00000000E+00  0.00000000E+00  0.00000000E+00  0.00000000E+00  0.00000000E+00  0.00000000E+00  0.00000000E+00  0.00000000E+00  0.00000000E+00
 1.03535008E+01  1.15200000E-12  1.11000000E-11  6.84200000E-13  1.65800000E-12  1.19400000E-11  5.84600000E-11  9.66500000E-13  8.40500000E-13  0.00000000E+00  0.00000000E+00  0.00000000E+00  0.00000000E+00  0.00000000E+00  0.00000000E+00  0.00000000E+00  0.00000000E+00  0.00000000E+00  0.00000000E+00
 1.03735008E+01  4.25700000E-14  4.67700000E-13  2.50300000E-14  6.94100000E-14  4.39200000E-13  2.46000000E-12  3.51700000E-14  3.47900000E-14  0.00000000E+00  0.00000000E+00  0.00000000E+00  0.00000000E+00  0.00000000E+00  0.00000000E+00  0.00000000E+00  0.00000000E+00  0.00000000E+00  0.00000000E+00
 1.03925008E+01  1.17400000E-15  1.46900000E-14  6.85400000E-16  2.17400000E-15  1.20700000E-14  7.72600000E-14  9.59700000E-16  1.08200000E-15  0.00000000E+00  0.00000000E+00  0.00000000E+00  0.00000000E+00  0.00000000E+00  0.00000000E+00  0.00000000E+00  0.00000000E+00  0.00000000E+00  0.00000000E+00
 1.04115008E+01  2.41300000E-17  3.44100000E-16  1.40000000E-17  5.08500000E-17  2.47400000E-16  1.80900000E-15  1.95400000E-17  2.52700000E-17  0.00000000E+00  0.00000000E+00  0.00000000E+00  0.00000000E+00  0.00000000E+00  0.00000000E+00  0.00000000E+00  0.00000000E+00  0.00000000E+00  0.00000000E+00
 1.04315008E+01  3.71500000E-19  6.04100000E-18  2.14300000E-19  8.90200000E-19  3.79900000E-18  3.17400000E-17  2.98100000E-19  4.39800000E-19  0.00000000E+00  0.00000000E+00  0.00000000E+00  0.00000000E+00  0.00000000E+00  0.00000000E+00  0.00000000E+00  0.00000000E+00  0.00000000E+00  0.00000000E+00
 1.04505008E+01  0.00000000E+00  7.02400000E-20  0.00000000E+00  1.03500000E-20  0.00000000E+00  3.69100000E-19  0.00000000E+00  5.11400000E-21  0.00000000E+00  0.00000000E+00  0.00000000E+00  0.00000000E+00  0.00000000E+00  0.00000000E+00  0.00000000E+00  0.00000000E+00  0.00000000E+00  0.00000000E+00
 1.04695008E+01  0.00000000E+00  0.00000000E+00  0.00000000E+00  0.00000000E+00  0.00000000E+00  0.00000000E+00  0.00000000E+00  0.00000000E+00  0.00000000E+00  0.00000000E+00  0.00000000E+00  0.00000000E+00  0.00000000E+00  0.00000000E+00  0.00000000E+00  0.00000000E+00  0.00000000E+00  0.00000000E+00
 1.04885008E+01  0.00000000E+00  0.00000000E+00  0.00000000E+00  0.00000000E+00  0.00000000E+00  0.00000000E+00  0.00000000E+00  0.00000000E+00  0.00000000E+00  0.00000000E+00  0.00000000E+00  0.00000000E+00  0.00000000E+00  0.00000000E+00  0.00000000E+00  0.00000000E+00  0.00000000E+00  0.00000000E+00
 1.05085008E+01  0.00000000E+00  0.00000000E+00  0.00000000E+00  0.00000000E+00  0.00000000E+00  0.00000000E+00  0.00000000E+00  0.00000000E+00  0.00000000E+00  0.00000000E+00  0.00000000E+00  0.00000000E+00  0.00000000E+00  0.00000000E+00  0.00000000E+00  0.00000000E+00  0.00000000E+00  0.00000000E+00
 1.05275008E+01  0.00000000E+00  0.00000000E+00  0.00000000E+00  0.00000000E+00  0.00000000E+00  0.00000000E+00  0.00000000E+00  0.00000000E+00  0.00000000E+00  0.00000000E+00  0.00000000E+00  0.00000000E+00  0.00000000E+00  0.00000000E+00  0.00000000E+00  0.00000000E+00  0.00000000E+00  0.00000000E+00
 1.05465008E+01  0.00000000E+00  0.00000000E+00  0.00000000E+00  0.00000000E+00  0.00000000E+00  0.00000000E+00  0.00000000E+00  0.00000000E+00  0.00000000E+00  0.00000000E+00  0.00000000E+00  0.00000000E+00  0.00000000E+00  0.00000000E+00  0.00000000E+00  0.00000000E+00  0.00000000E+00  0.00000000E+00
 1.05665008E+01  0.00000000E+00  0.00000000E+00  0.00000000E+00  0.00000000E+00  0.00000000E+00  0.00000000E+00  0.00000000E+00  0.00000000E+00  0.00000000E+00  0.00000000E+00  0.00000000E+00  0.00000000E+00  0.00000000E+00  0.00000000E+00  0.00000000E+00  0.00000000E+00  0.00000000E+00  0.00000000E+00
 1.05855008E+01  0.00000000E+00  0.00000000E+00  0.00000000E+00  0.00000000E+00  0.00000000E+00  0.00000000E+00  0.00000000E+00  0.00000000E+00  0.00000000E+00  0.00000000E+00  0.00000000E+00  0.00000000E+00  0.00000000E+00  0.00000000E+00  0.00000000E+00  0.00000000E+00  0.00000000E+00  0.00000000E+00
 1.06045008E+01  0.00000000E+00  0.00000000E+00  0.00000000E+00  0.00000000E+00  0.00000000E+00  0.00000000E+00  0.00000000E+00  0.00000000E+00  0.00000000E+00  0.00000000E+00  0.00000000E+00  0.00000000E+00  0.00000000E+00  0.00000000E+00  0.00000000E+00  0.00000000E+00  0.00000000E+00  0.00000000E+00
 1.06235008E+01  0.00000000E+00  0.00000000E+00  0.00000000E+00  0.00000000E+00  0.00000000E+00  0.00000000E+00  0.00000000E+00  0.00000000E+00  0.00000000E+00  0.00000000E+00  0.00000000E+00  0.00000000E+00  0.00000000E+00  0.00000000E+00  0.00000000E+00  0.00000000E+00  0.00000000E+00  0.00000000E+00
 1.06435008E+01  0.00000000E+00  0.00000000E+00  0.00000000E+00  0.00000000E+00  0.00000000E+00  0.00000000E+00  0.00000000E+00  0.00000000E+00  0.00000000E+00  0.00000000E+00  0.00000000E+00  0.00000000E+00  0.00000000E+00  0.00000000E+00  0.00000000E+00  0.00000000E+00  0.00000000E+00  0.00000000E+00
 1.06625008E+01  0.00000000E+00  0.00000000E+00  0.00000000E+00  0.00000000E+00  0.00000000E+00  0.00000000E+00  0.00000000E+00  0.00000000E+00  0.00000000E+00  0.00000000E+00  0.00000000E+00  0.00000000E+00  0.00000000E+00  0.00000000E+00  0.00000000E+00  0.00000000E+00  0.00000000E+00  0.00000000E+00
 1.06815008E+01  0.00000000E+00  0.00000000E+00  0.00000000E+00  0.00000000E+00  0.00000000E+00  0.00000000E+00  0.00000000E+00  0.00000000E+00  0.00000000E+00  0.00000000E+00  0.00000000E+00  0.00000000E+00  0.00000000E+00  0.00000000E+00  0.00000000E+00  0.00000000E+00  0.00000000E+00  0.00000000E+00
 1.07015008E+01  0.00000000E+00  0.00000000E+00  0.00000000E+00  0.00000000E+00  0.00000000E+00  0.00000000E+00  0.00000000E+00  0.00000000E+00  0.00000000E+00  0.00000000E+00  0.00000000E+00  0.00000000E+00  0.00000000E+00  0.00000000E+00  0.00000000E+00  0.00000000E+00  0.00000000E+00  0.00000000E+00
 1.07205008E+01  0.00000000E+00  0.00000000E+00  0.00000000E+00  0.00000000E+00  0.00000000E+00  0.00000000E+00  0.00000000E+00  0.00000000E+00  0.00000000E+00  0.00000000E+00  0.00000000E+00  0.00000000E+00  0.00000000E+00  0.00000000E+00  0.00000000E+00  0.00000000E+00  0.00000000E+00  0.00000000E+00
 1.07395008E+01  0.00000000E+00  0.00000000E+00  0.00000000E+00  0.00000000E+00  0.00000000E+00  0.00000000E+00  0.00000000E+00  0.00000000E+00  0.00000000E+00  0.00000000E+00  0.00000000E+00  0.00000000E+00  0.00000000E+00  0.00000000E+00  0.00000000E+00  0.00000000E+00  0.00000000E+00  0.00000000E+00
 1.07595008E+01  0.00000000E+00  0.00000000E+00  0.00000000E+00  0.00000000E+00  0.00000000E+00  0.00000000E+00  0.00000000E+00  0.00000000E+00  0.00000000E+00  0.00000000E+00  0.00000000E+00  0.00000000E+00  0.00000000E+00  0.00000000E+00  0.00000000E+00  0.00000000E+00  0.00000000E+00  0.00000000E+00
 1.07785008E+01  0.00000000E+00  0.00000000E+00  0.00000000E+00  0.00000000E+00  0.00000000E+00  0.00000000E+00  0.00000000E+00  0.00000000E+00  0.00000000E+00  0.00000000E+00  0.00000000E+00  0.00000000E+00  0.00000000E+00  0.00000000E+00  0.00000000E+00  0.00000000E+00  0.00000000E+00  0.00000000E+00
 1.07975008E+01  0.00000000E+00  0.00000000E+00  0.00000000E+00  0.00000000E+00  0.00000000E+00  0.00000000E+00  0.00000000E+00  0.00000000E+00  0.00000000E+00  0.00000000E+00  0.00000000E+00  0.00000000E+00  0.00000000E+00  0.00000000E+00  0.00000000E+00  0.00000000E+00  0.00000000E+00  0.00000000E+00
 1.08165008E+01  0.00000000E+00  0.00000000E+00  0.00000000E+00  0.00000000E+00  0.00000000E+00  0.00000000E+00  0.00000000E+00  0.00000000E+00  0.00000000E+00  0.00000000E+00  0.00000000E+00  0.00000000E+00  0.00000000E+00  0.00000000E+00  0.00000000E+00  0.00000000E+00  0.00000000E+00  0.00000000E+00
 1.08365008E+01  0.00000000E+00  0.00000000E+00  0.00000000E+00  0.00000000E+00  0.00000000E+00  0.00000000E+00  0.00000000E+00  0.00000000E+00  0.00000000E+00  0.00000000E+00  0.00000000E+00  0.00000000E+00  0.00000000E+00  0.00000000E+00  0.00000000E+00  0.00000000E+00  0.00000000E+00  0.00000000E+00
 1.08555008E+01  0.00000000E+00  0.00000000E+00  0.00000000E+00  0.00000000E+00  0.00000000E+00  0.00000000E+00  0.00000000E+00  0.00000000E+00  0.00000000E+00  0.00000000E+00  0.00000000E+00  0.00000000E+00  0.00000000E+00  0.00000000E+00  0.00000000E+00  0.00000000E+00  0.00000000E+00  0.00000000E+00
 1.08745008E+01  0.00000000E+00  0.00000000E+00  0.00000000E+00  0.00000000E+00  0.00000000E+00  0.00000000E+00  0.00000000E+00  0.00000000E+00  0.00000000E+00  0.00000000E+00  0.00000000E+00  0.00000000E+00  0.00000000E+00  0.00000000E+00  0.00000000E+00  0.00000000E+00  0.00000000E+00  0.00000000E+00
 1.08945008E+01  0.00000000E+00  0.00000000E+00  0.00000000E+00  0.00000000E+00  0.00000000E+00  0.00000000E+00  0.00000000E+00  0.00000000E+00  0.00000000E+00  0.00000000E+00  0.00000000E+00  0.00000000E+00  0.00000000E+00  0.00000000E+00  0.00000000E+00  0.00000000E+00  0.00000000E+00  0.00000000E+00
 1.09135008E+01  0.00000000E+00  0.00000000E+00  0.00000000E+00  0.00000000E+00  0.00000000E+00  0.00000000E+00  0.00000000E+00  0.00000000E+00  0.00000000E+00  0.00000000E+00  0.00000000E+00  0.00000000E+00  0.00000000E+00  0.00000000E+00  0.00000000E+00  0.00000000E+00  0.00000000E+00  0.00000000E+00
 1.09325008E+01  0.00000000E+00  0.00000000E+00  0.00000000E+00  0.00000000E+00  0.00000000E+00  0.00000000E+00  0.00000000E+00  0.00000000E+00  0.00000000E+00  0.00000000E+00  0.00000000E+00  0.00000000E+00  0.00000000E+00  0.00000000E+00  0.00000000E+00  0.00000000E+00  0.00000000E+00  0.00000000E+00
 1.09515008E+01  0.00000000E+00  0.00000000E+00  0.00000000E+00  0.00000000E+00  0.00000000E+00  0.00000000E+00  0.00000000E+00  0.00000000E+00  0.00000000E+00  0.00000000E+00  0.00000000E+00  0.00000000E+00  0.00000000E+00  0.00000000E+00  0.00000000E+00  0.00000000E+00  0.00000000E+00  0.00000000E+00
 1.09715008E+01  0.00000000E+00  0.00000000E+00  0.00000000E+00  0.00000000E+00  0.00000000E+00  0.00000000E+00  0.00000000E+00  0.00000000E+00  0.00000000E+00  0.00000000E+00  0.00000000E+00  0.00000000E+00  0.00000000E+00  0.00000000E+00  0.00000000E+00  0.00000000E+00  0.00000000E+00  0.00000000E+00
 1.09905008E+01  0.00000000E+00  0.00000000E+00  0.00000000E+00  0.00000000E+00  0.00000000E+00  0.00000000E+00  0.00000000E+00  0.00000000E+00  0.00000000E+00  0.00000000E+00  0.00000000E+00  0.00000000E+00  0.00000000E+00  0.00000000E+00  0.00000000E+00  0.00000000E+00  0.00000000E+00  0.00000000E+00
 1.10095008E+01  0.00000000E+00  0.00000000E+00  0.00000000E+00  0.00000000E+00  0.00000000E+00  0.00000000E+00  0.00000000E+00  0.00000000E+00  0.00000000E+00  0.00000000E+00  0.00000000E+00  0.00000000E+00  0.00000000E+00  0.00000000E+00  0.00000000E+00  0.00000000E+00  0.00000000E+00  0.00000000E+00
 1.10295008E+01  0.00000000E+00  0.00000000E+00  0.00000000E+00  0.00000000E+00  0.00000000E+00  0.00000000E+00  0.00000000E+00  0.00000000E+00  0.00000000E+00  0.00000000E+00  0.00000000E+00  0.00000000E+00  0.00000000E+00  0.00000000E+00  0.00000000E+00  0.00000000E+00  0.00000000E+00  0.00000000E+00
 1.10485008E+01  0.00000000E+00  0.00000000E+00  0.00000000E+00  0.00000000E+00  0.00000000E+00  0.00000000E+00  0.00000000E+00  0.00000000E+00  0.00000000E+00  0.00000000E+00  0.00000000E+00  0.00000000E+00  0.00000000E+00  0.00000000E+00  0.00000000E+00  0.00000000E+00  0.00000000E+00  0.00000000E+00
 1.10675008E+01  0.00000000E+00  0.00000000E+00  0.00000000E+00  0.00000000E+00  0.00000000E+00  0.00000000E+00  0.00000000E+00  0.00000000E+00  0.00000000E+00  0.00000000E+00  0.00000000E+00  0.00000000E+00  0.00000000E+00  0.00000000E+00  0.00000000E+00  0.00000000E+00  0.00000000E+00  0.00000000E+00
 1.10875008E+01  0.00000000E+00  0.00000000E+00  0.00000000E+00  0.00000000E+00  0.00000000E+00  0.00000000E+00  0.00000000E+00  0.00000000E+00  0.00000000E+00  0.00000000E+00  0.00000000E+00  0.00000000E+00  0.00000000E+00  0.00000000E+00  0.00000000E+00  0.00000000E+00  0.00000000E+00  0.00000000E+00
 1.11065008E+01  0.00000000E+00  0.00000000E+00  0.00000000E+00  0.00000000E+00  0.00000000E+00  0.00000000E+00  0.00000000E+00  0.00000000E+00  0.00000000E+00  0.00000000E+00  0.00000000E+00  0.00000000E+00  0.00000000E+00  0.00000000E+00  0.00000000E+00  0.00000000E+00  0.00000000E+00  0.00000000E+00
 1.11255008E+01  0.00000000E+00  0.00000000E+00  0.00000000E+00  0.00000000E+00  0.00000000E+00  0.00000000E+00  0.00000000E+00  0.00000000E+00  0.00000000E+00  0.00000000E+00  0.00000000E+00  0.00000000E+00  0.00000000E+00  0.00000000E+00  0.00000000E+00  0.00000000E+00  0.00000000E+00  0.00000000E+00
 1.11445008E+01  0.00000000E+00  0.00000000E+00  0.00000000E+00  0.00000000E+00  0.00000000E+00  0.00000000E+00  0.00000000E+00  0.00000000E+00  0.00000000E+00  0.00000000E+00  0.00000000E+00  0.00000000E+00  0.00000000E+00  0.00000000E+00  0.00000000E+00  0.00000000E+00  0.00000000E+00  0.00000000E+00
 1.11645008E+01  0.00000000E+00  0.00000000E+00  0.00000000E+00  0.00000000E+00  0.00000000E+00  0.00000000E+00  0.00000000E+00  0.00000000E+00  0.00000000E+00  0.00000000E+00  0.00000000E+00  0.00000000E+00  0.00000000E+00  0.00000000E+00  0.00000000E+00  0.00000000E+00  0.00000000E+00  0.00000000E+00
 1.11835008E+01  0.00000000E+00  0.00000000E+00  0.00000000E+00  0.00000000E+00  0.00000000E+00  0.00000000E+00  0.00000000E+00  0.00000000E+00  0.00000000E+00  0.00000000E+00  0.00000000E+00  0.00000000E+00  0.00000000E+00  0.00000000E+00  0.00000000E+00  0.00000000E+00  0.00000000E+00  0.00000000E+00
 1.12025008E+01  0.00000000E+00  0.00000000E+00  0.00000000E+00  0.00000000E+00  0.00000000E+00  0.00000000E+00  0.00000000E+00  0.00000000E+00  0.00000000E+00  0.00000000E+00  0.00000000E+00  0.00000000E+00  0.00000000E+00  0.00000000E+00  0.00000000E+00  0.00000000E+00  0.00000000E+00  0.00000000E+00
 1.12225008E+01  0.00000000E+00  0.00000000E+00  0.00000000E+00  0.00000000E+00  0.00000000E+00  0.00000000E+00  0.00000000E+00  0.00000000E+00  0.00000000E+00  0.00000000E+00  0.00000000E+00  0.00000000E+00  0.00000000E+00  0.00000000E+00  0.00000000E+00  0.00000000E+00  0.00000000E+00  0.00000000E+00
 1.12415008E+01  0.00000000E+00  0.00000000E+00  0.00000000E+00  0.00000000E+00  0.00000000E+00  0.00000000E+00  0.00000000E+00  0.00000000E+00  0.00000000E+00  0.00000000E+00  0.00000000E+00  0.00000000E+00  0.00000000E+00  0.00000000E+00  0.00000000E+00  0.00000000E+00  0.00000000E+00  0.00000000E+00
 1.12605008E+01  0.00000000E+00  0.00000000E+00  0.00000000E+00  0.00000000E+00  0.00000000E+00  0.00000000E+00  0.00000000E+00  0.00000000E+00  0.00000000E+00  0.00000000E+00  0.00000000E+00  0.00000000E+00  0.00000000E+00  0.00000000E+00  0.00000000E+00  0.00000000E+00  0.00000000E+00  0.00000000E+00
 1.12805008E+01  0.00000000E+00  0.00000000E+00  0.00000000E+00  0.00000000E+00  0.00000000E+00  0.00000000E+00  0.00000000E+00  0.00000000E+00  0.00000000E+00  0.00000000E+00  0.00000000E+00  0.00000000E+00  0.00000000E+00  0.00000000E+00  0.00000000E+00  0.00000000E+00  0.00000000E+00  0.00000000E+00
 1.12995008E+01  0.00000000E+00  0.00000000E+00  0.00000000E+00  0.00000000E+00  0.00000000E+00  0.00000000E+00  0.00000000E+00  0.00000000E+00  0.00000000E+00  0.00000000E+00  0.00000000E+00  0.00000000E+00  0.00000000E+00  0.00000000E+00  0.00000000E+00  0.00000000E+00  0.00000000E+00  0.00000000E+00
 1.13185008E+01  0.00000000E+00  0.00000000E+00  0.00000000E+00  0.00000000E+00  0.00000000E+00  0.00000000E+00  0.00000000E+00  0.00000000E+00  0.00000000E+00  0.00000000E+00  0.00000000E+00  0.00000000E+00  0.00000000E+00  0.00000000E+00  0.00000000E+00  0.00000000E+00  0.00000000E+00  0.00000000E+00
 1.13375008E+01  0.00000000E+00  0.00000000E+00  0.00000000E+00  0.00000000E+00  0.00000000E+00  0.00000000E+00  0.00000000E+00  0.00000000E+00  0.00000000E+00  0.00000000E+00  0.00000000E+00  0.00000000E+00  0.00000000E+00  0.00000000E+00  0.00000000E+00  0.00000000E+00  0.00000000E+00  0.00000000E+00
 1.13575008E+01  0.00000000E+00  0.00000000E+00  0.00000000E+00  0.00000000E+00  0.00000000E+00  0.00000000E+00  0.00000000E+00  0.00000000E+00  0.00000000E+00  0.00000000E+00  0.00000000E+00  0.00000000E+00  0.00000000E+00  0.00000000E+00  0.00000000E+00  0.00000000E+00  0.00000000E+00  0.00000000E+00
 1.13765008E+01  0.00000000E+00  0.00000000E+00  0.00000000E+00  0.00000000E+00  0.00000000E+00  0.00000000E+00  0.00000000E+00  0.00000000E+00  0.00000000E+00  0.00000000E+00  0.00000000E+00  0.00000000E+00  0.00000000E+00  0.00000000E+00  0.00000000E+00  0.00000000E+00  0.00000000E+00  0.00000000E+00
 1.13955008E+01  0.00000000E+00  0.00000000E+00  0.00000000E+00  0.00000000E+00  0.00000000E+00  0.00000000E+00  0.00000000E+00  0.00000000E+00  0.00000000E+00  0.00000000E+00  0.00000000E+00  0.00000000E+00  0.00000000E+00  0.00000000E+00  0.00000000E+00  0.00000000E+00  0.00000000E+00  0.00000000E+00
 1.14155008E+01  0.00000000E+00  0.00000000E+00  0.00000000E+00  0.00000000E+00  0.00000000E+00  0.00000000E+00  0.00000000E+00  0.00000000E+00  0.00000000E+00  0.00000000E+00  0.00000000E+00  0.00000000E+00  0.00000000E+00  0.00000000E+00  0.00000000E+00  0.00000000E+00  0.00000000E+00  0.00000000E+00
 1.14345008E+01  0.00000000E+00  0.00000000E+00  0.00000000E+00  0.00000000E+00  0.00000000E+00  0.00000000E+00  0.00000000E+00  0.00000000E+00  0.00000000E+00  0.00000000E+00  0.00000000E+00  0.00000000E+00  0.00000000E+00  0.00000000E+00  0.00000000E+00  0.00000000E+00  0.00000000E+00  0.00000000E+00
 1.14535008E+01  0.00000000E+00  0.00000000E+00  0.00000000E+00  0.00000000E+00  0.00000000E+00  0.00000000E+00  0.00000000E+00  0.00000000E+00  0.00000000E+00  0.00000000E+00  0.00000000E+00  0.00000000E+00  0.00000000E+00  0.00000000E+00  0.00000000E+00  0.00000000E+00  0.00000000E+00  0.00000000E+00
 1.14725008E+01  0.00000000E+00  0.00000000E+00  0.00000000E+00  0.00000000E+00  0.00000000E+00  0.00000000E+00  0.00000000E+00  0.00000000E+00  0.00000000E+00  0.00000000E+00  0.00000000E+00  0.00000000E+00  0.00000000E+00  0.00000000E+00  0.00000000E+00  0.00000000E+00  0.00000000E+00  0.00000000E+00
 1.14925008E+01  0.00000000E+00  0.00000000E+00  0.00000000E+00  0.00000000E+00  0.00000000E+00  0.00000000E+00  0.00000000E+00  0.00000000E+00  0.00000000E+00  0.00000000E+00  0.00000000E+00  0.00000000E+00  0.00000000E+00  0.00000000E+00  0.00000000E+00  0.00000000E+00  0.00000000E+00  0.00000000E+00
 1.15115008E+01  0.00000000E+00  0.00000000E+00  0.00000000E+00  0.00000000E+00  0.00000000E+00  0.00000000E+00  0.00000000E+00  0.00000000E+00  0.00000000E+00  0.00000000E+00  0.00000000E+00  0.00000000E+00  0.00000000E+00  0.00000000E+00  0.00000000E+00  0.00000000E+00  0.00000000E+00  0.00000000E+00
 1.15305008E+01  0.00000000E+00  0.00000000E+00  0.00000000E+00  0.00000000E+00  0.00000000E+00  0.00000000E+00  0.00000000E+00  0.00000000E+00  0.00000000E+00  0.00000000E+00  0.00000000E+00  0.00000000E+00  0.00000000E+00  0.00000000E+00  0.00000000E+00  0.00000000E+00  0.00000000E+00  0.00000000E+00
 1.15505008E+01  0.00000000E+00  0.00000000E+00  0.00000000E+00  0.00000000E+00  0.00000000E+00  0.00000000E+00  0.00000000E+00  0.00000000E+00  0.00000000E+00  0.00000000E+00  0.00000000E+00  0.00000000E+00  0.00000000E+00  0.00000000E+00  0.00000000E+00  0.00000000E+00  0.00000000E+00  0.00000000E+00
 1.15695008E+01  0.00000000E+00  0.00000000E+00  0.00000000E+00  0.00000000E+00  0.00000000E+00  0.00000000E+00  0.00000000E+00  0.00000000E+00  0.00000000E+00  0.00000000E+00  0.00000000E+00  0.00000000E+00  0.00000000E+00  0.00000000E+00  0.00000000E+00  0.00000000E+00  0.00000000E+00  0.00000000E+00
 1.15885008E+01  0.00000000E+00  0.00000000E+00  0.00000000E+00  0.00000000E+00  0.00000000E+00  0.00000000E+00  0.00000000E+00  0.00000000E+00  0.00000000E+00  0.00000000E+00  0.00000000E+00  0.00000000E+00  0.00000000E+00  0.00000000E+00  0.00000000E+00  0.00000000E+00  0.00000000E+00  0.00000000E+00
 1.16085008E+01  0.00000000E+00  0.00000000E+00  0.00000000E+00  0.00000000E+00  0.00000000E+00  0.00000000E+00  0.00000000E+00  0.00000000E+00  0.00000000E+00  0.00000000E+00  0.00000000E+00  0.00000000E+00  0.00000000E+00  0.00000000E+00  0.00000000E+00  0.00000000E+00  0.00000000E+00  0.00000000E+00
 1.16275008E+01  0.00000000E+00  0.00000000E+00  0.00000000E+00  0.00000000E+00  0.00000000E+00  0.00000000E+00  0.00000000E+00  0.00000000E+00  0.00000000E+00  0.00000000E+00  0.00000000E+00  0.00000000E+00  0.00000000E+00  0.00000000E+00  0.00000000E+00  0.00000000E+00  0.00000000E+00  0.00000000E+00
 1.16465008E+01  0.00000000E+00  0.00000000E+00  0.00000000E+00  0.00000000E+00  0.00000000E+00  0.00000000E+00  0.00000000E+00  0.00000000E+00  0.00000000E+00  0.00000000E+00  0.00000000E+00  0.00000000E+00  0.00000000E+00  0.00000000E+00  0.00000000E+00  0.00000000E+00  0.00000000E+00  0.00000000E+00
 1.16655008E+01  0.00000000E+00  0.00000000E+00  0.00000000E+00  0.00000000E+00  0.00000000E+00  0.00000000E+00  0.00000000E+00  0.00000000E+00  0.00000000E+00  0.00000000E+00  0.00000000E+00  0.00000000E+00  0.00000000E+00  0.00000000E+00  0.00000000E+00  0.00000000E+00  0.00000000E+00  0.00000000E+00
 1.16855008E+01  0.00000000E+00  0.00000000E+00  0.00000000E+00  0.00000000E+00  0.00000000E+00  0.00000000E+00  0.00000000E+00  0.00000000E+00  0.00000000E+00  0.00000000E+00  0.00000000E+00  0.00000000E+00  0.00000000E+00  0.00000000E+00  0.00000000E+00  0.00000000E+00  0.00000000E+00  0.00000000E+00
 1.17045008E+01  0.00000000E+00  0.00000000E+00  0.00000000E+00  0.00000000E+00  0.00000000E+00  0.00000000E+00  0.00000000E+00  0.00000000E+00  0.00000000E+00  0.00000000E+00  0.00000000E+00  0.00000000E+00  0.00000000E+00  0.00000000E+00  0.00000000E+00  0.00000000E+00  0.00000000E+00  0.00000000E+00
 1.17235008E+01  0.00000000E+00  0.00000000E+00  0.00000000E+00  0.00000000E+00  0.00000000E+00  0.00000000E+00  0.00000000E+00  0.00000000E+00  0.00000000E+00  0.00000000E+00  0.00000000E+00  0.00000000E+00  0.00000000E+00  0.00000000E+00  0.00000000E+00  0.00000000E+00  0.00000000E+00  0.00000000E+00
 1.17435008E+01  0.00000000E+00  0.00000000E+00  0.00000000E+00  0.00000000E+00  0.00000000E+00  0.00000000E+00  0.00000000E+00  0.00000000E+00  0.00000000E+00  0.00000000E+00  0.00000000E+00  0.00000000E+00  0.00000000E+00  0.00000000E+00  0.00000000E+00  0.00000000E+00  0.00000000E+00  0.00000000E+00
 1.17625008E+01  0.00000000E+00  0.00000000E+00  0.00000000E+00  0.00000000E+00  0.00000000E+00  0.00000000E+00  0.00000000E+00  0.00000000E+00  0.00000000E+00  0.00000000E+00  0.00000000E+00  0.00000000E+00  0.00000000E+00  0.00000000E+00  0.00000000E+00  0.00000000E+00  0.00000000E+00  0.00000000E+00
 1.17815008E+01  0.00000000E+00  0.00000000E+00  0.00000000E+00  0.00000000E+00  0.00000000E+00  0.00000000E+00  0.00000000E+00  0.00000000E+00  0.00000000E+00  0.00000000E+00  0.00000000E+00  0.00000000E+00  0.00000000E+00  0.00000000E+00  0.00000000E+00  0.00000000E+00  0.00000000E+00  0.00000000E+00
 1.18005008E+01  0.00000000E+00  0.00000000E+00  0.00000000E+00  0.00000000E+00  0.00000000E+00  0.00000000E+00  0.00000000E+00  0.00000000E+00  0.00000000E+00  0.00000000E+00  0.00000000E+00  0.00000000E+00  0.00000000E+00  0.00000000E+00  0.00000000E+00  0.00000000E+00  0.00000000E+00  0.00000000E+00
 1.18205008E+01  0.00000000E+00  0.00000000E+00  0.00000000E+00  0.00000000E+00  0.00000000E+00  0.00000000E+00  0.00000000E+00  0.00000000E+00  0.00000000E+00  0.00000000E+00  0.00000000E+00  0.00000000E+00  0.00000000E+00  0.00000000E+00  0.00000000E+00  0.00000000E+00  0.00000000E+00  0.00000000E+00
 1.18395008E+01  0.00000000E+00  0.00000000E+00  0.00000000E+00  0.00000000E+00  0.00000000E+00  0.00000000E+00  0.00000000E+00  0.00000000E+00  0.00000000E+00  0.00000000E+00  0.00000000E+00  0.00000000E+00  0.00000000E+00  0.00000000E+00  0.00000000E+00  0.00000000E+00  0.00000000E+00  0.00000000E+00
 1.18585008E+01  0.00000000E+00  0.00000000E+00  0.00000000E+00  0.00000000E+00  0.00000000E+00  0.00000000E+00  0.00000000E+00  0.00000000E+00  0.00000000E+00  0.00000000E+00  0.00000000E+00  0.00000000E+00  0.00000000E+00  0.00000000E+00  0.00000000E+00  0.00000000E+00  0.00000000E+00  0.00000000E+00
 1.18785008E+01  0.00000000E+00  0.00000000E+00  0.00000000E+00  0.00000000E+00  0.00000000E+00  0.00000000E+00  0.00000000E+00  0.00000000E+00  0.00000000E+00  0.00000000E+00  0.00000000E+00  0.00000000E+00  0.00000000E+00  0.00000000E+00  0.00000000E+00  0.00000000E+00  0.00000000E+00  0.00000000E+00
 1.18975008E+01  0.00000000E+00  0.00000000E+00  0.00000000E+00  0.00000000E+00  0.00000000E+00  0.00000000E+00  0.00000000E+00  0.00000000E+00  0.00000000E+00  0.00000000E+00  0.00000000E+00  0.00000000E+00  0.00000000E+00  0.00000000E+00  0.00000000E+00  0.00000000E+00  0.00000000E+00  0.00000000E+00
