-2.25385119E+01  0.00000000E+00  0.00000000E+00  0.00000000E+00  0.00000000E+00  0.00000000E+00  0.00000000E+00  0.00000000E+00  0.00000000E+00  0.00000000E+00  0.00000000E+00  0.00000000E+00  0.00000000E+00  0.00000000E+00  0.00000000E+00  0.00000000E+00  0.00000000E+00  0.00000000E+00  0.00000000E+00
-2.25205119E+01  0.00000000E+00  0.00000000E+00  0.00000000E+00  0.00000000E+00  0.00000000E+00  0.00000000E+00  0.00000000E+00  0.00000000E+00  0.00000000E+00  0.00000000E+00  0.00000000E+00  0.00000000E+00  0.00000000E+00  0.00000000E+00  0.00000000E+00  0.00000000E+00  0.00000000E+00  0.00000000E+00
-2.25035119E+01  0.00000000E+00  0.00000000E+00  0.00000000E+00  0.00000000E+00  0.00000000E+00  0.00000000E+00  0.00000000E+00  0.00000000E+00  0.00000000E+00  0.00000000E+00  0.00000000E+00  0.00000000E+00  0.00000000E+00  0.00000000E+00  0.00000000E+00  0.00000000E+00  0.00000000E+00  0.00000000E+00
-2.24855119E+01  0.00000000E+00  0.00000000E+00  0.00000000E+00  0.00000000E+00  0.00000000E+00  0.00000000E+00  0.00000000E+00  0.00000000E+00  0.00000000E+00  0.00000000E+00  0.00000000E+00  0.00000000E+00  0.00000000E+00  0.00000000E+00  0.00000000E+00  0.00000000E+00  0.00000000E+00  0.00000000E+00
-2.24685119E+01  0.00000000E+00  0.00000000E+00  0.00000000E+00  0.00000000E+00  0.00000000E+00  0.00000000E+00  0.00000000E+00  0.00000000E+00  0.00000000E+00  0.00000000E+00  0.00000000E+00  0.00000000E+00  0.00000000E+00  0.00000000E+00  0.00000000E+00  0.00000000E+00  0.00000000E+00  0.00000000E+00
-2.24505119E+01  0.00000000E+00  0.00000000E+00  0.00000000E+00  0.00000000E+00  0.00000000E+00  0.00000000E+00  0.00000000E+00  0.00000000E+00  0.00000000E+00  0.00000000E+00  0.00000000E+00  0.00000000E+00  0.00000000E+00  0.00000000E+00  0.00000000E+00  0.00000000E+00  0.00000000E+00  0.00000000E+00
-2.24335119E+01  0.00000000E+00  0.00000000E+00  0.00000000E+00  0.00000000E+00  0.00000000E+00  0.00000000E+00  0.00000000E+00  0.00000000E+00  0.00000000E+00  0.00000000E+00  0.00000000E+00  0.00000000E+00  0.00000000E+00  0.00000000E+00  0.00000000E+00  0.00000000E+00  0.00000000E+00  0.00000000E+00
-2.24165119E+01  0.00000000E+00  0.00000000E+00  0.00000000E+00  0.00000000E+00  0.00000000E+00  0.00000000E+00  0.00000000E+00  0.00000000E+00  0.00000000E+00  0.00000000E+00  0.00000000E+00  0.00000000E+00  0.00000000E+00  0.00000000E+00  0.00000000E+00  0.00000000E+00  0.00000000E+00  0.00000000E+00
-2.23985119E+01  0.00000000E+00  0.00000000E+00  0.00000000E+00  0.00000000E+00  0.00000000E+00  0.00000000E+00  0.00000000E+00  0.00000000E+00  0.00000000E+00  0.00000000E+00  0.00000000E+00  0.00000000E+00  0.00000000E+00  0.00000000E+00  0.00000000E+00  0.00000000E+00  0.00000000E+00  0.00000000E+00
-2.23815119E+01  0.00000000E+00  0.00000000E+00  0.00000000E+00  0.00000000E+00  0.00000000E+00  0.00000000E+00  0.00000000E+00  0.00000000E+00  0.00000000E+00  0.00000000E+00  0.00000000E+00  0.00000000E+00  0.00000000E+00  0.00000000E+00  0.00000000E+00  0.00000000E+00  0.00000000E+00  0.00000000E+00
-2.23635119E+01  0.00000000E+00  0.00000000E+00  0.00000000E+00  0.00000000E+00  0.00000000E+00  0.00000000E+00  0.00000000E+00  0.00000000E+00  0.00000000E+00  0.00000000E+00  0.00000000E+00  0.00000000E+00  0.00000000E+00  0.00000000E+00  0.00000000E+00  0.00000000E+00  0.00000000E+00  0.00000000E+00
-2.23465119E+01  0.00000000E+00  0.00000000E+00  0.00000000E+00  0.00000000E+00  0.00000000E+00  0.00000000E+00  0.00000000E+00  0.00000000E+00  0.00000000E+00  0.00000000E+00  0.00000000E+00  0.00000000E+00  0.00000000E+00  0.00000000E+00  0.00000000E+00  0.00000000E+00  0.00000000E+00  0.00000000E+00
-2.23285119E+01  0.00000000E+00  0.00000000E+00  0.00000000E+00  0.00000000E+00  0.00000000E+00  0.00000000E+00  0.00000000E+00  0.00000000E+00  0.00000000E+00  0.00000000E+00  0.00000000E+00  0.00000000E+00  0.00000000E+00  0.00000000E+00  0.00000000E+00  0.00000000E+00  0.00000000E+00  0.00000000E+00
-2.23115119E+01  0.00000000E+00  0.00000000E+00  0.00000000E+00  0.00000000E+00  0.00000000E+00  0.00000000E+00  0.00000000E+00  0.00000000E+00  0.00000000E+00  0.00000000E+00  0.00000000E+00  0.00000000E+00  0.00000000E+00  0.00000000E+00  0.00000000E+00  0.00000000E+00  0.00000000E+00  0.00000000E+00
-2.22945119E+01  0.00000000E+00  0.00000000E+00  0.00000000E+00  0.00000000E+00  0.00000000E+00  0.00000000E+00  0.00000000E+00  0.00000000E+00  0.00000000E+00  0.00000000E+00  0.00000000E+00  0.00000000E+00  0.00000000E+00  0.00000000E+00  0.00000000E+00  0.00000000E+00  0.00000000E+00  0.00000000E+00
-2.22765119E+01  0.00000000E+00  0.00000000E+00  0.00000000E+00  0.00000000E+00  0.00000000E+00  0.00000000E+00  0.00000000E+00  0.00000000E+00  0.00000000E+00  0.00000000E+00  0.00000000E+00  0.00000000E+00  0.00000000E+00  0.00000000E+00  0.00000000E+00  0.00000000E+00  0.00000000E+00  0.00000000E+00
-2.22595119E+01  0.00000000E+00  0.00000000E+00  0.00000000E+00  0.00000000E+00  0.00000000E+00  0.00000000E+00  0.00000000E+00  0.00000000E+00  0.00000000E+00  0.00000000E+00  0.00000000E+00  0.00000000E+00  0.00000000E+00  0.00000000E+00  0.00000000E+00  0.00000000E+00  0.00000000E+00  0.00000000E+00
-2.22415119E+01  0.00000000E+00  0.00000000E+00  0.00000000E+00  0.00000000E+00  0.00000000E+00  0.00000000E+00  0.00000000E+00  0.00000000E+00  0.00000000E+00  0.00000000E+00  0.00000000E+00  0.00000000E+00  0.00000000E+00  0.00000000E+00  0.00000000E+00  0.00000000E+00  0.00000000E+00  0.00000000E+00
-2.22245119E+01  0.00000000E+00  0.00000000E+00  0.00000000E+00  0.00000000E+00  0.00000000E+00  0.00000000E+00  0.00000000E+00  0.00000000E+00  0.00000000E+00  0.00000000E+00  0.00000000E+00  0.00000000E+00  0.00000000E+00  0.00000000E+00  0.00000000E+00  0.00000000E+00  0.00000000E+00  0.00000000E+00
-2.22075119E+01  0.00000000E+00  0.00000000E+00  0.00000000E+00  0.00000000E+00  0.00000000E+00  0.00000000E+00  0.00000000E+00  0.00000000E+00  0.00000000E+00  0.00000000E+00  0.00000000E+00  0.00000000E+00  0.00000000E+00  0.00000000E+00  0.00000000E+00  0.00000000E+00  0.00000000E+00  0.00000000E+00
-2.21895119E+01  0.00000000E+00  0.00000000E+00  0.00000000E+00  0.00000000E+00  0.00000000E+00  0.00000000E+00  0.00000000E+00  0.00000000E+00  0.00000000E+00  0.00000000E+00  0.00000000E+00  0.00000000E+00  0.00000000E+00  0.00000000E+00  0.00000000E+00  0.00000000E+00  0.00000000E+00  0.00000000E+00
-2.21725119E+01  0.00000000E+00  0.00000000E+00  0.00000000E+00  0.00000000E+00  0.00000000E+00  0.00000000E+00  0.00000000E+00  0.00000000E+00  0.00000000E+00  0.00000000E+00  0.00000000E+00  0.00000000E+00  0.00000000E+00  0.00000000E+00  0.00000000E+00  0.00000000E+00  0.00000000E+00  0.00000000E+00
-2.21545119E+01  0.00000000E+00  0.00000000E+00  0.00000000E+00  0.00000000E+00  0.00000000E+00  0.00000000E+00  0.00000000E+00  0.00000000E+00  0.00000000E+00  0.00000000E+00  0.00000000E+00  0.00000000E+00  0.00000000E+00  0.00000000E+00  0.00000000E+00  0.00000000E+00  0.00000000E+00  0.00000000E+00
-2.21375119E+01  0.00000000E+00  0.00000000E+00  0.00000000E+00  0.00000000E+00  0.00000000E+00  0.00000000E+00  0.00000000E+00  0.00000000E+00  0.00000000E+00  0.00000000E+00  0.00000000E+00  0.00000000E+00  0.00000000E+00  0.00000000E+00  0.00000000E+00  0.00000000E+00  0.00000000E+00  0.00000000E+00
-2.21195119E+01  0.00000000E+00  0.00000000E+00  0.00000000E+00  0.00000000E+00  0.00000000E+00  0.00000000E+00  0.00000000E+00  0.00000000E+00  0.00000000E+00  0.00000000E+00  0.00000000E+00  0.00000000E+00  0.00000000E+00  0.00000000E+00  0.00000000E+00  0.00000000E+00  0.00000000E+00  0.00000000E+00
-2.21025119E+01  0.00000000E+00  0.00000000E+00  0.00000000E+00  0.00000000E+00  0.00000000E+00  0.00000000E+00  0.00000000E+00  0.00000000E+00  0.00000000E+00  0.00000000E+00  0.00000000E+00  0.00000000E+00  0.00000000E+00  0.00000000E+00  0.00000000E+00  0.00000000E+00  0.00000000E+00  0.00000000E+00
-2.20855119E+01  0.00000000E+00  0.00000000E+00  0.00000000E+00  0.00000000E+00  0.00000000E+00  0.00000000E+00  0.00000000E+00  0.00000000E+00  0.00000000E+00  0.00000000E+00  0.00000000E+00  0.00000000E+00  0.00000000E+00  0.00000000E+00  0.00000000E+00  0.00000000E+00  0.00000000E+00  0.00000000E+00
-2.20675119E+01  0.00000000E+00  0.00000000E+00  0.00000000E+00  0.00000000E+00  0.00000000E+00  0.00000000E+00  0.00000000E+00  0.00000000E+00  0.00000000E+00  0.00000000E+00  0.00000000E+00  0.00000000E+00  0.00000000E+00  0.00000000E+00  0.00000000E+00  0.00000000E+00  0.00000000E+00  0.00000000E+00
-2.20505119E+01  0.00000000E+00  0.00000000E+00  0.00000000E+00  0.00000000E+00  0.00000000E+00  0.00000000E+00  0.00000000E+00  0.00000000E+00  0.00000000E+00  0.00000000E+00  0.00000000E+00  0.00000000E+00  0.00000000E+00  0.00000000E+00  0.00000000E+00  0.00000000E+00  0.00000000E+00  0.00000000E+00
-2.20325119E+01  0.00000000E+00  0.00000000E+00  0.00000000E+00  0.00000000E+00  0.00000000E+00  0.00000000E+00  0.00000000E+00  0.00000000E+00  0.00000000E+00  0.00000000E+00  0.00000000E+00  0.00000000E+00  0.00000000E+00  0.00000000E+00  0.00000000E+00  0.00000000E+00  0.00000000E+00  0.00000000E+00
-2.20155119E+01  0.00000000E+00  0.00000000E+00  0.00000000E+00  0.00000000E+00  0.00000000E+00  0.00000000E+00  0.00000000E+00  0.00000000E+00  0.00000000E+00  0.00000000E+00  0.00000000E+00  0.00000000E+00  0.00000000E+00  0.00000000E+00  0.00000000E+00  0.00000000E+00  0.00000000E+00  0.00000000E+00
-2.19985119E+01  0.00000000E+00  0.00000000E+00  0.00000000E+00  0.00000000E+00  0.00000000E+00  0.00000000E+00  0.00000000E+00  0.00000000E+00  0.00000000E+00  0.00000000E+00  0.00000000E+00  0.00000000E+00  0.00000000E+00  0.00000000E+00  0.00000000E+00  0.00000000E+00  0.00000000E+00  0.00000000E+00
-2.19805119E+01  0.00000000E+00  0.00000000E+00  0.00000000E+00  0.00000000E+00  0.00000000E+00  0.00000000E+00  0.00000000E+00  0.00000000E+00  0.00000000E+00  0.00000000E+00  0.00000000E+00  0.00000000E+00  0.00000000E+00  0.00000000E+00  0.00000000E+00  0.00000000E+00  0.00000000E+00  0.00000000E+00
-2.19635119E+01  0.00000000E+00  0.00000000E+00  0.00000000E+00  0.00000000E+00  0.00000000E+00  0.00000000E+00  0.00000000E+00  0.00000000E+00  0.00000000E+00  0.00000000E+00  0.00000000E+00  0.00000000E+00  0.00000000E+00  0.00000000E+00  0.00000000E+00  0.00000000E+00  0.00000000E+00  0.00000000E+00
-2.19455119E+01  0.00000000E+00  0.00000000E+00  0.00000000E+00  0.00000000E+00  0.00000000E+00  0.00000000E+00  0.00000000E+00  0.00000000E+00  0.00000000E+00  0.00000000E+00  0.00000000E+00  0.00000000E+00  0.00000000E+00  0.00000000E+00  0.00000000E+00  0.00000000E+00  0.00000000E+00  0.00000000E+00
-2.19285119E+01  0.00000000E+00  0.00000000E+00  0.00000000E+00  0.00000000E+00  0.00000000E+00  0.00000000E+00  0.00000000E+00  0.00000000E+00  0.00000000E+00  0.00000000E+00  0.00000000E+00  0.00000000E+00  0.00000000E+00  0.00000000E+00  0.00000000E+00  0.00000000E+00  0.00000000E+00  0.00000000E+00
-2.19105119E+01  0.00000000E+00  0.00000000E+00  0.00000000E+00  0.00000000E+00  0.00000000E+00  0.00000000E+00  0.00000000E+00  0.00000000E+00  0.00000000E+00  0.00000000E+00  0.00000000E+00  0.00000000E+00  0.00000000E+00  0.00000000E+00  0.00000000E+00  0.00000000E+00  0.00000000E+00  0.00000000E+00
-2.18935119E+01  0.00000000E+00  0.00000000E+00  0.00000000E+00  0.00000000E+00  0.00000000E+00  0.00000000E+00  0.00000000E+00  0.00000000E+00  0.00000000E+00  0.00000000E+00  0.00000000E+00  0.00000000E+00  0.00000000E+00  0.00000000E+00  0.00000000E+00  0.00000000E+00  0.00000000E+00  0.00000000E+00
-2.18765119E+01  0.00000000E+00  0.00000000E+00  0.00000000E+00  0.00000000E+00  0.00000000E+00  0.00000000E+00  0.00000000E+00  0.00000000E+00  0.00000000E+00  0.00000000E+00  0.00000000E+00  0.00000000E+00  0.00000000E+00  0.00000000E+00  0.00000000E+00  0.00000000E+00  0.00000000E+00  0.00000000E+00
-2.18585119E+01  0.00000000E+00  0.00000000E+00  0.00000000E+00  0.00000000E+00  0.00000000E+00  0.00000000E+00  0.00000000E+00  0.00000000E+00  0.00000000E+00  0.00000000E+00  0.00000000E+00  0.00000000E+00  0.00000000E+00  0.00000000E+00  0.00000000E+00  0.00000000E+00  0.00000000E+00  0.00000000E+00
-2.18415119E+01  0.00000000E+00  0.00000000E+00  0.00000000E+00  0.00000000E+00  0.00000000E+00  0.00000000E+00  0.00000000E+00  0.00000000E+00  0.00000000E+00  0.00000000E+00  0.00000000E+00  0.00000000E+00  0.00000000E+00  0.00000000E+00  0.00000000E+00  0.00000000E+00  0.00000000E+00  0.00000000E+00
-2.18235119E+01  0.00000000E+00  0.00000000E+00  0.00000000E+00  0.00000000E+00  0.00000000E+00  0.00000000E+00  0.00000000E+00  0.00000000E+00  0.00000000E+00  0.00000000E+00  0.00000000E+00  0.00000000E+00  0.00000000E+00  0.00000000E+00  0.00000000E+00  0.00000000E+00  0.00000000E+00  0.00000000E+00
-2.18065119E+01  0.00000000E+00  0.00000000E+00  0.00000000E+00  0.00000000E+00  0.00000000E+00  0.00000000E+00  0.00000000E+00  0.00000000E+00  0.00000000E+00  0.00000000E+00  0.00000000E+00  0.00000000E+00  0.00000000E+00  0.00000000E+00  0.00000000E+00  0.00000000E+00  0.00000000E+00  0.00000000E+00
-2.17885119E+01  0.00000000E+00  0.00000000E+00  0.00000000E+00  0.00000000E+00  0.00000000E+00  0.00000000E+00  0.00000000E+00  0.00000000E+00  0.00000000E+00  0.00000000E+00  0.00000000E+00  0.00000000E+00  0.00000000E+00  0.00000000E+00  0.00000000E+00  0.00000000E+00  0.00000000E+00  0.00000000E+00
-2.17715119E+01  0.00000000E+00  0.00000000E+00  0.00000000E+00  0.00000000E+00  0.00000000E+00  0.00000000E+00  0.00000000E+00  0.00000000E+00  0.00000000E+00  0.00000000E+00  0.00000000E+00  0.00000000E+00  0.00000000E+00  0.00000000E+00  0.00000000E+00  0.00000000E+00  0.00000000E+00  0.00000000E+00
-2.17545119E+01  0.00000000E+00  0.00000000E+00  0.00000000E+00  0.00000000E+00  0.00000000E+00  0.00000000E+00  0.00000000E+00  0.00000000E+00  0.00000000E+00  0.00000000E+00  0.00000000E+00  0.00000000E+00  0.00000000E+00  0.00000000E+00  0.00000000E+00  0.00000000E+00  0.00000000E+00  0.00000000E+00
-2.17365119E+01  0.00000000E+00  0.00000000E+00  0.00000000E+00  0.00000000E+00  0.00000000E+00  0.00000000E+00  0.00000000E+00  0.00000000E+00  0.00000000E+00  0.00000000E+00  0.00000000E+00  0.00000000E+00  0.00000000E+00  0.00000000E+00  0.00000000E+00  0.00000000E+00  0.00000000E+00  0.00000000E+00
-2.17195119E+01  0.00000000E+00  0.00000000E+00  0.00000000E+00  0.00000000E+00  0.00000000E+00  0.00000000E+00  0.00000000E+00  0.00000000E+00  0.00000000E+00  0.00000000E+00  0.00000000E+00  0.00000000E+00  0.00000000E+00  0.00000000E+00  0.00000000E+00  0.00000000E+00  0.00000000E+00  0.00000000E+00
-2.17015119E+01  0.00000000E+00  0.00000000E+00  0.00000000E+00  0.00000000E+00  0.00000000E+00  0.00000000E+00  0.00000000E+00  0.00000000E+00  0.00000000E+00  0.00000000E+00  0.00000000E+00  0.00000000E+00  0.00000000E+00  0.00000000E+00  0.00000000E+00  0.00000000E+00  0.00000000E+00  0.00000000E+00
-2.16845119E+01  0.00000000E+00  0.00000000E+00  0.00000000E+00  0.00000000E+00  0.00000000E+00  0.00000000E+00  0.00000000E+00  0.00000000E+00  0.00000000E+00  0.00000000E+00  0.00000000E+00  0.00000000E+00  0.00000000E+00  0.00000000E+00  0.00000000E+00  0.00000000E+00  0.00000000E+00  0.00000000E+00
-2.16675119E+01  0.00000000E+00  0.00000000E+00  0.00000000E+00  0.00000000E+00  0.00000000E+00  0.00000000E+00  0.00000000E+00  0.00000000E+00  0.00000000E+00  0.00000000E+00  0.00000000E+00  0.00000000E+00  0.00000000E+00  0.00000000E+00  0.00000000E+00  0.00000000E+00  0.00000000E+00  0.00000000E+00
-2.16495119E+01  0.00000000E+00  0.00000000E+00  0.00000000E+00  0.00000000E+00  0.00000000E+00  0.00000000E+00  0.00000000E+00  0.00000000E+00  0.00000000E+00  0.00000000E+00  0.00000000E+00  0.00000000E+00  0.00000000E+00  0.00000000E+00  0.00000000E+00  0.00000000E+00  0.00000000E+00  0.00000000E+00
-2.16325119E+01  0.00000000E+00  0.00000000E+00  0.00000000E+00  0.00000000E+00  0.00000000E+00  0.00000000E+00  0.00000000E+00  0.00000000E+00  0.00000000E+00  0.00000000E+00  0.00000000E+00  0.00000000E+00  0.00000000E+00  0.00000000E+00  0.00000000E+00  0.00000000E+00  0.00000000E+00  0.00000000E+00
-2.16145119E+01  0.00000000E+00  0.00000000E+00  0.00000000E+00  0.00000000E+00  0.00000000E+00  0.00000000E+00  0.00000000E+00  0.00000000E+00  0.00000000E+00  0.00000000E+00  0.00000000E+00  0.00000000E+00  0.00000000E+00  0.00000000E+00  0.00000000E+00  0.00000000E+00  0.00000000E+00  0.00000000E+00
-2.15975119E+01  0.00000000E+00  0.00000000E+00  0.00000000E+00  0.00000000E+00  0.00000000E+00  0.00000000E+00  0.00000000E+00  0.00000000E+00  0.00000000E+00  0.00000000E+00  0.00000000E+00  0.00000000E+00  0.00000000E+00  0.00000000E+00  0.00000000E+00  0.00000000E+00  0.00000000E+00  0.00000000E+00
-2.15795119E+01  0.00000000E+00  0.00000000E+00  0.00000000E+00  0.00000000E+00  0.00000000E+00  0.00000000E+00  0.00000000E+00  0.00000000E+00  0.00000000E+00  0.00000000E+00  0.00000000E+00  0.00000000E+00  0.00000000E+00  0.00000000E+00  0.00000000E+00  0.00000000E+00  0.00000000E+00  0.00000000E+00
-2.15625119E+01  0.00000000E+00  0.00000000E+00  0.00000000E+00  0.00000000E+00  0.00000000E+00  0.00000000E+00  0.00000000E+00  0.00000000E+00  0.00000000E+00  0.00000000E+00  0.00000000E+00  0.00000000E+00  0.00000000E+00  0.00000000E+00  0.00000000E+00  0.00000000E+00  0.00000000E+00  0.00000000E+00
-2.15455119E+01  0.00000000E+00  0.00000000E+00  0.00000000E+00  0.00000000E+00  0.00000000E+00  0.00000000E+00  0.00000000E+00  0.00000000E+00  0.00000000E+00  0.00000000E+00  0.00000000E+00  0.00000000E+00  0.00000000E+00  0.00000000E+00  0.00000000E+00  0.00000000E+00  0.00000000E+00  0.00000000E+00
-2.15275119E+01  0.00000000E+00  0.00000000E+00  0.00000000E+00  0.00000000E+00  0.00000000E+00  0.00000000E+00  0.00000000E+00  0.00000000E+00  0.00000000E+00  0.00000000E+00  0.00000000E+00  0.00000000E+00  0.00000000E+00  0.00000000E+00  0.00000000E+00  0.00000000E+00  0.00000000E+00  0.00000000E+00
-2.15105119E+01  0.00000000E+00  0.00000000E+00  0.00000000E+00  0.00000000E+00  0.00000000E+00  0.00000000E+00  0.00000000E+00  0.00000000E+00  0.00000000E+00  0.00000000E+00  0.00000000E+00  0.00000000E+00  0.00000000E+00  0.00000000E+00  0.00000000E+00  0.00000000E+00  0.00000000E+00  0.00000000E+00
-2.14925119E+01  0.00000000E+00  0.00000000E+00  0.00000000E+00  0.00000000E+00  0.00000000E+00  0.00000000E+00  0.00000000E+00  0.00000000E+00  0.00000000E+00  0.00000000E+00  0.00000000E+00  0.00000000E+00  0.00000000E+00  0.00000000E+00  0.00000000E+00  0.00000000E+00  0.00000000E+00  0.00000000E+00
-2.14755119E+01  0.00000000E+00  0.00000000E+00  0.00000000E+00  0.00000000E+00  0.00000000E+00  0.00000000E+00  0.00000000E+00  0.00000000E+00  0.00000000E+00  0.00000000E+00  0.00000000E+00  0.00000000E+00  0.00000000E+00  0.00000000E+00  0.00000000E+00  0.00000000E+00  0.00000000E+00  0.00000000E+00
-2.14585119E+01  0.00000000E+00  0.00000000E+00  0.00000000E+00  0.00000000E+00  0.00000000E+00  0.00000000E+00  0.00000000E+00  0.00000000E+00  0.00000000E+00  0.00000000E+00  0.00000000E+00  0.00000000E+00  0.00000000E+00  0.00000000E+00  0.00000000E+00  0.00000000E+00  0.00000000E+00  0.00000000E+00
-2.14405119E+01  0.00000000E+00  0.00000000E+00  0.00000000E+00  0.00000000E+00  0.00000000E+00  0.00000000E+00  0.00000000E+00  0.00000000E+00  0.00000000E+00  0.00000000E+00  0.00000000E+00  0.00000000E+00  0.00000000E+00  0.00000000E+00  0.00000000E+00  0.00000000E+00  0.00000000E+00  0.00000000E+00
-2.14235119E+01  0.00000000E+00  0.00000000E+00  0.00000000E+00  0.00000000E+00  0.00000000E+00  0.00000000E+00  0.00000000E+00  0.00000000E+00  0.00000000E+00  0.00000000E+00  0.00000000E+00  0.00000000E+00  0.00000000E+00  0.00000000E+00  0.00000000E+00  0.00000000E+00  0.00000000E+00  0.00000000E+00
-2.14055119E+01  0.00000000E+00  0.00000000E+00  0.00000000E+00  0.00000000E+00  0.00000000E+00  0.00000000E+00  0.00000000E+00  0.00000000E+00  0.00000000E+00  0.00000000E+00  0.00000000E+00  0.00000000E+00  0.00000000E+00  0.00000000E+00  0.00000000E+00  0.00000000E+00  0.00000000E+00  0.00000000E+00
-2.13885119E+01  0.00000000E+00  0.00000000E+00  0.00000000E+00  0.00000000E+00  0.00000000E+00  0.00000000E+00  0.00000000E+00  0.00000000E+00  0.00000000E+00  0.00000000E+00  0.00000000E+00  0.00000000E+00  0.00000000E+00  0.00000000E+00  0.00000000E+00  0.00000000E+00  0.00000000E+00  0.00000000E+00
-2.13705119E+01  0.00000000E+00  0.00000000E+00  0.00000000E+00  0.00000000E+00  0.00000000E+00  0.00000000E+00  0.00000000E+00  0.00000000E+00  0.00000000E+00  0.00000000E+00  0.00000000E+00  0.00000000E+00  0.00000000E+00  0.00000000E+00  0.00000000E+00  0.00000000E+00  0.00000000E+00  0.00000000E+00
-2.13535119E+01  0.00000000E+00  0.00000000E+00  0.00000000E+00  0.00000000E+00  0.00000000E+00  0.00000000E+00  0.00000000E+00  0.00000000E+00  0.00000000E+00  0.00000000E+00  0.00000000E+00  0.00000000E+00  0.00000000E+00  0.00000000E+00  0.00000000E+00  0.00000000E+00  0.00000000E+00  0.00000000E+00
-2.13365119E+01  0.00000000E+00  0.00000000E+00  0.00000000E+00  0.00000000E+00  0.00000000E+00  0.00000000E+00  0.00000000E+00  0.00000000E+00  0.00000000E+00  0.00000000E+00  0.00000000E+00  0.00000000E+00  0.00000000E+00  0.00000000E+00  0.00000000E+00  0.00000000E+00  0.00000000E+00  0.00000000E+00
-2.13185119E+01  0.00000000E+00  0.00000000E+00  0.00000000E+00  0.00000000E+00  0.00000000E+00  0.00000000E+00  0.00000000E+00  0.00000000E+00  0.00000000E+00  0.00000000E+00  0.00000000E+00  0.00000000E+00  0.00000000E+00  0.00000000E+00  0.00000000E+00  0.00000000E+00  0.00000000E+00  0.00000000E+00
-2.13015119E+01  0.00000000E+00  0.00000000E+00  0.00000000E+00  0.00000000E+00  0.00000000E+00  0.00000000E+00  0.00000000E+00  0.00000000E+00  0.00000000E+00  0.00000000E+00  0.00000000E+00  0.00000000E+00  0.00000000E+00  0.00000000E+00  0.00000000E+00  0.00000000E+00  0.00000000E+00  0.00000000E+00
-2.12835119E+01  0.00000000E+00  0.00000000E+00  0.00000000E+00  0.00000000E+00  0.00000000E+00  0.00000000E+00  0.00000000E+00  0.00000000E+00  0.00000000E+00  0.00000000E+00  0.00000000E+00  0.00000000E+00  0.00000000E+00  0.00000000E+00  0.00000000E+00  0.00000000E+00  0.00000000E+00  0.00000000E+00
-2.12665119E+01  0.00000000E+00  0.00000000E+00  0.00000000E+00  0.00000000E+00  0.00000000E+00  0.00000000E+00  0.00000000E+00  0.00000000E+00  0.00000000E+00  0.00000000E+00  0.00000000E+00  0.00000000E+00  0.00000000E+00  0.00000000E+00  0.00000000E+00  0.00000000E+00  0.00000000E+00  0.00000000E+00
-2.12485119E+01  0.00000000E+00  1.51000000E-19  0.00000000E+00  2.60100000E-22  0.00000000E+00  1.21000000E-27  0.00000000E+00  2.28600000E-21  0.00000000E+00  0.00000000E+00  0.00000000E+00  0.00000000E+00  0.00000000E+00  0.00000000E+00  0.00000000E+00  0.00000000E+00  0.00000000E+00  0.00000000E+00
-2.12315119E+01  0.00000000E+00  1.42500000E-17  0.00000000E+00  3.30500000E-20  0.00000000E+00  1.18400000E-25  0.00000000E+00  4.36900000E-19  0.00000000E+00  0.00000000E+00  0.00000000E+00  0.00000000E+00  0.00000000E+00  0.00000000E+00  0.00000000E+00  0.00000000E+00  0.00000000E+00  0.00000000E+00
-2.12145119E+01  0.00000000E+00  6.67100000E-16  0.00000000E+00  1.56400000E-18  0.00000000E+00  5.56100000E-24  0.00000000E+00  2.11200000E-17  0.00000000E+00  0.00000000E+00  0.00000000E+00  0.00000000E+00  0.00000000E+00  0.00000000E+00  0.00000000E+00  0.00000000E+00  0.00000000E+00  0.00000000E+00
-2.11965119E+01  0.00000000E+00  2.47000000E-14  0.00000000E+00  5.93600000E-17  0.00000000E+00  2.06900000E-22  0.00000000E+00  8.22700000E-16  0.00000000E+00  0.00000000E+00  0.00000000E+00  0.00000000E+00  0.00000000E+00  0.00000000E+00  0.00000000E+00  0.00000000E+00  0.00000000E+00  0.00000000E+00
-2.11795119E+01  3.37300000E-19  7.23500000E-13  5.28700000E-22  1.78700000E-15  2.53100000E-27  6.09800000E-21  4.58900000E-21  2.54500000E-14  0.00000000E+00  0.00000000E+00  0.00000000E+00  0.00000000E+00  0.00000000E+00  0.00000000E+00  0.00000000E+00  0.00000000E+00  0.00000000E+00  0.00000000E+00
-2.11615119E+01  2.72600000E-17  1.67700000E-11  5.61400000E-20  4.26700000E-14  2.17300000E-25  1.42300000E-19  7.03000000E-19  6.25200000E-13  0.00000000E+00  0.00000000E+00  0.00000000E+00  0.00000000E+00  0.00000000E+00  0.00000000E+00  0.00000000E+00  0.00000000E+00  0.00000000E+00  0.00000000E+00
-2.11445119E+01  1.21100000E-15  3.07900000E-10  2.53500000E-18  8.08900000E-13  9.69900000E-24  2.63300000E-18  3.24900000E-17  1.22100000E-11  0.00000000E+00  0.00000000E+00  0.00000000E+00  0.00000000E+00  0.00000000E+00  0.00000000E+00  0.00000000E+00  0.00000000E+00  0.00000000E+00  0.00000000E+00
-2.11275119E+01  4.31300000E-14  4.47900000E-09  9.27100000E-17  1.21800000E-11  3.47700000E-22  3.86400000E-17  1.22000000E-15  1.89500000E-10  0.00000000E+00  0.00000000E+00  0.00000000E+00  0.00000000E+00  0.00000000E+00  0.00000000E+00  0.00000000E+00  0.00000000E+00  0.00000000E+00  0.00000000E+00
-2.11095119E+01  1.21500000E-12  5.16700000E-08  2.68600000E-15  1.45900000E-10  9.86500000E-21  4.50300000E-16  3.63500000E-14  2.34000000E-09  0.00000000E+00  0.00000000E+00  0.00000000E+00  0.00000000E+00  0.00000000E+00  0.00000000E+00  0.00000000E+00  0.00000000E+00  0.00000000E+00  0.00000000E+00
-2.10925119E+01  2.71000000E-11  4.73100000E-07  6.17700000E-14  1.39000000E-09  2.21800000E-19  4.17000000E-15  8.60800000E-13  2.30000000E-08  0.00000000E+00  0.00000000E+00  0.00000000E+00  0.00000000E+00  0.00000000E+00  0.00000000E+00  0.00000000E+00  0.00000000E+00  0.00000000E+00  0.00000000E+00
-2.10745119E+01  4.78900000E-10  3.44200000E-06  1.12900000E-12  1.05400000E-08  3.95400000E-18  3.07100000E-14  1.62200000E-11  1.80000000E-07  0.00000000E+00  0.00000000E+00  0.00000000E+00  0.00000000E+00  0.00000000E+00  0.00000000E+00  0.00000000E+00  0.00000000E+00  0.00000000E+00  0.00000000E+00
-2.10575119E+01  6.71100000E-09  1.99000000E-05  1.64100000E-11  6.36700000E-08  5.59700000E-17  1.80100000E-13  2.43500000E-10  1.12200000E-06  0.00000000E+00  0.00000000E+00  0.00000000E+00  0.00000000E+00  0.00000000E+00  0.00000000E+00  0.00000000E+00  0.00000000E+00  0.00000000E+00  0.00000000E+00
-2.10395119E+01  7.46500000E-08  9.15900000E-05  1.90000000E-10  3.06500000E-07  6.29500000E-16  8.41200000E-13  2.91500000E-09  5.56600000E-06  0.00000000E+00  0.00000000E+00  0.00000000E+00  0.00000000E+00  0.00000000E+00  0.00000000E+00  0.00000000E+00  0.00000000E+00  0.00000000E+00  0.00000000E+00
-2.10225119E+01  6.59700000E-07  3.35600000E-04  1.75300000E-09  1.17600000E-06  5.63300000E-15  3.13300000E-12  2.78300000E-08  2.19900000E-05  0.00000000E+00  0.00000000E+00  0.00000000E+00  0.00000000E+00  0.00000000E+00  0.00000000E+00  0.00000000E+00  0.00000000E+00  0.00000000E+00  0.00000000E+00
-2.10055119E+01  4.63700000E-06  9.79900000E-04  1.29100000E-08  3.59500000E-06  4.01400000E-14  9.30300000E-12  2.12100000E-07  6.91300000E-05  0.00000000E+00  0.00000000E+00  0.00000000E+00  0.00000000E+00  0.00000000E+00  0.00000000E+00  0.00000000E+00  0.00000000E+00  0.00000000E+00  0.00000000E+00
-2.09875119E+01  2.59500000E-05  2.28100000E-03  7.58600000E-08  8.75800000E-06  2.28100000E-13  2.20400000E-11  1.29100000E-06  1.72900000E-04  0.00000000E+00  0.00000000E+00  0.00000000E+00  0.00000000E+00  0.00000000E+00  0.00000000E+00  0.00000000E+00  0.00000000E+00  0.00000000E+00  0.00000000E+00
-2.09705119E+01  1.15800000E-04  4.23500000E-03  3.56300000E-07  1.70000000E-05  1.03500000E-12  4.16500000E-11  6.27200000E-06  3.43800000E-04  0.00000000E+00  0.00000000E+00  0.00000000E+00  0.00000000E+00  0.00000000E+00  0.00000000E+00  0.00000000E+00  0.00000000E+00  0.00000000E+00  0.00000000E+00
-2.09525119E+01  4.12200000E-04  6.27300000E-03  1.33700000E-06  2.62600000E-05  3.74900000E-12  6.28000000E-11  2.43400000E-05  5.43400000E-04  0.00000000E+00  0.00000000E+00  0.00000000E+00  0.00000000E+00  0.00000000E+00  0.00000000E+00  0.00000000E+00  0.00000000E+00  0.00000000E+00  0.00000000E+00
-2.09355119E+01  1.17200000E-03  7.41100000E-03  4.01100000E-06  3.22900000E-05  1.08600000E-11  7.55000000E-11  7.53700000E-05  6.82100000E-04  0.00000000E+00  0.00000000E+00  0.00000000E+00  0.00000000E+00  0.00000000E+00  0.00000000E+00  0.00000000E+00  0.00000000E+00  0.00000000E+00  0.00000000E+00
-2.09185119E+01  2.66500000E-03  6.98200000E-03  9.61600000E-06  3.15700000E-05  2.51800000E-11  7.23500000E-11  1.86200000E-04  6.79600000E-04  0.00000000E+00  0.00000000E+00  0.00000000E+00  0.00000000E+00  0.00000000E+00  0.00000000E+00  0.00000000E+00  0.00000000E+00  0.00000000E+00  0.00000000E+00
-2.09005119E+01  4.84700000E-03  5.24400000E-03  1.84100000E-05  2.45300000E-05  4.66900000E-11  5.52200000E-11  3.66600000E-04  5.37100000E-04  0.00000000E+00  0.00000000E+00  0.00000000E+00  0.00000000E+00  0.00000000E+00  0.00000000E+00  0.00000000E+00  0.00000000E+00  0.00000000E+00  0.00000000E+00
-2.08835119E+01  7.05400000E-03  3.13800000E-03  2.81500000E-05  1.51400000E-05  6.92700000E-11  3.35500000E-11  5.74900000E-04  3.36500000E-04  0.00000000E+00  0.00000000E+00  0.00000000E+00  0.00000000E+00  0.00000000E+00  0.00000000E+00  0.00000000E+00  0.00000000E+00  0.00000000E+00  0.00000000E+00
-2.08655119E+01  8.21300000E-03  1.49500000E-03  3.43200000E-05  7.41200000E-06  8.22000000E-11  1.62100000E-11  7.17600000E-04  1.67100000E-04  0.00000000E+00  0.00000000E+00  0.00000000E+00  0.00000000E+00  0.00000000E+00  0.00000000E+00  0.00000000E+00  0.00000000E+00  0.00000000E+00  0.00000000E+00
-2.08485119E+01  7.65000000E-03  5.66400000E-04  3.33500000E-05  2.87800000E-06  7.79700000E-11  6.22100000E-12  7.12100000E-04  6.56800000E-05  0.00000000E+00  0.00000000E+00  0.00000000E+00  0.00000000E+00  0.00000000E+00  0.00000000E+00  0.00000000E+00  0.00000000E+00  0.00000000E+00  0.00000000E+00
-2.08305119E+01  5.69700000E-03  1.70600000E-04  2.58000000E-05  8.85800000E-07  5.90500000E-11  1.89600000E-12  5.61400000E-04  2.04300000E-05  0.00000000E+00  0.00000000E+00  0.00000000E+00  0.00000000E+00  0.00000000E+00  0.00000000E+00  0.00000000E+00  0.00000000E+00  0.00000000E+00  0.00000000E+00
-2.08135119E+01  3.38900000E-03  4.09200000E-05  1.58800000E-05  2.18500000E-07  3.56800000E-11  4.59300000E-13  3.51300000E-04  5.03700000E-06  0.00000000E+00  0.00000000E+00  0.00000000E+00  0.00000000E+00  0.00000000E+00  0.00000000E+00  0.00000000E+00  0.00000000E+00  0.00000000E+00  0.00000000E+00
-2.07965119E+01  1.60800000E-03  8.76100000E-06  7.76400000E-06  6.44800000E-08  1.71800000E-11  9.66000000E-14  1.74400000E-04  1.04700000E-06  0.00000000E+00  0.00000000E+00  0.00000000E+00  0.00000000E+00  0.00000000E+00  0.00000000E+00  0.00000000E+00  0.00000000E+00  0.00000000E+00  0.00000000E+00
-2.07785119E+01  6.08500000E-04  7.93700000E-06  3.01400000E-06  1.57800000E-07  6.58300000E-12  7.18200000E-14  6.86100000E-05  6.10200000E-07  0.00000000E+00  0.00000000E+00  0.00000000E+00  0.00000000E+00  0.00000000E+00  0.00000000E+00  0.00000000E+00  0.00000000E+00  0.00000000E+00  0.00000000E+00
-2.07615119E+01  1.83300000E-04  3.58100000E-05  9.28800000E-07  7.97100000E-07  2.00600000E-12  3.10200000E-13  2.13800000E-05  2.46200000E-06  0.00000000E+00  0.00000000E+00  0.00000000E+00  0.00000000E+00  0.00000000E+00  0.00000000E+00  0.00000000E+00  0.00000000E+00  0.00000000E+00  0.00000000E+00
-2.07435119E+01  4.42000000E-05  1.49200000E-04  2.33000000E-07  3.32700000E-06  4.87600000E-13  1.29400000E-12  5.29200000E-06  1.03500000E-05  0.00000000E+00  0.00000000E+00  0.00000000E+00  0.00000000E+00  0.00000000E+00  0.00000000E+00  0.00000000E+00  0.00000000E+00  0.00000000E+00  0.00000000E+00
-2.07265119E+01  1.05600000E-05  4.96500000E-04  9.33300000E-08  1.10600000E-05  1.10800000E-13  4.32000000E-12  1.16800000E-06  3.49500000E-05  0.00000000E+00  0.00000000E+00  0.00000000E+00  0.00000000E+00  0.00000000E+00  0.00000000E+00  0.00000000E+00  0.00000000E+00  0.00000000E+00  0.00000000E+00
-2.07085119E+01  1.47000000E-05  1.31600000E-03  3.07400000E-07  2.93300000E-05  1.21900000E-13  1.14900000E-11  1.01100000E-06  9.44300000E-05  0.00000000E+00  0.00000000E+00  0.00000000E+00  0.00000000E+00  0.00000000E+00  0.00000000E+00  0.00000000E+00  0.00000000E+00  0.00000000E+00  0.00000000E+00
-2.06915119E+01  6.51100000E-05  2.78000000E-03  1.45100000E-06  6.21200000E-05  5.24000000E-13  2.44200000E-11  4.17700000E-06  2.04500000E-04  0.00000000E+00  0.00000000E+00  0.00000000E+00  0.00000000E+00  0.00000000E+00  0.00000000E+00  0.00000000E+00  0.00000000E+00  0.00000000E+00  0.00000000E+00
-2.06745119E+01  2.49800000E-04  4.69000000E-03  5.56200000E-06  1.05300000E-04  2.01600000E-12  4.14700000E-11  1.61900000E-05  3.55400000E-04  0.00000000E+00  0.00000000E+00  0.00000000E+00  0.00000000E+00  0.00000000E+00  0.00000000E+00  0.00000000E+00  0.00000000E+00  0.00000000E+00  0.00000000E+00
-2.06565119E+01  7.65500000E-04  6.32300000E-03  1.70200000E-05  1.42900000E-04  6.20800000E-12  5.63600000E-11  5.04200000E-05  4.96900000E-04  0.00000000E+00  0.00000000E+00  0.00000000E+00  0.00000000E+00  0.00000000E+00  0.00000000E+00  0.00000000E+00  0.00000000E+00  0.00000000E+00  0.00000000E+00
-2.06395119E+01  1.87300000E-03  6.81800000E-03  4.16200000E-05  1.55800000E-04  1.52800000E-11  6.13800000E-11  1.26000000E-04  5.59100000E-04  0.00000000E+00  0.00000000E+00  0.00000000E+00  0.00000000E+00  0.00000000E+00  0.00000000E+00  0.00000000E+00  0.00000000E+00  0.00000000E+00  0.00000000E+00
-2.06215119E+01  3.66700000E-03  5.88300000E-03  8.15600000E-05  1.36500000E-04  3.01400000E-11  5.35900000E-11  2.53400000E-04  5.06700000E-04  0.00000000E+00  0.00000000E+00  0.00000000E+00  0.00000000E+00  0.00000000E+00  0.00000000E+00  0.00000000E+00  0.00000000E+00  0.00000000E+00  0.00000000E+00
-2.06045119E+01  5.75100000E-03  4.06400000E-03  1.28400000E-04  9.60800000E-05  4.77200000E-11  3.75200000E-11  4.11400000E-04  3.69800000E-04  0.00000000E+00  0.00000000E+00  0.00000000E+00  0.00000000E+00  0.00000000E+00  0.00000000E+00  0.00000000E+00  0.00000000E+00  0.00000000E+00  0.00000000E+00
-2.05875119E+01  7.23700000E-03  2.24800000E-03  1.62800000E-04  5.43900000E-05  6.07500000E-11  2.10700000E-11  5.40000000E-04  2.17200000E-04  0.00000000E+00  0.00000000E+00  0.00000000E+00  0.00000000E+00  0.00000000E+00  0.00000000E+00  0.00000000E+00  0.00000000E+00  0.00000000E+00  0.00000000E+00
-2.05695119E+01  7.31500000E-03  9.95000000E-04  1.66500000E-04  2.47500000E-05  6.22700000E-11  9.48900000E-12  5.73900000E-04  1.02500000E-04  0.00000000E+00  0.00000000E+00  0.00000000E+00  0.00000000E+00  0.00000000E+00  0.00000000E+00  0.00000000E+00  0.00000000E+00  0.00000000E+00  0.00000000E+00
-2.05525119E+01  5.94400000E-03  3.52400000E-04  1.37600000E-04  9.04200000E-06  5.14300000E-11  3.42300000E-12  4.94200000E-04  3.88000000E-05  0.00000000E+00  0.00000000E+00  0.00000000E+00  0.00000000E+00  0.00000000E+00  0.00000000E+00  0.00000000E+00  0.00000000E+00  0.00000000E+00  0.00000000E+00
-2.05345119E+01  3.88300000E-03  9.98800000E-05  9.19200000E-05  2.65000000E-06  3.42400000E-11  9.89300000E-13  3.44500000E-04  1.17700000E-05  0.00000000E+00  0.00000000E+00  0.00000000E+00  0.00000000E+00  0.00000000E+00  0.00000000E+00  0.00000000E+00  0.00000000E+00  0.00000000E+00  0.00000000E+00
-2.05175119E+01  2.04000000E-03  2.34700000E-05  4.96300000E-05  6.22900000E-07  1.83700000E-11  2.33700000E-13  1.94100000E-04  2.86600000E-06  0.00000000E+00  0.00000000E+00  0.00000000E+00  0.00000000E+00  0.00000000E+00  0.00000000E+00  0.00000000E+00  0.00000000E+00  0.00000000E+00  0.00000000E+00
-2.04995119E+01  8.60800000E-04  1.05900000E-05  2.16300000E-05  1.21600000E-07  7.93700000E-12  8.07700000E-14  8.82200000E-05  6.57000000E-07  0.00000000E+00  0.00000000E+00  0.00000000E+00  0.00000000E+00  0.00000000E+00  0.00000000E+00  0.00000000E+00  0.00000000E+00  0.00000000E+00  0.00000000E+00
-2.04825119E+01  2.91600000E-04  3.81900000E-05  7.60400000E-06  4.54900000E-08  2.75800000E-12  2.30800000E-13  3.22600000E-05  7.42100000E-07  0.00000000E+00  0.00000000E+00  0.00000000E+00  0.00000000E+00  0.00000000E+00  0.00000000E+00  0.00000000E+00  0.00000000E+00  0.00000000E+00  0.00000000E+00
-2.04655119E+01  7.94300000E-05  1.73600000E-04  2.15100000E-06  1.35300000E-07  7.70800000E-13  1.04700000E-12  9.47400000E-06  3.36700000E-06  0.00000000E+00  0.00000000E+00  0.00000000E+00  0.00000000E+00  0.00000000E+00  0.00000000E+00  0.00000000E+00  0.00000000E+00  0.00000000E+00  0.00000000E+00
-2.04475119E+01  1.90300000E-05  6.43100000E-04  4.89600000E-07  5.14400000E-07  1.82200000E-13  3.92700000E-12  2.24900000E-06  1.40800000E-05  0.00000000E+00  0.00000000E+00  0.00000000E+00  0.00000000E+00  0.00000000E+00  0.00000000E+00  0.00000000E+00  0.00000000E+00  0.00000000E+00  0.00000000E+00
-2.04305119E+01  1.51100000E-05  1.92400000E-03  9.65100000E-08  1.62000000E-06  9.83800000E-14  1.19500000E-11  5.82600000E-07  4.87700000E-05  0.00000000E+00  0.00000000E+00  0.00000000E+00  0.00000000E+00  0.00000000E+00  0.00000000E+00  0.00000000E+00  0.00000000E+00  0.00000000E+00  0.00000000E+00
-2.04125119E+01  6.53800000E-05  4.67700000E-03  5.46000000E-08  4.19600000E-06  3.69000000E-13  2.96900000E-11  1.01400000E-06  1.39800000E-04  0.00000000E+00  0.00000000E+00  0.00000000E+00  0.00000000E+00  0.00000000E+00  0.00000000E+00  0.00000000E+00  0.00000000E+00  0.00000000E+00  0.00000000E+00
-2.03955119E+01  2.78600000E-04  9.29600000E-03  1.86000000E-07  8.99100000E-06  1.57800000E-12  6.06500000E-11  4.51100000E-06  3.32200000E-04  0.00000000E+00  0.00000000E+00  0.00000000E+00  0.00000000E+00  0.00000000E+00  0.00000000E+00  0.00000000E+00  0.00000000E+00  0.00000000E+00  0.00000000E+00
-2.03775119E+01  9.60200000E-04  1.51900000E-02  6.63900000E-07  1.60100000E-05  5.50400000E-12  1.02400000E-10  1.76300000E-05  6.53000000E-04  0.00000000E+00  0.00000000E+00  0.00000000E+00  0.00000000E+00  0.00000000E+00  0.00000000E+00  0.00000000E+00  0.00000000E+00  0.00000000E+00  0.00000000E+00
-2.03605119E+01  2.67900000E-03  2.05100000E-02  1.95800000E-06  2.37300000E-05  1.56200000E-11  1.43600000E-10  5.74500000E-05  1.05900000E-03  0.00000000E+00  0.00000000E+00  0.00000000E+00  0.00000000E+00  0.00000000E+00  0.00000000E+00  0.00000000E+00  0.00000000E+00  0.00000000E+00  0.00000000E+00
-2.03435119E+01  6.10300000E-03  2.29300000E-02  4.78100000E-06  2.92700000E-05  3.63700000E-11  1.67300000E-10  1.56800000E-04  1.41100000E-03  0.00000000E+00  0.00000000E+00  0.00000000E+00  0.00000000E+00  0.00000000E+00  0.00000000E+00  0.00000000E+00  0.00000000E+00  0.00000000E+00  0.00000000E+00
-2.03255119E+01  1.14500000E-02  2.12000000E-02  9.74900000E-06  2.99400000E-05  7.01900000E-11  1.61700000E-10  3.58900000E-04  1.53900000E-03  0.00000000E+00  0.00000000E+00  0.00000000E+00  0.00000000E+00  0.00000000E+00  0.00000000E+00  0.00000000E+00  0.00000000E+00  0.00000000E+00  0.00000000E+00
-2.03085119E+01  1.78400000E-02  1.61800000E-02  1.67100000E-05  2.52800000E-05  1.13200000E-10  1.29100000E-10  6.88300000E-04  1.36700000E-03  0.00000000E+00  0.00000000E+00  0.00000000E+00  0.00000000E+00  0.00000000E+00  0.00000000E+00  0.00000000E+00  0.00000000E+00  0.00000000E+00  0.00000000E+00
-2.02905119E+01  2.32400000E-02  1.01600000E-02  2.41500000E-05  1.75300000E-05  1.53300000E-10  8.47500000E-11  1.10200000E-03  9.85200000E-04  0.00000000E+00  0.00000000E+00  0.00000000E+00  0.00000000E+00  0.00000000E+00  0.00000000E+00  0.00000000E+00  0.00000000E+00  0.00000000E+00  0.00000000E+00
-2.02735119E+01  2.53800000E-02  5.22000000E-03  2.94200000E-05  9.93000000E-06  1.74800000E-10  4.55300000E-11  1.46600000E-03  5.74100000E-04  0.00000000E+00  0.00000000E+00  0.00000000E+00  0.00000000E+00  0.00000000E+00  0.00000000E+00  0.00000000E+00  0.00000000E+00  0.00000000E+00  0.00000000E+00
-2.02565119E+01  2.32100000E-02  2.18600000E-03  3.00700000E-05  4.57100000E-06  1.67300000E-10  1.99100000E-11  1.60900000E-03  2.69600000E-04  0.00000000E+00  0.00000000E+00  0.00000000E+00  0.00000000E+00  0.00000000E+00  0.00000000E+00  0.00000000E+00  0.00000000E+00  0.00000000E+00  0.00000000E+00
-2.02385119E+01  1.77200000E-02  7.43100000E-04  2.56600000E-05  1.70200000E-06  1.33700000E-10  7.05900000E-12  1.45100000E-03  1.01700000E-04  0.00000000E+00  0.00000000E+00  0.00000000E+00  0.00000000E+00  0.00000000E+00  0.00000000E+00  0.00000000E+00  0.00000000E+00  0.00000000E+00  0.00000000E+00
-2.02215119E+01  1.12200000E-02  2.04200000E-04  1.81500000E-05  5.10400000E-07  8.87100000E-11  2.02000000E-12  1.06900000E-03  3.07600000E-05  0.00000000E+00  0.00000000E+00  0.00000000E+00  0.00000000E+00  0.00000000E+00  0.00000000E+00  0.00000000E+00  0.00000000E+00  0.00000000E+00  0.00000000E+00
-2.02035119E+01  5.86200000E-03  4.52300000E-05  1.05600000E-05  1.22900000E-07  4.85100000E-11  4.65100000E-13  6.40000000E-04  7.43800000E-06  0.00000000E+00  0.00000000E+00  0.00000000E+00  0.00000000E+00  0.00000000E+00  0.00000000E+00  0.00000000E+00  0.00000000E+00  0.00000000E+00  0.00000000E+00
-2.01865119E+01  2.51100000E-03  8.05200000E-06  5.02500000E-06  2.37300000E-08  2.17200000E-11  8.59400000E-14  3.10100000E-04  1.43500000E-06  0.00000000E+00  0.00000000E+00  0.00000000E+00  0.00000000E+00  0.00000000E+00  0.00000000E+00  0.00000000E+00  0.00000000E+00  0.00000000E+00  0.00000000E+00
-2.01685119E+01  8.77000000E-04  1.18600000E-06  1.94300000E-06  4.21800000E-09  7.92500000E-12  1.29100000E-14  1.21200000E-04  2.22000000E-07  0.00000000E+00  0.00000000E+00  0.00000000E+00  0.00000000E+00  0.00000000E+00  0.00000000E+00  0.00000000E+00  0.00000000E+00  0.00000000E+00  0.00000000E+00
-2.01515119E+01  2.48600000E-04  5.42800000E-07  6.07400000E-07  6.61100000E-09  2.34300000E-12  3.74700000E-15  3.80400000E-05  4.06800000E-08  0.00000000E+00  0.00000000E+00  0.00000000E+00  0.00000000E+00  0.00000000E+00  0.00000000E+00  0.00000000E+00  0.00000000E+00  0.00000000E+00  0.00000000E+00
-2.01345119E+01  5.69500000E-05  3.51700000E-06  1.52800000E-07  5.25000000E-08  5.59400000E-13  1.93100000E-14  9.57300000E-06  1.20400000E-07  0.00000000E+00  0.00000000E+00  0.00000000E+00  0.00000000E+00  0.00000000E+00  0.00000000E+00  0.00000000E+00  0.00000000E+00  0.00000000E+00  0.00000000E+00
-2.01165119E+01  1.05100000E-05  2.35800000E-05  3.08800000E-08  3.53400000E-07  1.07400000E-13  1.29400000E-13  1.92600000E-06  8.04900000E-07  0.00000000E+00  0.00000000E+00  0.00000000E+00  0.00000000E+00  0.00000000E+00  0.00000000E+00  0.00000000E+00  0.00000000E+00  0.00000000E+00  0.00000000E+00
-2.00995119E+01  1.59400000E-06  1.25600000E-04  5.53700000E-09  1.88700000E-06  1.67300000E-14  6.91400000E-13  3.10400000E-07  4.37500000E-06  0.00000000E+00  0.00000000E+00  0.00000000E+00  0.00000000E+00  0.00000000E+00  0.00000000E+00  0.00000000E+00  0.00000000E+00  0.00000000E+00  0.00000000E+00
-2.00815119E+01  5.84900000E-07  5.29700000E-04  6.74300000E-09  7.99700000E-06  4.02300000E-15  2.93100000E-12  5.18300000E-08  1.89600000E-05  0.00000000E+00  0.00000000E+00  0.00000000E+00  0.00000000E+00  0.00000000E+00  0.00000000E+00  0.00000000E+00  0.00000000E+00  0.00000000E+00  0.00000000E+00
-2.00645119E+01  3.46000000E-06  1.77300000E-03  5.24600000E-08  2.69500000E-05  1.73100000E-14  9.86900000E-12  1.10300000E-07  6.57100000E-05  0.00000000E+00  0.00000000E+00  0.00000000E+00  0.00000000E+00  0.00000000E+00  0.00000000E+00  0.00000000E+00  0.00000000E+00  0.00000000E+00  0.00000000E+00
-2.00475119E+01  2.34400000E-05  4.71300000E-03  3.56100000E-07  7.23700000E-05  1.16800000E-13  2.64500000E-11  7.31200000E-07  1.82700000E-04  0.00000000E+00  0.00000000E+00  0.00000000E+00  0.00000000E+00  0.00000000E+00  0.00000000E+00  0.00000000E+00  0.00000000E+00  0.00000000E+00  0.00000000E+00
-2.00295119E+01  1.26400000E-04  9.97300000E-03  1.91800000E-06  1.55400000E-04  6.31900000E-13  5.65500000E-11  3.99900000E-06  4.09300000E-04  0.00000000E+00  0.00000000E+00  0.00000000E+00  0.00000000E+00  0.00000000E+00  0.00000000E+00  0.00000000E+00  0.00000000E+00  0.00000000E+00  0.00000000E+00
-2.00125119E+01  5.40100000E-04  1.68300000E-02  8.20600000E-06  2.67500000E-04  2.71300000E-12  9.67500000E-11  1.74500000E-05  7.42500000E-04  0.00000000E+00  0.00000000E+00  0.00000000E+00  0.00000000E+00  0.00000000E+00  0.00000000E+00  0.00000000E+00  0.00000000E+00  0.00000000E+00  0.00000000E+00
-1.99945119E+01  1.83300000E-03  2.27200000E-02  2.79200000E-05  3.71200000E-04  9.25700000E-12  1.33000000E-10  6.09500000E-05  1.09700000E-03  0.00000000E+00  0.00000000E+00  0.00000000E+00  0.00000000E+00  0.00000000E+00  0.00000000E+00  0.00000000E+00  0.00000000E+00  0.00000000E+00  0.00000000E+00
-1.99775119E+01  4.94600000E-03  2.46100000E-02  7.57900000E-05  4.17300000E-04  2.51700000E-11  1.47400000E-10  1.71100000E-04  1.32600000E-03  0.00000000E+00  0.00000000E+00  0.00000000E+00  0.00000000E+00  0.00000000E+00  0.00000000E+00  0.00000000E+00  0.00000000E+00  0.00000000E+00  0.00000000E+00
-1.99595119E+01  1.06400000E-02  2.14600000E-02  1.64600000E-04  3.82200000E-04  5.46900000E-11  1.32600000E-10  3.87700000E-04  1.31800000E-03  0.00000000E+00  0.00000000E+00  0.00000000E+00  0.00000000E+00  0.00000000E+00  0.00000000E+00  0.00000000E+00  0.00000000E+00  0.00000000E+00  0.00000000E+00
-1.99425119E+01  1.83000000E-02  1.51300000E-02  2.87500000E-04  2.87000000E-04  9.53300000E-11  9.72000000E-11  7.14500000E-04  1.08000000E-03  0.00000000E+00  0.00000000E+00  0.00000000E+00  0.00000000E+00  0.00000000E+00  0.00000000E+00  0.00000000E+00  0.00000000E+00  0.00000000E+00  0.00000000E+00
-1.99255119E+01  2.52500000E-02  8.66000000E-03  4.05800000E-04  1.77500000E-04  1.33900000E-10  5.84200000E-11  1.07900000E-03  7.30700000E-04  0.00000000E+00  0.00000000E+00  0.00000000E+00  0.00000000E+00  0.00000000E+00  0.00000000E+00  0.00000000E+00  0.00000000E+00  0.00000000E+00  0.00000000E+00
-1.99075119E+01  2.80500000E-02  4.04300000E-03  4.66500000E-04  9.07000000E-05  1.52500000E-10  2.89100000E-11  1.34500000E-03  4.06800000E-04  0.00000000E+00  0.00000000E+00  0.00000000E+00  0.00000000E+00  0.00000000E+00  0.00000000E+00  0.00000000E+00  0.00000000E+00  0.00000000E+00  0.00000000E+00
-1.98905119E+01  2.52300000E-02  1.54600000E-03  4.40400000E-04  3.83000000E-05  1.41800000E-10  1.18000000E-11  1.39500000E-03  1.85700000E-04  0.00000000E+00  0.00000000E+00  0.00000000E+00  0.00000000E+00  0.00000000E+00  0.00000000E+00  0.00000000E+00  0.00000000E+00  0.00000000E+00  0.00000000E+00
-1.98725119E+01  1.84800000E-02  4.85400000E-04  3.44400000E-04  1.33300000E-05  1.08600000E-10  3.97300000E-12  1.21000000E-03  6.90600000E-05  0.00000000E+00  0.00000000E+00  0.00000000E+00  0.00000000E+00  0.00000000E+00  0.00000000E+00  0.00000000E+00  0.00000000E+00  0.00000000E+00  0.00000000E+00
-1.98555119E+01  1.10900000E-02  1.25300000E-04  2.24800000E-04  3.80300000E-06  6.89200000E-11  1.10000000E-12  8.78400000E-04  2.08200000E-05  0.00000000E+00  0.00000000E+00  0.00000000E+00  0.00000000E+00  0.00000000E+00  0.00000000E+00  0.00000000E+00  0.00000000E+00  0.00000000E+00  0.00000000E+00
-1.98375119E+01  5.48400000E-03  2.65600000E-05  1.23100000E-04  8.84400000E-07  3.65000000E-11  2.49500000E-13  5.32200000E-04  5.05800000E-06  0.00000000E+00  0.00000000E+00  0.00000000E+00  0.00000000E+00  0.00000000E+00  0.00000000E+00  0.00000000E+00  0.00000000E+00  0.00000000E+00  0.00000000E+00
-1.98205119E+01  2.24800000E-03  4.61100000E-06  5.65300000E-05  1.66600000E-07  1.61800000E-11  4.60300000E-14  2.67200000E-04  9.85700000E-07  0.00000000E+00  0.00000000E+00  0.00000000E+00  0.00000000E+00  0.00000000E+00  0.00000000E+00  0.00000000E+00  0.00000000E+00  0.00000000E+00  0.00000000E+00
-1.98035119E+01  7.66600000E-04  6.53000000E-07  2.16600000E-05  2.52700000E-08  5.99000000E-12  6.87100000E-15  1.10300000E-04  1.53500000E-07  0.00000000E+00  0.00000000E+00  0.00000000E+00  0.00000000E+00  0.00000000E+00  0.00000000E+00  0.00000000E+00  0.00000000E+00  0.00000000E+00  0.00000000E+00
-1.97855119E+01  2.17500000E-04  7.50500000E-08  6.87100000E-06  3.07100000E-09  1.84300000E-12  8.25400000E-16  3.71000000E-05  1.90300000E-08  0.00000000E+00  0.00000000E+00  0.00000000E+00  0.00000000E+00  0.00000000E+00  0.00000000E+00  0.00000000E+00  0.00000000E+00  0.00000000E+00  0.00000000E+00
-1.97685119E+01  5.12500000E-05  6.96600000E-09  1.78800000E-06  2.97900000E-10  4.67800000E-13  7.94000000E-17  1.00900000E-05  1.87400000E-09  0.00000000E+00  0.00000000E+00  0.00000000E+00  0.00000000E+00  0.00000000E+00  0.00000000E+00  0.00000000E+00  0.00000000E+00  0.00000000E+00  0.00000000E+00
-1.97505119E+01  9.97300000E-06  5.19600000E-10  3.78100000E-07  2.29900000E-11  9.70900000E-14  6.09400000E-18  2.20600000E-06  1.46400000E-10  0.00000000E+00  0.00000000E+00  0.00000000E+00  0.00000000E+00  0.00000000E+00  0.00000000E+00  0.00000000E+00  0.00000000E+00  0.00000000E+00  0.00000000E+00
-1.97335119E+01  1.59200000E-06  3.10100000E-11  6.45100000E-08  1.40900000E-12  1.63400000E-14  3.72000000E-19  3.85700000E-07  9.04900000E-12  0.00000000E+00  0.00000000E+00  0.00000000E+00  0.00000000E+00  0.00000000E+00  0.00000000E+00  0.00000000E+00  0.00000000E+00  0.00000000E+00  0.00000000E+00
-1.97165119E+01  2.07000000E-07  1.47600000E-12  8.82800000E-09  6.83700000E-14  2.21600000E-15  1.80200000E-20  5.37500000E-08  4.42300000E-13  0.00000000E+00  0.00000000E+00  0.00000000E+00  0.00000000E+00  0.00000000E+00  0.00000000E+00  0.00000000E+00  0.00000000E+00  0.00000000E+00  0.00000000E+00
-1.96985119E+01  2.17600000E-08  5.58500000E-14  9.64300000E-10  2.62500000E-15  2.40700000E-16  6.91200000E-22  5.95100000E-09  1.70800000E-14  0.00000000E+00  0.00000000E+00  0.00000000E+00  0.00000000E+00  0.00000000E+00  0.00000000E+00  0.00000000E+00  0.00000000E+00  0.00000000E+00  0.00000000E+00
-1.96815119E+01  1.84000000E-09  1.67800000E-15  8.38100000E-11  7.96800000E-17  2.08500000E-17  2.09800000E-23  5.22500000E-10  5.20700000E-16  0.00000000E+00  0.00000000E+00  0.00000000E+00  0.00000000E+00  0.00000000E+00  0.00000000E+00  0.00000000E+00  0.00000000E+00  0.00000000E+00  0.00000000E+00
-1.96635119E+01  1.24400000E-10  5.19700000E-17  5.78100000E-12  1.89400000E-18  1.43600000E-18  5.10700000E-25  3.63200000E-11  1.25100000E-17  0.00000000E+00  0.00000000E+00  0.00000000E+00  0.00000000E+00  0.00000000E+00  0.00000000E+00  0.00000000E+00  0.00000000E+00  0.00000000E+00  0.00000000E+00
-1.96465119E+01  6.70200000E-12  6.79500000E-16  3.15800000E-13  3.11200000E-19  7.84500000E-20  8.18600000E-25  1.99600000E-12  2.84400000E-18  0.00000000E+00  0.00000000E+00  0.00000000E+00  0.00000000E+00  0.00000000E+00  0.00000000E+00  0.00000000E+00  0.00000000E+00  0.00000000E+00  0.00000000E+00
-1.96285119E+01  2.88500000E-13  2.66400000E-14  1.36500000E-14  1.15400000E-17  3.39400000E-21  3.17500000E-23  8.66700000E-14  1.02400000E-16  0.00000000E+00  0.00000000E+00  0.00000000E+00  0.00000000E+00  0.00000000E+00  0.00000000E+00  0.00000000E+00  0.00000000E+00  0.00000000E+00  0.00000000E+00
-1.96115119E+01  7.07000000E-14  8.19700000E-13  4.95200000E-16  3.66700000E-16  1.85400000E-22  9.76900000E-22  3.21900000E-15  3.15400000E-15  0.00000000E+00  0.00000000E+00  0.00000000E+00  0.00000000E+00  0.00000000E+00  0.00000000E+00  0.00000000E+00  0.00000000E+00  0.00000000E+00  0.00000000E+00
-1.95945119E+01  1.77200000E-12  1.98800000E-11  8.87200000E-16  9.33200000E-15  2.02100000E-21  2.36900000E-20  7.31000000E-15  7.65700000E-14  0.00000000E+00  0.00000000E+00  0.00000000E+00  0.00000000E+00  0.00000000E+00  0.00000000E+00  0.00000000E+00  0.00000000E+00  0.00000000E+00  0.00000000E+00
-1.95765119E+01  4.05900000E-11  3.80400000E-10  2.09100000E-14  1.91400000E-13  4.62000000E-20  4.53300000E-19  1.65700000E-13  1.46700000E-12  0.00000000E+00  0.00000000E+00  0.00000000E+00  0.00000000E+00  0.00000000E+00  0.00000000E+00  0.00000000E+00  0.00000000E+00  0.00000000E+00  0.00000000E+00
-1.95595119E+01  7.33300000E-10  5.75100000E-09  4.02600000E-13  3.18800000E-12  8.34200000E-19  6.85000000E-18  2.99900000E-12  2.22200000E-11  0.00000000E+00  0.00000000E+00  0.00000000E+00  0.00000000E+00  0.00000000E+00  0.00000000E+00  0.00000000E+00  0.00000000E+00  0.00000000E+00  0.00000000E+00
-1.95415119E+01  1.04700000E-08  6.88200000E-08  6.29600000E-12  4.35200000E-11  1.19000000E-17  8.19500000E-17  4.29000000E-11  2.66800000E-10  0.00000000E+00  0.00000000E+00  0.00000000E+00  0.00000000E+00  0.00000000E+00  0.00000000E+00  0.00000000E+00  0.00000000E+00  0.00000000E+00  0.00000000E+00
-1.95245119E+01  1.18300000E-07  6.53900000E-07  8.07300000E-11  4.89900000E-10  1.34300000E-16  7.78200000E-16  4.86500000E-10  2.54700000E-09  0.00000000E+00  0.00000000E+00  0.00000000E+00  0.00000000E+00  0.00000000E+00  0.00000000E+00  0.00000000E+00  0.00000000E+00  0.00000000E+00  0.00000000E+00
-1.95075119E+01  1.06100000E-06  4.95300000E-06  8.56300000E-10  4.56900000E-09  1.20300000E-15  5.88900000E-15  4.38800000E-09  1.94300000E-08  0.00000000E+00  0.00000000E+00  0.00000000E+00  0.00000000E+00  0.00000000E+00  0.00000000E+00  0.00000000E+00  0.00000000E+00  0.00000000E+00  0.00000000E+00
-1.94895119E+01  7.59500000E-06  3.00700000E-05  7.55900000E-09  3.53200000E-08  8.58500000E-15  3.57200000E-14  3.16400000E-08  1.19200000E-07  0.00000000E+00  0.00000000E+00  0.00000000E+00  0.00000000E+00  0.00000000E+00  0.00000000E+00  0.00000000E+00  0.00000000E+00  0.00000000E+00  0.00000000E+00
-1.94725119E+01  4.36000000E-05  1.47400000E-04  5.56800000E-08  2.26100000E-07  4.91000000E-14  1.74800000E-13  1.83700000E-07  5.92300000E-07  0.00000000E+00  0.00000000E+00  0.00000000E+00  0.00000000E+00  0.00000000E+00  0.00000000E+00  0.00000000E+00  0.00000000E+00  0.00000000E+00  0.00000000E+00
-1.94545119E+01  2.02300000E-04  5.88100000E-04  3.42300000E-07  1.19700000E-06  2.26700000E-13  6.96000000E-13  8.65400000E-07  2.40600000E-06  0.00000000E+00  0.00000000E+00  0.00000000E+00  0.00000000E+00  0.00000000E+00  0.00000000E+00  0.00000000E+00  0.00000000E+00  0.00000000E+00  0.00000000E+00
-1.94375119E+01  7.65300000E-04  1.92700000E-03  1.75500000E-06  5.24900000E-06  8.52900000E-13  2.27600000E-12  3.34200000E-06  8.05800000E-06  0.00000000E+00  0.00000000E+00  0.00000000E+00  0.00000000E+00  0.00000000E+00  0.00000000E+00  0.00000000E+00  0.00000000E+00  0.00000000E+00  0.00000000E+00
-1.94195119E+01  2.38500000E-03  5.23000000E-03  7.52200000E-06  1.92400000E-05  2.64300000E-12  6.16800000E-12  1.06800000E-05  2.24200000E-05  0.00000000E+00  0.00000000E+00  0.00000000E+00  0.00000000E+00  0.00000000E+00  0.00000000E+00  0.00000000E+00  0.00000000E+00  0.00000000E+00  0.00000000E+00
-1.94025119E+01  6.18000000E-03  1.18400000E-02  2.71200000E-05  5.97200000E-05  6.82100000E-12  1.39700000E-11  2.84700000E-05  5.21600000E-05  0.00000000E+00  0.00000000E+00  0.00000000E+00  0.00000000E+00  0.00000000E+00  0.00000000E+00  0.00000000E+00  0.00000000E+00  0.00000000E+00  0.00000000E+00
-1.93855119E+01  1.34100000E-02  2.25000000E-02  8.31000000E-05  1.59800000E-04  1.48200000E-11  2.66600000E-11  6.37300000E-05  1.02000000E-04  0.00000000E+00  0.00000000E+00  0.00000000E+00  0.00000000E+00  0.00000000E+00  0.00000000E+00  0.00000000E+00  0.00000000E+00  0.00000000E+00  0.00000000E+00
-1.93675119E+01  2.45300000E-02  3.62000000E-02  2.18400000E-04  3.72900000E-04  2.74000000E-11  4.33400000E-11  1.20500000E-04  1.69400000E-04  0.00000000E+00  0.00000000E+00  0.00000000E+00  0.00000000E+00  0.00000000E+00  0.00000000E+00  0.00000000E+00  0.00000000E+00  0.00000000E+00  0.00000000E+00
-1.93505119E+01  3.81600000E-02  5.00200000E-02  4.95100000E-04  7.59700000E-04  4.36700000E-11  6.10600000E-11  1.94300000E-04  2.42700000E-04  0.00000000E+00  0.00000000E+00  0.00000000E+00  0.00000000E+00  0.00000000E+00  0.00000000E+00  0.00000000E+00  0.00000000E+00  0.00000000E+00  0.00000000E+00
-1.93325119E+01  5.12100000E-02  6.06900000E-02  9.64900000E-04  1.33600000E-03  6.09300000E-11  7.62600000E-11  2.71300000E-04  3.07100000E-04  0.00000000E+00  0.00000000E+00  0.00000000E+00  0.00000000E+00  0.00000000E+00  0.00000000E+00  0.00000000E+00  0.00000000E+00  0.00000000E+00  0.00000000E+00
-1.93155119E+01  6.05500000E-02  6.62000000E-02  1.60100000E-03  1.99100000E-03  7.57800000E-11  8.60900000E-11  3.35500000E-04  3.50400000E-04  0.00000000E+00  0.00000000E+00  0.00000000E+00  0.00000000E+00  0.00000000E+00  0.00000000E+00  0.00000000E+00  0.00000000E+00  0.00000000E+00  0.00000000E+00
-1.92975119E+01  6.44500000E-02  6.56200000E-02  2.23600000E-03  2.47400000E-03  8.48800000E-11  8.81400000E-11  3.73800000E-04  3.61700000E-04  0.00000000E+00  0.00000000E+00  0.00000000E+00  0.00000000E+00  0.00000000E+00  0.00000000E+00  0.00000000E+00  0.00000000E+00  0.00000000E+00  0.00000000E+00
-1.92805119E+01  6.22500000E-02  5.83900000E-02  2.59800000E-03  2.53000000E-03  8.52100000E-11  8.03700000E-11  3.75400000E-04  3.31500000E-04  0.00000000E+00  0.00000000E+00  0.00000000E+00  0.00000000E+00  0.00000000E+00  0.00000000E+00  0.00000000E+00  0.00000000E+00  0.00000000E+00  0.00000000E+00
-1.92635119E+01  5.37700000E-02  4.53500000E-02  2.48800000E-03  2.11100000E-03  7.51600000E-11  6.33800000E-11  3.33300000E-04  2.62000000E-04  0.00000000E+00  0.00000000E+00  0.00000000E+00  0.00000000E+00  0.00000000E+00  0.00000000E+00  0.00000000E+00  0.00000000E+00  0.00000000E+00  0.00000000E+00
-1.92455119E+01  4.03900000E-02  2.99300000E-02  1.95100000E-03  1.42900000E-03  5.67900000E-11  4.21800000E-11  2.54200000E-04  1.74200000E-04  0.00000000E+00  0.00000000E+00  0.00000000E+00  0.00000000E+00  0.00000000E+00  0.00000000E+00  0.00000000E+00  0.00000000E+00  0.00000000E+00  0.00000000E+00
-1.92285119E+01  2.57200000E-02  1.69500000E-02  1.24600000E-03  7.85200000E-04  3.60600000E-11  2.39200000E-11  1.62800000E-04  9.81900000E-05  0.00000000E+00  0.00000000E+00  0.00000000E+00  0.00000000E+00  0.00000000E+00  0.00000000E+00  0.00000000E+00  0.00000000E+00  0.00000000E+00  0.00000000E+00
-1.92105119E+01  1.41200000E-02  1.00700000E-02  6.50100000E-04  3.65000000E-04  1.96000000E-11  1.40000000E-11  8.88600000E-05  5.59300000E-05  0.00000000E+00  0.00000000E+00  0.00000000E+00  0.00000000E+00  0.00000000E+00  0.00000000E+00  0.00000000E+00  0.00000000E+00  0.00000000E+00  0.00000000E+00
-1.91935119E+01  8.57300000E-03  1.12200000E-02  2.94500000E-04  1.94300000E-04  1.15800000E-11  1.52000000E-11  5.15200000E-05  5.70700000E-05  0.00000000E+00  0.00000000E+00  0.00000000E+00  0.00000000E+00  0.00000000E+00  0.00000000E+00  0.00000000E+00  0.00000000E+00  0.00000000E+00  0.00000000E+00
-1.91765119E+01  1.06700000E-02  2.16200000E-02  1.75700000E-04  2.31500000E-04  1.40900000E-11  2.94700000E-11  5.91000000E-05  1.05900000E-04  0.00000000E+00  0.00000000E+00  0.00000000E+00  0.00000000E+00  0.00000000E+00  0.00000000E+00  0.00000000E+00  0.00000000E+00  0.00000000E+00  0.00000000E+00
-1.91585119E+01  2.18300000E-02  4.16700000E-02  2.54100000E-04  4.47600000E-04  2.91900000E-11  5.79900000E-11  1.17300000E-04  2.02900000E-04  0.00000000E+00  0.00000000E+00  0.00000000E+00  0.00000000E+00  0.00000000E+00  0.00000000E+00  0.00000000E+00  0.00000000E+00  0.00000000E+00  0.00000000E+00
-1.91415119E+01  4.27000000E-02  6.90300000E-02  5.10600000E-04  8.24800000E-04  5.83400000E-11  9.83900000E-11  2.28100000E-04  3.36300000E-04  0.00000000E+00  0.00000000E+00  0.00000000E+00  0.00000000E+00  0.00000000E+00  0.00000000E+00  0.00000000E+00  0.00000000E+00  0.00000000E+00  0.00000000E+00
-1.91235119E+01  7.06600000E-02  9.77200000E-02  9.20300000E-04  1.31300000E-03  9.86600000E-11  1.42800000E-10  3.78000000E-04  4.79200000E-04  0.00000000E+00  0.00000000E+00  0.00000000E+00  0.00000000E+00  0.00000000E+00  0.00000000E+00  0.00000000E+00  0.00000000E+00  0.00000000E+00  0.00000000E+00
-1.91065119E+01  9.89800000E-02  1.20600000E-01  1.40900000E-03  1.81300000E-03  1.41000000E-10  1.80200000E-10  5.34100000E-04  6.00300000E-04  0.00000000E+00  0.00000000E+00  0.00000000E+00  0.00000000E+00  0.00000000E+00  0.00000000E+00  0.00000000E+00  0.00000000E+00  0.00000000E+00  0.00000000E+00
-1.90885119E+01  1.20100000E-01  1.32600000E-01  1.86600000E-03  2.19700000E-03  1.74000000E-10  2.01800000E-10  6.60900000E-04  6.75000000E-04  0.00000000E+00  0.00000000E+00  0.00000000E+00  0.00000000E+00  0.00000000E+00  0.00000000E+00  0.00000000E+00  0.00000000E+00  0.00000000E+00  0.00000000E+00
-1.90715119E+01  1.30100000E-01  1.31400000E-01  2.19700000E-03  2.37000000E-03  1.90900000E-10  2.03400000E-10  7.35200000E-04  6.84200000E-04  0.00000000E+00  0.00000000E+00  0.00000000E+00  0.00000000E+00  0.00000000E+00  0.00000000E+00  0.00000000E+00  0.00000000E+00  0.00000000E+00  0.00000000E+00
-1.90545119E+01  1.28500000E-01  1.18000000E-01  2.36400000E-03  2.32600000E-03  1.91500000E-10  1.86700000E-10  7.43300000E-04  6.18800000E-04  0.00000000E+00  0.00000000E+00  0.00000000E+00  0.00000000E+00  0.00000000E+00  0.00000000E+00  0.00000000E+00  0.00000000E+00  0.00000000E+00  0.00000000E+00
-1.90365119E+01  1.17000000E-01  9.73800000E-02  2.37400000E-03  2.16800000E-03  1.79000000E-10  1.60200000E-10  6.76900000E-04  4.97000000E-04  0.00000000E+00  0.00000000E+00  0.00000000E+00  0.00000000E+00  0.00000000E+00  0.00000000E+00  0.00000000E+00  0.00000000E+00  0.00000000E+00  0.00000000E+00
-1.90195119E+01  9.87100000E-02  7.70800000E-02  2.26600000E-03  2.01800000E-03  1.58000000E-10  1.34300000E-10  5.49200000E-04  3.65400000E-04  0.00000000E+00  0.00000000E+00  0.00000000E+00  0.00000000E+00  0.00000000E+00  0.00000000E+00  0.00000000E+00  0.00000000E+00  0.00000000E+00  0.00000000E+00
-1.90015119E+01  7.86500000E-02  6.21500000E-02  2.07900000E-03  1.89500000E-03  1.33800000E-10  1.14400000E-10  4.02700000E-04  2.65600000E-04  0.00000000E+00  0.00000000E+00  0.00000000E+00  0.00000000E+00  0.00000000E+00  0.00000000E+00  0.00000000E+00  0.00000000E+00  0.00000000E+00  0.00000000E+00
-1.89845119E+01  6.16100000E-02  5.21400000E-02  1.84100000E-03  1.71600000E-03  1.10700000E-10  9.82600000E-11  2.82900000E-04  2.04400000E-04  0.00000000E+00  0.00000000E+00  0.00000000E+00  0.00000000E+00  0.00000000E+00  0.00000000E+00  0.00000000E+00  0.00000000E+00  0.00000000E+00  0.00000000E+00
-1.89665119E+01  4.90900000E-02  4.36000000E-02  1.56200000E-03  1.41700000E-03  9.00900000E-11  8.17300000E-11  2.06000000E-04  1.62100000E-04  0.00000000E+00  0.00000000E+00  0.00000000E+00  0.00000000E+00  0.00000000E+00  0.00000000E+00  0.00000000E+00  0.00000000E+00  0.00000000E+00  0.00000000E+00
-1.89495119E+01  3.93700000E-02  3.41900000E-02  1.26200000E-03  1.04300000E-03  7.15700000E-11  6.35600000E-11  1.57900000E-04  1.20700000E-04  0.00000000E+00  0.00000000E+00  0.00000000E+00  0.00000000E+00  0.00000000E+00  0.00000000E+00  0.00000000E+00  0.00000000E+00  0.00000000E+00  0.00000000E+00
-1.89325119E+01  3.01600000E-02  2.42700000E-02  9.85900000E-04  7.23000000E-04  5.41600000E-11  4.57300000E-11  1.18400000E-04  7.89600000E-05  0.00000000E+00  0.00000000E+00  0.00000000E+00  0.00000000E+00  0.00000000E+00  0.00000000E+00  0.00000000E+00  0.00000000E+00  0.00000000E+00  0.00000000E+00
-1.89145119E+01  2.13500000E-02  1.61900000E-02  8.07600000E-04  5.78400000E-04  3.90400000E-11  3.22700000E-11  8.10300000E-05  4.67400000E-05  0.00000000E+00  0.00000000E+00  0.00000000E+00  0.00000000E+00  0.00000000E+00  0.00000000E+00  0.00000000E+00  0.00000000E+00  0.00000000E+00  0.00000000E+00
-1.88975119E+01  1.51600000E-02  1.25000000E-02  7.83400000E-04  6.42400000E-04  3.00000000E-11  2.74500000E-11  5.28600000E-05  3.23800000E-05  0.00000000E+00  0.00000000E+00  0.00000000E+00  0.00000000E+00  0.00000000E+00  0.00000000E+00  0.00000000E+00  0.00000000E+00  0.00000000E+00  0.00000000E+00
-1.88795119E+01  1.40300000E-02  1.44600000E-02  8.84900000E-04  8.35700000E-04  3.05300000E-11  3.32500000E-11  4.20800000E-05  3.69700000E-05  0.00000000E+00  0.00000000E+00  0.00000000E+00  0.00000000E+00  0.00000000E+00  0.00000000E+00  0.00000000E+00  0.00000000E+00  0.00000000E+00  0.00000000E+00
-1.88625119E+01  1.83400000E-02  2.12200000E-02  1.01100000E-03  1.03400000E-03  4.04600000E-11  4.75700000E-11  4.92200000E-05  5.54100000E-05  0.00000000E+00  0.00000000E+00  0.00000000E+00  0.00000000E+00  0.00000000E+00  0.00000000E+00  0.00000000E+00  0.00000000E+00  0.00000000E+00  0.00000000E+00
-1.88455119E+01  2.61200000E-02  3.04100000E-02  1.09800000E-03  1.18200000E-03  5.56000000E-11  6.52100000E-11  6.76800000E-05  8.01300000E-05  0.00000000E+00  0.00000000E+00  0.00000000E+00  0.00000000E+00  0.00000000E+00  0.00000000E+00  0.00000000E+00  0.00000000E+00  0.00000000E+00  0.00000000E+00
-1.88275119E+01  3.46700000E-02  3.98100000E-02  1.19300000E-03  1.31800000E-03  7.08500000E-11  8.16100000E-11  8.97600000E-05  1.05900000E-04  0.00000000E+00  0.00000000E+00  0.00000000E+00  0.00000000E+00  0.00000000E+00  0.00000000E+00  0.00000000E+00  0.00000000E+00  0.00000000E+00  0.00000000E+00
-1.88105119E+01  4.26900000E-02  4.92000000E-02  1.35600000E-03  1.46800000E-03  8.38500000E-11  9.61700000E-11  1.13000000E-04  1.34600000E-04  0.00000000E+00  0.00000000E+00  0.00000000E+00  0.00000000E+00  0.00000000E+00  0.00000000E+00  0.00000000E+00  0.00000000E+00  0.00000000E+00  0.00000000E+00
-1.87925119E+01  5.14600000E-02  6.09300000E-02  1.52600000E-03  1.55200000E-03  9.63400000E-11  1.12800000E-10  1.43000000E-04  1.75800000E-04  0.00000000E+00  0.00000000E+00  0.00000000E+00  0.00000000E+00  0.00000000E+00  0.00000000E+00  0.00000000E+00  0.00000000E+00  0.00000000E+00  0.00000000E+00
-1.87755119E+01  6.43100000E-02  7.81800000E-02  1.55400000E-03  1.46600000E-03  1.13100000E-10  1.36900000E-10  1.91000000E-04  2.40100000E-04  0.00000000E+00  0.00000000E+00  0.00000000E+00  0.00000000E+00  0.00000000E+00  0.00000000E+00  0.00000000E+00  0.00000000E+00  0.00000000E+00  0.00000000E+00
-1.87575119E+01  8.37800000E-02  1.00700000E-01  1.37600000E-03  1.22000000E-03  1.38300000E-10  1.68600000E-10  2.64000000E-04  3.24200000E-04  0.00000000E+00  0.00000000E+00  0.00000000E+00  0.00000000E+00  0.00000000E+00  0.00000000E+00  0.00000000E+00  0.00000000E+00  0.00000000E+00  0.00000000E+00
-1.87405119E+01  1.06900000E-01  1.21400000E-01  1.08600000E-03  9.30600000E-04  1.68200000E-10  1.97300000E-10  3.49100000E-04  4.02400000E-04  0.00000000E+00  0.00000000E+00  0.00000000E+00  0.00000000E+00  0.00000000E+00  0.00000000E+00  0.00000000E+00  0.00000000E+00  0.00000000E+00  0.00000000E+00
-1.87235119E+01  1.24500000E-01  1.31100000E-01  8.23000000E-04  7.05700000E-04  1.89700000E-10  2.08100000E-10  4.15300000E-04  4.45500000E-04  0.00000000E+00  0.00000000E+00  0.00000000E+00  0.00000000E+00  0.00000000E+00  0.00000000E+00  0.00000000E+00  0.00000000E+00  0.00000000E+00  0.00000000E+00
-1.87055119E+01  1.29200000E-01  1.28900000E-01  6.66400000E-04  5.96500000E-04  1.92000000E-10  1.98800000E-10  4.43000000E-04  4.56100000E-04  0.00000000E+00  0.00000000E+00  0.00000000E+00  0.00000000E+00  0.00000000E+00  0.00000000E+00  0.00000000E+00  0.00000000E+00  0.00000000E+00  0.00000000E+00
-1.86885119E+01  1.24900000E-01  1.24500000E-01  6.51000000E-04  6.37500000E-04  1.80400000E-10  1.84600000E-10  4.50300000E-04  4.68700000E-04  0.00000000E+00  0.00000000E+00  0.00000000E+00  0.00000000E+00  0.00000000E+00  0.00000000E+00  0.00000000E+00  0.00000000E+00  0.00000000E+00  0.00000000E+00
-1.86705119E+01  1.22600000E-01  1.26700000E-01  8.14100000E-04  8.54600000E-04  1.71800000E-10  1.81000000E-10  4.72600000E-04  5.04900000E-04  0.00000000E+00  0.00000000E+00  0.00000000E+00  0.00000000E+00  0.00000000E+00  0.00000000E+00  0.00000000E+00  0.00000000E+00  0.00000000E+00  0.00000000E+00
-1.86535119E+01  1.27400000E-01  1.32900000E-01  1.14700000E-03  1.20500000E-03  1.75000000E-10  1.86300000E-10  5.15600000E-04  5.43000000E-04  0.00000000E+00  0.00000000E+00  0.00000000E+00  0.00000000E+00  0.00000000E+00  0.00000000E+00  0.00000000E+00  0.00000000E+00  0.00000000E+00  0.00000000E+00
-1.86365119E+01  1.32900000E-01  1.33600000E-01  1.52000000E-03  1.53600000E-03  1.81600000E-10  1.86500000E-10  5.46600000E-04  5.44100000E-04  0.00000000E+00  0.00000000E+00  0.00000000E+00  0.00000000E+00  0.00000000E+00  0.00000000E+00  0.00000000E+00  0.00000000E+00  0.00000000E+00  0.00000000E+00
-1.86185119E+01  1.29900000E-01  1.23400000E-01  1.71400000E-03  1.65700000E-03  1.77000000E-10  1.71900000E-10  5.32900000E-04  4.95900000E-04  0.00000000E+00  0.00000000E+00  0.00000000E+00  0.00000000E+00  0.00000000E+00  0.00000000E+00  0.00000000E+00  0.00000000E+00  0.00000000E+00  0.00000000E+00
-1.86015119E+01  1.15800000E-01  1.04900000E-01  1.58600000E-03  1.47400000E-03  1.56000000E-10  1.44300000E-10  4.73800000E-04  4.19800000E-04  0.00000000E+00  0.00000000E+00  0.00000000E+00  0.00000000E+00  0.00000000E+00  0.00000000E+00  0.00000000E+00  0.00000000E+00  0.00000000E+00  0.00000000E+00
-1.85835119E+01  9.51500000E-02  8.47000000E-02  1.19400000E-03  1.07500000E-03  1.24400000E-10  1.12400000E-10  3.93900000E-04  3.47700000E-04  0.00000000E+00  0.00000000E+00  0.00000000E+00  0.00000000E+00  0.00000000E+00  0.00000000E+00  0.00000000E+00  0.00000000E+00  0.00000000E+00  0.00000000E+00
-1.85665119E+01  7.46400000E-02  6.92000000E-02  7.38600000E-04  6.54100000E-04  9.28900000E-11  8.62200000E-11  3.22200000E-04  3.04700000E-04  0.00000000E+00  0.00000000E+00  0.00000000E+00  0.00000000E+00  0.00000000E+00  0.00000000E+00  0.00000000E+00  0.00000000E+00  0.00000000E+00  0.00000000E+00
-1.85485119E+01  6.03600000E-02  6.19500000E-02  3.91900000E-04  3.54000000E-04  7.00900000E-11  7.12600000E-11  2.83200000E-04  3.00600000E-04  0.00000000E+00  0.00000000E+00  0.00000000E+00  0.00000000E+00  0.00000000E+00  0.00000000E+00  0.00000000E+00  0.00000000E+00  0.00000000E+00  0.00000000E+00
-1.85315119E+01  5.52700000E-02  6.13600000E-02  2.04800000E-04  2.01100000E-04  5.96600000E-11  6.61600000E-11  2.87200000E-04  3.22000000E-04  0.00000000E+00  0.00000000E+00  0.00000000E+00  0.00000000E+00  0.00000000E+00  0.00000000E+00  0.00000000E+00  0.00000000E+00  0.00000000E+00  0.00000000E+00
-1.85145119E+01  5.68800000E-02  6.21800000E-02  1.35300000E-04  1.49300000E-04  5.83500000E-11  6.46000000E-11  3.17700000E-04  3.41000000E-04  0.00000000E+00  0.00000000E+00  0.00000000E+00  0.00000000E+00  0.00000000E+00  0.00000000E+00  0.00000000E+00  0.00000000E+00  0.00000000E+00  0.00000000E+00
-1.84965119E+01  5.93700000E-02  6.10000000E-02  1.26400000E-04  1.60100000E-04  5.92000000E-11  6.20900000E-11  3.44300000E-04  3.43600000E-04  0.00000000E+00  0.00000000E+00  0.00000000E+00  0.00000000E+00  0.00000000E+00  0.00000000E+00  0.00000000E+00  0.00000000E+00  0.00000000E+00  0.00000000E+00
-1.84795119E+01  5.98300000E-02  5.98000000E-02  1.58500000E-04  2.41200000E-04  5.85400000E-11  6.01900000E-11  3.55200000E-04  3.45400000E-04  0.00000000E+00  0.00000000E+00  0.00000000E+00  0.00000000E+00  0.00000000E+00  0.00000000E+00  0.00000000E+00  0.00000000E+00  0.00000000E+00  0.00000000E+00
-1.84615119E+01  6.10900000E-02  6.31400000E-02  2.57400000E-04  4.26400000E-04  5.90700000E-11  6.35900000E-11  3.71300000E-04  3.74800000E-04  0.00000000E+00  0.00000000E+00  0.00000000E+00  0.00000000E+00  0.00000000E+00  0.00000000E+00  0.00000000E+00  0.00000000E+00  0.00000000E+00  0.00000000E+00
-1.84445119E+01  6.77000000E-02  7.25600000E-02  4.65300000E-04  7.23200000E-04  6.56000000E-11  7.39700000E-11  4.21100000E-04  4.40200000E-04  0.00000000E+00  0.00000000E+00  0.00000000E+00  0.00000000E+00  0.00000000E+00  0.00000000E+00  0.00000000E+00  0.00000000E+00  0.00000000E+00  0.00000000E+00
-1.84265119E+01  7.97800000E-02  8.33900000E-02  7.96800000E-04  1.08600000E-03  7.86700000E-11  8.66900000E-11  5.04300000E-04  5.12000000E-04  0.00000000E+00  0.00000000E+00  0.00000000E+00  0.00000000E+00  0.00000000E+00  0.00000000E+00  0.00000000E+00  0.00000000E+00  0.00000000E+00  0.00000000E+00
-1.84095119E+01  9.13300000E-02  8.77900000E-02  1.22500000E-03  1.46600000E-03  9.26100000E-11  9.41100000E-11  5.81400000E-04  5.41700000E-04  0.00000000E+00  0.00000000E+00  0.00000000E+00  0.00000000E+00  0.00000000E+00  0.00000000E+00  0.00000000E+00  0.00000000E+00  0.00000000E+00  0.00000000E+00
-1.83925119E+01  9.48400000E-02  8.22500000E-02  1.71900000E-03  1.88800000E-03  1.00300000E-10  9.32300000E-11  6.05000000E-04  5.09900000E-04  0.00000000E+00  0.00000000E+00  0.00000000E+00  0.00000000E+00  0.00000000E+00  0.00000000E+00  0.00000000E+00  0.00000000E+00  0.00000000E+00  0.00000000E+00
-1.83745119E+01  8.81900000E-02  7.10100000E-02  2.27800000E-03  2.41900000E-03  9.97200000E-11  8.84400000E-11  5.65800000E-04  4.50900000E-04  0.00000000E+00  0.00000000E+00  0.00000000E+00  0.00000000E+00  0.00000000E+00  0.00000000E+00  0.00000000E+00  0.00000000E+00  0.00000000E+00  0.00000000E+00
-1.83575119E+01  7.60000000E-02  6.10900000E-02  2.88300000E-03  3.05600000E-03  9.47400000E-11  8.58200000E-11  5.04800000E-04  4.23500000E-04  0.00000000E+00  0.00000000E+00  0.00000000E+00  0.00000000E+00  0.00000000E+00  0.00000000E+00  0.00000000E+00  0.00000000E+00  0.00000000E+00  0.00000000E+00
-1.83395119E+01  6.47400000E-02  5.62500000E-02  3.46900000E-03  3.71200000E-03  9.03600000E-11  8.75000000E-11  4.79500000E-04  4.68300000E-04  0.00000000E+00  0.00000000E+00  0.00000000E+00  0.00000000E+00  0.00000000E+00  0.00000000E+00  0.00000000E+00  0.00000000E+00  0.00000000E+00  0.00000000E+00
-1.83225119E+01  5.85500000E-02  5.68800000E-02  3.98700000E-03  4.32900000E-03  8.94400000E-11  9.29300000E-11  5.27500000E-04  5.95400000E-04  0.00000000E+00  0.00000000E+00  0.00000000E+00  0.00000000E+00  0.00000000E+00  0.00000000E+00  0.00000000E+00  0.00000000E+00  0.00000000E+00  0.00000000E+00
-1.83055119E+01  5.89700000E-02  6.22200000E-02  4.45600000E-03  4.90500000E-03  9.32000000E-11  1.01500000E-10  6.56600000E-04  7.90900000E-04  0.00000000E+00  0.00000000E+00  0.00000000E+00  0.00000000E+00  0.00000000E+00  0.00000000E+00  0.00000000E+00  0.00000000E+00  0.00000000E+00  0.00000000E+00
-1.82875119E+01  6.51100000E-02  6.99800000E-02  4.90100000E-03  5.40600000E-03  1.01400000E-10  1.11900000E-10  8.51100000E-04  1.02300000E-03  0.00000000E+00  0.00000000E+00  0.00000000E+00  0.00000000E+00  0.00000000E+00  0.00000000E+00  0.00000000E+00  0.00000000E+00  0.00000000E+00  0.00000000E+00
-1.82705119E+01  7.31500000E-02  7.59300000E-02  5.29100000E-03  5.72700000E-03  1.11600000E-10  1.20900000E-10  1.07900000E-03  1.24800000E-03  0.00000000E+00  0.00000000E+00  0.00000000E+00  0.00000000E+00  0.00000000E+00  0.00000000E+00  0.00000000E+00  0.00000000E+00  0.00000000E+00  0.00000000E+00
-1.82525119E+01  7.77700000E-02  7.57400000E-02  5.53300000E-03  5.73500000E-03  1.19600000E-10  1.24200000E-10  1.29300000E-03  1.41200000E-03  0.00000000E+00  0.00000000E+00  0.00000000E+00  0.00000000E+00  0.00000000E+00  0.00000000E+00  0.00000000E+00  0.00000000E+00  0.00000000E+00  0.00000000E+00
-1.82355119E+01  7.49600000E-02  6.76400000E-02  5.47900000E-03  5.31400000E-03  1.20900000E-10  1.18700000E-10  1.43200000E-03  1.46400000E-03  0.00000000E+00  0.00000000E+00  0.00000000E+00  0.00000000E+00  0.00000000E+00  0.00000000E+00  0.00000000E+00  0.00000000E+00  0.00000000E+00  0.00000000E+00
-1.82175119E+01  6.42200000E-02  5.37100000E-02  4.98800000E-03  4.45700000E-03  1.13300000E-10  1.05500000E-10  1.44500000E-03  1.39600000E-03  0.00000000E+00  0.00000000E+00  0.00000000E+00  0.00000000E+00  0.00000000E+00  0.00000000E+00  0.00000000E+00  0.00000000E+00  0.00000000E+00  0.00000000E+00
-1.82005119E+01  4.90300000E-02  3.89600000E-02  4.08100000E-03  3.35400000E-03  9.93700000E-11  9.01600000E-11  1.34600000E-03  1.27200000E-03  0.00000000E+00  0.00000000E+00  0.00000000E+00  0.00000000E+00  0.00000000E+00  0.00000000E+00  0.00000000E+00  0.00000000E+00  0.00000000E+00  0.00000000E+00
-1.81835119E+01  3.50400000E-02  2.84600000E-02  3.00600000E-03  2.31100000E-03  8.57600000E-11  7.94200000E-11  1.22400000E-03  1.19200000E-03  0.00000000E+00  0.00000000E+00  0.00000000E+00  0.00000000E+00  0.00000000E+00  0.00000000E+00  0.00000000E+00  0.00000000E+00  0.00000000E+00  0.00000000E+00
-1.81655119E+01  2.68800000E-02  2.48800000E-02  2.06900000E-03  1.56300000E-03  7.85800000E-11  7.72700000E-11  1.18200000E-03  1.24700000E-03  0.00000000E+00  0.00000000E+00  0.00000000E+00  0.00000000E+00  0.00000000E+00  0.00000000E+00  0.00000000E+00  0.00000000E+00  0.00000000E+00  0.00000000E+00
-1.81485119E+01  2.61200000E-02  2.79500000E-02  1.45300000E-03  1.18700000E-03  8.07200000E-11  8.52000000E-11  1.30600000E-03  1.51800000E-03  0.00000000E+00  0.00000000E+00  0.00000000E+00  0.00000000E+00  0.00000000E+00  0.00000000E+00  0.00000000E+00  0.00000000E+00  0.00000000E+00  0.00000000E+00
-1.81305119E+01  3.12500000E-02  3.48900000E-02  1.17900000E-03  1.13700000E-03  9.26600000E-11  1.02600000E-10  1.66300000E-03  2.05200000E-03  0.00000000E+00  0.00000000E+00  0.00000000E+00  0.00000000E+00  0.00000000E+00  0.00000000E+00  0.00000000E+00  0.00000000E+00  0.00000000E+00  0.00000000E+00
-1.81135119E+01  3.83700000E-02  4.12600000E-02  1.17500000E-03  1.30500000E-03  1.12200000E-10  1.24500000E-10  2.26900000E-03  2.77200000E-03  0.00000000E+00  0.00000000E+00  0.00000000E+00  0.00000000E+00  0.00000000E+00  0.00000000E+00  0.00000000E+00  0.00000000E+00  0.00000000E+00  0.00000000E+00
-1.80965119E+01  4.28700000E-02  4.31300000E-02  1.33400000E-03  1.55500000E-03  1.32200000E-10  1.40600000E-10  2.98400000E-03  3.41300000E-03  0.00000000E+00  0.00000000E+00  0.00000000E+00  0.00000000E+00  0.00000000E+00  0.00000000E+00  0.00000000E+00  0.00000000E+00  0.00000000E+00  0.00000000E+00
-1.80785119E+01  4.21300000E-02  3.96100000E-02  1.54700000E-03  1.74400000E-03  1.42600000E-10  1.41600000E-10  3.50000000E-03  3.63500000E-03  0.00000000E+00  0.00000000E+00  0.00000000E+00  0.00000000E+00  0.00000000E+00  0.00000000E+00  0.00000000E+00  0.00000000E+00  0.00000000E+00  0.00000000E+00
-1.80615119E+01  3.70900000E-02  3.31200000E-02  1.70600000E-03  1.75700000E-03  1.36900000E-10  1.25900000E-10  3.50900000E-03  3.27300000E-03  0.00000000E+00  0.00000000E+00  0.00000000E+00  0.00000000E+00  0.00000000E+00  0.00000000E+00  0.00000000E+00  0.00000000E+00  0.00000000E+00  0.00000000E+00
-1.80435119E+01  3.09400000E-02  2.70400000E-02  1.71400000E-03  1.56200000E-03  1.17000000E-10  1.01000000E-10  2.95300000E-03  2.47800000E-03  0.00000000E+00  0.00000000E+00  0.00000000E+00  0.00000000E+00  0.00000000E+00  0.00000000E+00  0.00000000E+00  0.00000000E+00  0.00000000E+00  0.00000000E+00
-1.80265119E+01  2.62400000E-02  2.32100000E-02  1.53000000E-03  1.25100000E-03  9.19200000E-11  7.73100000E-11  2.08400000E-03  1.60400000E-03  0.00000000E+00  0.00000000E+00  0.00000000E+00  0.00000000E+00  0.00000000E+00  0.00000000E+00  0.00000000E+00  0.00000000E+00  0.00000000E+00  0.00000000E+00
-1.80085119E+01  2.32400000E-02  2.10100000E-02  1.22800000E-03  9.78100000E-04  6.98800000E-11  6.02800000E-11  1.26500000E-03  9.58000000E-04  0.00000000E+00  0.00000000E+00  0.00000000E+00  0.00000000E+00  0.00000000E+00  0.00000000E+00  0.00000000E+00  0.00000000E+00  0.00000000E+00  0.00000000E+00
-1.79915119E+01  2.04800000E-02  1.87700000E-02  9.55800000E-04  8.53000000E-04  5.35500000E-11  4.95400000E-11  7.31600000E-04  6.67700000E-04  0.00000000E+00  0.00000000E+00  0.00000000E+00  0.00000000E+00  0.00000000E+00  0.00000000E+00  0.00000000E+00  0.00000000E+00  0.00000000E+00  0.00000000E+00
-1.79745119E+01  1.68600000E-02  1.59400000E-02  8.34800000E-04  9.03200000E-04  4.22700000E-11  4.39000000E-11  5.42000000E-04  7.38300000E-04  0.00000000E+00  0.00000000E+00  0.00000000E+00  0.00000000E+00  0.00000000E+00  0.00000000E+00  0.00000000E+00  0.00000000E+00  0.00000000E+00  0.00000000E+00
-1.79565119E+01  1.32500000E-02  1.38600000E-02  9.16700000E-04  1.13500000E-03  3.69400000E-11  4.47600000E-11  6.81800000E-04  1.13700000E-03  0.00000000E+00  0.00000000E+00  0.00000000E+00  0.00000000E+00  0.00000000E+00  0.00000000E+00  0.00000000E+00  0.00000000E+00  0.00000000E+00  0.00000000E+00
-1.79395119E+01  1.17200000E-02  1.43700000E-02  1.24500000E-03  1.61600000E-03  4.04400000E-11  5.38800000E-11  1.13200000E-03  1.78200000E-03  0.00000000E+00  0.00000000E+00  0.00000000E+00  0.00000000E+00  0.00000000E+00  0.00000000E+00  0.00000000E+00  0.00000000E+00  0.00000000E+00  0.00000000E+00
-1.79215119E+01  1.38800000E-02  1.85500000E-02  1.93700000E-03  2.52300000E-03  5.40600000E-11  7.06200000E-11  1.82800000E-03  2.51300000E-03  0.00000000E+00  0.00000000E+00  0.00000000E+00  0.00000000E+00  0.00000000E+00  0.00000000E+00  0.00000000E+00  0.00000000E+00  0.00000000E+00  0.00000000E+00
-1.79045119E+01  2.01400000E-02  2.63900000E-02  3.19500000E-03  4.06000000E-03  7.59300000E-11  9.27200000E-11  2.62200000E-03  3.16700000E-03  0.00000000E+00  0.00000000E+00  0.00000000E+00  0.00000000E+00  0.00000000E+00  0.00000000E+00  0.00000000E+00  0.00000000E+00  0.00000000E+00  0.00000000E+00
-1.78865119E+01  2.98200000E-02  3.65700000E-02  5.14300000E-03  6.18500000E-03  1.02300000E-10  1.17100000E-10  3.33300000E-03  3.65100000E-03  0.00000000E+00  0.00000000E+00  0.00000000E+00  0.00000000E+00  0.00000000E+00  0.00000000E+00  0.00000000E+00  0.00000000E+00  0.00000000E+00  0.00000000E+00
-1.78695119E+01  4.08100000E-02  4.61300000E-02  7.53300000E-03  8.40400000E-03  1.28100000E-10  1.38300000E-10  3.82200000E-03  3.93700000E-03  0.00000000E+00  0.00000000E+00  0.00000000E+00  0.00000000E+00  0.00000000E+00  0.00000000E+00  0.00000000E+00  0.00000000E+00  0.00000000E+00  0.00000000E+00
-1.78525119E+01  4.96100000E-02  5.17600000E-02  9.66800000E-03  9.99600000E-03  1.46400000E-10  1.50500000E-10  4.00700000E-03  4.06400000E-03  0.00000000E+00  0.00000000E+00  0.00000000E+00  0.00000000E+00  0.00000000E+00  0.00000000E+00  0.00000000E+00  0.00000000E+00  0.00000000E+00  0.00000000E+00
-1.78345119E+01  5.31700000E-02  5.24500000E-02  1.07900000E-02  1.05200000E-02  1.52200000E-10  1.53000000E-10  3.94300000E-03  4.22500000E-03  0.00000000E+00  0.00000000E+00  0.00000000E+00  0.00000000E+00  0.00000000E+00  0.00000000E+00  0.00000000E+00  0.00000000E+00  0.00000000E+00  0.00000000E+00
-1.78175119E+01  5.12800000E-02  4.98700000E-02  1.05800000E-02  9.96700000E-03  1.47700000E-10  1.51400000E-10  3.90700000E-03  4.67700000E-03  0.00000000E+00  0.00000000E+00  0.00000000E+00  0.00000000E+00  0.00000000E+00  0.00000000E+00  0.00000000E+00  0.00000000E+00  0.00000000E+00  0.00000000E+00
-1.77995119E+01  4.64400000E-02  4.60300000E-02  9.25700000E-03  8.55300000E-03  1.41000000E-10  1.50100000E-10  4.24500000E-03  5.43100000E-03  0.00000000E+00  0.00000000E+00  0.00000000E+00  0.00000000E+00  0.00000000E+00  0.00000000E+00  0.00000000E+00  0.00000000E+00  0.00000000E+00  0.00000000E+00
-1.77825119E+01  4.13500000E-02  4.14800000E-02  7.32200000E-03  6.60200000E-03  1.38100000E-10  1.46900000E-10  4.99700000E-03  6.11100000E-03  0.00000000E+00  0.00000000E+00  0.00000000E+00  0.00000000E+00  0.00000000E+00  0.00000000E+00  0.00000000E+00  0.00000000E+00  0.00000000E+00  0.00000000E+00
-1.77655119E+01  3.70300000E-02  3.59900000E-02  5.31200000E-03  4.60800000E-03  1.37000000E-10  1.37200000E-10  5.77500000E-03  6.25500000E-03  0.00000000E+00  0.00000000E+00  0.00000000E+00  0.00000000E+00  0.00000000E+00  0.00000000E+00  0.00000000E+00  0.00000000E+00  0.00000000E+00  0.00000000E+00
-1.77475119E+01  3.30900000E-02  2.99200000E-02  3.68700000E-03  3.10200000E-03  1.32100000E-10  1.20700000E-10  6.09500000E-03  5.75200000E-03  0.00000000E+00  0.00000000E+00  0.00000000E+00  0.00000000E+00  0.00000000E+00  0.00000000E+00  0.00000000E+00  0.00000000E+00  0.00000000E+00  0.00000000E+00
-1.77305119E+01  2.90400000E-02  2.43600000E-02  2.69900000E-03  2.32500000E-03  1.20800000E-10  1.01900000E-10  5.79800000E-03  4.89400000E-03  0.00000000E+00  0.00000000E+00  0.00000000E+00  0.00000000E+00  0.00000000E+00  0.00000000E+00  0.00000000E+00  0.00000000E+00  0.00000000E+00  0.00000000E+00
-1.77125119E+01  2.49300000E-02  2.00500000E-02  2.30000000E-03  2.09300000E-03  1.05300000E-10  8.50000000E-11  5.09000000E-03  4.04500000E-03  0.00000000E+00  0.00000000E+00  0.00000000E+00  0.00000000E+00  0.00000000E+00  0.00000000E+00  0.00000000E+00  0.00000000E+00  0.00000000E+00  0.00000000E+00
-1.76955119E+01  2.09200000E-02  1.68000000E-02  2.19200000E-03  2.01400000E-03  8.81100000E-11  7.03400000E-11  4.24900000E-03  3.37000000E-03  0.00000000E+00  0.00000000E+00  0.00000000E+00  0.00000000E+00  0.00000000E+00  0.00000000E+00  0.00000000E+00  0.00000000E+00  0.00000000E+00  0.00000000E+00
-1.76775119E+01  1.70000000E-02  1.42100000E-02  2.05600000E-03  1.85100000E-03  7.06800000E-11  5.79200000E-11  3.46200000E-03  2.95300000E-03  0.00000000E+00  0.00000000E+00  0.00000000E+00  0.00000000E+00  0.00000000E+00  0.00000000E+00  0.00000000E+00  0.00000000E+00  0.00000000E+00  0.00000000E+00
-1.76605119E+01  1.36400000E-02  1.29700000E-02  1.82900000E-03  1.70400000E-03  5.60100000E-11  5.19700000E-11  2.97200000E-03  3.06900000E-03  0.00000000E+00  0.00000000E+00  0.00000000E+00  0.00000000E+00  0.00000000E+00  0.00000000E+00  0.00000000E+00  0.00000000E+00  0.00000000E+00  0.00000000E+00
-1.76435119E+01  1.23000000E-02  1.44500000E-02  1.75500000E-03  1.86000000E-03  5.08100000E-11  5.88000000E-11  3.20800000E-03  4.09600000E-03  0.00000000E+00  0.00000000E+00  0.00000000E+00  0.00000000E+00  0.00000000E+00  0.00000000E+00  0.00000000E+00  0.00000000E+00  0.00000000E+00  0.00000000E+00
-1.76255119E+01  1.43000000E-02  1.87400000E-02  2.09800000E-03  2.42700000E-03  6.06100000E-11  7.82700000E-11  4.49300000E-03  5.97800000E-03  0.00000000E+00  0.00000000E+00  0.00000000E+00  0.00000000E+00  0.00000000E+00  0.00000000E+00  0.00000000E+00  0.00000000E+00  0.00000000E+00  0.00000000E+00
-1.76085119E+01  1.89000000E-02  2.33700000E-02  2.79700000E-03  3.13900000E-03  8.15900000E-11  9.91500000E-11  6.49300000E-03  7.87200000E-03  0.00000000E+00  0.00000000E+00  0.00000000E+00  0.00000000E+00  0.00000000E+00  0.00000000E+00  0.00000000E+00  0.00000000E+00  0.00000000E+00  0.00000000E+00
-1.75905119E+01  2.30900000E-02  2.52300000E-02  3.43700000E-03  3.59200000E-03  9.99300000E-11  1.06900000E-10  8.13500000E-03  8.66800000E-03  0.00000000E+00  0.00000000E+00  0.00000000E+00  0.00000000E+00  0.00000000E+00  0.00000000E+00  0.00000000E+00  0.00000000E+00  0.00000000E+00  0.00000000E+00
-1.75735119E+01  2.42200000E-02  2.38800000E-02  3.67600000E-03  3.73200000E-03  1.02900000E-10  9.78900000E-11  8.42100000E-03  8.05300000E-03  0.00000000E+00  0.00000000E+00  0.00000000E+00  0.00000000E+00  0.00000000E+00  0.00000000E+00  0.00000000E+00  0.00000000E+00  0.00000000E+00  0.00000000E+00
-1.75565119E+01  2.30200000E-02  2.24800000E-02  3.70200000E-03  4.01300000E-03  9.17300000E-11  8.37000000E-11  7.42300000E-03  6.85000000E-03  0.00000000E+00  0.00000000E+00  0.00000000E+00  0.00000000E+00  0.00000000E+00  0.00000000E+00  0.00000000E+00  0.00000000E+00  0.00000000E+00  0.00000000E+00
-1.75385119E+01  2.32000000E-02  2.45400000E-02  4.13400000E-03  4.90300000E-03  8.07800000E-11  7.92500000E-11  6.21300000E-03  6.11300000E-03  0.00000000E+00  0.00000000E+00  0.00000000E+00  0.00000000E+00  0.00000000E+00  0.00000000E+00  0.00000000E+00  0.00000000E+00  0.00000000E+00  0.00000000E+00
-1.75215119E+01  2.73500000E-02  3.01000000E-02  5.31500000E-03  6.24000000E-03  8.22700000E-11  8.82200000E-11  5.71900000E-03  6.10700000E-03  0.00000000E+00  0.00000000E+00  0.00000000E+00  0.00000000E+00  0.00000000E+00  0.00000000E+00  0.00000000E+00  0.00000000E+00  0.00000000E+00  0.00000000E+00
-1.75035119E+01  3.37200000E-02  3.56300000E-02  6.75600000E-03  7.21900000E-03  9.42300000E-11  1.02000000E-10  5.91600000E-03  6.40800000E-03  0.00000000E+00  0.00000000E+00  0.00000000E+00  0.00000000E+00  0.00000000E+00  0.00000000E+00  0.00000000E+00  0.00000000E+00  0.00000000E+00  0.00000000E+00
-1.74865119E+01  3.77800000E-02  3.76400000E-02  7.45600000E-03  7.12000000E-03  1.05000000E-10  1.11200000E-10  6.26700000E-03  6.79700000E-03  0.00000000E+00  0.00000000E+00  0.00000000E+00  0.00000000E+00  0.00000000E+00  0.00000000E+00  0.00000000E+00  0.00000000E+00  0.00000000E+00  0.00000000E+00
-1.74685119E+01  3.70200000E-02  3.58200000E-02  6.86200000E-03  5.99300000E-03  1.07800000E-10  1.14500000E-10  6.67600000E-03  7.57600000E-03  0.00000000E+00  0.00000000E+00  0.00000000E+00  0.00000000E+00  0.00000000E+00  0.00000000E+00  0.00000000E+00  0.00000000E+00  0.00000000E+00  0.00000000E+00
-1.74515119E+01  3.31900000E-02  3.23500000E-02  5.41000000E-03  4.56400000E-03  1.06800000E-10  1.16200000E-10  7.60400000E-03  8.94900000E-03  0.00000000E+00  0.00000000E+00  0.00000000E+00  0.00000000E+00  0.00000000E+00  0.00000000E+00  0.00000000E+00  0.00000000E+00  0.00000000E+00  0.00000000E+00
-1.74345119E+01  2.96300000E-02  2.90800000E-02  4.05100000E-03  3.57300000E-03  1.09300000E-10  1.18100000E-10  9.24200000E-03  1.04500000E-02  0.00000000E+00  0.00000000E+00  0.00000000E+00  0.00000000E+00  0.00000000E+00  0.00000000E+00  0.00000000E+00  0.00000000E+00  0.00000000E+00  0.00000000E+00
-1.74165119E+01  2.76500000E-02  2.64800000E-02  3.43700000E-03  3.32600000E-03  1.14900000E-10  1.17500000E-10  1.09500000E-02  1.12700000E-02  0.00000000E+00  0.00000000E+00  0.00000000E+00  0.00000000E+00  0.00000000E+00  0.00000000E+00  0.00000000E+00  0.00000000E+00  0.00000000E+00  0.00000000E+00
-1.73995119E+01  2.65400000E-02  2.51600000E-02  3.63500000E-03  3.75900000E-03  1.17900000E-10  1.14000000E-10  1.17200000E-02  1.09800000E-02  0.00000000E+00  0.00000000E+00  0.00000000E+00  0.00000000E+00  0.00000000E+00  0.00000000E+00  0.00000000E+00  0.00000000E+00  0.00000000E+00  0.00000000E+00
-1.73815119E+01  2.63500000E-02  2.71900000E-02  4.38400000E-03  4.66100000E-03  1.16100000E-10  1.12500000E-10  1.11600000E-02  9.91000000E-03  0.00000000E+00  0.00000000E+00  0.00000000E+00  0.00000000E+00  0.00000000E+00  0.00000000E+00  0.00000000E+00  0.00000000E+00  0.00000000E+00  0.00000000E+00
-1.73645119E+01  2.93600000E-02  3.52400000E-02  5.34400000E-03  5.72700000E-03  1.15200000E-10  1.20700000E-10  9.80100000E-03  8.78600000E-03  0.00000000E+00  0.00000000E+00  0.00000000E+00  0.00000000E+00  0.00000000E+00  0.00000000E+00  0.00000000E+00  0.00000000E+00  0.00000000E+00  0.00000000E+00
-1.73465119E+01  3.84500000E-02  4.97100000E-02  6.18400000E-03  6.58300000E-03  1.23600000E-10  1.41100000E-10  8.54600000E-03  8.13300000E-03  0.00000000E+00  0.00000000E+00  0.00000000E+00  0.00000000E+00  0.00000000E+00  0.00000000E+00  0.00000000E+00  0.00000000E+00  0.00000000E+00  0.00000000E+00
-1.73295119E+01  5.34900000E-02  6.59600000E-02  6.65100000E-03  6.90300000E-03  1.43000000E-10  1.65300000E-10  7.91800000E-03  7.88500000E-03  0.00000000E+00  0.00000000E+00  0.00000000E+00  0.00000000E+00  0.00000000E+00  0.00000000E+00  0.00000000E+00  0.00000000E+00  0.00000000E+00  0.00000000E+00
-1.73125119E+01  6.87600000E-02  7.53200000E-02  6.61600000E-03  6.52600000E-03  1.63600000E-10  1.77000000E-10  7.73400000E-03  7.55800000E-03  0.00000000E+00  0.00000000E+00  0.00000000E+00  0.00000000E+00  0.00000000E+00  0.00000000E+00  0.00000000E+00  0.00000000E+00  0.00000000E+00  0.00000000E+00
-1.72945119E+01  7.51800000E-02  7.12600000E-02  6.02100000E-03  5.49200000E-03  1.69300000E-10  1.64000000E-10  7.41800000E-03  6.75800000E-03  0.00000000E+00  0.00000000E+00  0.00000000E+00  0.00000000E+00  0.00000000E+00  0.00000000E+00  0.00000000E+00  0.00000000E+00  0.00000000E+00  0.00000000E+00
-1.72775119E+01  6.75400000E-02  5.51900000E-02  4.90000000E-03  4.05800000E-03  1.50400000E-10  1.29000000E-10  6.57200000E-03  5.52300000E-03  0.00000000E+00  0.00000000E+00  0.00000000E+00  0.00000000E+00  0.00000000E+00  0.00000000E+00  0.00000000E+00  0.00000000E+00  0.00000000E+00  0.00000000E+00
-1.72595119E+01  4.94400000E-02  3.52800000E-02  3.49100000E-03  2.63100000E-03  1.13100000E-10  8.72200000E-11  5.27700000E-03  4.18200000E-03  0.00000000E+00  0.00000000E+00  0.00000000E+00  0.00000000E+00  0.00000000E+00  0.00000000E+00  0.00000000E+00  0.00000000E+00  0.00000000E+00  0.00000000E+00
-1.72425119E+01  3.00100000E-02  1.94900000E-02  2.19400000E-03  1.56900000E-03  7.35100000E-11  5.31000000E-11  3.89700000E-03  3.02500000E-03  0.00000000E+00  0.00000000E+00  0.00000000E+00  0.00000000E+00  0.00000000E+00  0.00000000E+00  0.00000000E+00  0.00000000E+00  0.00000000E+00  0.00000000E+00
-1.72255119E+01  1.63100000E-02  1.08900000E-02  1.31900000E-03  9.99500000E-04  4.43000000E-11  3.25700000E-11  2.75700000E-03  2.19300000E-03  0.00000000E+00  0.00000000E+00  0.00000000E+00  0.00000000E+00  0.00000000E+00  0.00000000E+00  0.00000000E+00  0.00000000E+00  0.00000000E+00  0.00000000E+00
-1.72075119E+01  9.87900000E-03  8.17600000E-03  9.20500000E-04  8.28300000E-04  2.88700000E-11  2.39700000E-11  2.01600000E-03  1.73500000E-03  0.00000000E+00  0.00000000E+00  0.00000000E+00  0.00000000E+00  0.00000000E+00  0.00000000E+00  0.00000000E+00  0.00000000E+00  0.00000000E+00  0.00000000E+00
-1.71905119E+01  8.39000000E-03  8.71900000E-03  8.38200000E-04  8.45200000E-04  2.36800000E-11  2.28300000E-11  1.66800000E-03  1.62400000E-03  0.00000000E+00  0.00000000E+00  0.00000000E+00  0.00000000E+00  0.00000000E+00  0.00000000E+00  0.00000000E+00  0.00000000E+00  0.00000000E+00  0.00000000E+00
-1.71725119E+01  8.96600000E-03  1.09400000E-02  8.44800000E-04  8.57500000E-04  2.33800000E-11  2.59000000E-11  1.59700000E-03  1.82200000E-03  0.00000000E+00  0.00000000E+00  0.00000000E+00  0.00000000E+00  0.00000000E+00  0.00000000E+00  0.00000000E+00  0.00000000E+00  0.00000000E+00  0.00000000E+00
-1.71555119E+01  1.04200000E-02  1.54400000E-02  7.90100000E-04  7.95500000E-04  2.50800000E-11  3.36400000E-11  1.73100000E-03  2.41500000E-03  0.00000000E+00  0.00000000E+00  0.00000000E+00  0.00000000E+00  0.00000000E+00  0.00000000E+00  0.00000000E+00  0.00000000E+00  0.00000000E+00  0.00000000E+00
-1.71375119E+01  1.40800000E-02  2.42500000E-02  6.78800000E-04  7.34200000E-04  3.05800000E-11  4.94000000E-11  2.21400000E-03  3.60400000E-03  0.00000000E+00  0.00000000E+00  0.00000000E+00  0.00000000E+00  0.00000000E+00  0.00000000E+00  0.00000000E+00  0.00000000E+00  0.00000000E+00  0.00000000E+00
-1.71205119E+01  2.27800000E-02  3.83900000E-02  6.41600000E-04  8.21000000E-04  4.47700000E-11  7.45700000E-11  3.34400000E-03  5.39000000E-03  0.00000000E+00  0.00000000E+00  0.00000000E+00  0.00000000E+00  0.00000000E+00  0.00000000E+00  0.00000000E+00  0.00000000E+00  0.00000000E+00  0.00000000E+00
-1.71035119E+01  3.83600000E-02  5.64300000E-02  8.44400000E-04  1.19900000E-03  7.05700000E-11  1.05200000E-10  5.22100000E-03  7.34700000E-03  0.00000000E+00  0.00000000E+00  0.00000000E+00  0.00000000E+00  0.00000000E+00  0.00000000E+00  0.00000000E+00  0.00000000E+00  0.00000000E+00  0.00000000E+00
-1.70855119E+01  5.98500000E-02  7.61400000E-02  1.41900000E-03  1.97000000E-03  1.05200000E-10  1.35800000E-10  7.47200000E-03  8.93000000E-03  0.00000000E+00  0.00000000E+00  0.00000000E+00  0.00000000E+00  0.00000000E+00  0.00000000E+00  0.00000000E+00  0.00000000E+00  0.00000000E+00  0.00000000E+00
-1.70685119E+01  8.41400000E-02  9.64400000E-02  2.40100000E-03  3.10800000E-03  1.42000000E-10  1.64000000E-10  9.48800000E-03  9.99900000E-03  0.00000000E+00  0.00000000E+00  0.00000000E+00  0.00000000E+00  0.00000000E+00  0.00000000E+00  0.00000000E+00  0.00000000E+00  0.00000000E+00  0.00000000E+00
-1.70505119E+01  1.07300000E-01  1.15000000E-01  3.62800000E-03  4.31700000E-03  1.74500000E-10  1.87900000E-10  1.09000000E-02  1.07200000E-02  0.00000000E+00  0.00000000E+00  0.00000000E+00  0.00000000E+00  0.00000000E+00  0.00000000E+00  0.00000000E+00  0.00000000E+00  0.00000000E+00  0.00000000E+00
-1.70335119E+01  1.24100000E-01  1.25200000E-01  4.68400000E-03  5.08400000E-03  1.96100000E-10  1.99400000E-10  1.16400000E-02  1.10000000E-02  0.00000000E+00  0.00000000E+00  0.00000000E+00  0.00000000E+00  0.00000000E+00  0.00000000E+00  0.00000000E+00  0.00000000E+00  0.00000000E+00  0.00000000E+00
-1.70155119E+01  1.28500000E-01  1.21400000E-01  5.12200000E-03  5.08700000E-03  1.98900000E-10  1.89400000E-10  1.15400000E-02  1.04300000E-02  0.00000000E+00  0.00000000E+00  0.00000000E+00  0.00000000E+00  0.00000000E+00  0.00000000E+00  0.00000000E+00  0.00000000E+00  0.00000000E+00  0.00000000E+00
-1.69985119E+01  1.19100000E-01  1.06800000E-01  4.88900000E-03  4.59000000E-03  1.80700000E-10  1.62800000E-10  1.04800000E-02  9.08100000E-03  0.00000000E+00  0.00000000E+00  0.00000000E+00  0.00000000E+00  0.00000000E+00  0.00000000E+00  0.00000000E+00  0.00000000E+00  0.00000000E+00  0.00000000E+00
-1.69815119E+01  1.03500000E-01  9.27500000E-02  4.48600000E-03  4.29000000E-03  1.54000000E-10  1.39800000E-10  8.90900000E-03  7.74300000E-03  0.00000000E+00  0.00000000E+00  0.00000000E+00  0.00000000E+00  0.00000000E+00  0.00000000E+00  0.00000000E+00  0.00000000E+00  0.00000000E+00  0.00000000E+00
-1.69635119E+01  9.28600000E-02  8.77300000E-02  4.58300000E-03  4.69900000E-03  1.39200000E-10  1.37400000E-10  7.74000000E-03  7.17600000E-03  0.00000000E+00  0.00000000E+00  0.00000000E+00  0.00000000E+00  0.00000000E+00  0.00000000E+00  0.00000000E+00  0.00000000E+00  0.00000000E+00  0.00000000E+00
-1.69465119E+01  9.14800000E-02  8.91100000E-02  5.36900000E-03  5.63900000E-03  1.45900000E-10  1.52700000E-10  7.50500000E-03  7.31100000E-03  0.00000000E+00  0.00000000E+00  0.00000000E+00  0.00000000E+00  0.00000000E+00  0.00000000E+00  0.00000000E+00  0.00000000E+00  0.00000000E+00  0.00000000E+00
-1.69285119E+01  9.28100000E-02  8.75400000E-02  6.29100000E-03  6.35600000E-03  1.63100000E-10  1.66600000E-10  7.76700000E-03  7.37200000E-03  0.00000000E+00  0.00000000E+00  0.00000000E+00  0.00000000E+00  0.00000000E+00  0.00000000E+00  0.00000000E+00  0.00000000E+00  0.00000000E+00  0.00000000E+00
-1.69115119E+01  8.73100000E-02  7.69500000E-02  6.49800000E-03  6.14600000E-03  1.69100000E-10  1.61000000E-10  7.57100000E-03  6.67000000E-03  0.00000000E+00  0.00000000E+00  0.00000000E+00  0.00000000E+00  0.00000000E+00  0.00000000E+00  0.00000000E+00  0.00000000E+00  0.00000000E+00  0.00000000E+00
-1.68945119E+01  7.20300000E-02  5.94600000E-02  5.61400000E-03  4.97100000E-03  1.50800000E-10  1.32400000E-10  6.38600000E-03  5.16800000E-03  0.00000000E+00  0.00000000E+00  0.00000000E+00  0.00000000E+00  0.00000000E+00  0.00000000E+00  0.00000000E+00  0.00000000E+00  0.00000000E+00  0.00000000E+00
-1.68765119E+01  5.24200000E-02  4.22000000E-02  4.07300000E-03  3.47000000E-03  1.13100000E-10  9.21500000E-11  4.51800000E-03  3.40300000E-03  0.00000000E+00  0.00000000E+00  0.00000000E+00  0.00000000E+00  0.00000000E+00  0.00000000E+00  0.00000000E+00  0.00000000E+00  0.00000000E+00  0.00000000E+00
-1.68595119E+01  3.66000000E-02  3.12000000E-02  2.71100000E-03  2.41600000E-03  7.15600000E-11  5.53200000E-11  2.72600000E-03  2.01700000E-03  0.00000000E+00  0.00000000E+00  0.00000000E+00  0.00000000E+00  0.00000000E+00  0.00000000E+00  0.00000000E+00  0.00000000E+00  0.00000000E+00  0.00000000E+00
-1.68415119E+01  2.91300000E-02  2.80600000E-02  2.14100000E-03  2.22300000E-03  4.02500000E-11  3.18300000E-11  1.61300000E-03  1.38900000E-03  0.00000000E+00  0.00000000E+00  0.00000000E+00  0.00000000E+00  0.00000000E+00  0.00000000E+00  0.00000000E+00  0.00000000E+00  0.00000000E+00  0.00000000E+00
-1.68245119E+01  2.94100000E-02  3.07400000E-02  2.49900000E-03  2.87200000E-03  2.47600000E-11  2.41000000E-11  1.37200000E-03  1.56400000E-03  0.00000000E+00  0.00000000E+00  0.00000000E+00  0.00000000E+00  0.00000000E+00  0.00000000E+00  0.00000000E+00  0.00000000E+00  0.00000000E+00  0.00000000E+00
-1.68065119E+01  3.40000000E-02  3.61600000E-02  3.55800000E-03  4.04600000E-03  2.43500000E-11  3.06300000E-11  1.87800000E-03  2.34700000E-03  0.00000000E+00  0.00000000E+00  0.00000000E+00  0.00000000E+00  0.00000000E+00  0.00000000E+00  0.00000000E+00  0.00000000E+00  0.00000000E+00  0.00000000E+00
-1.67895119E+01  3.96500000E-02  4.18800000E-02  4.84100000E-03  5.20700000E-03  3.62400000E-11  4.82800000E-11  2.82300000E-03  3.37500000E-03  0.00000000E+00  0.00000000E+00  0.00000000E+00  0.00000000E+00  0.00000000E+00  0.00000000E+00  0.00000000E+00  0.00000000E+00  0.00000000E+00  0.00000000E+00
-1.67725119E+01  4.43900000E-02  4.60600000E-02  5.71200000E-03  5.74200000E-03  5.62800000E-11  7.07900000E-11  3.78300000E-03  4.18300000E-03  0.00000000E+00  0.00000000E+00  0.00000000E+00  0.00000000E+00  0.00000000E+00  0.00000000E+00  0.00000000E+00  0.00000000E+00  0.00000000E+00  0.00000000E+00
-1.67545119E+01  4.69000000E-02  4.68700000E-02  5.66500000E-03  5.31300000E-03  7.72100000E-11  8.86700000E-11  4.34300000E-03  4.40600000E-03  0.00000000E+00  0.00000000E+00  0.00000000E+00  0.00000000E+00  0.00000000E+00  0.00000000E+00  0.00000000E+00  0.00000000E+00  0.00000000E+00  0.00000000E+00
-1.67375119E+01  4.59000000E-02  4.33800000E-02  4.69300000E-03  4.13900000E-03  9.05500000E-11  9.49500000E-11  4.30100000E-03  4.03000000E-03  0.00000000E+00  0.00000000E+00  0.00000000E+00  0.00000000E+00  0.00000000E+00  0.00000000E+00  0.00000000E+00  0.00000000E+00  0.00000000E+00  0.00000000E+00
-1.67195119E+01  4.13800000E-02  3.73700000E-02  3.32700000E-03  2.86800000E-03  9.33100000E-11  9.24200000E-11  3.83700000E-03  3.46600000E-03  0.00000000E+00  0.00000000E+00  0.00000000E+00  0.00000000E+00  0.00000000E+00  0.00000000E+00  0.00000000E+00  0.00000000E+00  0.00000000E+00  0.00000000E+00
-1.67025119E+01  3.59700000E-02  3.31300000E-02  2.26100000E-03  2.13800000E-03  9.18500000E-11  9.21400000E-11  3.41900000E-03  3.27600000E-03  0.00000000E+00  0.00000000E+00  0.00000000E+00  0.00000000E+00  0.00000000E+00  0.00000000E+00  0.00000000E+00  0.00000000E+00  0.00000000E+00  0.00000000E+00
-1.66855119E+01  3.35600000E-02  3.39400000E-02  1.92300000E-03  2.21800000E-03  9.56200000E-11  1.01600000E-10  3.46200000E-03  3.73700000E-03  0.00000000E+00  0.00000000E+00  0.00000000E+00  0.00000000E+00  0.00000000E+00  0.00000000E+00  0.00000000E+00  0.00000000E+00  0.00000000E+00  0.00000000E+00
-1.66675119E+01  3.55300000E-02  3.85600000E-02  2.31300000E-03  2.90500000E-03  1.05900000E-10  1.15600000E-10  3.99500000E-03  4.60500000E-03  0.00000000E+00  0.00000000E+00  0.00000000E+00  0.00000000E+00  0.00000000E+00  0.00000000E+00  0.00000000E+00  0.00000000E+00  0.00000000E+00  0.00000000E+00
-1.66505119E+01  3.91200000E-02  4.20800000E-02  3.06900000E-03  3.66500000E-03  1.13800000E-10  1.20900000E-10  4.66500000E-03  5.32300000E-03  0.00000000E+00  0.00000000E+00  0.00000000E+00  0.00000000E+00  0.00000000E+00  0.00000000E+00  0.00000000E+00  0.00000000E+00  0.00000000E+00  0.00000000E+00
-1.66325119E+01  4.00300000E-02  4.02200000E-02  3.67800000E-03  3.96600000E-03  1.10100000E-10  1.09700000E-10  5.06400000E-03  5.45100000E-03  0.00000000E+00  0.00000000E+00  0.00000000E+00  0.00000000E+00  0.00000000E+00  0.00000000E+00  0.00000000E+00  0.00000000E+00  0.00000000E+00  0.00000000E+00
-1.66155119E+01  3.60100000E-02  3.27200000E-02  3.78100000E-03  3.65300000E-03  9.40500000E-11  8.53500000E-11  5.00100000E-03  4.96500000E-03  0.00000000E+00  0.00000000E+00  0.00000000E+00  0.00000000E+00  0.00000000E+00  0.00000000E+00  0.00000000E+00  0.00000000E+00  0.00000000E+00  0.00000000E+00
-1.65975119E+01  2.82100000E-02  2.30200000E-02  3.39400000E-03  3.01800000E-03  7.15900000E-11  5.86600000E-11  4.56300000E-03  4.20600000E-03  0.00000000E+00  0.00000000E+00  0.00000000E+00  0.00000000E+00  0.00000000E+00  0.00000000E+00  0.00000000E+00  0.00000000E+00  0.00000000E+00  0.00000000E+00
-1.65805119E+01  1.99100000E-02  1.56000000E-02  2.84600000E-03  2.51200000E-03  5.09200000E-11  4.12500000E-11  4.02100000E-03  3.64300000E-03  0.00000000E+00  0.00000000E+00  0.00000000E+00  0.00000000E+00  0.00000000E+00  0.00000000E+00  0.00000000E+00  0.00000000E+00  0.00000000E+00  0.00000000E+00
-1.65635119E+01  1.47900000E-02  1.39400000E-02  2.49700000E-03  2.43000000E-03  4.04900000E-11  4.26300000E-11  3.73700000E-03  3.69100000E-03  0.00000000E+00  0.00000000E+00  0.00000000E+00  0.00000000E+00  0.00000000E+00  0.00000000E+00  0.00000000E+00  0.00000000E+00  0.00000000E+00  0.00000000E+00
-1.65455119E+01  1.58300000E-02  1.98600000E-02  2.58400000E-03  2.90600000E-03  4.88900000E-11  6.85100000E-11  4.09800000E-03  4.65300000E-03  0.00000000E+00  0.00000000E+00  0.00000000E+00  0.00000000E+00  0.00000000E+00  0.00000000E+00  0.00000000E+00  0.00000000E+00  0.00000000E+00  0.00000000E+00
-1.65285119E+01  2.44300000E-02  3.25700000E-02  3.25400000E-03  3.95600000E-03  8.11900000E-11  1.15600000E-10  5.38000000E-03  6.50400000E-03  0.00000000E+00  0.00000000E+00  0.00000000E+00  0.00000000E+00  0.00000000E+00  0.00000000E+00  0.00000000E+00  0.00000000E+00  0.00000000E+00  0.00000000E+00
-1.65105119E+01  3.87400000E-02  4.72500000E-02  4.48600000E-03  5.33600000E-03  1.30900000E-10  1.66000000E-10  7.41000000E-03  8.57000000E-03  0.00000000E+00  0.00000000E+00  0.00000000E+00  0.00000000E+00  0.00000000E+00  0.00000000E+00  0.00000000E+00  0.00000000E+00  0.00000000E+00  0.00000000E+00
-1.64935119E+01  5.25300000E-02  5.63200000E-02  5.88200000E-03  6.45900000E-03  1.76500000E-10  1.93900000E-10  9.30300000E-03  9.72800000E-03  0.00000000E+00  0.00000000E+00  0.00000000E+00  0.00000000E+00  0.00000000E+00  0.00000000E+00  0.00000000E+00  0.00000000E+00  0.00000000E+00  0.00000000E+00
-1.64755119E+01  5.81400000E-02  5.47600000E-02  6.76200000E-03  6.78700000E-03  1.92900000E-10  1.85500000E-10  9.93000000E-03  9.30500000E-03  0.00000000E+00  0.00000000E+00  0.00000000E+00  0.00000000E+00  0.00000000E+00  0.00000000E+00  0.00000000E+00  0.00000000E+00  0.00000000E+00  0.00000000E+00
-1.64585119E+01  5.26100000E-02  4.44200000E-02  6.75200000E-03  6.38400000E-03  1.73700000E-10  1.51500000E-10  8.94000000E-03  7.72700000E-03  0.00000000E+00  0.00000000E+00  0.00000000E+00  0.00000000E+00  0.00000000E+00  0.00000000E+00  0.00000000E+00  0.00000000E+00  0.00000000E+00  0.00000000E+00
-1.64415119E+01  4.04300000E-02  3.21500000E-02  6.22100000E-03  5.91100000E-03  1.37100000E-10  1.16600000E-10  7.11800000E-03  6.01900000E-03  0.00000000E+00  0.00000000E+00  0.00000000E+00  0.00000000E+00  0.00000000E+00  0.00000000E+00  0.00000000E+00  0.00000000E+00  0.00000000E+00  0.00000000E+00
-1.64235119E+01  2.92800000E-02  2.37800000E-02  5.93300000E-03  5.98800000E-03  1.08300000E-10  9.73700000E-11  5.54100000E-03  4.82700000E-03  0.00000000E+00  0.00000000E+00  0.00000000E+00  0.00000000E+00  0.00000000E+00  0.00000000E+00  0.00000000E+00  0.00000000E+00  0.00000000E+00  0.00000000E+00
-1.64065119E+01  2.35100000E-02  2.04800000E-02  6.28700000E-03  6.60700000E-03  9.77100000E-11  9.28600000E-11  4.61600000E-03  4.09200000E-03  0.00000000E+00  0.00000000E+00  0.00000000E+00  0.00000000E+00  0.00000000E+00  0.00000000E+00  0.00000000E+00  0.00000000E+00  0.00000000E+00  0.00000000E+00
-1.63885119E+01  2.20400000E-02  1.96800000E-02  6.95300000E-03  7.17700000E-03  9.74000000E-11  9.18900000E-11  4.04700000E-03  3.46100000E-03  0.00000000E+00  0.00000000E+00  0.00000000E+00  0.00000000E+00  0.00000000E+00  0.00000000E+00  0.00000000E+00  0.00000000E+00  0.00000000E+00  0.00000000E+00
-1.63715119E+01  2.12300000E-02  1.83600000E-02  7.23800000E-03  7.11600000E-03  9.40000000E-11  8.48000000E-11  3.42700000E-03  2.73100000E-03  0.00000000E+00  0.00000000E+00  0.00000000E+00  0.00000000E+00  0.00000000E+00  0.00000000E+00  0.00000000E+00  0.00000000E+00  0.00000000E+00  0.00000000E+00
-1.63545119E+01  1.87200000E-02  1.56000000E-02  6.80000000E-03  6.47200000E-03  8.16900000E-11  7.12300000E-11  2.64800000E-03  1.96900000E-03  0.00000000E+00  0.00000000E+00  0.00000000E+00  0.00000000E+00  0.00000000E+00  0.00000000E+00  0.00000000E+00  0.00000000E+00  0.00000000E+00  0.00000000E+00
-1.63365119E+01  1.51000000E-02  1.28300000E-02  6.04200000E-03  5.92100000E-03  6.58500000E-11  5.90300000E-11  1.87900000E-03  1.38500000E-03  0.00000000E+00  0.00000000E+00  0.00000000E+00  0.00000000E+00  0.00000000E+00  0.00000000E+00  0.00000000E+00  0.00000000E+00  0.00000000E+00  0.00000000E+00
-1.63195119E+01  1.25100000E-02  1.17200000E-02  5.73600000E-03  6.05400000E-03  5.59600000E-11  5.50700000E-11  1.36100000E-03  1.15800000E-03  0.00000000E+00  0.00000000E+00  0.00000000E+00  0.00000000E+00  0.00000000E+00  0.00000000E+00  0.00000000E+00  0.00000000E+00  0.00000000E+00  0.00000000E+00
-1.63015119E+01  1.21200000E-02  1.23700000E-02  6.19300000E-03  6.70800000E-03  5.55500000E-11  5.78500000E-11  1.22900000E-03  1.31100000E-03  0.00000000E+00  0.00000000E+00  0.00000000E+00  0.00000000E+00  0.00000000E+00  0.00000000E+00  0.00000000E+00  0.00000000E+00  0.00000000E+00  0.00000000E+00
-1.62845119E+01  1.32200000E-02  1.36600000E-02  6.92300000E-03  7.17400000E-03  5.95100000E-11  6.06900000E-11  1.45400000E-03  1.72500000E-03  0.00000000E+00  0.00000000E+00  0.00000000E+00  0.00000000E+00  0.00000000E+00  0.00000000E+00  0.00000000E+00  0.00000000E+00  0.00000000E+00  0.00000000E+00
-1.62665119E+01  1.46900000E-02  1.51900000E-02  7.24700000E-03  7.07900000E-03  6.18300000E-11  6.17900000E-11  1.90000000E-03  2.24800000E-03  0.00000000E+00  0.00000000E+00  0.00000000E+00  0.00000000E+00  0.00000000E+00  0.00000000E+00  0.00000000E+00  0.00000000E+00  0.00000000E+00  0.00000000E+00
-1.62495119E+01  1.67600000E-02  1.79900000E-02  7.11100000E-03  6.81500000E-03  6.43600000E-11  6.77100000E-11  2.43400000E-03  2.78900000E-03  0.00000000E+00  0.00000000E+00  0.00000000E+00  0.00000000E+00  0.00000000E+00  0.00000000E+00  0.00000000E+00  0.00000000E+00  0.00000000E+00  0.00000000E+00
-1.62325119E+01  2.06400000E-02  2.29100000E-02  7.05800000E-03  6.97300000E-03  7.48800000E-11  8.48200000E-11  2.99600000E-03  3.33500000E-03  0.00000000E+00  0.00000000E+00  0.00000000E+00  0.00000000E+00  0.00000000E+00  0.00000000E+00  0.00000000E+00  0.00000000E+00  0.00000000E+00  0.00000000E+00
-1.62145119E+01  2.64000000E-02  2.87400000E-02  7.44500000E-03  7.59000000E-03  9.62300000E-11  1.09100000E-10  3.58400000E-03  3.88700000E-03  0.00000000E+00  0.00000000E+00  0.00000000E+00  0.00000000E+00  0.00000000E+00  0.00000000E+00  0.00000000E+00  0.00000000E+00  0.00000000E+00  0.00000000E+00
-1.61975119E+01  3.19400000E-02  3.28700000E-02  8.03500000E-03  8.23900000E-03  1.20600000E-10  1.28800000E-10  4.19400000E-03  4.45200000E-03  0.00000000E+00  0.00000000E+00  0.00000000E+00  0.00000000E+00  0.00000000E+00  0.00000000E+00  0.00000000E+00  0.00000000E+00  0.00000000E+00  0.00000000E+00
-1.61795119E+01  3.51000000E-02  3.43400000E-02  8.50600000E-03  8.77400000E-03  1.37600000E-10  1.38200000E-10  4.84100000E-03  5.15300000E-03  0.00000000E+00  0.00000000E+00  0.00000000E+00  0.00000000E+00  0.00000000E+00  0.00000000E+00  0.00000000E+00  0.00000000E+00  0.00000000E+00  0.00000000E+00
-1.61625119E+01  3.61300000E-02  3.50800000E-02  9.02800000E-03  9.52500000E-03  1.46000000E-10  1.43000000E-10  5.64600000E-03  6.19100000E-03  0.00000000E+00  0.00000000E+00  0.00000000E+00  0.00000000E+00  0.00000000E+00  0.00000000E+00  0.00000000E+00  0.00000000E+00  0.00000000E+00  0.00000000E+00
-1.61455119E+01  3.70400000E-02  3.71800000E-02  9.92900000E-03  1.05700000E-02  1.51700000E-10  1.49600000E-10  6.72500000E-03  7.53200000E-03  0.00000000E+00  0.00000000E+00  0.00000000E+00  0.00000000E+00  0.00000000E+00  0.00000000E+00  0.00000000E+00  0.00000000E+00  0.00000000E+00  0.00000000E+00
-1.61275119E+01  3.86900000E-02  4.02300000E-02  1.09200000E-02  1.12700000E-02  1.55800000E-10  1.54300000E-10  7.93000000E-03  8.76600000E-03  0.00000000E+00  0.00000000E+00  0.00000000E+00  0.00000000E+00  0.00000000E+00  0.00000000E+00  0.00000000E+00  0.00000000E+00  0.00000000E+00  0.00000000E+00
-1.61105119E+01  4.00700000E-02  4.24400000E-02  1.12500000E-02  1.10200000E-02  1.53100000E-10  1.50200000E-10  8.89000000E-03  9.48600000E-03  0.00000000E+00  0.00000000E+00  0.00000000E+00  0.00000000E+00  0.00000000E+00  0.00000000E+00  0.00000000E+00  0.00000000E+00  0.00000000E+00  0.00000000E+00
-1.60925119E+01  4.05000000E-02  4.31400000E-02  1.07000000E-02  1.01600000E-02  1.42400000E-10  1.39100000E-10  9.40600000E-03  9.68700000E-03  0.00000000E+00  0.00000000E+00  0.00000000E+00  0.00000000E+00  0.00000000E+00  0.00000000E+00  0.00000000E+00  0.00000000E+00  0.00000000E+00  0.00000000E+00
-1.60755119E+01  4.05100000E-02  4.29000000E-02  9.97000000E-03  9.57500000E-03  1.31100000E-10  1.29100000E-10  9.57700000E-03  9.56600000E-03  0.00000000E+00  0.00000000E+00  0.00000000E+00  0.00000000E+00  0.00000000E+00  0.00000000E+00  0.00000000E+00  0.00000000E+00  0.00000000E+00  0.00000000E+00
-1.60575119E+01  4.05400000E-02  4.21000000E-02  9.77300000E-03  9.57800000E-03  1.25200000E-10  1.23000000E-10  9.46800000E-03  9.13100000E-03  0.00000000E+00  0.00000000E+00  0.00000000E+00  0.00000000E+00  0.00000000E+00  0.00000000E+00  0.00000000E+00  0.00000000E+00  0.00000000E+00  0.00000000E+00
-1.60405119E+01  4.00900000E-02  4.06000000E-02  9.90100000E-03  9.57300000E-03  1.20900000E-10  1.14600000E-10  8.91500000E-03  8.23900000E-03  0.00000000E+00  0.00000000E+00  0.00000000E+00  0.00000000E+00  0.00000000E+00  0.00000000E+00  0.00000000E+00  0.00000000E+00  0.00000000E+00  0.00000000E+00
-1.60235119E+01  3.85200000E-02  3.84200000E-02  9.52300000E-03  8.83500000E-03  1.09800000E-10  9.83200000E-11  7.78200000E-03  6.91100000E-03  0.00000000E+00  0.00000000E+00  0.00000000E+00  0.00000000E+00  0.00000000E+00  0.00000000E+00  0.00000000E+00  0.00000000E+00  0.00000000E+00  0.00000000E+00
-1.60055119E+01  3.60600000E-02  3.62200000E-02  8.21900000E-03  7.37600000E-03  8.92300000E-11  7.58500000E-11  6.25400000E-03  5.45700000E-03  0.00000000E+00  0.00000000E+00  0.00000000E+00  0.00000000E+00  0.00000000E+00  0.00000000E+00  0.00000000E+00  0.00000000E+00  0.00000000E+00  0.00000000E+00
-1.59885119E+01  3.38600000E-02  3.52700000E-02  6.46800000E-03  5.89800000E-03  6.50200000E-11  5.45800000E-11  4.78700000E-03  4.30700000E-03  0.00000000E+00  0.00000000E+00  0.00000000E+00  0.00000000E+00  0.00000000E+00  0.00000000E+00  0.00000000E+00  0.00000000E+00  0.00000000E+00  0.00000000E+00
-1.59705119E+01  3.37300000E-02  3.71100000E-02  5.13400000E-03  5.04100000E-03  4.54200000E-11  4.02500000E-11  3.82000000E-03  3.74700000E-03  0.00000000E+00  0.00000000E+00  0.00000000E+00  0.00000000E+00  0.00000000E+00  0.00000000E+00  0.00000000E+00  0.00000000E+00  0.00000000E+00  0.00000000E+00
-1.59535119E+01  3.73400000E-02  4.25800000E-02  4.64400000E-03  4.82300000E-03  3.42500000E-11  3.32400000E-11  3.53500000E-03  3.76900000E-03  0.00000000E+00  0.00000000E+00  0.00000000E+00  0.00000000E+00  0.00000000E+00  0.00000000E+00  0.00000000E+00  0.00000000E+00  0.00000000E+00  0.00000000E+00
-1.59355119E+01  4.50700000E-02  5.11600000E-02  4.74100000E-03  4.81800000E-03  2.98800000E-11  3.04500000E-11  3.79900000E-03  4.13900000E-03  0.00000000E+00  0.00000000E+00  0.00000000E+00  0.00000000E+00  0.00000000E+00  0.00000000E+00  0.00000000E+00  0.00000000E+00  0.00000000E+00  0.00000000E+00
-1.59185119E+01  5.54700000E-02  6.12100000E-02  4.91300000E-03  4.73500000E-03  2.87000000E-11  2.93300000E-11  4.30300000E-03  4.59700000E-03  0.00000000E+00  0.00000000E+00  0.00000000E+00  0.00000000E+00  0.00000000E+00  0.00000000E+00  0.00000000E+00  0.00000000E+00  0.00000000E+00  0.00000000E+00
-1.59015119E+01  6.58700000E-02  7.02100000E-02  4.93700000E-03  4.64800000E-03  2.86200000E-11  2.92600000E-11  4.76300000E-03  4.97100000E-03  0.00000000E+00  0.00000000E+00  0.00000000E+00  0.00000000E+00  0.00000000E+00  0.00000000E+00  0.00000000E+00  0.00000000E+00  0.00000000E+00  0.00000000E+00
-1.58835119E+01  7.31200000E-02  7.50200000E-02  4.91500000E-03  4.69900000E-03  2.90600000E-11  2.97700000E-11  5.02300000E-03  5.17400000E-03  0.00000000E+00  0.00000000E+00  0.00000000E+00  0.00000000E+00  0.00000000E+00  0.00000000E+00  0.00000000E+00  0.00000000E+00  0.00000000E+00  0.00000000E+00
-1.58665119E+01  7.43500000E-02  7.35100000E-02  4.92300000E-03  4.82100000E-03  2.92100000E-11  2.94000000E-11  5.04600000E-03  5.22400000E-03  0.00000000E+00  0.00000000E+00  0.00000000E+00  0.00000000E+00  0.00000000E+00  0.00000000E+00  0.00000000E+00  0.00000000E+00  0.00000000E+00  0.00000000E+00
-1.58485119E+01  6.90000000E-02  6.66200000E-02  4.88700000E-03  4.87600000E-03  2.79200000E-11  2.72600000E-11  4.94300000E-03  5.25300000E-03  0.00000000E+00  0.00000000E+00  0.00000000E+00  0.00000000E+00  0.00000000E+00  0.00000000E+00  0.00000000E+00  0.00000000E+00  0.00000000E+00  0.00000000E+00
-1.58315119E+01  5.99600000E-02  5.75600000E-02  4.76900000E-03  4.84400000E-03  2.52600000E-11  2.41400000E-11  4.92200000E-03  5.33800000E-03  0.00000000E+00  0.00000000E+00  0.00000000E+00  0.00000000E+00  0.00000000E+00  0.00000000E+00  0.00000000E+00  0.00000000E+00  0.00000000E+00  0.00000000E+00
-1.58145119E+01  5.09900000E-02  4.83900000E-02  4.64100000E-03  4.74300000E-03  2.26700000E-11  2.13500000E-11  5.03400000E-03  5.29800000E-03  0.00000000E+00  0.00000000E+00  0.00000000E+00  0.00000000E+00  0.00000000E+00  0.00000000E+00  0.00000000E+00  0.00000000E+00  0.00000000E+00  0.00000000E+00
-1.57965119E+01  4.31100000E-02  3.88700000E-02  4.50900000E-03  4.49600000E-03  2.11100000E-11  1.92600000E-11  5.01700000E-03  4.83200000E-03  0.00000000E+00  0.00000000E+00  0.00000000E+00  0.00000000E+00  0.00000000E+00  0.00000000E+00  0.00000000E+00  0.00000000E+00  0.00000000E+00  0.00000000E+00
-1.57795119E+01  3.49300000E-02  2.87700000E-02  4.28300000E-03  4.06000000E-03  2.03500000E-11  1.77700000E-11  4.54200000E-03  3.88300000E-03  0.00000000E+00  0.00000000E+00  0.00000000E+00  0.00000000E+00  0.00000000E+00  0.00000000E+00  0.00000000E+00  0.00000000E+00  0.00000000E+00  0.00000000E+00
-1.57615119E+01  2.60200000E-02  1.98100000E-02  4.00200000E-03  3.68800000E-03  2.05900000E-11  1.82600000E-11  3.60800000E-03  2.77200000E-03  0.00000000E+00  0.00000000E+00  0.00000000E+00  0.00000000E+00  0.00000000E+00  0.00000000E+00  0.00000000E+00  0.00000000E+00  0.00000000E+00  0.00000000E+00
-1.57445119E+01  1.83800000E-02  1.47500000E-02  4.05300000E-03  3.98700000E-03  2.43400000E-11  2.43700000E-11  2.59300000E-03  1.96700000E-03  0.00000000E+00  0.00000000E+00  0.00000000E+00  0.00000000E+00  0.00000000E+00  0.00000000E+00  0.00000000E+00  0.00000000E+00  0.00000000E+00  0.00000000E+00
-1.57265119E+01  1.49000000E-02  1.54100000E-02  5.05200000E-03  5.55100000E-03  3.57800000E-11  3.97500000E-11  1.97400000E-03  1.81100000E-03  0.00000000E+00  0.00000000E+00  0.00000000E+00  0.00000000E+00  0.00000000E+00  0.00000000E+00  0.00000000E+00  0.00000000E+00  0.00000000E+00  0.00000000E+00
-1.57095119E+01  1.70700000E-02  2.13700000E-02  7.29600000E-03  8.31100000E-03  5.64700000E-11  6.33100000E-11  2.05300000E-03  2.40200000E-03  0.00000000E+00  0.00000000E+00  0.00000000E+00  0.00000000E+00  0.00000000E+00  0.00000000E+00  0.00000000E+00  0.00000000E+00  0.00000000E+00  0.00000000E+00
-1.56925119E+01  2.39600000E-02  2.99700000E-02  1.01900000E-02  1.12300000E-02  8.08400000E-11  8.69800000E-11  2.84800000E-03  3.59400000E-03  0.00000000E+00  0.00000000E+00  0.00000000E+00  0.00000000E+00  0.00000000E+00  0.00000000E+00  0.00000000E+00  0.00000000E+00  0.00000000E+00  0.00000000E+00
-1.56745119E+01  3.26500000E-02  3.79600000E-02  1.24200000E-02  1.29500000E-02  9.80800000E-11  1.00900000E-10  4.13600000E-03  5.13000000E-03  0.00000000E+00  0.00000000E+00  0.00000000E+00  0.00000000E+00  0.00000000E+00  0.00000000E+00  0.00000000E+00  0.00000000E+00  0.00000000E+00  0.00000000E+00
-1.56575119E+01  4.00200000E-02  4.37400000E-02  1.29500000E-02  1.28300000E-02  1.01300000E-10  1.01700000E-10  5.61800000E-03  6.75100000E-03  0.00000000E+00  0.00000000E+00  0.00000000E+00  0.00000000E+00  0.00000000E+00  0.00000000E+00  0.00000000E+00  0.00000000E+00  0.00000000E+00  0.00000000E+00
-1.56395119E+01  4.47600000E-02  4.81300000E-02  1.17900000E-02  1.13300000E-02  9.36300000E-11  9.46600000E-11  7.06100000E-03  8.20800000E-03  0.00000000E+00  0.00000000E+00  0.00000000E+00  0.00000000E+00  0.00000000E+00  0.00000000E+00  0.00000000E+00  0.00000000E+00  0.00000000E+00  0.00000000E+00
-1.56225119E+01  4.82000000E-02  5.36400000E-02  9.79800000E-03  9.42800000E-03  8.42500000E-11  8.78600000E-11  8.31400000E-03  9.33200000E-03  0.00000000E+00  0.00000000E+00  0.00000000E+00  0.00000000E+00  0.00000000E+00  0.00000000E+00  0.00000000E+00  0.00000000E+00  0.00000000E+00  0.00000000E+00
-1.56045119E+01  5.37000000E-02  6.35100000E-02  7.98700000E-03  8.07100000E-03  8.01900000E-11  8.73800000E-11  9.38000000E-03  1.03300000E-02  0.00000000E+00  0.00000000E+00  0.00000000E+00  0.00000000E+00  0.00000000E+00  0.00000000E+00  0.00000000E+00  0.00000000E+00  0.00000000E+00  0.00000000E+00
-1.55875119E+01  6.49700000E-02  7.93900000E-02  7.10700000E-03  7.82000000E-03  8.45500000E-11  9.65600000E-11  1.06100000E-02  1.18000000E-02  0.00000000E+00  0.00000000E+00  0.00000000E+00  0.00000000E+00  0.00000000E+00  0.00000000E+00  0.00000000E+00  0.00000000E+00  0.00000000E+00  0.00000000E+00
-1.55705119E+01  8.27500000E-02  9.82400000E-02  7.47400000E-03  8.65100000E-03  9.80600000E-11  1.14300000E-10  1.25000000E-02  1.40500000E-02  0.00000000E+00  0.00000000E+00  0.00000000E+00  0.00000000E+00  0.00000000E+00  0.00000000E+00  0.00000000E+00  0.00000000E+00  0.00000000E+00  0.00000000E+00
-1.55525119E+01  1.02100000E-01  1.12700000E-01  8.81200000E-03  9.99900000E-03  1.17800000E-10  1.34100000E-10  1.50300000E-02  1.64700000E-02  0.00000000E+00  0.00000000E+00  0.00000000E+00  0.00000000E+00  0.00000000E+00  0.00000000E+00  0.00000000E+00  0.00000000E+00  0.00000000E+00  0.00000000E+00
-1.55355119E+01  1.14800000E-01  1.16900000E-01  1.04400000E-02  1.12400000E-02  1.37300000E-10  1.49200000E-10  1.73300000E-02  1.79400000E-02  0.00000000E+00  0.00000000E+00  0.00000000E+00  0.00000000E+00  0.00000000E+00  0.00000000E+00  0.00000000E+00  0.00000000E+00  0.00000000E+00  0.00000000E+00
-1.55175119E+01  1.16400000E-01  1.10800000E-01  1.17900000E-02  1.21400000E-02  1.51600000E-10  1.58400000E-10  1.83600000E-02  1.78500000E-02  0.00000000E+00  0.00000000E+00  0.00000000E+00  0.00000000E+00  0.00000000E+00  0.00000000E+00  0.00000000E+00  0.00000000E+00  0.00000000E+00  0.00000000E+00
-1.55005119E+01  1.08500000E-01  9.82600000E-02  1.27100000E-02  1.27100000E-02  1.60000000E-10  1.61700000E-10  1.78600000E-02  1.64600000E-02  0.00000000E+00  0.00000000E+00  0.00000000E+00  0.00000000E+00  0.00000000E+00  0.00000000E+00  0.00000000E+00  0.00000000E+00  0.00000000E+00  0.00000000E+00
-1.54835119E+01  9.56000000E-02  8.31700000E-02  1.31800000E-02  1.28900000E-02  1.60600000E-10  1.54500000E-10  1.61900000E-02  1.43100000E-02  0.00000000E+00  0.00000000E+00  0.00000000E+00  0.00000000E+00  0.00000000E+00  0.00000000E+00  0.00000000E+00  0.00000000E+00  0.00000000E+00  0.00000000E+00
-1.54655119E+01  8.04400000E-02  6.78800000E-02  1.31000000E-02  1.25400000E-02  1.46900000E-10  1.30800000E-10  1.38500000E-02  1.17900000E-02  0.00000000E+00  0.00000000E+00  0.00000000E+00  0.00000000E+00  0.00000000E+00  0.00000000E+00  0.00000000E+00  0.00000000E+00  0.00000000E+00  0.00000000E+00
-1.54485119E+01  6.49100000E-02  5.40200000E-02  1.24200000E-02  1.16600000E-02  1.16300000E-10  9.40800000E-11  1.11800000E-02  9.24700000E-03  0.00000000E+00  0.00000000E+00  0.00000000E+00  0.00000000E+00  0.00000000E+00  0.00000000E+00  0.00000000E+00  0.00000000E+00  0.00000000E+00  0.00000000E+00
-1.54305119E+01  5.07300000E-02  4.23300000E-02  1.12400000E-02  1.03200000E-02  7.76300000E-11  5.73800000E-11  8.57300000E-03  6.94900000E-03  0.00000000E+00  0.00000000E+00  0.00000000E+00  0.00000000E+00  0.00000000E+00  0.00000000E+00  0.00000000E+00  0.00000000E+00  0.00000000E+00  0.00000000E+00
-1.54135119E+01  3.89200000E-02  3.28500000E-02  9.67000000E-03  8.63400000E-03  4.51200000E-11  3.32500000E-11  6.31000000E-03  5.06100000E-03  0.00000000E+00  0.00000000E+00  0.00000000E+00  0.00000000E+00  0.00000000E+00  0.00000000E+00  0.00000000E+00  0.00000000E+00  0.00000000E+00  0.00000000E+00
-1.53955119E+01  2.99300000E-02  2.60500000E-02  7.91700000E-03  6.96200000E-03  2.81600000E-11  2.57000000E-11  4.53900000E-03  3.67400000E-03  0.00000000E+00  0.00000000E+00  0.00000000E+00  0.00000000E+00  0.00000000E+00  0.00000000E+00  0.00000000E+00  0.00000000E+00  0.00000000E+00  0.00000000E+00
-1.53785119E+01  2.44500000E-02  2.27300000E-02  6.42100000E-03  5.79000000E-03  2.68800000E-11  3.07000000E-11  3.34100000E-03  2.85400000E-03  0.00000000E+00  0.00000000E+00  0.00000000E+00  0.00000000E+00  0.00000000E+00  0.00000000E+00  0.00000000E+00  0.00000000E+00  0.00000000E+00  0.00000000E+00
-1.53615119E+01  2.25500000E-02  2.20800000E-02  5.54900000E-03  5.23700000E-03  3.46900000E-11  3.97400000E-11  2.71300000E-03  2.49500000E-03  0.00000000E+00  0.00000000E+00  0.00000000E+00  0.00000000E+00  0.00000000E+00  0.00000000E+00  0.00000000E+00  0.00000000E+00  0.00000000E+00  0.00000000E+00
-1.53435119E+01  2.22200000E-02  2.13700000E-02  5.13500000E-03  4.87000000E-03  4.23000000E-11  4.40400000E-11  2.43400000E-03  2.28600000E-03  0.00000000E+00  0.00000000E+00  0.00000000E+00  0.00000000E+00  0.00000000E+00  0.00000000E+00  0.00000000E+00  0.00000000E+00  0.00000000E+00  0.00000000E+00
-1.53265119E+01  2.05700000E-02  1.84700000E-02  4.67800000E-03  4.29600000E-03  4.25600000E-11  3.95400000E-11  2.17600000E-03  1.97400000E-03  0.00000000E+00  0.00000000E+00  0.00000000E+00  0.00000000E+00  0.00000000E+00  0.00000000E+00  0.00000000E+00  0.00000000E+00  0.00000000E+00  0.00000000E+00
-1.53085119E+01  1.66900000E-02  1.40400000E-02  4.02800000E-03  3.69300000E-03  3.47000000E-11  2.91400000E-11  1.81000000E-03  1.60800000E-03  0.00000000E+00  0.00000000E+00  0.00000000E+00  0.00000000E+00  0.00000000E+00  0.00000000E+00  0.00000000E+00  0.00000000E+00  0.00000000E+00  0.00000000E+00
-1.52915119E+01  1.23500000E-02  1.04600000E-02  3.59500000E-03  3.57800000E-03  2.38800000E-11  1.92200000E-11  1.49500000E-03  1.43400000E-03  0.00000000E+00  0.00000000E+00  0.00000000E+00  0.00000000E+00  0.00000000E+00  0.00000000E+00  0.00000000E+00  0.00000000E+00  0.00000000E+00  0.00000000E+00
-1.52745119E+01  9.81500000E-03  9.32600000E-03  3.79200000E-03  4.12300000E-03  1.59500000E-11  1.42300000E-11  1.43900000E-03  1.61000000E-03  0.00000000E+00  0.00000000E+00  0.00000000E+00  0.00000000E+00  0.00000000E+00  0.00000000E+00  0.00000000E+00  0.00000000E+00  0.00000000E+00  0.00000000E+00
-1.52565119E+01  9.81200000E-03  1.06100000E-02  4.50600000E-03  4.94900000E-03  1.34000000E-11  1.49700000E-11  1.67900000E-03  2.12800000E-03  0.00000000E+00  0.00000000E+00  0.00000000E+00  0.00000000E+00  0.00000000E+00  0.00000000E+00  0.00000000E+00  0.00000000E+00  0.00000000E+00  0.00000000E+00
-1.52395119E+01  1.20300000E-02  1.40200000E-02  5.25500000E-03  5.59000000E-03  1.59900000E-11  2.06100000E-11  2.15800000E-03  2.91700000E-03  0.00000000E+00  0.00000000E+00  0.00000000E+00  0.00000000E+00  0.00000000E+00  0.00000000E+00  0.00000000E+00  0.00000000E+00  0.00000000E+00  0.00000000E+00
-1.52215119E+01  1.66500000E-02  1.99700000E-02  5.77800000E-03  6.00800000E-03  2.31800000E-11  3.01500000E-11  2.89100000E-03  3.88100000E-03  0.00000000E+00  0.00000000E+00  0.00000000E+00  0.00000000E+00  0.00000000E+00  0.00000000E+00  0.00000000E+00  0.00000000E+00  0.00000000E+00  0.00000000E+00
-1.52045119E+01  2.43200000E-02  2.86100000E-02  6.26900000E-03  6.52400000E-03  3.42200000E-11  4.15700000E-11  3.88200000E-03  4.76700000E-03  0.00000000E+00  0.00000000E+00  0.00000000E+00  0.00000000E+00  0.00000000E+00  0.00000000E+00  0.00000000E+00  0.00000000E+00  0.00000000E+00  0.00000000E+00
-1.51865119E+01  3.42000000E-02  3.81600000E-02  6.98100000E-03  7.29000000E-03  4.63800000E-11  5.14400000E-11  4.88800000E-03  5.21700000E-03  0.00000000E+00  0.00000000E+00  0.00000000E+00  0.00000000E+00  0.00000000E+00  0.00000000E+00  0.00000000E+00  0.00000000E+00  0.00000000E+00  0.00000000E+00
-1.51695119E+01  4.33000000E-02  4.56100000E-02  7.79700000E-03  8.05800000E-03  5.55700000E-11  5.74100000E-11  5.47400000E-03  5.10900000E-03  0.00000000E+00  0.00000000E+00  0.00000000E+00  0.00000000E+00  0.00000000E+00  0.00000000E+00  0.00000000E+00  0.00000000E+00  0.00000000E+00  0.00000000E+00
-1.51525119E+01  4.89100000E-02  4.96400000E-02  8.37300000E-03  8.52000000E-03  6.03800000E-11  6.12400000E-11  5.47400000E-03  4.77300000E-03  0.00000000E+00  0.00000000E+00  0.00000000E+00  0.00000000E+00  0.00000000E+00  0.00000000E+00  0.00000000E+00  0.00000000E+00  0.00000000E+00  0.00000000E+00
-1.51345119E+01  5.16600000E-02  5.22400000E-02  8.61800000E-03  8.70200000E-03  6.45200000E-11  6.79000000E-11  5.23200000E-03  4.71200000E-03  0.00000000E+00  0.00000000E+00  0.00000000E+00  0.00000000E+00  0.00000000E+00  0.00000000E+00  0.00000000E+00  0.00000000E+00  0.00000000E+00  0.00000000E+00
-1.51175119E+01  5.51500000E-02  5.70400000E-02  8.76800000E-03  8.83100000E-03  7.38800000E-11  8.15800000E-11  5.25400000E-03  5.16300000E-03  0.00000000E+00  0.00000000E+00  0.00000000E+00  0.00000000E+00  0.00000000E+00  0.00000000E+00  0.00000000E+00  0.00000000E+00  0.00000000E+00  0.00000000E+00
-1.50995119E+01  6.28600000E-02  6.68200000E-02  9.00600000E-03  9.01500000E-03  9.21300000E-11  1.04100000E-10  5.77400000E-03  6.10300000E-03  0.00000000E+00  0.00000000E+00  0.00000000E+00  0.00000000E+00  0.00000000E+00  0.00000000E+00  0.00000000E+00  0.00000000E+00  0.00000000E+00  0.00000000E+00
-1.50825119E+01  7.62900000E-02  8.26400000E-02  9.30200000E-03  9.27300000E-03  1.19900000E-10  1.35900000E-10  6.81800000E-03  7.61200000E-03  0.00000000E+00  0.00000000E+00  0.00000000E+00  0.00000000E+00  0.00000000E+00  0.00000000E+00  0.00000000E+00  0.00000000E+00  0.00000000E+00  0.00000000E+00
-1.50645119E+01  9.43700000E-02  1.02500000E-01  9.61000000E-03  9.65500000E-03  1.54900000E-10  1.73800000E-10  8.48300000E-03  9.92300000E-03  0.00000000E+00  0.00000000E+00  0.00000000E+00  0.00000000E+00  0.00000000E+00  0.00000000E+00  0.00000000E+00  0.00000000E+00  0.00000000E+00  0.00000000E+00
-1.50475119E+01  1.12600000E-01  1.20400000E-01  9.91700000E-03  1.01000000E-02  1.89600000E-10  2.07500000E-10  1.08400000E-02  1.29000000E-02  0.00000000E+00  0.00000000E+00  0.00000000E+00  0.00000000E+00  0.00000000E+00  0.00000000E+00  0.00000000E+00  0.00000000E+00  0.00000000E+00  0.00000000E+00
-1.50305119E+01  1.24400000E-01  1.28600000E-01  1.01100000E-02  1.03000000E-02  2.11700000E-10  2.21900000E-10  1.35500000E-02  1.56100000E-02  0.00000000E+00  0.00000000E+00  0.00000000E+00  0.00000000E+00  0.00000000E+00  0.00000000E+00  0.00000000E+00  0.00000000E+00  0.00000000E+00  0.00000000E+00
-1.50125119E+01  1.25400000E-01  1.23900000E-01  9.98800000E-03  9.95700000E-03  2.10900000E-10  2.07500000E-10  1.57100000E-02  1.66900000E-02  0.00000000E+00  0.00000000E+00  0.00000000E+00  0.00000000E+00  0.00000000E+00  0.00000000E+00  0.00000000E+00  0.00000000E+00  0.00000000E+00  0.00000000E+00
-1.49955119E+01  1.15900000E-01  1.08400000E-01  9.39400000E-03  8.98700000E-03  1.85300000E-10  1.68000000E-10  1.61900000E-02  1.53300000E-02  0.00000000E+00  0.00000000E+00  0.00000000E+00  0.00000000E+00  0.00000000E+00  0.00000000E+00  0.00000000E+00  0.00000000E+00  0.00000000E+00  0.00000000E+00
-1.49775119E+01  9.84000000E-02  8.70400000E-02  8.32900000E-03  7.64000000E-03  1.42700000E-10  1.18100000E-10  1.43800000E-02  1.19800000E-02  0.00000000E+00  0.00000000E+00  0.00000000E+00  0.00000000E+00  0.00000000E+00  0.00000000E+00  0.00000000E+00  0.00000000E+00  0.00000000E+00  0.00000000E+00
-1.49605119E+01  7.71100000E-02  6.57300000E-02  7.09100000E-03  6.50800000E-03  9.70100000E-11  7.50600000E-11  1.09100000E-02  8.18100000E-03  0.00000000E+00  0.00000000E+00  0.00000000E+00  0.00000000E+00  0.00000000E+00  0.00000000E+00  0.00000000E+00  0.00000000E+00  0.00000000E+00  0.00000000E+00
-1.49435119E+01  5.80500000E-02  5.08800000E-02  6.35700000E-03  6.39100000E-03  6.24300000E-11  5.05700000E-11  7.32600000E-03  5.47300000E-03  0.00000000E+00  0.00000000E+00  0.00000000E+00  0.00000000E+00  0.00000000E+00  0.00000000E+00  0.00000000E+00  0.00000000E+00  0.00000000E+00  0.00000000E+00
-1.49255119E+01  4.82900000E-02  4.76400000E-02  6.89800000E-03  7.82400000E-03  4.70100000E-11  4.66300000E-11  5.06300000E-03  4.61600000E-03  0.00000000E+00  0.00000000E+00  0.00000000E+00  0.00000000E+00  0.00000000E+00  0.00000000E+00  0.00000000E+00  0.00000000E+00  0.00000000E+00  0.00000000E+00
-1.49085119E+01  5.12900000E-02  5.60100000E-02  8.91900000E-03  1.04700000E-02  4.94600000E-11  5.66000000E-11  4.63200000E-03  5.39500000E-03  0.00000000E+00  0.00000000E+00  0.00000000E+00  0.00000000E+00  0.00000000E+00  0.00000000E+00  0.00000000E+00  0.00000000E+00  0.00000000E+00  0.00000000E+00
-1.48905119E+01  6.30400000E-02  6.90800000E-02  1.16100000E-02  1.30500000E-02  6.09400000E-11  6.92400000E-11  5.58500000E-03  6.93400000E-03  0.00000000E+00  0.00000000E+00  0.00000000E+00  0.00000000E+00  0.00000000E+00  0.00000000E+00  0.00000000E+00  0.00000000E+00  0.00000000E+00  0.00000000E+00
-1.48735119E+01  7.39400000E-02  7.68300000E-02  1.35000000E-02  1.40800000E-02  7.05000000E-11  7.45900000E-11  7.02900000E-03  8.20300000E-03  0.00000000E+00  0.00000000E+00  0.00000000E+00  0.00000000E+00  0.00000000E+00  0.00000000E+00  0.00000000E+00  0.00000000E+00  0.00000000E+00  0.00000000E+00
-1.48555119E+01  7.55600000E-02  7.33100000E-02  1.35600000E-02  1.30300000E-02  7.11100000E-11  6.91300000E-11  8.12300000E-03  8.54000000E-03  0.00000000E+00  0.00000000E+00  0.00000000E+00  0.00000000E+00  0.00000000E+00  0.00000000E+00  0.00000000E+00  0.00000000E+00  0.00000000E+00  0.00000000E+00
-1.48385119E+01  6.63600000E-02  6.04000000E-02  1.18400000E-02  1.05800000E-02  6.27400000E-11  5.66600000E-11  8.39000000E-03  7.97700000E-03  0.00000000E+00  0.00000000E+00  0.00000000E+00  0.00000000E+00  0.00000000E+00  0.00000000E+00  0.00000000E+00  0.00000000E+00  0.00000000E+00  0.00000000E+00
-1.48215119E+01  5.15100000E-02  4.53200000E-02  9.39100000E-03  8.11300000E-03  5.07700000E-11  4.45600000E-11  7.89100000E-03  7.16200000E-03  0.00000000E+00  0.00000000E+00  0.00000000E+00  0.00000000E+00  0.00000000E+00  0.00000000E+00  0.00000000E+00  0.00000000E+00  0.00000000E+00  0.00000000E+00
-1.48035119E+01  3.82000000E-02  3.46800000E-02  7.39600000E-03  6.72800000E-03  4.15400000E-11  3.83000000E-11  7.19700000E-03  6.84300000E-03  0.00000000E+00  0.00000000E+00  0.00000000E+00  0.00000000E+00  0.00000000E+00  0.00000000E+00  0.00000000E+00  0.00000000E+00  0.00000000E+00  0.00000000E+00
-1.47865119E+01  3.07600000E-02  3.05000000E-02  6.54400000E-03  6.68800000E-03  3.82200000E-11  3.83300000E-11  6.93800000E-03  7.26800000E-03  0.00000000E+00  0.00000000E+00  0.00000000E+00  0.00000000E+00  0.00000000E+00  0.00000000E+00  0.00000000E+00  0.00000000E+00  0.00000000E+00  0.00000000E+00
-1.47685119E+01  2.91700000E-02  3.08400000E-02  6.81100000E-03  7.53100000E-03  3.96200000E-11  4.13200000E-11  7.27400000E-03  8.05100000E-03  0.00000000E+00  0.00000000E+00  0.00000000E+00  0.00000000E+00  0.00000000E+00  0.00000000E+00  0.00000000E+00  0.00000000E+00  0.00000000E+00  0.00000000E+00
-1.47515119E+01  3.11800000E-02  3.33600000E-02  7.76400000E-03  8.58500000E-03  4.26400000E-11  4.41600000E-11  7.86900000E-03  8.60900000E-03  0.00000000E+00  0.00000000E+00  0.00000000E+00  0.00000000E+00  0.00000000E+00  0.00000000E+00  0.00000000E+00  0.00000000E+00  0.00000000E+00  0.00000000E+00
-1.47345119E+01  3.54700000E-02  3.76900000E-02  8.96200000E-03  9.38400000E-03  4.58200000E-11  4.66600000E-11  8.34400000E-03  8.64100000E-03  0.00000000E+00  0.00000000E+00  0.00000000E+00  0.00000000E+00  0.00000000E+00  0.00000000E+00  0.00000000E+00  0.00000000E+00  0.00000000E+00  0.00000000E+00
-1.47165119E+01  4.23800000E-02  4.47900000E-02  1.00400000E-02  9.73600000E-03  4.99700000E-11  5.03900000E-11  8.53400000E-03  8.23200000E-03  0.00000000E+00  0.00000000E+00  0.00000000E+00  0.00000000E+00  0.00000000E+00  0.00000000E+00  0.00000000E+00  0.00000000E+00  0.00000000E+00  0.00000000E+00
-1.46995119E+01  5.21000000E-02  5.46900000E-02  1.06300000E-02  9.65000000E-03  5.57600000E-11  5.58100000E-11  8.42800000E-03  7.66500000E-03  0.00000000E+00  0.00000000E+00  0.00000000E+00  0.00000000E+00  0.00000000E+00  0.00000000E+00  0.00000000E+00  0.00000000E+00  0.00000000E+00  0.00000000E+00
-1.46815119E+01  6.28600000E-02  6.48600000E-02  1.05300000E-02  9.22900000E-03  6.15900000E-11  6.08200000E-11  8.06900000E-03  7.14000000E-03  0.00000000E+00  0.00000000E+00  0.00000000E+00  0.00000000E+00  0.00000000E+00  0.00000000E+00  0.00000000E+00  0.00000000E+00  0.00000000E+00  0.00000000E+00
-1.46645119E+01  7.07600000E-02  7.06600000E-02  9.77000000E-03  8.52100000E-03  6.40400000E-11  6.16100000E-11  7.48300000E-03  6.57800000E-03  0.00000000E+00  0.00000000E+00  0.00000000E+00  0.00000000E+00  0.00000000E+00  0.00000000E+00  0.00000000E+00  0.00000000E+00  0.00000000E+00  0.00000000E+00
-1.46465119E+01  7.15300000E-02  6.82300000E-02  8.53000000E-03  7.50300000E-03  6.01200000E-11  5.57500000E-11  6.60500000E-03  5.74800000E-03  0.00000000E+00  0.00000000E+00  0.00000000E+00  0.00000000E+00  0.00000000E+00  0.00000000E+00  0.00000000E+00  0.00000000E+00  0.00000000E+00  0.00000000E+00
-1.46295119E+01  6.37700000E-02  5.82000000E-02  7.03400000E-03  6.31700000E-03  5.00000000E-11  4.50800000E-11  5.39700000E-03  4.67500000E-03  0.00000000E+00  0.00000000E+00  0.00000000E+00  0.00000000E+00  0.00000000E+00  0.00000000E+00  0.00000000E+00  0.00000000E+00  0.00000000E+00  0.00000000E+00
-1.46125119E+01  5.11900000E-02  4.65400000E-02  5.68200000E-03  5.44300000E-03  3.80300000E-11  3.54800000E-11  4.11100000E-03  3.83300000E-03  0.00000000E+00  0.00000000E+00  0.00000000E+00  0.00000000E+00  0.00000000E+00  0.00000000E+00  0.00000000E+00  0.00000000E+00  0.00000000E+00  0.00000000E+00
-1.45945119E+01  4.10800000E-02  4.07200000E-02  5.04700000E-03  5.39300000E-03  3.04900000E-11  3.31500000E-11  3.30900000E-03  3.88500000E-03  0.00000000E+00  0.00000000E+00  0.00000000E+00  0.00000000E+00  0.00000000E+00  0.00000000E+00  0.00000000E+00  0.00000000E+00  0.00000000E+00  0.00000000E+00
-1.45775119E+01  3.91000000E-02  4.39900000E-02  5.42700000E-03  6.12400000E-03  3.15900000E-11  4.03400000E-11  3.54500000E-03  5.17700000E-03  0.00000000E+00  0.00000000E+00  0.00000000E+00  0.00000000E+00  0.00000000E+00  0.00000000E+00  0.00000000E+00  0.00000000E+00  0.00000000E+00  0.00000000E+00
-1.45595119E+01  4.50200000E-02  5.28400000E-02  6.40300000E-03  6.90800000E-03  4.09100000E-11  5.34100000E-11  4.99500000E-03  7.36800000E-03  0.00000000E+00  0.00000000E+00  0.00000000E+00  0.00000000E+00  0.00000000E+00  0.00000000E+00  0.00000000E+00  0.00000000E+00  0.00000000E+00  0.00000000E+00
-1.45425119E+01  5.33000000E-02  5.97100000E-02  7.05100000E-03  6.93200000E-03  5.37300000E-11  6.45300000E-11  7.24400000E-03  9.41500000E-03  0.00000000E+00  0.00000000E+00  0.00000000E+00  0.00000000E+00  0.00000000E+00  0.00000000E+00  0.00000000E+00  0.00000000E+00  0.00000000E+00  0.00000000E+00
-1.45245119E+01  5.73300000E-02  5.82500000E-02  6.70500000E-03  6.00900000E-03  6.33700000E-11  6.64500000E-11  9.30300000E-03  1.01000000E-02  0.00000000E+00  0.00000000E+00  0.00000000E+00  0.00000000E+00  0.00000000E+00  0.00000000E+00  0.00000000E+00  0.00000000E+00  0.00000000E+00  0.00000000E+00
-1.45075119E+01  5.33100000E-02  4.75000000E-02  5.47000000E-03  4.64900000E-03  6.43900000E-11  5.77000000E-11  1.00200000E-02  8.91300000E-03  0.00000000E+00  0.00000000E+00  0.00000000E+00  0.00000000E+00  0.00000000E+00  0.00000000E+00  0.00000000E+00  0.00000000E+00  0.00000000E+00  0.00000000E+00
-1.44905119E+01  4.19600000E-02  3.19000000E-02  4.01200000E-03  3.53200000E-03  5.59200000E-11  4.35000000E-11  8.87600000E-03  6.48400000E-03  0.00000000E+00  0.00000000E+00  0.00000000E+00  0.00000000E+00  0.00000000E+00  0.00000000E+00  0.00000000E+00  0.00000000E+00  0.00000000E+00  0.00000000E+00
-1.44725119E+01  2.75300000E-02  1.75800000E-02  2.99000000E-03  2.97100000E-03  4.26900000E-11  3.12500000E-11  6.47400000E-03  4.02000000E-03  0.00000000E+00  0.00000000E+00  0.00000000E+00  0.00000000E+00  0.00000000E+00  0.00000000E+00  0.00000000E+00  0.00000000E+00  0.00000000E+00  0.00000000E+00
-1.44555119E+01  1.50400000E-02  8.27700000E-03  2.63200000E-03  2.79800000E-03  3.17600000E-11  2.54700000E-11  4.02800000E-03  2.34700000E-03  0.00000000E+00  0.00000000E+00  0.00000000E+00  0.00000000E+00  0.00000000E+00  0.00000000E+00  0.00000000E+00  0.00000000E+00  0.00000000E+00  0.00000000E+00
-1.44375119E+01  7.40200000E-03  4.48900000E-03  2.71100000E-03  2.70400000E-03  2.80700000E-11  2.78000000E-11  2.42600000E-03  1.63800000E-03  0.00000000E+00  0.00000000E+00  0.00000000E+00  0.00000000E+00  0.00000000E+00  0.00000000E+00  0.00000000E+00  0.00000000E+00  0.00000000E+00  0.00000000E+00
-1.44205119E+01  5.04400000E-03  5.35500000E-03  2.87600000E-03  2.62500000E-03  3.42500000E-11  4.01900000E-11  1.91500000E-03  1.82800000E-03  0.00000000E+00  0.00000000E+00  0.00000000E+00  0.00000000E+00  0.00000000E+00  0.00000000E+00  0.00000000E+00  0.00000000E+00  0.00000000E+00  0.00000000E+00
-1.44035119E+01  7.36300000E-03  1.01200000E-02  3.02200000E-03  2.74900000E-03  5.26700000E-11  6.47100000E-11  2.45100000E-03  2.92200000E-03  0.00000000E+00  0.00000000E+00  0.00000000E+00  0.00000000E+00  0.00000000E+00  0.00000000E+00  0.00000000E+00  0.00000000E+00  0.00000000E+00  0.00000000E+00
-1.43855119E+01  1.34200000E-02  1.75400000E-02  3.27700000E-03  3.15600000E-03  8.33900000E-11  9.81600000E-11  3.90900000E-03  4.75300000E-03  0.00000000E+00  0.00000000E+00  0.00000000E+00  0.00000000E+00  0.00000000E+00  0.00000000E+00  0.00000000E+00  0.00000000E+00  0.00000000E+00  0.00000000E+00
-1.43685119E+01  2.10700000E-02  2.48600000E-02  3.64400000E-03  3.57900000E-03  1.18200000E-10  1.28100000E-10  5.82400000E-03  6.64700000E-03  0.00000000E+00  0.00000000E+00  0.00000000E+00  0.00000000E+00  0.00000000E+00  0.00000000E+00  0.00000000E+00  0.00000000E+00  0.00000000E+00  0.00000000E+00
-1.43505119E+01  2.68000000E-02  2.87900000E-02  3.82000000E-03  3.60000000E-03  1.40400000E-10  1.39200000E-10  7.29200000E-03  7.71100000E-03  0.00000000E+00  0.00000000E+00  0.00000000E+00  0.00000000E+00  0.00000000E+00  0.00000000E+00  0.00000000E+00  0.00000000E+00  0.00000000E+00  0.00000000E+00
-1.43335119E+01  2.79500000E-02  2.83800000E-02  3.48900000E-03  3.06900000E-03  1.37500000E-10  1.26500000E-10  7.58100000E-03  7.62900000E-03  0.00000000E+00  0.00000000E+00  0.00000000E+00  0.00000000E+00  0.00000000E+00  0.00000000E+00  0.00000000E+00  0.00000000E+00  0.00000000E+00  0.00000000E+00
-1.43155119E+01  2.53900000E-02  2.59800000E-02  2.70600000E-03  2.24600000E-03  1.13400000E-10  1.01000000E-10  6.88500000E-03  6.97200000E-03  0.00000000E+00  0.00000000E+00  0.00000000E+00  0.00000000E+00  0.00000000E+00  0.00000000E+00  0.00000000E+00  0.00000000E+00  0.00000000E+00  0.00000000E+00
-1.42985119E+01  2.28100000E-02  2.45800000E-02  1.85400000E-03  1.51800000E-03  8.55700000E-11  7.84900000E-11  6.14800000E-03  6.50900000E-03  0.00000000E+00  0.00000000E+00  0.00000000E+00  0.00000000E+00  0.00000000E+00  0.00000000E+00  0.00000000E+00  0.00000000E+00  0.00000000E+00  0.00000000E+00
-1.42815119E+01  2.28200000E-02  2.47600000E-02  1.26300000E-03  1.06600000E-03  6.82700000E-11  6.59100000E-11  6.04100000E-03  6.39100000E-03  0.00000000E+00  0.00000000E+00  0.00000000E+00  0.00000000E+00  0.00000000E+00  0.00000000E+00  0.00000000E+00  0.00000000E+00  0.00000000E+00  0.00000000E+00
-1.42635119E+01  2.45700000E-02  2.48100000E-02  9.67900000E-04  8.32300000E-04  6.19500000E-11  5.92000000E-11  6.32100000E-03  6.17400000E-03  0.00000000E+00  0.00000000E+00  0.00000000E+00  0.00000000E+00  0.00000000E+00  0.00000000E+00  0.00000000E+00  0.00000000E+00  0.00000000E+00  0.00000000E+00
-1.42465119E+01  2.52500000E-02  2.32600000E-02  8.18800000E-04  7.18900000E-04  5.79900000E-11  5.16800000E-11  6.23600000E-03  5.46100000E-03  0.00000000E+00  0.00000000E+00  0.00000000E+00  0.00000000E+00  0.00000000E+00  0.00000000E+00  0.00000000E+00  0.00000000E+00  0.00000000E+00  0.00000000E+00
-1.42285119E+01  2.35000000E-02  2.09300000E-02  7.16300000E-04  7.67300000E-04  4.96700000E-11  4.12600000E-11  5.38500000E-03  4.35000000E-03  0.00000000E+00  0.00000000E+00  0.00000000E+00  0.00000000E+00  0.00000000E+00  0.00000000E+00  0.00000000E+00  0.00000000E+00  0.00000000E+00  0.00000000E+00
-1.42115119E+01  2.10500000E-02  2.08400000E-02  7.42500000E-04  1.20700000E-03  3.76400000E-11  3.12600000E-11  4.09000000E-03  3.40600000E-03  0.00000000E+00  0.00000000E+00  0.00000000E+00  0.00000000E+00  0.00000000E+00  0.00000000E+00  0.00000000E+00  0.00000000E+00  0.00000000E+00  0.00000000E+00
-1.41935119E+01  2.15700000E-02  2.63400000E-02  1.16300000E-03  2.37100000E-03  2.73400000E-11  2.63600000E-11  3.12400000E-03  3.28400000E-03  0.00000000E+00  0.00000000E+00  0.00000000E+00  0.00000000E+00  0.00000000E+00  0.00000000E+00  0.00000000E+00  0.00000000E+00  0.00000000E+00  0.00000000E+00
-1.41765119E+01  2.82600000E-02  3.86800000E-02  2.33400000E-03  4.43100000E-03  2.35100000E-11  2.81100000E-11  3.18600000E-03  4.30800000E-03  0.00000000E+00  0.00000000E+00  0.00000000E+00  0.00000000E+00  0.00000000E+00  0.00000000E+00  0.00000000E+00  0.00000000E+00  0.00000000E+00  0.00000000E+00
-1.41595119E+01  4.18200000E-02  5.54500000E-02  4.45300000E-03  7.04900000E-03  2.67100000E-11  3.34400000E-11  4.50400000E-03  6.18300000E-03  0.00000000E+00  0.00000000E+00  0.00000000E+00  0.00000000E+00  0.00000000E+00  0.00000000E+00  0.00000000E+00  0.00000000E+00  0.00000000E+00  0.00000000E+00
-1.41415119E+01  5.91000000E-02  7.04100000E-02  7.17200000E-03  9.25800000E-03  3.32900000E-11  3.70200000E-11  6.61600000E-03  8.00600000E-03  0.00000000E+00  0.00000000E+00  0.00000000E+00  0.00000000E+00  0.00000000E+00  0.00000000E+00  0.00000000E+00  0.00000000E+00  0.00000000E+00  0.00000000E+00
-1.41245119E+01  7.29200000E-02  7.59500000E-02  9.44500000E-03  9.93900000E-03  3.77400000E-11  3.50800000E-11  8.43500000E-03  8.71000000E-03  0.00000000E+00  0.00000000E+00  0.00000000E+00  0.00000000E+00  0.00000000E+00  0.00000000E+00  0.00000000E+00  0.00000000E+00  0.00000000E+00  0.00000000E+00
-1.41065119E+01  7.52600000E-02  6.79800000E-02  1.00600000E-02  8.66900000E-03  3.61100000E-11  2.78200000E-11  8.82900000E-03  7.77600000E-03  0.00000000E+00  0.00000000E+00  0.00000000E+00  0.00000000E+00  0.00000000E+00  0.00000000E+00  0.00000000E+00  0.00000000E+00  0.00000000E+00  0.00000000E+00
-1.40895119E+01  6.35600000E-02  4.97600000E-02  8.63000000E-03  6.11200000E-03  2.86100000E-11  1.86300000E-11  7.47100000E-03  5.65800000E-03  0.00000000E+00  0.00000000E+00  0.00000000E+00  0.00000000E+00  0.00000000E+00  0.00000000E+00  0.00000000E+00  0.00000000E+00  0.00000000E+00  0.00000000E+00
-1.40725119E+01  4.34900000E-02  2.97200000E-02  5.93500000E-03  3.46500000E-03  1.92700000E-11  1.16500000E-11  5.12600000E-03  3.41100000E-03  0.00000000E+00  0.00000000E+00  0.00000000E+00  0.00000000E+00  0.00000000E+00  0.00000000E+00  0.00000000E+00  0.00000000E+00  0.00000000E+00  0.00000000E+00
-1.40545119E+01  2.44100000E-02  1.51100000E-02  3.26300000E-03  1.57300000E-03  1.29900000E-11  9.62300000E-12  2.98500000E-03  1.91000000E-03  0.00000000E+00  0.00000000E+00  0.00000000E+00  0.00000000E+00  0.00000000E+00  0.00000000E+00  0.00000000E+00  0.00000000E+00  0.00000000E+00  0.00000000E+00
-1.40375119E+01  1.23400000E-02  8.00300000E-03  1.43000000E-03  5.69900000E-04  1.25700000E-11  1.30700000E-11  1.79900000E-03  1.39700000E-03  0.00000000E+00  0.00000000E+00  0.00000000E+00  0.00000000E+00  0.00000000E+00  0.00000000E+00  0.00000000E+00  0.00000000E+00  0.00000000E+00  0.00000000E+00
-1.40195119E+01  7.51000000E-03  6.31200000E-03  4.98500000E-04  1.64200000E-04  1.74800000E-11  1.99800000E-11  1.57400000E-03  1.57200000E-03  0.00000000E+00  0.00000000E+00  0.00000000E+00  0.00000000E+00  0.00000000E+00  0.00000000E+00  0.00000000E+00  0.00000000E+00  0.00000000E+00  0.00000000E+00
-1.40025119E+01  6.83400000E-03  6.71200000E-03  1.38000000E-04  3.75500000E-05  2.40900000E-11  2.61200000E-11  1.83200000E-03  1.90900000E-03  0.00000000E+00  0.00000000E+00  0.00000000E+00  0.00000000E+00  0.00000000E+00  0.00000000E+00  0.00000000E+00  0.00000000E+00  0.00000000E+00  0.00000000E+00
-1.39845119E+01  7.00300000E-03  6.72800000E-03  3.03200000E-05  6.80200000E-06  2.75300000E-11  2.73300000E-11  2.01600000E-03  1.96900000E-03  0.00000000E+00  0.00000000E+00  0.00000000E+00  0.00000000E+00  0.00000000E+00  0.00000000E+00  0.00000000E+00  0.00000000E+00  0.00000000E+00  0.00000000E+00
-1.39675119E+01  6.22900000E-03  5.51800000E-03  5.30800000E-06  9.79600000E-07  2.50300000E-11  2.25900000E-11  1.82000000E-03  1.62400000E-03  0.00000000E+00  0.00000000E+00  0.00000000E+00  0.00000000E+00  0.00000000E+00  0.00000000E+00  0.00000000E+00  0.00000000E+00  0.00000000E+00  0.00000000E+00
-1.39505119E+01  4.45400000E-03  3.59300000E-03  7.65500000E-07  1.62900000E-07  1.79700000E-11  1.47300000E-11  1.30500000E-03  1.05800000E-03  0.00000000E+00  0.00000000E+00  0.00000000E+00  0.00000000E+00  0.00000000E+00  0.00000000E+00  0.00000000E+00  0.00000000E+00  0.00000000E+00  0.00000000E+00
-1.39325119E+01  2.52100000E-03  1.85400000E-03  1.63300000E-07  4.80400000E-07  1.01700000E-11  7.57400000E-12  7.38800000E-04  5.45200000E-04  0.00000000E+00  0.00000000E+00  0.00000000E+00  0.00000000E+00  0.00000000E+00  0.00000000E+00  0.00000000E+00  0.00000000E+00  0.00000000E+00  0.00000000E+00
-1.39155119E+01  1.13700000E-03  7.99400000E-04  5.55900000E-07  3.37800000E-06  4.55000000E-12  3.10900000E-12  3.31700000E-04  2.29000000E-04  0.00000000E+00  0.00000000E+00  0.00000000E+00  0.00000000E+00  0.00000000E+00  0.00000000E+00  0.00000000E+00  0.00000000E+00  0.00000000E+00  0.00000000E+00
-1.38975119E+01  4.68600000E-04  4.85400000E-04  3.71600000E-06  1.93700000E-05  1.65900000E-12  1.19700000E-12  1.28400000E-04  1.12100000E-04  0.00000000E+00  0.00000000E+00  0.00000000E+00  0.00000000E+00  0.00000000E+00  0.00000000E+00  0.00000000E+00  0.00000000E+00  0.00000000E+00  0.00000000E+00
-1.38805119E+01  4.39500000E-04  9.90100000E-04  2.06300000E-05  8.87700000E-05  7.37500000E-13  1.11900000E-12  8.84100000E-05  1.75900000E-04  0.00000000E+00  0.00000000E+00  0.00000000E+00  0.00000000E+00  0.00000000E+00  0.00000000E+00  0.00000000E+00  0.00000000E+00  0.00000000E+00  0.00000000E+00
-1.38635119E+01  1.20200000E-03  2.79600000E-03  9.24800000E-05  3.24700000E-04  1.21000000E-12  2.85900000E-12  2.09700000E-04  4.82900000E-04  0.00000000E+00  0.00000000E+00  0.00000000E+00  0.00000000E+00  0.00000000E+00  0.00000000E+00  0.00000000E+00  0.00000000E+00  0.00000000E+00  0.00000000E+00
-1.38455119E+01  3.35200000E-03  6.65900000E-03  3.33900000E-04  9.49400000E-04  3.41500000E-12  7.32400000E-12  5.88300000E-04  1.17900000E-03  0.00000000E+00  0.00000000E+00  0.00000000E+00  0.00000000E+00  0.00000000E+00  0.00000000E+00  0.00000000E+00  0.00000000E+00  0.00000000E+00  0.00000000E+00
-1.38285119E+01  7.63000000E-03  1.28600000E-02  9.71600000E-04  2.22700000E-03  8.46700000E-12  1.55900000E-11  1.39300000E-03  2.41300000E-03  0.00000000E+00  0.00000000E+00  0.00000000E+00  0.00000000E+00  0.00000000E+00  0.00000000E+00  0.00000000E+00  0.00000000E+00  0.00000000E+00  0.00000000E+00
-1.38105119E+01  1.41400000E-02  2.04900000E-02  2.28500000E-03  4.23200000E-03  1.74400000E-11  2.76700000E-11  2.79100000E-03  4.29800000E-03  0.00000000E+00  0.00000000E+00  0.00000000E+00  0.00000000E+00  0.00000000E+00  0.00000000E+00  0.00000000E+00  0.00000000E+00  0.00000000E+00  0.00000000E+00
-1.37935119E+01  2.19000000E-02  2.80500000E-02  4.38300000E-03  6.64500000E-03  3.03600000E-11  4.21800000E-11  4.94000000E-03  7.00400000E-03  0.00000000E+00  0.00000000E+00  0.00000000E+00  0.00000000E+00  0.00000000E+00  0.00000000E+00  0.00000000E+00  0.00000000E+00  0.00000000E+00  0.00000000E+00
-1.37755119E+01  2.95900000E-02  3.49000000E-02  6.98300000E-03  8.91800000E-03  4.58400000E-11  5.73700000E-11  8.05100000E-03  1.07600000E-02  0.00000000E+00  0.00000000E+00  0.00000000E+00  0.00000000E+00  0.00000000E+00  0.00000000E+00  0.00000000E+00  0.00000000E+00  0.00000000E+00  0.00000000E+00
-1.37585119E+01  3.67500000E-02  4.14300000E-02  9.51800000E-03  1.07200000E-02  6.19900000E-11  7.24000000E-11  1.22200000E-02  1.53400000E-02  0.00000000E+00  0.00000000E+00  0.00000000E+00  0.00000000E+00  0.00000000E+00  0.00000000E+00  0.00000000E+00  0.00000000E+00  0.00000000E+00  0.00000000E+00
-1.37415119E+01  4.34200000E-02  4.70900000E-02  1.15300000E-02  1.20000000E-02  7.73600000E-11  8.73700000E-11  1.68800000E-02  1.95500000E-02  0.00000000E+00  0.00000000E+00  0.00000000E+00  0.00000000E+00  0.00000000E+00  0.00000000E+00  0.00000000E+00  0.00000000E+00  0.00000000E+00  0.00000000E+00
-1.37235119E+01  4.83300000E-02  4.94500000E-02  1.27900000E-02  1.26800000E-02  9.19300000E-11  1.04400000E-10  2.05500000E-02  2.16800000E-02  0.00000000E+00  0.00000000E+00  0.00000000E+00  0.00000000E+00  0.00000000E+00  0.00000000E+00  0.00000000E+00  0.00000000E+00  0.00000000E+00  0.00000000E+00
-1.37065119E+01  4.90700000E-02  4.66700000E-02  1.32000000E-02  1.25800000E-02  1.09400000E-10  1.30400000E-10  2.17300000E-02  2.10800000E-02  0.00000000E+00  0.00000000E+00  0.00000000E+00  0.00000000E+00  0.00000000E+00  0.00000000E+00  0.00000000E+00  0.00000000E+00  0.00000000E+00  0.00000000E+00
-1.36885119E+01  4.48900000E-02  4.04800000E-02  1.27600000E-02  1.19000000E-02  1.38600000E-10  1.73800000E-10  2.03900000E-02  1.88800000E-02  0.00000000E+00  0.00000000E+00  0.00000000E+00  0.00000000E+00  0.00000000E+00  0.00000000E+00  0.00000000E+00  0.00000000E+00  0.00000000E+00  0.00000000E+00
-1.36715119E+01  3.85300000E-02  3.49500000E-02  1.18700000E-02  1.11000000E-02  1.87400000E-10  2.32200000E-10  1.81000000E-02  1.69100000E-02  0.00000000E+00  0.00000000E+00  0.00000000E+00  0.00000000E+00  0.00000000E+00  0.00000000E+00  0.00000000E+00  0.00000000E+00  0.00000000E+00  0.00000000E+00
-1.36535119E+01  3.38800000E-02  3.22500000E-02  1.10100000E-02  1.02800000E-02  2.48400000E-10  2.82300000E-10  1.64700000E-02  1.58000000E-02  0.00000000E+00  0.00000000E+00  0.00000000E+00  0.00000000E+00  0.00000000E+00  0.00000000E+00  0.00000000E+00  0.00000000E+00  0.00000000E+00  0.00000000E+00
-1.36365119E+01  3.19800000E-02  3.07000000E-02  1.01100000E-02  9.04700000E-03  2.93300000E-10  2.93000000E-10  1.56000000E-02  1.46000000E-02  0.00000000E+00  0.00000000E+00  0.00000000E+00  0.00000000E+00  0.00000000E+00  0.00000000E+00  0.00000000E+00  0.00000000E+00  0.00000000E+00  0.00000000E+00
-1.36195119E+01  3.04000000E-02  2.74100000E-02  8.70600000E-03  7.16400000E-03  2.92000000E-10  2.52000000E-10  1.42600000E-02  1.21900000E-02  0.00000000E+00  0.00000000E+00  0.00000000E+00  0.00000000E+00  0.00000000E+00  0.00000000E+00  0.00000000E+00  0.00000000E+00  0.00000000E+00  0.00000000E+00
-1.36015119E+01  2.65900000E-02  2.18900000E-02  6.71700000E-03  5.12100000E-03  2.40000000E-10  1.79600000E-10  1.15300000E-02  8.69400000E-03  0.00000000E+00  0.00000000E+00  0.00000000E+00  0.00000000E+00  0.00000000E+00  0.00000000E+00  0.00000000E+00  0.00000000E+00  0.00000000E+00  0.00000000E+00
-1.35845119E+01  2.08200000E-02  1.63000000E-02  4.76300000E-03  3.78100000E-03  1.64300000E-10  1.12500000E-10  7.90900000E-03  5.33500000E-03  0.00000000E+00  0.00000000E+00  0.00000000E+00  0.00000000E+00  0.00000000E+00  0.00000000E+00  0.00000000E+00  0.00000000E+00  0.00000000E+00  0.00000000E+00
-1.35665119E+01  1.55600000E-02  1.29700000E-02  3.69500000E-03  3.75100000E-03  1.02700000E-10  7.80500000E-11  4.75500000E-03  3.24800000E-03  0.00000000E+00  0.00000000E+00  0.00000000E+00  0.00000000E+00  0.00000000E+00  0.00000000E+00  0.00000000E+00  0.00000000E+00  0.00000000E+00  0.00000000E+00
-1.35495119E+01  1.28500000E-02  1.25000000E-02  3.98900000E-03  5.05200000E-03  7.76900000E-11  8.10300000E-11  3.05100000E-03  2.74200000E-03  0.00000000E+00  0.00000000E+00  0.00000000E+00  0.00000000E+00  0.00000000E+00  0.00000000E+00  0.00000000E+00  0.00000000E+00  0.00000000E+00  0.00000000E+00
-1.35325119E+01  1.28400000E-02  1.38600000E-02  5.49900000E-03  7.14600000E-03  8.83200000E-11  1.08000000E-10  2.88300000E-03  3.42700000E-03  0.00000000E+00  0.00000000E+00  0.00000000E+00  0.00000000E+00  0.00000000E+00  0.00000000E+00  0.00000000E+00  0.00000000E+00  0.00000000E+00  0.00000000E+00
-1.35145119E+01  1.43000000E-02  1.55900000E-02  7.57600000E-03  9.26000000E-03  1.17700000E-10  1.39900000E-10  3.75500000E-03  4.79300000E-03  0.00000000E+00  0.00000000E+00  0.00000000E+00  0.00000000E+00  0.00000000E+00  0.00000000E+00  0.00000000E+00  0.00000000E+00  0.00000000E+00  0.00000000E+00
-1.34975119E+01  1.58400000E-02  1.68800000E-02  9.48100000E-03  1.08400000E-02  1.47300000E-10  1.64300000E-10  5.20200000E-03  6.60000000E-03  0.00000000E+00  0.00000000E+00  0.00000000E+00  0.00000000E+00  0.00000000E+00  0.00000000E+00  0.00000000E+00  0.00000000E+00  0.00000000E+00  0.00000000E+00
-1.34795119E+01  1.69600000E-02  1.78600000E-02  1.08100000E-02  1.16500000E-02  1.68000000E-10  1.77700000E-10  7.08000000E-03  8.71200000E-03  0.00000000E+00  0.00000000E+00  0.00000000E+00  0.00000000E+00  0.00000000E+00  0.00000000E+00  0.00000000E+00  0.00000000E+00  0.00000000E+00  0.00000000E+00
-1.34625119E+01  1.79600000E-02  1.86800000E-02  1.14400000E-02  1.14400000E-02  1.78900000E-10  1.78600000E-10  9.23500000E-03  1.06200000E-02  0.00000000E+00  0.00000000E+00  0.00000000E+00  0.00000000E+00  0.00000000E+00  0.00000000E+00  0.00000000E+00  0.00000000E+00  0.00000000E+00  0.00000000E+00
-1.34445119E+01  1.88900000E-02  1.90400000E-02  1.11000000E-02  1.00400000E-02  1.77900000E-10  1.64100000E-10  1.10400000E-02  1.15200000E-02  0.00000000E+00  0.00000000E+00  0.00000000E+00  0.00000000E+00  0.00000000E+00  0.00000000E+00  0.00000000E+00  0.00000000E+00  0.00000000E+00  0.00000000E+00
-1.34275119E+01  1.93800000E-02  1.91200000E-02  9.63000000E-03  7.95400000E-03  1.62000000E-10  1.38500000E-10  1.17000000E-02  1.12500000E-02  0.00000000E+00  0.00000000E+00  0.00000000E+00  0.00000000E+00  0.00000000E+00  0.00000000E+00  0.00000000E+00  0.00000000E+00  0.00000000E+00  0.00000000E+00
-1.34105119E+01  1.98400000E-02  2.05500000E-02  7.68500000E-03  6.57800000E-03  1.37200000E-10  1.17500000E-10  1.13200000E-02  1.09700000E-02  0.00000000E+00  0.00000000E+00  0.00000000E+00  0.00000000E+00  0.00000000E+00  0.00000000E+00  0.00000000E+00  0.00000000E+00  0.00000000E+00  0.00000000E+00
-1.33925119E+01  2.20600000E-02  2.53400000E-02  6.78900000E-03  7.45300000E-03  1.20500000E-10  1.18300000E-10  1.13400000E-02  1.25500000E-02  0.00000000E+00  0.00000000E+00  0.00000000E+00  0.00000000E+00  0.00000000E+00  0.00000000E+00  0.00000000E+00  0.00000000E+00  0.00000000E+00  0.00000000E+00
-1.33755119E+01  2.77000000E-02  3.35400000E-02  8.35400000E-03  1.10800000E-02  1.27800000E-10  1.45900000E-10  1.35700000E-02  1.68700000E-02  0.00000000E+00  0.00000000E+00  0.00000000E+00  0.00000000E+00  0.00000000E+00  0.00000000E+00  0.00000000E+00  0.00000000E+00  0.00000000E+00  0.00000000E+00
-1.33575119E+01  3.60800000E-02  4.20400000E-02  1.25200000E-02  1.63000000E-02  1.60800000E-10  1.89600000E-10  1.83900000E-02  2.24900000E-02  0.00000000E+00  0.00000000E+00  0.00000000E+00  0.00000000E+00  0.00000000E+00  0.00000000E+00  0.00000000E+00  0.00000000E+00  0.00000000E+00  0.00000000E+00
-1.33405119E+01  4.36200000E-02  4.61200000E-02  1.77600000E-02  2.08600000E-02  2.06800000E-10  2.31900000E-10  2.38600000E-02  2.63000000E-02  0.00000000E+00  0.00000000E+00  0.00000000E+00  0.00000000E+00  0.00000000E+00  0.00000000E+00  0.00000000E+00  0.00000000E+00  0.00000000E+00  0.00000000E+00
-1.33235119E+01  4.59100000E-02  4.29700000E-02  2.18100000E-02  2.29900000E-02  2.49100000E-10  2.60500000E-10  2.68400000E-02  2.58900000E-02  0.00000000E+00  0.00000000E+00  0.00000000E+00  0.00000000E+00  0.00000000E+00  0.00000000E+00  0.00000000E+00  0.00000000E+00  0.00000000E+00  0.00000000E+00
-1.33055119E+01  4.11300000E-02  3.40300000E-02  2.32300000E-02  2.24900000E-02  2.77600000E-10  2.73300000E-10  2.54500000E-02  2.15300000E-02  0.00000000E+00  0.00000000E+00  0.00000000E+00  0.00000000E+00  0.00000000E+00  0.00000000E+00  0.00000000E+00  0.00000000E+00  0.00000000E+00  0.00000000E+00
-1.32885119E+01  3.15100000E-02  2.35200000E-02  2.21800000E-02  2.03200000E-02  2.90900000E-10  2.74100000E-10  2.05700000E-02  1.56800000E-02  0.00000000E+00  0.00000000E+00  0.00000000E+00  0.00000000E+00  0.00000000E+00  0.00000000E+00  0.00000000E+00  0.00000000E+00  0.00000000E+00  0.00000000E+00
-1.32705119E+01  2.13600000E-02  1.52500000E-02  1.97000000E-02  1.76800000E-02  2.91300000E-10  2.67600000E-10  1.48300000E-02  1.09400000E-02  0.00000000E+00  0.00000000E+00  0.00000000E+00  0.00000000E+00  0.00000000E+00  0.00000000E+00  0.00000000E+00  0.00000000E+00  0.00000000E+00  0.00000000E+00
-1.32535119E+01  1.40400000E-02  1.09300000E-02  1.70100000E-02  1.57300000E-02  2.82700000E-10  2.60800000E-10  1.06000000E-02  8.63500000E-03  0.00000000E+00  0.00000000E+00  0.00000000E+00  0.00000000E+00  0.00000000E+00  0.00000000E+00  0.00000000E+00  0.00000000E+00  0.00000000E+00  0.00000000E+00
-1.32355119E+01  1.08100000E-02  1.07500000E-02  1.52900000E-02  1.55500000E-02  2.73200000E-10  2.61600000E-10  8.95100000E-03  8.89000000E-03  0.00000000E+00  0.00000000E+00  0.00000000E+00  0.00000000E+00  0.00000000E+00  0.00000000E+00  0.00000000E+00  0.00000000E+00  0.00000000E+00  0.00000000E+00
-1.32185119E+01  1.16000000E-02  1.46100000E-02  1.54800000E-02  1.76900000E-02  2.71700000E-10  2.73800000E-10  9.71300000E-03  1.10900000E-02  0.00000000E+00  0.00000000E+00  0.00000000E+00  0.00000000E+00  0.00000000E+00  0.00000000E+00  0.00000000E+00  0.00000000E+00  0.00000000E+00  0.00000000E+00
-1.32015119E+01  1.62400000E-02  2.27600000E-02  1.79000000E-02  2.19400000E-02  2.81500000E-10  2.93900000E-10  1.21000000E-02  1.44500000E-02  0.00000000E+00  0.00000000E+00  0.00000000E+00  0.00000000E+00  0.00000000E+00  0.00000000E+00  0.00000000E+00  0.00000000E+00  0.00000000E+00  0.00000000E+00
-1.31835119E+01  2.51600000E-02  3.55400000E-02  2.22700000E-02  2.73600000E-02  2.99200000E-10  3.16000000E-10  1.53600000E-02  1.84500000E-02  0.00000000E+00  0.00000000E+00  0.00000000E+00  0.00000000E+00  0.00000000E+00  0.00000000E+00  0.00000000E+00  0.00000000E+00  0.00000000E+00  0.00000000E+00
-1.31665119E+01  3.87600000E-02  5.17500000E-02  2.77600000E-02  3.22900000E-02  3.20500000E-10  3.35600000E-10  1.91700000E-02  2.26000000E-02  0.00000000E+00  0.00000000E+00  0.00000000E+00  0.00000000E+00  0.00000000E+00  0.00000000E+00  0.00000000E+00  0.00000000E+00  0.00000000E+00  0.00000000E+00
-1.31485119E+01  5.52300000E-02  6.75100000E-02  3.27300000E-02  3.48200000E-02  3.40700000E-10  3.48100000E-10  2.30800000E-02  2.58700000E-02  0.00000000E+00  0.00000000E+00  0.00000000E+00  0.00000000E+00  0.00000000E+00  0.00000000E+00  0.00000000E+00  0.00000000E+00  0.00000000E+00  0.00000000E+00
-1.31315119E+01  6.98200000E-02  7.82000000E-02  3.50400000E-02  3.41000000E-02  3.52400000E-10  3.48400000E-10  2.58600000E-02  2.69400000E-02  0.00000000E+00  0.00000000E+00  0.00000000E+00  0.00000000E+00  0.00000000E+00  0.00000000E+00  0.00000000E+00  0.00000000E+00  0.00000000E+00  0.00000000E+00
-1.31135119E+01  7.79300000E-02  8.18900000E-02  3.38200000E-02  3.12200000E-02  3.47700000E-10  3.32900000E-10  2.62300000E-02  2.54800000E-02  0.00000000E+00  0.00000000E+00  0.00000000E+00  0.00000000E+00  0.00000000E+00  0.00000000E+00  0.00000000E+00  0.00000000E+00  0.00000000E+00  0.00000000E+00
-1.30965119E+01  7.90700000E-02  7.99000000E-02  3.04900000E-02  2.81800000E-02  3.24800000E-10  3.01500000E-10  2.42800000E-02  2.26300000E-02  0.00000000E+00  0.00000000E+00  0.00000000E+00  0.00000000E+00  0.00000000E+00  0.00000000E+00  0.00000000E+00  0.00000000E+00  0.00000000E+00  0.00000000E+00
-1.30795119E+01  7.61900000E-02  7.42500000E-02  2.74000000E-02  2.59600000E-02  2.88400000E-10  2.58000000E-10  2.15100000E-02  1.99500000E-02  0.00000000E+00  0.00000000E+00  0.00000000E+00  0.00000000E+00  0.00000000E+00  0.00000000E+00  0.00000000E+00  0.00000000E+00  0.00000000E+00  0.00000000E+00
-1.30615119E+01  7.15300000E-02  6.60800000E-02  2.55200000E-02  2.41800000E-02  2.45400000E-10  2.11700000E-10  1.94600000E-02  1.84300000E-02  0.00000000E+00  0.00000000E+00  0.00000000E+00  0.00000000E+00  0.00000000E+00  0.00000000E+00  0.00000000E+00  0.00000000E+00  0.00000000E+00  0.00000000E+00
-1.30445119E+01  6.50600000E-02  5.66300000E-02  2.41900000E-02  2.24400000E-02  2.04100000E-10  1.75300000E-10  1.86400000E-02  1.81700000E-02  0.00000000E+00  0.00000000E+00  0.00000000E+00  0.00000000E+00  0.00000000E+00  0.00000000E+00  0.00000000E+00  0.00000000E+00  0.00000000E+00  0.00000000E+00
-1.30265119E+01  5.65000000E-02  4.75300000E-02  2.27200000E-02  2.11400000E-02  1.73800000E-10  1.56200000E-10  1.86700000E-02  1.85700000E-02  0.00000000E+00  0.00000000E+00  0.00000000E+00  0.00000000E+00  0.00000000E+00  0.00000000E+00  0.00000000E+00  0.00000000E+00  0.00000000E+00  0.00000000E+00
-1.30095119E+01  4.69200000E-02  3.99300000E-02  2.13400000E-02  2.06800000E-02  1.58200000E-10  1.49200000E-10  1.87500000E-02  1.86000000E-02  0.00000000E+00  0.00000000E+00  0.00000000E+00  0.00000000E+00  0.00000000E+00  0.00000000E+00  0.00000000E+00  0.00000000E+00  0.00000000E+00  0.00000000E+00
-1.29925119E+01  3.81200000E-02  3.41800000E-02  2.05200000E-02  2.06500000E-02  1.50200000E-10  1.40500000E-10  1.81000000E-02  1.73300000E-02  0.00000000E+00  0.00000000E+00  0.00000000E+00  0.00000000E+00  0.00000000E+00  0.00000000E+00  0.00000000E+00  0.00000000E+00  0.00000000E+00  0.00000000E+00
-1.29745119E+01  3.14600000E-02  2.98900000E-02  2.00400000E-02  2.00200000E-02  1.37900000E-10  1.20300000E-10  1.62600000E-02  1.45600000E-02  0.00000000E+00  0.00000000E+00  0.00000000E+00  0.00000000E+00  0.00000000E+00  0.00000000E+00  0.00000000E+00  0.00000000E+00  0.00000000E+00  0.00000000E+00
-1.29575119E+01  2.70900000E-02  2.61700000E-02  1.91500000E-02  1.79700000E-02  1.14900000E-10  9.01900000E-11  1.33300000E-02  1.08600000E-02  0.00000000E+00  0.00000000E+00  0.00000000E+00  0.00000000E+00  0.00000000E+00  0.00000000E+00  0.00000000E+00  0.00000000E+00  0.00000000E+00  0.00000000E+00
-1.29395119E+01  2.39100000E-02  2.22800000E-02  1.71900000E-02  1.45500000E-02  8.47200000E-11  5.91900000E-11  9.81100000E-03  7.15700000E-03  0.00000000E+00  0.00000000E+00  0.00000000E+00  0.00000000E+00  0.00000000E+00  0.00000000E+00  0.00000000E+00  0.00000000E+00  0.00000000E+00  0.00000000E+00
-1.29225119E+01  2.07300000E-02  1.88700000E-02  1.40800000E-02  1.07800000E-02  5.57900000E-11  3.61800000E-11  6.44100000E-03  4.33900000E-03  0.00000000E+00  0.00000000E+00  0.00000000E+00  0.00000000E+00  0.00000000E+00  0.00000000E+00  0.00000000E+00  0.00000000E+00  0.00000000E+00  0.00000000E+00
-1.29045119E+01  1.78400000E-02  1.79000000E-02  1.06000000E-02  8.05600000E-03  3.58900000E-11  2.75000000E-11  3.93600000E-03  2.92100000E-03  0.00000000E+00  0.00000000E+00  0.00000000E+00  0.00000000E+00  0.00000000E+00  0.00000000E+00  0.00000000E+00  0.00000000E+00  0.00000000E+00  0.00000000E+00
-1.28875119E+01  1.74400000E-02  2.11100000E-02  8.10800000E-03  7.28000000E-03  3.14800000E-11  3.85800000E-11  2.80700000E-03  3.06400000E-03  0.00000000E+00  0.00000000E+00  0.00000000E+00  0.00000000E+00  0.00000000E+00  0.00000000E+00  0.00000000E+00  0.00000000E+00  0.00000000E+00  0.00000000E+00
-1.28705119E+01  2.18900000E-02  2.85300000E-02  7.66300000E-03  8.36400000E-03  4.88400000E-11  7.29900000E-11  3.30300000E-03  4.69100000E-03  0.00000000E+00  0.00000000E+00  0.00000000E+00  0.00000000E+00  0.00000000E+00  0.00000000E+00  0.00000000E+00  0.00000000E+00  0.00000000E+00  0.00000000E+00
-1.28525119E+01  3.13900000E-02  3.81700000E-02  9.24000000E-03  1.04000000E-02  9.04200000E-11  1.25500000E-10  5.36100000E-03  7.40100000E-03  0.00000000E+00  0.00000000E+00  0.00000000E+00  0.00000000E+00  0.00000000E+00  0.00000000E+00  0.00000000E+00  0.00000000E+00  0.00000000E+00  0.00000000E+00
-1.28355119E+01  4.27700000E-02  4.62400000E-02  1.16400000E-02  1.21300000E-02  1.46400000E-10  1.76500000E-10  8.37300000E-03  1.02200000E-02  0.00000000E+00  0.00000000E+00  0.00000000E+00  0.00000000E+00  0.00000000E+00  0.00000000E+00  0.00000000E+00  0.00000000E+00  0.00000000E+00  0.00000000E+00
-1.28175119E+01  5.05900000E-02  4.86000000E-02  1.32800000E-02  1.27000000E-02  1.93000000E-10  2.02300000E-10  1.11100000E-02  1.19300000E-02  0.00000000E+00  0.00000000E+00  0.00000000E+00  0.00000000E+00  0.00000000E+00  0.00000000E+00  0.00000000E+00  0.00000000E+00  0.00000000E+00  0.00000000E+00
-1.28005119E+01  5.06400000E-02  4.42100000E-02  1.34400000E-02  1.25700000E-02  2.09100000E-10  1.99600000E-10  1.24100000E-02  1.22200000E-02  0.00000000E+00  0.00000000E+00  0.00000000E+00  0.00000000E+00  0.00000000E+00  0.00000000E+00  0.00000000E+00  0.00000000E+00  0.00000000E+00  0.00000000E+00
-1.27835119E+01  4.39000000E-02  3.73400000E-02  1.32500000E-02  1.37900000E-02  2.01100000E-10  1.96900000E-10  1.25500000E-02  1.26600000E-02  0.00000000E+00  0.00000000E+00  0.00000000E+00  0.00000000E+00  0.00000000E+00  0.00000000E+00  0.00000000E+00  0.00000000E+00  0.00000000E+00  0.00000000E+00
-1.27655119E+01  3.66900000E-02  3.46000000E-02  1.52000000E-02  1.84100000E-02  2.04300000E-10  2.29900000E-10  1.35400000E-02  1.55900000E-02  0.00000000E+00  0.00000000E+00  0.00000000E+00  0.00000000E+00  0.00000000E+00  0.00000000E+00  0.00000000E+00  0.00000000E+00  0.00000000E+00  0.00000000E+00
-1.27485119E+01  3.54800000E-02  3.86100000E-02  2.07900000E-02  2.58800000E-02  2.49900000E-10  3.01400000E-10  1.74900000E-02  2.16500000E-02  0.00000000E+00  0.00000000E+00  0.00000000E+00  0.00000000E+00  0.00000000E+00  0.00000000E+00  0.00000000E+00  0.00000000E+00  0.00000000E+00  0.00000000E+00
-1.27305119E+01  4.07500000E-02  4.50200000E-02  2.82500000E-02  3.22400000E-02  3.27300000E-10  3.68000000E-10  2.40100000E-02  2.82300000E-02  0.00000000E+00  0.00000000E+00  0.00000000E+00  0.00000000E+00  0.00000000E+00  0.00000000E+00  0.00000000E+00  0.00000000E+00  0.00000000E+00  0.00000000E+00
-1.27135119E+01  4.65400000E-02  4.68700000E-02  3.30300000E-02  3.30700000E-02  3.85100000E-10  3.77000000E-10  2.97300000E-02  3.12100000E-02  0.00000000E+00  0.00000000E+00  0.00000000E+00  0.00000000E+00  0.00000000E+00  0.00000000E+00  0.00000000E+00  0.00000000E+00  0.00000000E+00  0.00000000E+00
-1.26955119E+01  4.64600000E-02  4.17800000E-02  3.15900000E-02  2.74900000E-02  3.76700000E-10  3.18000000E-10  3.09900000E-02  2.88400000E-02  0.00000000E+00  0.00000000E+00  0.00000000E+00  0.00000000E+00  0.00000000E+00  0.00000000E+00  0.00000000E+00  0.00000000E+00  0.00000000E+00  0.00000000E+00
-1.26785119E+01  4.01900000E-02  3.44400000E-02  2.46300000E-02  1.89600000E-02  3.06200000E-10  2.33500000E-10  2.73900000E-02  2.35500000E-02  0.00000000E+00  0.00000000E+00  0.00000000E+00  0.00000000E+00  0.00000000E+00  0.00000000E+00  0.00000000E+00  0.00000000E+00  0.00000000E+00  0.00000000E+00
-1.26615119E+01  3.37500000E-02  3.17100000E-02  1.63200000E-02  1.19500000E-02  2.24500000E-10  1.78200000E-10  2.22800000E-02  1.97300000E-02  0.00000000E+00  0.00000000E+00  0.00000000E+00  0.00000000E+00  0.00000000E+00  0.00000000E+00  0.00000000E+00  0.00000000E+00  0.00000000E+00  0.00000000E+00
-1.26435119E+01  3.31100000E-02  3.57400000E-02  1.05000000E-02  8.47400000E-03  1.80700000E-10  1.71600000E-10  1.96200000E-02  1.97900000E-02  0.00000000E+00  0.00000000E+00  0.00000000E+00  0.00000000E+00  0.00000000E+00  0.00000000E+00  0.00000000E+00  0.00000000E+00  0.00000000E+00  0.00000000E+00
-1.26265119E+01  3.83000000E-02  4.20000000E-02  8.08900000E-03  7.58900000E-03  1.81900000E-10  1.90100000E-10  2.06000000E-02  2.23800000E-02  0.00000000E+00  0.00000000E+00  0.00000000E+00  0.00000000E+00  0.00000000E+00  0.00000000E+00  0.00000000E+00  0.00000000E+00  0.00000000E+00  0.00000000E+00
-1.26085119E+01  4.35400000E-02  4.39900000E-02  7.52600000E-03  7.22100000E-03  1.97200000E-10  1.96000000E-10  2.30500000E-02  2.40200000E-02  0.00000000E+00  0.00000000E+00  0.00000000E+00  0.00000000E+00  0.00000000E+00  0.00000000E+00  0.00000000E+00  0.00000000E+00  0.00000000E+00  0.00000000E+00
-1.25915119E+01  4.32700000E-02  3.96900000E-02  6.91000000E-03  6.17200000E-03  1.92700000E-10  1.73200000E-10  2.37900000E-02  2.24500000E-02  0.00000000E+00  0.00000000E+00  0.00000000E+00  0.00000000E+00  0.00000000E+00  0.00000000E+00  0.00000000E+00  0.00000000E+00  0.00000000E+00  0.00000000E+00
-1.25735119E+01  3.75900000E-02  3.30200000E-02  5.56900000E-03  4.74800000E-03  1.61700000E-10  1.36900000E-10  2.14300000E-02  1.83300000E-02  0.00000000E+00  0.00000000E+00  0.00000000E+00  0.00000000E+00  0.00000000E+00  0.00000000E+00  0.00000000E+00  0.00000000E+00  0.00000000E+00  0.00000000E+00
-1.25565119E+01  3.13300000E-02  2.90600000E-02  4.16000000E-03  4.03800000E-03  1.25300000E-10  1.15600000E-10  1.72300000E-02  1.41100000E-02  0.00000000E+00  0.00000000E+00  0.00000000E+00  0.00000000E+00  0.00000000E+00  0.00000000E+00  0.00000000E+00  0.00000000E+00  0.00000000E+00  0.00000000E+00
-1.25395119E+01  2.86200000E-02  2.90800000E-02  3.75000000E-03  4.85100000E-03  1.10500000E-10  1.27900000E-10  1.34700000E-02  1.16200000E-02  0.00000000E+00  0.00000000E+00  0.00000000E+00  0.00000000E+00  0.00000000E+00  0.00000000E+00  0.00000000E+00  0.00000000E+00  0.00000000E+00  0.00000000E+00
-1.25215119E+01  2.92500000E-02  3.04200000E-02  4.92700000E-03  7.12200000E-03  1.30500000E-10  1.71700000E-10  1.14600000E-02  1.09300000E-02  0.00000000E+00  0.00000000E+00  0.00000000E+00  0.00000000E+00  0.00000000E+00  0.00000000E+00  0.00000000E+00  0.00000000E+00  0.00000000E+00  0.00000000E+00
-1.25045119E+01  3.02100000E-02  3.00600000E-02  7.45100000E-03  9.94500000E-03  1.80000000E-10  2.28700000E-10  1.09800000E-02  1.10400000E-02  0.00000000E+00  0.00000000E+00  0.00000000E+00  0.00000000E+00  0.00000000E+00  0.00000000E+00  0.00000000E+00  0.00000000E+00  0.00000000E+00  0.00000000E+00
-1.24865119E+01  2.92400000E-02  2.73100000E-02  1.03700000E-02  1.22200000E-02  2.39900000E-10  2.76000000E-10  1.11000000E-02  1.11000000E-02  0.00000000E+00  0.00000000E+00  0.00000000E+00  0.00000000E+00  0.00000000E+00  0.00000000E+00  0.00000000E+00  0.00000000E+00  0.00000000E+00  0.00000000E+00
-1.24695119E+01  2.64400000E-02  2.35800000E-02  1.26900000E-02  1.35800000E-02  2.88300000E-10  2.99700000E-10  1.11700000E-02  1.10800000E-02  0.00000000E+00  0.00000000E+00  0.00000000E+00  0.00000000E+00  0.00000000E+00  0.00000000E+00  0.00000000E+00  0.00000000E+00  0.00000000E+00  0.00000000E+00
-1.24525119E+01  2.32900000E-02  2.07800000E-02  1.41600000E-02  1.46900000E-02  3.12600000E-10  3.01900000E-10  1.12500000E-02  1.15600000E-02  0.00000000E+00  0.00000000E+00  0.00000000E+00  0.00000000E+00  0.00000000E+00  0.00000000E+00  0.00000000E+00  0.00000000E+00  0.00000000E+00  0.00000000E+00
-1.24345119E+01  2.12300000E-02  1.99500000E-02  1.54000000E-02  1.63500000E-02  3.15700000E-10  2.94400000E-10  1.18900000E-02  1.29600000E-02  0.00000000E+00  0.00000000E+00  0.00000000E+00  0.00000000E+00  0.00000000E+00  0.00000000E+00  0.00000000E+00  0.00000000E+00  0.00000000E+00  0.00000000E+00
-1.24175119E+01  2.06400000E-02  2.07500000E-02  1.69700000E-02  1.86100000E-02  3.08800000E-10  2.87600000E-10  1.33300000E-02  1.47900000E-02  0.00000000E+00  0.00000000E+00  0.00000000E+00  0.00000000E+00  0.00000000E+00  0.00000000E+00  0.00000000E+00  0.00000000E+00  0.00000000E+00  0.00000000E+00
-1.23995119E+01  2.09700000E-02  2.23500000E-02  1.88400000E-02  2.10100000E-02  3.01100000E-10  2.83700000E-10  1.49800000E-02  1.59600000E-02  0.00000000E+00  0.00000000E+00  0.00000000E+00  0.00000000E+00  0.00000000E+00  0.00000000E+00  0.00000000E+00  0.00000000E+00  0.00000000E+00  0.00000000E+00
-1.23825119E+01  2.18100000E-02  2.45800000E-02  2.09100000E-02  2.36400000E-02  2.95700000E-10  2.81100000E-10  1.58600000E-02  1.59100000E-02  0.00000000E+00  0.00000000E+00  0.00000000E+00  0.00000000E+00  0.00000000E+00  0.00000000E+00  0.00000000E+00  0.00000000E+00  0.00000000E+00  0.00000000E+00
-1.23645119E+01  2.36500000E-02  2.78700000E-02  2.37100000E-02  2.71000000E-02  2.93600000E-10  2.80600000E-10  1.57000000E-02  1.52000000E-02  0.00000000E+00  0.00000000E+00  0.00000000E+00  0.00000000E+00  0.00000000E+00  0.00000000E+00  0.00000000E+00  0.00000000E+00  0.00000000E+00  0.00000000E+00
-1.23475119E+01  2.71400000E-02  3.18100000E-02  2.77700000E-02  3.10300000E-02  2.95000000E-10  2.81000000E-10  1.52000000E-02  1.47900000E-02  0.00000000E+00  0.00000000E+00  0.00000000E+00  0.00000000E+00  0.00000000E+00  0.00000000E+00  0.00000000E+00  0.00000000E+00  0.00000000E+00  0.00000000E+00
-1.23305119E+01  3.15600000E-02  3.43600000E-02  3.20700000E-02  3.32800000E-02  2.94200000E-10  2.72400000E-10  1.51200000E-02  1.47300000E-02  0.00000000E+00  0.00000000E+00  0.00000000E+00  0.00000000E+00  0.00000000E+00  0.00000000E+00  0.00000000E+00  0.00000000E+00  0.00000000E+00  0.00000000E+00
-1.23125119E+01  3.44900000E-02  3.33300000E-02  3.38900000E-02  3.13900000E-02  2.78200000E-10  2.42300000E-10  1.52100000E-02  1.40200000E-02  0.00000000E+00  0.00000000E+00  0.00000000E+00  0.00000000E+00  0.00000000E+00  0.00000000E+00  0.00000000E+00  0.00000000E+00  0.00000000E+00  0.00000000E+00
-1.22955119E+01  3.36400000E-02  2.86700000E-02  3.10100000E-02  2.51300000E-02  2.37000000E-10  1.90700000E-10  1.43600000E-02  1.18700000E-02  0.00000000E+00  0.00000000E+00  0.00000000E+00  0.00000000E+00  0.00000000E+00  0.00000000E+00  0.00000000E+00  0.00000000E+00  0.00000000E+00  0.00000000E+00
-1.22775119E+01  2.90400000E-02  2.26400000E-02  2.39800000E-02  1.70400000E-02  1.77900000E-10  1.35500000E-10  1.19300000E-02  8.73300000E-03  0.00000000E+00  0.00000000E+00  0.00000000E+00  0.00000000E+00  0.00000000E+00  0.00000000E+00  0.00000000E+00  0.00000000E+00  0.00000000E+00  0.00000000E+00
-1.22605119E+01  2.28800000E-02  1.77100000E-02  1.57600000E-02  1.01300000E-02  1.21700000E-10  9.77300000E-11  8.57900000E-03  6.08100000E-03  0.00000000E+00  0.00000000E+00  0.00000000E+00  0.00000000E+00  0.00000000E+00  0.00000000E+00  0.00000000E+00  0.00000000E+00  0.00000000E+00  0.00000000E+00
-1.22425119E+01  1.75600000E-02  1.51500000E-02  9.17200000E-03  5.79100000E-03  8.66000000E-11  8.75700000E-11  5.87300000E-03  5.32900000E-03  0.00000000E+00  0.00000000E+00  0.00000000E+00  0.00000000E+00  0.00000000E+00  0.00000000E+00  0.00000000E+00  0.00000000E+00  0.00000000E+00  0.00000000E+00
-1.22255119E+01  1.45300000E-02  1.56500000E-02  5.18700000E-03  3.81600000E-03  7.95500000E-11  1.02900000E-10  5.19900000E-03  7.06500000E-03  0.00000000E+00  0.00000000E+00  0.00000000E+00  0.00000000E+00  0.00000000E+00  0.00000000E+00  0.00000000E+00  0.00000000E+00  0.00000000E+00  0.00000000E+00
-1.22085119E+01  1.48400000E-02  1.98300000E-02  3.45900000E-03  3.56400000E-03  9.85400000E-11  1.34700000E-10  7.08600000E-03  1.07900000E-02  0.00000000E+00  0.00000000E+00  0.00000000E+00  0.00000000E+00  0.00000000E+00  0.00000000E+00  0.00000000E+00  0.00000000E+00  0.00000000E+00  0.00000000E+00
-1.21905119E+01  1.92500000E-02  2.70300000E-02  3.41900000E-03  4.50400000E-03  1.35900000E-10  1.69600000E-10  1.09400000E-02  1.49100000E-02  0.00000000E+00  0.00000000E+00  0.00000000E+00  0.00000000E+00  0.00000000E+00  0.00000000E+00  0.00000000E+00  0.00000000E+00  0.00000000E+00  0.00000000E+00
-1.21735119E+01  2.68700000E-02  3.42900000E-02  4.60400000E-03  6.10500000E-03  1.77400000E-10  1.92400000E-10  1.50600000E-02  1.73400000E-02  0.00000000E+00  0.00000000E+00  0.00000000E+00  0.00000000E+00  0.00000000E+00  0.00000000E+00  0.00000000E+00  0.00000000E+00  0.00000000E+00  0.00000000E+00
-1.21555119E+01  3.45100000E-02  3.80500000E-02  6.48400000E-03  7.88200000E-03  2.05500000E-10  1.93800000E-10  1.73600000E-02  1.68500000E-02  0.00000000E+00  0.00000000E+00  0.00000000E+00  0.00000000E+00  0.00000000E+00  0.00000000E+00  0.00000000E+00  0.00000000E+00  0.00000000E+00  0.00000000E+00
-1.21385119E+01  3.86000000E-02  3.72600000E-02  8.53800000E-03  9.65100000E-03  2.08900000E-10  1.77600000E-10  1.67700000E-02  1.41800000E-02  0.00000000E+00  0.00000000E+00  0.00000000E+00  0.00000000E+00  0.00000000E+00  0.00000000E+00  0.00000000E+00  0.00000000E+00  0.00000000E+00  0.00000000E+00
-1.21215119E+01  3.81000000E-02  3.39200000E-02  1.04800000E-02  1.14100000E-02  1.91400000E-10  1.58300000E-10  1.42000000E-02  1.15400000E-02  0.00000000E+00  0.00000000E+00  0.00000000E+00  0.00000000E+00  0.00000000E+00  0.00000000E+00  0.00000000E+00  0.00000000E+00  0.00000000E+00  0.00000000E+00
-1.21035119E+01  3.48300000E-02  3.04800000E-02  1.21600000E-02  1.29100000E-02  1.68100000E-10  1.50300000E-10  1.17700000E-02  1.06500000E-02  0.00000000E+00  0.00000000E+00  0.00000000E+00  0.00000000E+00  0.00000000E+00  0.00000000E+00  0.00000000E+00  0.00000000E+00  0.00000000E+00  0.00000000E+00
-1.20865119E+01  3.11000000E-02  2.78400000E-02  1.32800000E-02  1.37300000E-02  1.53900000E-10  1.58900000E-10  1.10200000E-02  1.15700000E-02  0.00000000E+00  0.00000000E+00  0.00000000E+00  0.00000000E+00  0.00000000E+00  0.00000000E+00  0.00000000E+00  0.00000000E+00  0.00000000E+00  0.00000000E+00
-1.20685119E+01  2.79700000E-02  2.58500000E-02  1.35800000E-02  1.37900000E-02  1.56500000E-10  1.81200000E-10  1.18900000E-02  1.31300000E-02  0.00000000E+00  0.00000000E+00  0.00000000E+00  0.00000000E+00  0.00000000E+00  0.00000000E+00  0.00000000E+00  0.00000000E+00  0.00000000E+00  0.00000000E+00
-1.20515119E+01  2.57800000E-02  2.49200000E-02  1.33900000E-02  1.38100000E-02  1.77100000E-10  2.13200000E-10  1.34200000E-02  1.45500000E-02  0.00000000E+00  0.00000000E+00  0.00000000E+00  0.00000000E+00  0.00000000E+00  0.00000000E+00  0.00000000E+00  0.00000000E+00  0.00000000E+00  0.00000000E+00
-1.20335119E+01  2.52500000E-02  2.65600000E-02  1.37000000E-02  1.51400000E-02  2.16100000E-10  2.60500000E-10  1.50800000E-02  1.62500000E-02  0.00000000E+00  0.00000000E+00  0.00000000E+00  0.00000000E+00  0.00000000E+00  0.00000000E+00  0.00000000E+00  0.00000000E+00  0.00000000E+00  0.00000000E+00
-1.20165119E+01  2.75700000E-02  3.21600000E-02  1.56400000E-02  1.88500000E-02  2.77400000E-10  3.37100000E-10  1.72200000E-02  1.91500000E-02  0.00000000E+00  0.00000000E+00  0.00000000E+00  0.00000000E+00  0.00000000E+00  0.00000000E+00  0.00000000E+00  0.00000000E+00  0.00000000E+00  0.00000000E+00
-1.19995119E+01  3.33700000E-02  4.09800000E-02  1.96900000E-02  2.43700000E-02  3.66700000E-10  4.43400000E-10  2.02600000E-02  2.31400000E-02  0.00000000E+00  0.00000000E+00  0.00000000E+00  0.00000000E+00  0.00000000E+00  0.00000000E+00  0.00000000E+00  0.00000000E+00  0.00000000E+00  0.00000000E+00
-1.19815119E+01  4.15800000E-02  4.95700000E-02  2.49200000E-02  2.90100000E-02  4.75800000E-10  5.41900000E-10  2.38500000E-02  2.65800000E-02  0.00000000E+00  0.00000000E+00  0.00000000E+00  0.00000000E+00  0.00000000E+00  0.00000000E+00  0.00000000E+00  0.00000000E+00  0.00000000E+00  0.00000000E+00
-1.19645119E+01  4.93700000E-02  5.42000000E-02  2.88700000E-02  2.96300000E-02  5.66500000E-10  5.75700000E-10  2.66900000E-02  2.76000000E-02  0.00000000E+00  0.00000000E+00  0.00000000E+00  0.00000000E+00  0.00000000E+00  0.00000000E+00  0.00000000E+00  0.00000000E+00  0.00000000E+00  0.00000000E+00
-1.19465119E+01  5.38000000E-02  5.39300000E-02  2.89700000E-02  2.54400000E-02  5.89800000E-10  5.22500000E-10  2.74500000E-02  2.58500000E-02  0.00000000E+00  0.00000000E+00  0.00000000E+00  0.00000000E+00  0.00000000E+00  0.00000000E+00  0.00000000E+00  0.00000000E+00  0.00000000E+00  0.00000000E+00
-1.19295119E+01  5.38500000E-02  5.04600000E-02  2.47600000E-02  1.86800000E-02  5.30400000E-10  4.16700000E-10  2.58700000E-02  2.26200000E-02  0.00000000E+00  0.00000000E+00  0.00000000E+00  0.00000000E+00  0.00000000E+00  0.00000000E+00  0.00000000E+00  0.00000000E+00  0.00000000E+00  0.00000000E+00
-1.19125119E+01  5.03900000E-02  4.51700000E-02  1.82900000E-02  1.23600000E-02  4.21700000E-10  3.09900000E-10  2.27700000E-02  1.91100000E-02  0.00000000E+00  0.00000000E+00  0.00000000E+00  0.00000000E+00  0.00000000E+00  0.00000000E+00  0.00000000E+00  0.00000000E+00  0.00000000E+00  0.00000000E+00
-1.18945119E+01  4.42600000E-02  3.79300000E-02  1.22200000E-02  7.95100000E-03  3.10900000E-10  2.26500000E-10  1.90000000E-02  1.54300000E-02  0.00000000E+00  0.00000000E+00  0.00000000E+00  0.00000000E+00  0.00000000E+00  0.00000000E+00  0.00000000E+00  0.00000000E+00  0.00000000E+00  0.00000000E+00
-1.18775119E+01  3.58700000E-02  2.92200000E-02  7.85300000E-03  5.41100000E-03  2.21600000E-10  1.65900000E-10  1.48500000E-02  1.14800000E-02  0.00000000E+00  0.00000000E+00  0.00000000E+00  0.00000000E+00  0.00000000E+00  0.00000000E+00  0.00000000E+00  0.00000000E+00  0.00000000E+00  0.00000000E+00
-1.18595119E+01  2.65500000E-02  2.13300000E-02  5.23700000E-03  4.53000000E-03  1.56600000E-10  1.27600000E-10  1.06100000E-02  7.85300000E-03  0.00000000E+00  0.00000000E+00  0.00000000E+00  0.00000000E+00  0.00000000E+00  0.00000000E+00  0.00000000E+00  0.00000000E+00  0.00000000E+00  0.00000000E+00
-1.18425119E+01  1.89200000E-02  1.68200000E-02  4.27600000E-03  5.49000000E-03  1.17900000E-10  1.19400000E-10  7.03400000E-03  5.47600000E-03  0.00000000E+00  0.00000000E+00  0.00000000E+00  0.00000000E+00  0.00000000E+00  0.00000000E+00  0.00000000E+00  0.00000000E+00  0.00000000E+00  0.00000000E+00
-1.18245119E+01  1.51400000E-02  1.64000000E-02  5.21200000E-03  8.27200000E-03  1.12500000E-10  1.43200000E-10  4.92000000E-03  4.73500000E-03  0.00000000E+00  0.00000000E+00  0.00000000E+00  0.00000000E+00  0.00000000E+00  0.00000000E+00  0.00000000E+00  0.00000000E+00  0.00000000E+00  0.00000000E+00
-1.18075119E+01  1.54700000E-02  1.83300000E-02  8.08200000E-03  1.18800000E-02  1.41500000E-10  1.83700000E-10  4.45500000E-03  5.16300000E-03  0.00000000E+00  0.00000000E+00  0.00000000E+00  0.00000000E+00  0.00000000E+00  0.00000000E+00  0.00000000E+00  0.00000000E+00  0.00000000E+00  0.00000000E+00
-1.17905119E+01  1.80800000E-02  1.96900000E-02  1.19700000E-02  1.45100000E-02  1.88700000E-10  2.11700000E-10  5.11500000E-03  5.86000000E-03  0.00000000E+00  0.00000000E+00  0.00000000E+00  0.00000000E+00  0.00000000E+00  0.00000000E+00  0.00000000E+00  0.00000000E+00  0.00000000E+00  0.00000000E+00
-1.17725119E+01  2.00900000E-02  1.85300000E-02  1.50100000E-02  1.47800000E-02  2.23600000E-10  2.05100000E-10  6.02500000E-03  6.15800000E-03  0.00000000E+00  0.00000000E+00  0.00000000E+00  0.00000000E+00  0.00000000E+00  0.00000000E+00  0.00000000E+00  0.00000000E+00  0.00000000E+00  0.00000000E+00
-1.17555119E+01  1.94400000E-02  1.53400000E-02  1.56100000E-02  1.28600000E-02  2.21100000E-10  1.66800000E-10  6.48500000E-03  6.01200000E-03  0.00000000E+00  0.00000000E+00  0.00000000E+00  0.00000000E+00  0.00000000E+00  0.00000000E+00  0.00000000E+00  0.00000000E+00  0.00000000E+00  0.00000000E+00
-1.17375119E+01  1.64400000E-02  1.24200000E-02  1.36900000E-02  1.01900000E-02  1.81700000E-10  1.20300000E-10  6.37900000E-03  5.90000000E-03  0.00000000E+00  0.00000000E+00  0.00000000E+00  0.00000000E+00  0.00000000E+00  0.00000000E+00  0.00000000E+00  0.00000000E+00  0.00000000E+00  0.00000000E+00
-1.17205119E+01  1.34200000E-02  1.19600000E-02  1.07500000E-02  8.28800000E-03  1.31100000E-10  9.10500000E-11  6.18600000E-03  6.42200000E-03  0.00000000E+00  0.00000000E+00  0.00000000E+00  0.00000000E+00  0.00000000E+00  0.00000000E+00  0.00000000E+00  0.00000000E+00  0.00000000E+00  0.00000000E+00
-1.17025119E+01  1.27700000E-02  1.44500000E-02  8.57500000E-03  7.90200000E-03  9.87100000E-11  9.09500000E-11  6.61200000E-03  7.88200000E-03  0.00000000E+00  0.00000000E+00  0.00000000E+00  0.00000000E+00  0.00000000E+00  0.00000000E+00  0.00000000E+00  0.00000000E+00  0.00000000E+00  0.00000000E+00
-1.16855119E+01  1.51100000E-02  1.83900000E-02  8.10600000E-03  8.82400000E-03  9.86300000E-11  1.15800000E-10  8.04500000E-03  9.94100000E-03  0.00000000E+00  0.00000000E+00  0.00000000E+00  0.00000000E+00  0.00000000E+00  0.00000000E+00  0.00000000E+00  0.00000000E+00  0.00000000E+00  0.00000000E+00
-1.16685119E+01  1.88500000E-02  2.12500000E-02  9.08800000E-03  1.02600000E-02  1.25200000E-10  1.50900000E-10  1.01300000E-02  1.16900000E-02  0.00000000E+00  0.00000000E+00  0.00000000E+00  0.00000000E+00  0.00000000E+00  0.00000000E+00  0.00000000E+00  0.00000000E+00  0.00000000E+00  0.00000000E+00
-1.16505119E+01  2.13900000E-02  2.13700000E-02  1.05700000E-02  1.14600000E-02  1.61300000E-10  1.80600000E-10  1.18900000E-02  1.22700000E-02  0.00000000E+00  0.00000000E+00  0.00000000E+00  0.00000000E+00  0.00000000E+00  0.00000000E+00  0.00000000E+00  0.00000000E+00  0.00000000E+00  0.00000000E+00
-1.16335119E+01  2.11700000E-02  1.91200000E-02  1.16900000E-02  1.20600000E-02  1.89700000E-10  1.96500000E-10  1.24500000E-02  1.15200000E-02  0.00000000E+00  0.00000000E+00  0.00000000E+00  0.00000000E+00  0.00000000E+00  0.00000000E+00  0.00000000E+00  0.00000000E+00  0.00000000E+00  0.00000000E+00
-1.16155119E+01  1.86900000E-02  1.62800000E-02  1.20700000E-02  1.20800000E-02  2.01800000E-10  1.99300000E-10  1.16300000E-02  9.90400000E-03  0.00000000E+00  0.00000000E+00  0.00000000E+00  0.00000000E+00  0.00000000E+00  0.00000000E+00  0.00000000E+00  0.00000000E+00  0.00000000E+00  0.00000000E+00
-1.15985119E+01  1.58200000E-02  1.45900000E-02  1.17900000E-02  1.16500000E-02  2.00200000E-10  1.96700000E-10  9.89000000E-03  8.15000000E-03  0.00000000E+00  0.00000000E+00  0.00000000E+00  0.00000000E+00  0.00000000E+00  0.00000000E+00  0.00000000E+00  0.00000000E+00  0.00000000E+00  0.00000000E+00
-1.15815119E+01  1.43600000E-02  1.49800000E-02  1.11600000E-02  1.09000000E-02  1.96000000E-10  1.97000000E-10  8.08900000E-03  7.02200000E-03  0.00000000E+00  0.00000000E+00  0.00000000E+00  0.00000000E+00  0.00000000E+00  0.00000000E+00  0.00000000E+00  0.00000000E+00  0.00000000E+00  0.00000000E+00
-1.15635119E+01  1.53300000E-02  1.74300000E-02  1.04600000E-02  9.81900000E-03  2.00000000E-10  2.03100000E-10  7.10000000E-03  7.01000000E-03  0.00000000E+00  0.00000000E+00  0.00000000E+00  0.00000000E+00  0.00000000E+00  0.00000000E+00  0.00000000E+00  0.00000000E+00  0.00000000E+00  0.00000000E+00
-1.15465119E+01  1.84400000E-02  2.07700000E-02  9.62900000E-03  8.41300000E-03  2.13000000E-10  2.10300000E-10  7.36800000E-03  7.96600000E-03  0.00000000E+00  0.00000000E+00  0.00000000E+00  0.00000000E+00  0.00000000E+00  0.00000000E+00  0.00000000E+00  0.00000000E+00  0.00000000E+00  0.00000000E+00
-1.15285119E+01  2.20600000E-02  2.29900000E-02  8.48600000E-03  6.92100000E-03  2.25200000E-10  2.10600000E-10  8.53800000E-03  9.13800000E-03  0.00000000E+00  0.00000000E+00  0.00000000E+00  0.00000000E+00  0.00000000E+00  0.00000000E+00  0.00000000E+00  0.00000000E+00  0.00000000E+00  0.00000000E+00
-1.15115119E+01  2.38600000E-02  2.25200000E-02  7.15500000E-03  5.87000000E-03  2.25900000E-10  2.01600000E-10  9.72100000E-03  9.84000000E-03  0.00000000E+00  0.00000000E+00  0.00000000E+00  0.00000000E+00  0.00000000E+00  0.00000000E+00  0.00000000E+00  0.00000000E+00  0.00000000E+00  0.00000000E+00
-1.14935119E+01  2.25700000E-02  1.98100000E-02  6.17800000E-03  5.79300000E-03  2.15100000E-10  1.91500000E-10  1.03100000E-02  1.00900000E-02  0.00000000E+00  0.00000000E+00  0.00000000E+00  0.00000000E+00  0.00000000E+00  0.00000000E+00  0.00000000E+00  0.00000000E+00  0.00000000E+00  0.00000000E+00
-1.14765119E+01  1.92300000E-02  1.74400000E-02  6.10600000E-03  7.00600000E-03  2.04800000E-10  1.96300000E-10  1.04600000E-02  1.04800000E-02  0.00000000E+00  0.00000000E+00  0.00000000E+00  0.00000000E+00  0.00000000E+00  0.00000000E+00  0.00000000E+00  0.00000000E+00  0.00000000E+00  0.00000000E+00
-1.14595119E+01  1.66200000E-02  1.85200000E-02  7.19000000E-03  9.70200000E-03  2.11000000E-10  2.32700000E-10  1.07700000E-02  1.15100000E-02  0.00000000E+00  0.00000000E+00  0.00000000E+00  0.00000000E+00  0.00000000E+00  0.00000000E+00  0.00000000E+00  0.00000000E+00  0.00000000E+00  0.00000000E+00
-1.14415119E+01  1.76500000E-02  2.48700000E-02  9.63800000E-03  1.41000000E-02  2.49300000E-10  3.14700000E-10  1.17500000E-02  1.34800000E-02  0.00000000E+00  0.00000000E+00  0.00000000E+00  0.00000000E+00  0.00000000E+00  0.00000000E+00  0.00000000E+00  0.00000000E+00  0.00000000E+00  0.00000000E+00
-1.14245119E+01  2.40400000E-02  3.55700000E-02  1.38700000E-02  1.99400000E-02  3.34600000E-10  4.41800000E-10  1.38300000E-02  1.64900000E-02  0.00000000E+00  0.00000000E+00  0.00000000E+00  0.00000000E+00  0.00000000E+00  0.00000000E+00  0.00000000E+00  0.00000000E+00  0.00000000E+00  0.00000000E+00
-1.14065119E+01  3.49400000E-02  4.62600000E-02  1.97800000E-02  2.55300000E-02  4.65200000E-10  5.76000000E-10  1.71200000E-02  1.99000000E-02  0.00000000E+00  0.00000000E+00  0.00000000E+00  0.00000000E+00  0.00000000E+00  0.00000000E+00  0.00000000E+00  0.00000000E+00  0.00000000E+00  0.00000000E+00
-1.13895119E+01  4.58100000E-02  5.10800000E-02  2.55100000E-02  2.80200000E-02  5.96500000E-10  6.43800000E-10  2.06000000E-02  2.22000000E-02  0.00000000E+00  0.00000000E+00  0.00000000E+00  0.00000000E+00  0.00000000E+00  0.00000000E+00  0.00000000E+00  0.00000000E+00  0.00000000E+00  0.00000000E+00
-1.13725119E+01  5.04500000E-02  4.73800000E-02  2.78800000E-02  2.57900000E-02  6.50800000E-10  5.92400000E-10  2.24400000E-02  2.22600000E-02  0.00000000E+00  0.00000000E+00  0.00000000E+00  0.00000000E+00  0.00000000E+00  0.00000000E+00  0.00000000E+00  0.00000000E+00  0.00000000E+00  0.00000000E+00
-1.13545119E+01  4.61700000E-02  3.82900000E-02  2.52200000E-02  2.02700000E-02  5.81600000E-10  4.44000000E-10  2.17500000E-02  2.06000000E-02  0.00000000E+00  0.00000000E+00  0.00000000E+00  0.00000000E+00  0.00000000E+00  0.00000000E+00  0.00000000E+00  0.00000000E+00  0.00000000E+00  0.00000000E+00
-1.13375119E+01  3.64600000E-02  2.95300000E-02  1.92400000E-02  1.47800000E-02  4.22600000E-10  2.78800000E-10  1.95900000E-02  1.85300000E-02  0.00000000E+00  0.00000000E+00  0.00000000E+00  0.00000000E+00  0.00000000E+00  0.00000000E+00  0.00000000E+00  0.00000000E+00  0.00000000E+00  0.00000000E+00
-1.13195119E+01  2.74000000E-02  2.45100000E-02  1.35800000E-02  1.17300000E-02  2.58300000E-10  1.68200000E-10  1.75100000E-02  1.66700000E-02  0.00000000E+00  0.00000000E+00  0.00000000E+00  0.00000000E+00  0.00000000E+00  0.00000000E+00  0.00000000E+00  0.00000000E+00  0.00000000E+00  0.00000000E+00
-1.13025119E+01  2.25900000E-02  2.33700000E-02  1.07800000E-02  1.15400000E-02  1.56000000E-10  1.39000000E-10  1.59200000E-02  1.51200000E-02  0.00000000E+00  0.00000000E+00  0.00000000E+00  0.00000000E+00  0.00000000E+00  0.00000000E+00  0.00000000E+00  0.00000000E+00  0.00000000E+00  0.00000000E+00
-1.12845119E+01  2.21500000E-02  2.54900000E-02  1.11500000E-02  1.34600000E-02  1.37100000E-10  1.85000000E-10  1.46600000E-02  1.45900000E-02  0.00000000E+00  0.00000000E+00  0.00000000E+00  0.00000000E+00  0.00000000E+00  0.00000000E+00  0.00000000E+00  0.00000000E+00  0.00000000E+00  0.00000000E+00
-1.12675119E+01  2.52200000E-02  3.04400000E-02  1.37100000E-02  1.64400000E-02  1.93300000E-10  2.83700000E-10  1.43900000E-02  1.60400000E-02  0.00000000E+00  0.00000000E+00  0.00000000E+00  0.00000000E+00  0.00000000E+00  0.00000000E+00  0.00000000E+00  0.00000000E+00  0.00000000E+00  0.00000000E+00
-1.12505119E+01  3.10700000E-02  3.67000000E-02  1.72000000E-02  1.91700000E-02  3.01200000E-10  3.97300000E-10  1.60800000E-02  1.92300000E-02  0.00000000E+00  0.00000000E+00  0.00000000E+00  0.00000000E+00  0.00000000E+00  0.00000000E+00  0.00000000E+00  0.00000000E+00  0.00000000E+00  0.00000000E+00
-1.12325119E+01  3.79800000E-02  4.14900000E-02  2.02500000E-02  2.03800000E-02  4.21100000E-10  4.79700000E-10  1.94500000E-02  2.26100000E-02  0.00000000E+00  0.00000000E+00  0.00000000E+00  0.00000000E+00  0.00000000E+00  0.00000000E+00  0.00000000E+00  0.00000000E+00  0.00000000E+00  0.00000000E+00
-1.12155119E+01  4.30900000E-02  4.31900000E-02  2.16800000E-02  1.97600000E-02  5.04500000E-10  5.03800000E-10  2.28100000E-02  2.51100000E-02  0.00000000E+00  0.00000000E+00  0.00000000E+00  0.00000000E+00  0.00000000E+00  0.00000000E+00  0.00000000E+00  0.00000000E+00  0.00000000E+00  0.00000000E+00
-1.11975119E+01  4.46000000E-02  4.29000000E-02  2.11100000E-02  1.80300000E-02  5.23300000E-10  4.81900000E-10  2.49400000E-02  2.73400000E-02  0.00000000E+00  0.00000000E+00  0.00000000E+00  0.00000000E+00  0.00000000E+00  0.00000000E+00  0.00000000E+00  0.00000000E+00  0.00000000E+00  0.00000000E+00
-1.11805119E+01  4.35600000E-02  4.26600000E-02  1.91400000E-02  1.60300000E-02  4.90900000E-10  4.48600000E-10  2.65200000E-02  3.03000000E-02  0.00000000E+00  0.00000000E+00  0.00000000E+00  0.00000000E+00  0.00000000E+00  0.00000000E+00  0.00000000E+00  0.00000000E+00  0.00000000E+00  0.00000000E+00
-1.11625119E+01  4.23300000E-02  4.26800000E-02  1.66400000E-02  1.41000000E-02  4.46100000E-10  4.24000000E-10  2.89100000E-02  3.30800000E-02  0.00000000E+00  0.00000000E+00  0.00000000E+00  0.00000000E+00  0.00000000E+00  0.00000000E+00  0.00000000E+00  0.00000000E+00  0.00000000E+00  0.00000000E+00
-1.11455119E+01  4.16800000E-02  4.09200000E-02  1.41500000E-02  1.21400000E-02  4.14200000E-10  3.99000000E-10  3.17000000E-02  3.29000000E-02  0.00000000E+00  0.00000000E+00  0.00000000E+00  0.00000000E+00  0.00000000E+00  0.00000000E+00  0.00000000E+00  0.00000000E+00  0.00000000E+00  0.00000000E+00
-1.11285119E+01  3.98900000E-02  3.55000000E-02  1.18300000E-02  9.97300000E-03  3.89300000E-10  3.53400000E-10  3.21900000E-02  2.79700000E-02  0.00000000E+00  0.00000000E+00  0.00000000E+00  0.00000000E+00  0.00000000E+00  0.00000000E+00  0.00000000E+00  0.00000000E+00  0.00000000E+00  0.00000000E+00
-1.11105119E+01  3.49500000E-02  2.69400000E-02  9.62300000E-03  7.59600000E-03  3.50300000E-10  2.81000000E-10  2.81300000E-02  1.96600000E-02  0.00000000E+00  0.00000000E+00  0.00000000E+00  0.00000000E+00  0.00000000E+00  0.00000000E+00  0.00000000E+00  0.00000000E+00  0.00000000E+00  0.00000000E+00
-1.10935119E+01  2.70200000E-02  1.79700000E-02  7.44100000E-03  5.20700000E-03  2.87100000E-10  1.95200000E-10  2.03200000E-02  1.13900000E-02  0.00000000E+00  0.00000000E+00  0.00000000E+00  0.00000000E+00  0.00000000E+00  0.00000000E+00  0.00000000E+00  0.00000000E+00  0.00000000E+00  0.00000000E+00
-1.10755119E+01  1.85400000E-02  1.16200000E-02  5.30700000E-03  3.18100000E-03  2.08700000E-10  1.17800000E-10  1.20800000E-02  5.86300000E-03  0.00000000E+00  0.00000000E+00  0.00000000E+00  0.00000000E+00  0.00000000E+00  0.00000000E+00  0.00000000E+00  0.00000000E+00  0.00000000E+00  0.00000000E+00
-1.10585119E+01  1.23700000E-02  9.70300000E-03  3.42600000E-03  1.92900000E-03  1.33400000E-10  6.58800000E-11  6.31300000E-03  3.70200000E-03  0.00000000E+00  0.00000000E+00  0.00000000E+00  0.00000000E+00  0.00000000E+00  0.00000000E+00  0.00000000E+00  0.00000000E+00  0.00000000E+00  0.00000000E+00
-1.10415119E+01  1.03000000E-02  1.26000000E-02  2.14300000E-03  1.81700000E-03  7.82500000E-11  4.85900000E-11  3.88800000E-03  4.16800000E-03  0.00000000E+00  0.00000000E+00  0.00000000E+00  0.00000000E+00  0.00000000E+00  0.00000000E+00  0.00000000E+00  0.00000000E+00  0.00000000E+00  0.00000000E+00
-1.10235119E+01  1.26800000E-02  1.96300000E-02  1.86700000E-03  3.15200000E-03  5.49000000E-11  6.87300000E-11  4.12200000E-03  6.21000000E-03  0.00000000E+00  0.00000000E+00  0.00000000E+00  0.00000000E+00  0.00000000E+00  0.00000000E+00  0.00000000E+00  0.00000000E+00  0.00000000E+00  0.00000000E+00
-1.10065119E+01  1.86700000E-02  2.95500000E-02  2.97800000E-03  6.00700000E-03  6.89800000E-11  1.21700000E-10  5.90200000E-03  8.94500000E-03  0.00000000E+00  0.00000000E+00  0.00000000E+00  0.00000000E+00  0.00000000E+00  0.00000000E+00  0.00000000E+00  0.00000000E+00  0.00000000E+00  0.00000000E+00
-1.09885119E+01  2.68700000E-02  4.08000000E-02  5.60900000E-03  9.89100000E-03  1.17600000E-10  1.89200000E-10  8.29300000E-03  1.17400000E-02  0.00000000E+00  0.00000000E+00  0.00000000E+00  0.00000000E+00  0.00000000E+00  0.00000000E+00  0.00000000E+00  0.00000000E+00  0.00000000E+00  0.00000000E+00
-1.09715119E+01  3.59400000E-02  5.14700000E-02  9.32500000E-03  1.38300000E-02  1.83500000E-10  2.41500000E-10  1.07000000E-02  1.41600000E-02  0.00000000E+00  0.00000000E+00  0.00000000E+00  0.00000000E+00  0.00000000E+00  0.00000000E+00  0.00000000E+00  0.00000000E+00  0.00000000E+00  0.00000000E+00
-1.09535119E+01  4.47900000E-02  5.92000000E-02  1.32300000E-02  1.71600000E-02  2.37000000E-10  2.57200000E-10  1.28800000E-02  1.60100000E-02  0.00000000E+00  0.00000000E+00  0.00000000E+00  0.00000000E+00  0.00000000E+00  0.00000000E+00  0.00000000E+00  0.00000000E+00  0.00000000E+00  0.00000000E+00
-1.09365119E+01  5.23800000E-02  6.16200000E-02  1.67500000E-02  2.02300000E-02  2.56900000E-10  2.43700000E-10  1.48800000E-02  1.72600000E-02  0.00000000E+00  0.00000000E+00  0.00000000E+00  0.00000000E+00  0.00000000E+00  0.00000000E+00  0.00000000E+00  0.00000000E+00  0.00000000E+00  0.00000000E+00
-1.09195119E+01  5.72500000E-02  5.73700000E-02  2.02900000E-02  2.38700000E-02  2.49700000E-10  2.30200000E-10  1.68700000E-02  1.80100000E-02  0.00000000E+00  0.00000000E+00  0.00000000E+00  0.00000000E+00  0.00000000E+00  0.00000000E+00  0.00000000E+00  0.00000000E+00  0.00000000E+00  0.00000000E+00
-1.09015119E+01  5.74400000E-02  4.73000000E-02  2.45000000E-02  2.81000000E-02  2.43200000E-10  2.39800000E-10  1.87700000E-02  1.84900000E-02  0.00000000E+00  0.00000000E+00  0.00000000E+00  0.00000000E+00  0.00000000E+00  0.00000000E+00  0.00000000E+00  0.00000000E+00  0.00000000E+00  0.00000000E+00
-1.08845119E+01  5.15900000E-02  3.49600000E-02  2.89500000E-02  3.15100000E-02  2.57100000E-10  2.70300000E-10  2.02600000E-02  1.90600000E-02  0.00000000E+00  0.00000000E+00  0.00000000E+00  0.00000000E+00  0.00000000E+00  0.00000000E+00  0.00000000E+00  0.00000000E+00  0.00000000E+00  0.00000000E+00
-1.08665119E+01  4.08600000E-02  2.48700000E-02  3.19100000E-02  3.20000000E-02  2.85300000E-10  3.00700000E-10  2.11000000E-02  1.99000000E-02  0.00000000E+00  0.00000000E+00  0.00000000E+00  0.00000000E+00  0.00000000E+00  0.00000000E+00  0.00000000E+00  0.00000000E+00  0.00000000E+00  0.00000000E+00
-1.08495119E+01  2.92300000E-02  1.98800000E-02  3.15200000E-02  2.84600000E-02  3.06300000E-10  3.09200000E-10  2.13700000E-02  2.06600000E-02  0.00000000E+00  0.00000000E+00  0.00000000E+00  0.00000000E+00  0.00000000E+00  0.00000000E+00  0.00000000E+00  0.00000000E+00  0.00000000E+00  0.00000000E+00
-1.08315119E+01  2.09000000E-02  2.00700000E-02  2.72700000E-02  2.19500000E-02  3.02400000E-10  2.86900000E-10  2.10100000E-02  2.05900000E-02  0.00000000E+00  0.00000000E+00  0.00000000E+00  0.00000000E+00  0.00000000E+00  0.00000000E+00  0.00000000E+00  0.00000000E+00  0.00000000E+00  0.00000000E+00
-1.08145119E+01  1.78900000E-02  2.32800000E-02  2.05600000E-02  1.50100000E-02  2.70500000E-10  2.38600000E-10  1.97000000E-02  1.93900000E-02  0.00000000E+00  0.00000000E+00  0.00000000E+00  0.00000000E+00  0.00000000E+00  0.00000000E+00  0.00000000E+00  0.00000000E+00  0.00000000E+00  0.00000000E+00
-1.07975119E+01  1.96400000E-02  2.64100000E-02  1.38400000E-02  9.65700000E-03  2.19900000E-10  1.77000000E-10  1.75600000E-02  1.76800000E-02  0.00000000E+00  0.00000000E+00  0.00000000E+00  0.00000000E+00  0.00000000E+00  0.00000000E+00  0.00000000E+00  0.00000000E+00  0.00000000E+00  0.00000000E+00
-1.07795119E+01  2.38300000E-02  2.68800000E-02  8.96800000E-03  6.33400000E-03  1.64700000E-10  1.16900000E-10  1.54800000E-02  1.64900000E-02  0.00000000E+00  0.00000000E+00  0.00000000E+00  0.00000000E+00  0.00000000E+00  0.00000000E+00  0.00000000E+00  0.00000000E+00  0.00000000E+00  0.00000000E+00
-1.07625119E+01  2.72400000E-02  2.40200000E-02  6.24300000E-03  4.46200000E-03  1.15600000E-10  6.96000000E-11  1.45400000E-02  1.62500000E-02  0.00000000E+00  0.00000000E+00  0.00000000E+00  0.00000000E+00  0.00000000E+00  0.00000000E+00  0.00000000E+00  0.00000000E+00  0.00000000E+00  0.00000000E+00
-1.07445119E+01  2.73400000E-02  1.91600000E-02  4.93600000E-03  3.68000000E-03  7.70200000E-11  4.03700000E-11  1.50400000E-02  1.63500000E-02  0.00000000E+00  0.00000000E+00  0.00000000E+00  0.00000000E+00  0.00000000E+00  0.00000000E+00  0.00000000E+00  0.00000000E+00  0.00000000E+00  0.00000000E+00
-1.07275119E+01  2.39100000E-02  1.43800000E-02  4.49200000E-03  4.34500000E-03  5.04400000E-11  2.97000000E-11  1.62400000E-02  1.58000000E-02  0.00000000E+00  0.00000000E+00  0.00000000E+00  0.00000000E+00  0.00000000E+00  0.00000000E+00  0.00000000E+00  0.00000000E+00  0.00000000E+00  0.00000000E+00
-1.07105119E+01  1.88200000E-02  1.13000000E-02  5.17300000E-03  7.07600000E-03  3.74000000E-11  3.62600000E-11  1.70300000E-02  1.44200000E-02  0.00000000E+00  0.00000000E+00  0.00000000E+00  0.00000000E+00  0.00000000E+00  0.00000000E+00  0.00000000E+00  0.00000000E+00  0.00000000E+00  0.00000000E+00
-1.06925119E+01  1.44800000E-02  1.07400000E-02  7.61000000E-03  1.18200000E-02  3.94400000E-11  5.71200000E-11  1.67300000E-02  1.29800000E-02  0.00000000E+00  0.00000000E+00  0.00000000E+00  0.00000000E+00  0.00000000E+00  0.00000000E+00  0.00000000E+00  0.00000000E+00  0.00000000E+00  0.00000000E+00
-1.06755119E+01  1.24000000E-02  1.24700000E-02  1.17900000E-02  1.71500000E-02  5.54900000E-11  8.49100000E-11  1.55400000E-02  1.20500000E-02  0.00000000E+00  0.00000000E+00  0.00000000E+00  0.00000000E+00  0.00000000E+00  0.00000000E+00  0.00000000E+00  0.00000000E+00  0.00000000E+00  0.00000000E+00
-1.06575119E+01  1.29200000E-02  1.51800000E-02  1.64800000E-02  2.06900000E-02  7.98200000E-11  1.08100000E-10  1.40100000E-02  1.13100000E-02  0.00000000E+00  0.00000000E+00  0.00000000E+00  0.00000000E+00  0.00000000E+00  0.00000000E+00  0.00000000E+00  0.00000000E+00  0.00000000E+00  0.00000000E+00
-1.06405119E+01  1.52200000E-02  1.73600000E-02  1.97200000E-02  2.08100000E-02  1.02600000E-10  1.20100000E-10  1.23200000E-02  1.02200000E-02  0.00000000E+00  0.00000000E+00  0.00000000E+00  0.00000000E+00  0.00000000E+00  0.00000000E+00  0.00000000E+00  0.00000000E+00  0.00000000E+00  0.00000000E+00
-1.06225119E+01  1.77900000E-02  1.87700000E-02  2.01200000E-02  1.82200000E-02  1.15800000E-10  1.32300000E-10  1.03700000E-02  9.17000000E-03  0.00000000E+00  0.00000000E+00  0.00000000E+00  0.00000000E+00  0.00000000E+00  0.00000000E+00  0.00000000E+00  0.00000000E+00  0.00000000E+00  0.00000000E+00
-1.06055119E+01  1.95600000E-02  2.06700000E-02  1.79800000E-02  1.56400000E-02  1.24300000E-10  1.75900000E-10  8.54800000E-03  9.62400000E-03  0.00000000E+00  0.00000000E+00  0.00000000E+00  0.00000000E+00  0.00000000E+00  0.00000000E+00  0.00000000E+00  0.00000000E+00  0.00000000E+00  0.00000000E+00
-1.05885119E+01  2.07100000E-02  2.42900000E-02  1.53700000E-02  1.58100000E-02  1.53800000E-10  2.81700000E-10  7.91900000E-03  1.29500000E-02  0.00000000E+00  0.00000000E+00  0.00000000E+00  0.00000000E+00  0.00000000E+00  0.00000000E+00  0.00000000E+00  0.00000000E+00  0.00000000E+00  0.00000000E+00
-1.05705119E+01  2.25100000E-02  2.92700000E-02  1.50200000E-02  1.96900000E-02  2.41800000E-10  4.44300000E-10  9.84300000E-03  1.90300000E-02  0.00000000E+00  0.00000000E+00  0.00000000E+00  0.00000000E+00  0.00000000E+00  0.00000000E+00  0.00000000E+00  0.00000000E+00  0.00000000E+00  0.00000000E+00
-1.05535119E+01  2.62200000E-02  3.37400000E-02  1.89100000E-02  2.64000000E-02  4.06200000E-10  6.09300000E-10  1.50900000E-02  2.58800000E-02  0.00000000E+00  0.00000000E+00  0.00000000E+00  0.00000000E+00  0.00000000E+00  0.00000000E+00  0.00000000E+00  0.00000000E+00  0.00000000E+00  0.00000000E+00
-1.05355119E+01  3.17500000E-02  3.58400000E-02  2.71500000E-02  3.45500000E-02  6.11300000E-10  7.06600000E-10  2.28600000E-02  3.09800000E-02  0.00000000E+00  0.00000000E+00  0.00000000E+00  0.00000000E+00  0.00000000E+00  0.00000000E+00  0.00000000E+00  0.00000000E+00  0.00000000E+00  0.00000000E+00
-1.05185119E+01  3.69700000E-02  3.50900000E-02  3.77700000E-02  4.28800000E-02  7.70700000E-10  7.02900000E-10  3.06200000E-02  3.31600000E-02  0.00000000E+00  0.00000000E+00  0.00000000E+00  0.00000000E+00  0.00000000E+00  0.00000000E+00  0.00000000E+00  0.00000000E+00  0.00000000E+00  0.00000000E+00
-1.05015119E+01  3.90400000E-02  3.21900000E-02  4.73000000E-02  4.93300000E-02  8.04500000E-10  6.17400000E-10  3.54100000E-02  3.28200000E-02  0.00000000E+00  0.00000000E+00  0.00000000E+00  0.00000000E+00  0.00000000E+00  0.00000000E+00  0.00000000E+00  0.00000000E+00  0.00000000E+00  0.00000000E+00
-1.04835119E+01  3.66100000E-02  2.79100000E-02  5.22000000E-02  5.09900000E-02  7.03300000E-10  4.96400000E-10  3.58600000E-02  3.04400000E-02  0.00000000E+00  0.00000000E+00  0.00000000E+00  0.00000000E+00  0.00000000E+00  0.00000000E+00  0.00000000E+00  0.00000000E+00  0.00000000E+00  0.00000000E+00
-1.04665119E+01  3.09200000E-02  2.29900000E-02  5.06300000E-02  4.64200000E-02  5.36000000E-10  3.89900000E-10  3.26300000E-02  2.60700000E-02  0.00000000E+00  0.00000000E+00  0.00000000E+00  0.00000000E+00  0.00000000E+00  0.00000000E+00  0.00000000E+00  0.00000000E+00  0.00000000E+00  0.00000000E+00
-1.04485119E+01  2.45800000E-02  1.85800000E-02  4.38100000E-02  3.77500000E-02  3.97900000E-10  3.37400000E-10  2.73300000E-02  2.03200000E-02  0.00000000E+00  0.00000000E+00  0.00000000E+00  0.00000000E+00  0.00000000E+00  0.00000000E+00  0.00000000E+00  0.00000000E+00  0.00000000E+00  0.00000000E+00
-1.04315119E+01  1.96700000E-02  1.56700000E-02  3.52400000E-02  2.89500000E-02  3.45200000E-10  3.45100000E-10  2.14200000E-02  1.46000000E-02  0.00000000E+00  0.00000000E+00  0.00000000E+00  0.00000000E+00  0.00000000E+00  0.00000000E+00  0.00000000E+00  0.00000000E+00  0.00000000E+00  0.00000000E+00
-1.04135119E+01  1.66400000E-02  1.40100000E-02  2.79200000E-02  2.25000000E-02  3.65300000E-10  3.78100000E-10  1.59600000E-02  1.01900000E-02  0.00000000E+00  0.00000000E+00  0.00000000E+00  0.00000000E+00  0.00000000E+00  0.00000000E+00  0.00000000E+00  0.00000000E+00  0.00000000E+00  0.00000000E+00
-1.03965119E+01  1.45700000E-02  1.25300000E-02  2.26500000E-02  1.85500000E-02  4.01500000E-10  3.94400000E-10  1.15400000E-02  7.47700000E-03  0.00000000E+00  0.00000000E+00  0.00000000E+00  0.00000000E+00  0.00000000E+00  0.00000000E+00  0.00000000E+00  0.00000000E+00  0.00000000E+00  0.00000000E+00
-1.03795119E+01  1.24600000E-02  1.08300000E-02  1.91100000E-02  1.68800000E-02  4.12100000E-10  3.92300000E-10  8.54500000E-03  6.42200000E-03  0.00000000E+00  0.00000000E+00  0.00000000E+00  0.00000000E+00  0.00000000E+00  0.00000000E+00  0.00000000E+00  0.00000000E+00  0.00000000E+00  0.00000000E+00
-1.03615119E+01  1.04200000E-02  9.70200000E-03  1.75600000E-02  1.76900000E-02  4.09400000E-10  4.06000000E-10  7.24800000E-03  6.90100000E-03  0.00000000E+00  0.00000000E+00  0.00000000E+00  0.00000000E+00  0.00000000E+00  0.00000000E+00  0.00000000E+00  0.00000000E+00  0.00000000E+00  0.00000000E+00
-1.03445119E+01  9.39900000E-03  9.89700000E-03  1.84500000E-02  2.02600000E-02  4.30200000E-10  4.49800000E-10  7.61700000E-03  8.45700000E-03  0.00000000E+00  0.00000000E+00  0.00000000E+00  0.00000000E+00  0.00000000E+00  0.00000000E+00  0.00000000E+00  0.00000000E+00  0.00000000E+00  0.00000000E+00
-1.03265119E+01  9.83200000E-03  1.09600000E-02  2.07000000E-02  2.22700000E-02  4.75000000E-10  4.87600000E-10  8.92900000E-03  1.01700000E-02  0.00000000E+00  0.00000000E+00  0.00000000E+00  0.00000000E+00  0.00000000E+00  0.00000000E+00  0.00000000E+00  0.00000000E+00  0.00000000E+00  0.00000000E+00
-1.03095119E+01  1.09800000E-02  1.17700000E-02  2.17800000E-02  2.18100000E-02  4.96700000E-10  4.72300000E-10  1.00800000E-02  1.13900000E-02  0.00000000E+00  0.00000000E+00  0.00000000E+00  0.00000000E+00  0.00000000E+00  0.00000000E+00  0.00000000E+00  0.00000000E+00  0.00000000E+00  0.00000000E+00
-1.02915119E+01  1.17700000E-02  1.19400000E-02  2.03200000E-02  1.96100000E-02  4.55800000E-10  4.04500000E-10  1.06400000E-02  1.24900000E-02  0.00000000E+00  0.00000000E+00  0.00000000E+00  0.00000000E+00  0.00000000E+00  0.00000000E+00  0.00000000E+00  0.00000000E+00  0.00000000E+00  0.00000000E+00
-1.02745119E+01  1.19900000E-02  1.22600000E-02  1.77800000E-02  1.83600000E-02  3.69000000E-10  3.34900000E-10  1.13300000E-02  1.45700000E-02  0.00000000E+00  0.00000000E+00  0.00000000E+00  0.00000000E+00  0.00000000E+00  0.00000000E+00  0.00000000E+00  0.00000000E+00  0.00000000E+00  0.00000000E+00
-1.02575119E+01  1.23900000E-02  1.35400000E-02  1.68800000E-02  1.96700000E-02  2.94800000E-10  3.13700000E-10  1.32700000E-02  1.83900000E-02  0.00000000E+00  0.00000000E+00  0.00000000E+00  0.00000000E+00  0.00000000E+00  0.00000000E+00  0.00000000E+00  0.00000000E+00  0.00000000E+00  0.00000000E+00
-1.02395119E+01  1.35600000E-02  1.53500000E-02  1.87200000E-02  2.24200000E-02  2.82000000E-10  3.48700000E-10  1.67800000E-02  2.35900000E-02  0.00000000E+00  0.00000000E+00  0.00000000E+00  0.00000000E+00  0.00000000E+00  0.00000000E+00  0.00000000E+00  0.00000000E+00  0.00000000E+00  0.00000000E+00
-1.02225119E+01  1.49800000E-02  1.64300000E-02  2.17400000E-02  2.41000000E-02  3.35400000E-10  4.09600000E-10  2.12600000E-02  2.89200000E-02  0.00000000E+00  0.00000000E+00  0.00000000E+00  0.00000000E+00  0.00000000E+00  0.00000000E+00  0.00000000E+00  0.00000000E+00  0.00000000E+00  0.00000000E+00
-1.02045119E+01  1.56400000E-02  1.62600000E-02  2.34800000E-02  2.33300000E-02  4.20200000E-10  4.62500000E-10  2.59100000E-02  3.30000000E-02  0.00000000E+00  0.00000000E+00  0.00000000E+00  0.00000000E+00  0.00000000E+00  0.00000000E+00  0.00000000E+00  0.00000000E+00  0.00000000E+00  0.00000000E+00
-1.01875119E+01  1.52600000E-02  1.55000000E-02  2.27800000E-02  2.09700000E-02  4.92300000E-10  4.98100000E-10  3.02600000E-02  3.49700000E-02  0.00000000E+00  0.00000000E+00  0.00000000E+00  0.00000000E+00  0.00000000E+00  0.00000000E+00  0.00000000E+00  0.00000000E+00  0.00000000E+00  0.00000000E+00
-1.01705119E+01  1.45900000E-02  1.49500000E-02  2.04700000E-02  1.89400000E-02  5.32300000E-10  5.29500000E-10  3.38600000E-02  3.47300000E-02  0.00000000E+00  0.00000000E+00  0.00000000E+00  0.00000000E+00  0.00000000E+00  0.00000000E+00  0.00000000E+00  0.00000000E+00  0.00000000E+00  0.00000000E+00
-1.01525119E+01  1.42500000E-02  1.44300000E-02  1.83600000E-02  1.82300000E-02  5.53700000E-10  5.60000000E-10  3.58000000E-02  3.25500000E-02  0.00000000E+00  0.00000000E+00  0.00000000E+00  0.00000000E+00  0.00000000E+00  0.00000000E+00  0.00000000E+00  0.00000000E+00  0.00000000E+00  0.00000000E+00
-1.01355119E+01  1.39700000E-02  1.31600000E-02  1.76000000E-02  1.79200000E-02  5.73700000E-10  5.61500000E-10  3.51400000E-02  2.85200000E-02  0.00000000E+00  0.00000000E+00  0.00000000E+00  0.00000000E+00  0.00000000E+00  0.00000000E+00  0.00000000E+00  0.00000000E+00  0.00000000E+00  0.00000000E+00
-1.01175119E+01  1.30400000E-02  1.09600000E-02  1.76200000E-02  1.63100000E-02  5.77900000E-10  4.98800000E-10  3.15600000E-02  2.27400000E-02  0.00000000E+00  0.00000000E+00  0.00000000E+00  0.00000000E+00  0.00000000E+00  0.00000000E+00  0.00000000E+00  0.00000000E+00  0.00000000E+00  0.00000000E+00
-1.01005119E+01  1.12300000E-02  8.72900000E-03  1.67600000E-02  1.30700000E-02  5.29700000E-10  3.75100000E-10  2.56300000E-02  1.60900000E-02  0.00000000E+00  0.00000000E+00  0.00000000E+00  0.00000000E+00  0.00000000E+00  0.00000000E+00  0.00000000E+00  0.00000000E+00  0.00000000E+00  0.00000000E+00
-1.00825119E+01  9.25300000E-03  7.83600000E-03  1.42200000E-02  9.80900000E-03  4.17600000E-10  2.39300000E-10  1.86300000E-02  1.03100000E-02  0.00000000E+00  0.00000000E+00  0.00000000E+00  0.00000000E+00  0.00000000E+00  0.00000000E+00  0.00000000E+00  0.00000000E+00  0.00000000E+00  0.00000000E+00
-1.00655119E+01  8.32800000E-03  9.00700000E-03  1.11600000E-02  8.66600000E-03  2.79500000E-10  1.47100000E-10  1.22900000E-02  6.90900000E-03  0.00000000E+00  0.00000000E+00  0.00000000E+00  0.00000000E+00  0.00000000E+00  0.00000000E+00  0.00000000E+00  0.00000000E+00  0.00000000E+00  0.00000000E+00
-1.00485119E+01  9.27400000E-03  1.17800000E-02  9.65400000E-03  1.06900000E-02  1.72700000E-10  1.27500000E-10  8.10400000E-03  6.32700000E-03  0.00000000E+00  0.00000000E+00  0.00000000E+00  0.00000000E+00  0.00000000E+00  0.00000000E+00  0.00000000E+00  0.00000000E+00  0.00000000E+00  0.00000000E+00
-1.00305119E+01  1.17700000E-02  1.50400000E-02  1.09200000E-02  1.54900000E-02  1.33500000E-10  1.81600000E-10  6.64900000E-03  8.18400000E-03  0.00000000E+00  0.00000000E+00  0.00000000E+00  0.00000000E+00  0.00000000E+00  0.00000000E+00  0.00000000E+00  0.00000000E+00  0.00000000E+00  0.00000000E+00
-1.00135119E+01  1.46800000E-02  1.78800000E-02  1.47800000E-02  2.16700000E-02  1.69500000E-10  2.91400000E-10  7.67900000E-03  1.17400000E-02  0.00000000E+00  0.00000000E+00  0.00000000E+00  0.00000000E+00  0.00000000E+00  0.00000000E+00  0.00000000E+00  0.00000000E+00  0.00000000E+00  0.00000000E+00
-9.99551194E+00  1.70500000E-02  1.98000000E-02  2.02000000E-02  2.72500000E-02  2.68900000E-10  4.16800000E-10  1.05600000E-02  1.58600000E-02  0.00000000E+00  0.00000000E+00  0.00000000E+00  0.00000000E+00  0.00000000E+00  0.00000000E+00  0.00000000E+00  0.00000000E+00  0.00000000E+00  0.00000000E+00
-9.97851194E+00  1.86400000E-02  2.03600000E-02  2.55500000E-02  3.02800000E-02  3.98100000E-10  5.03500000E-10  1.43500000E-02  1.90300000E-02  0.00000000E+00  0.00000000E+00  0.00000000E+00  0.00000000E+00  0.00000000E+00  0.00000000E+00  0.00000000E+00  0.00000000E+00  0.00000000E+00  0.00000000E+00
-9.96151194E+00  1.93500000E-02  1.93200000E-02  2.90000000E-02  3.01100000E-02  5.03000000E-10  5.16500000E-10  1.76700000E-02  2.00800000E-02  0.00000000E+00  0.00000000E+00  0.00000000E+00  0.00000000E+00  0.00000000E+00  0.00000000E+00  0.00000000E+00  0.00000000E+00  0.00000000E+00  0.00000000E+00
-9.94351194E+00  1.90000000E-02  1.72700000E-02  2.96100000E-02  2.80900000E-02  5.39100000E-10  4.69700000E-10  1.93100000E-02  1.88900000E-02  0.00000000E+00  0.00000000E+00  0.00000000E+00  0.00000000E+00  0.00000000E+00  0.00000000E+00  0.00000000E+00  0.00000000E+00  0.00000000E+00  0.00000000E+00
-9.92651194E+00  1.78300000E-02  1.55500000E-02  2.84300000E-02  2.66200000E-02  5.10000000E-10  4.13300000E-10  1.89600000E-02  1.63900000E-02  0.00000000E+00  0.00000000E+00  0.00000000E+00  0.00000000E+00  0.00000000E+00  0.00000000E+00  0.00000000E+00  0.00000000E+00  0.00000000E+00  0.00000000E+00
-9.90851194E+00  1.67500000E-02  1.52300000E-02  2.76800000E-02  2.70900000E-02  4.63600000E-10  3.90900000E-10  1.71600000E-02  1.39200000E-02  0.00000000E+00  0.00000000E+00  0.00000000E+00  0.00000000E+00  0.00000000E+00  0.00000000E+00  0.00000000E+00  0.00000000E+00  0.00000000E+00  0.00000000E+00
-9.89151194E+00  1.66600000E-02  1.61600000E-02  2.87200000E-02  2.85700000E-02  4.47900000E-10  4.10500000E-10  1.48600000E-02  1.25800000E-02  0.00000000E+00  0.00000000E+00  0.00000000E+00  0.00000000E+00  0.00000000E+00  0.00000000E+00  0.00000000E+00  0.00000000E+00  0.00000000E+00  0.00000000E+00
-9.87351194E+00  1.75400000E-02  1.69700000E-02  3.06400000E-02  2.86000000E-02  4.74200000E-10  4.52700000E-10  1.30800000E-02  1.26800000E-02  0.00000000E+00  0.00000000E+00  0.00000000E+00  0.00000000E+00  0.00000000E+00  0.00000000E+00  0.00000000E+00  0.00000000E+00  0.00000000E+00  0.00000000E+00
-9.85651194E+00  1.83000000E-02  1.64200000E-02  3.10000000E-02  2.58000000E-02  5.24500000E-10  5.11300000E-10  1.25900000E-02  1.36600000E-02  0.00000000E+00  0.00000000E+00  0.00000000E+00  0.00000000E+00  0.00000000E+00  0.00000000E+00  0.00000000E+00  0.00000000E+00  0.00000000E+00  0.00000000E+00
-9.83951194E+00  1.77400000E-02  1.48200000E-02  2.83200000E-02  2.16000000E-02  5.93200000E-10  6.27100000E-10  1.34400000E-02  1.49700000E-02  0.00000000E+00  0.00000000E+00  0.00000000E+00  0.00000000E+00  0.00000000E+00  0.00000000E+00  0.00000000E+00  0.00000000E+00  0.00000000E+00  0.00000000E+00
-9.82151194E+00  1.60000000E-02  1.39100000E-02  2.39500000E-02  1.90200000E-02  7.20800000E-10  8.63000000E-10  1.52200000E-02  1.67600000E-02  0.00000000E+00  0.00000000E+00  0.00000000E+00  0.00000000E+00  0.00000000E+00  0.00000000E+00  0.00000000E+00  0.00000000E+00  0.00000000E+00  0.00000000E+00
-9.80451194E+00  1.45900000E-02  1.49900000E-02  2.09500000E-02  1.97600000E-02  9.65900000E-10  1.21700000E-09  1.77000000E-02  1.94400000E-02  0.00000000E+00  0.00000000E+00  0.00000000E+00  0.00000000E+00  0.00000000E+00  0.00000000E+00  0.00000000E+00  0.00000000E+00  0.00000000E+00  0.00000000E+00
-9.78651194E+00  1.49000000E-02  1.76600000E-02  2.11600000E-02  2.30200000E-02  1.31600000E-09  1.56700000E-09  2.07000000E-02  2.25900000E-02  0.00000000E+00  0.00000000E+00  0.00000000E+00  0.00000000E+00  0.00000000E+00  0.00000000E+00  0.00000000E+00  0.00000000E+00  0.00000000E+00  0.00000000E+00
-9.76951194E+00  1.68300000E-02  2.06100000E-02  2.37600000E-02  2.69700000E-02  1.64000000E-09  1.74600000E-09  2.35800000E-02  2.52500000E-02  0.00000000E+00  0.00000000E+00  0.00000000E+00  0.00000000E+00  0.00000000E+00  0.00000000E+00  0.00000000E+00  0.00000000E+00  0.00000000E+00  0.00000000E+00
-9.75151194E+00  1.94000000E-02  2.33000000E-02  2.69500000E-02  3.06800000E-02  1.77300000E-09  1.69500000E-09  2.55400000E-02  2.70600000E-02  0.00000000E+00  0.00000000E+00  0.00000000E+00  0.00000000E+00  0.00000000E+00  0.00000000E+00  0.00000000E+00  0.00000000E+00  0.00000000E+00  0.00000000E+00
-9.73451194E+00  2.21600000E-02  2.61600000E-02  3.00400000E-02  3.40800000E-02  1.67900000E-09  1.49000000E-09  2.66800000E-02  2.85600000E-02  0.00000000E+00  0.00000000E+00  0.00000000E+00  0.00000000E+00  0.00000000E+00  0.00000000E+00  0.00000000E+00  0.00000000E+00  0.00000000E+00  0.00000000E+00
-9.71751194E+00  2.52700000E-02  2.92900000E-02  3.31800000E-02  3.65900000E-02  1.46500000E-09  1.24000000E-09  2.78200000E-02  2.99900000E-02  0.00000000E+00  0.00000000E+00  0.00000000E+00  0.00000000E+00  0.00000000E+00  0.00000000E+00  0.00000000E+00  0.00000000E+00  0.00000000E+00  0.00000000E+00
-9.69951194E+00  2.84200000E-02  3.19700000E-02  3.57300000E-02  3.72900000E-02  1.24400000E-09  1.00300000E-09  2.92500000E-02  3.09300000E-02  0.00000000E+00  0.00000000E+00  0.00000000E+00  0.00000000E+00  0.00000000E+00  0.00000000E+00  0.00000000E+00  0.00000000E+00  0.00000000E+00  0.00000000E+00
-9.68251194E+00  3.06800000E-02  3.33700000E-02  3.64100000E-02  3.61000000E-02  1.04400000E-09  8.00700000E-10  3.03000000E-02  3.08700000E-02  0.00000000E+00  0.00000000E+00  0.00000000E+00  0.00000000E+00  0.00000000E+00  0.00000000E+00  0.00000000E+00  0.00000000E+00  0.00000000E+00  0.00000000E+00
-9.66451194E+00  3.13100000E-02  3.31400000E-02  3.49100000E-02  3.39300000E-02  8.56500000E-10  6.48100000E-10  3.01600000E-02  2.95600000E-02  0.00000000E+00  0.00000000E+00  0.00000000E+00  0.00000000E+00  0.00000000E+00  0.00000000E+00  0.00000000E+00  0.00000000E+00  0.00000000E+00  0.00000000E+00
-9.64751194E+00  3.01300000E-02  3.13800000E-02  3.21600000E-02  3.16300000E-02  6.88100000E-10  5.43300000E-10  2.84300000E-02  2.70500000E-02  0.00000000E+00  0.00000000E+00  0.00000000E+00  0.00000000E+00  0.00000000E+00  0.00000000E+00  0.00000000E+00  0.00000000E+00  0.00000000E+00  0.00000000E+00
-9.63051194E+00  2.75800000E-02  2.84100000E-02  2.93100000E-02  2.93500000E-02  5.54800000E-10  4.65300000E-10  2.52700000E-02  2.38600000E-02  0.00000000E+00  0.00000000E+00  0.00000000E+00  0.00000000E+00  0.00000000E+00  0.00000000E+00  0.00000000E+00  0.00000000E+00  0.00000000E+00  0.00000000E+00
-9.61251194E+00  2.46600000E-02  2.45300000E-02  2.69700000E-02  2.66100000E-02  4.62800000E-10  3.90900000E-10  2.16800000E-02  2.06400000E-02  0.00000000E+00  0.00000000E+00  0.00000000E+00  0.00000000E+00  0.00000000E+00  0.00000000E+00  0.00000000E+00  0.00000000E+00  0.00000000E+00  0.00000000E+00
-9.59551194E+00  2.21500000E-02  2.00400000E-02  2.50800000E-02  2.29800000E-02  4.04200000E-10  3.14700000E-10  1.89500000E-02  1.76500000E-02  0.00000000E+00  0.00000000E+00  0.00000000E+00  0.00000000E+00  0.00000000E+00  0.00000000E+00  0.00000000E+00  0.00000000E+00  0.00000000E+00  0.00000000E+00
-9.57751194E+00  1.98700000E-02  1.59800000E-02  2.30400000E-02  1.92200000E-02  3.64100000E-10  2.67000000E-10  1.73700000E-02  1.50400000E-02  0.00000000E+00  0.00000000E+00  0.00000000E+00  0.00000000E+00  0.00000000E+00  0.00000000E+00  0.00000000E+00  0.00000000E+00  0.00000000E+00  0.00000000E+00
-9.56051194E+00  1.74200000E-02  1.44300000E-02  2.08600000E-02  1.78500000E-02  3.43400000E-10  3.13700000E-10  1.62900000E-02  1.36700000E-02  0.00000000E+00  0.00000000E+00  0.00000000E+00  0.00000000E+00  0.00000000E+00  0.00000000E+00  0.00000000E+00  0.00000000E+00  0.00000000E+00  0.00000000E+00
-9.54251194E+00  1.58100000E-02  1.73300000E-02  2.02800000E-02  2.18400000E-02  3.90200000E-10  5.24100000E-10  1.56500000E-02  1.51200000E-02  0.00000000E+00  0.00000000E+00  0.00000000E+00  0.00000000E+00  0.00000000E+00  0.00000000E+00  0.00000000E+00  0.00000000E+00  0.00000000E+00  0.00000000E+00
-9.52551194E+00  1.74400000E-02  2.46200000E-02  2.42300000E-02  3.20900000E-02  5.86200000E-10  9.05100000E-10  1.67100000E-02  2.02700000E-02  0.00000000E+00  0.00000000E+00  0.00000000E+00  0.00000000E+00  0.00000000E+00  0.00000000E+00  0.00000000E+00  0.00000000E+00  0.00000000E+00  0.00000000E+00
-9.50851194E+00  2.36400000E-02  3.33900000E-02  3.39200000E-02  4.53400000E-02  9.63400000E-10  1.34400000E-09  2.06500000E-02  2.77800000E-02  0.00000000E+00  0.00000000E+00  0.00000000E+00  0.00000000E+00  0.00000000E+00  0.00000000E+00  0.00000000E+00  0.00000000E+00  0.00000000E+00  0.00000000E+00
-9.49051194E+00  3.24300000E-02  3.93600000E-02  4.62300000E-02  5.51800000E-02  1.41400000E-09  1.64500000E-09  2.65300000E-02  3.44700000E-02  0.00000000E+00  0.00000000E+00  0.00000000E+00  0.00000000E+00  0.00000000E+00  0.00000000E+00  0.00000000E+00  0.00000000E+00  0.00000000E+00  0.00000000E+00
-9.47351194E+00  3.91800000E-02  3.96900000E-02  5.46500000E-02  5.64300000E-02  1.71600000E-09  1.66300000E-09  3.15200000E-02  3.75700000E-02  0.00000000E+00  0.00000000E+00  0.00000000E+00  0.00000000E+00  0.00000000E+00  0.00000000E+00  0.00000000E+00  0.00000000E+00  0.00000000E+00  0.00000000E+00
-9.45551194E+00  4.01900000E-02  3.46600000E-02  5.41600000E-02  4.88500000E-02  1.70000000E-09  1.42700000E-09  3.33500000E-02  3.66200000E-02  0.00000000E+00  0.00000000E+00  0.00000000E+00  0.00000000E+00  0.00000000E+00  0.00000000E+00  0.00000000E+00  0.00000000E+00  0.00000000E+00  0.00000000E+00
-9.43851194E+00  3.54500000E-02  2.68700000E-02  4.54300000E-02  3.65800000E-02  1.40900000E-09  1.09400000E-09  3.21200000E-02  3.31600000E-02  0.00000000E+00  0.00000000E+00  0.00000000E+00  0.00000000E+00  0.00000000E+00  0.00000000E+00  0.00000000E+00  0.00000000E+00  0.00000000E+00  0.00000000E+00
-9.42151194E+00  2.78800000E-02  1.92900000E-02  3.36700000E-02  2.43800000E-02  1.04500000E-09  8.07600000E-10  2.94900000E-02  2.93000000E-02  0.00000000E+00  0.00000000E+00  0.00000000E+00  0.00000000E+00  0.00000000E+00  0.00000000E+00  0.00000000E+00  0.00000000E+00  0.00000000E+00  0.00000000E+00
-9.40351194E+00  2.04500000E-02  1.38700000E-02  2.36500000E-02  1.50500000E-02  7.82300000E-10  6.22000000E-10  2.67600000E-02  2.65700000E-02  0.00000000E+00  0.00000000E+00  0.00000000E+00  0.00000000E+00  0.00000000E+00  0.00000000E+00  0.00000000E+00  0.00000000E+00  0.00000000E+00  0.00000000E+00
-9.38651194E+00  1.48100000E-02  1.11400000E-02  1.67500000E-02  9.42000000E-03  6.45700000E-10  5.24000000E-10  2.45100000E-02  2.52100000E-02  0.00000000E+00  0.00000000E+00  0.00000000E+00  0.00000000E+00  0.00000000E+00  0.00000000E+00  0.00000000E+00  0.00000000E+00  0.00000000E+00  0.00000000E+00
-9.36851194E+00  1.16100000E-02  1.06400000E-02  1.21700000E-02  7.20400000E-03  5.75300000E-10  4.83800000E-10  2.34000000E-02  2.43900000E-02  0.00000000E+00  0.00000000E+00  0.00000000E+00  0.00000000E+00  0.00000000E+00  0.00000000E+00  0.00000000E+00  0.00000000E+00  0.00000000E+00  0.00000000E+00
-9.35151194E+00  1.10300000E-02  1.17700000E-02  9.36200000E-03  7.43300000E-03  5.31000000E-10  4.70700000E-10  2.40200000E-02  2.34200000E-02  0.00000000E+00  0.00000000E+00  0.00000000E+00  0.00000000E+00  0.00000000E+00  0.00000000E+00  0.00000000E+00  0.00000000E+00  0.00000000E+00  0.00000000E+00
-9.33351194E+00  1.26800000E-02  1.42000000E-02  8.49600000E-03  8.83200000E-03  5.14000000E-10  4.53000000E-10  2.59600000E-02  2.26000000E-02  0.00000000E+00  0.00000000E+00  0.00000000E+00  0.00000000E+00  0.00000000E+00  0.00000000E+00  0.00000000E+00  0.00000000E+00  0.00000000E+00  0.00000000E+00
-9.31651194E+00  1.56700000E-02  1.79000000E-02  9.54700000E-03  1.05600000E-02  5.22100000E-10  4.15100000E-10  2.77700000E-02  2.28900000E-02  0.00000000E+00  0.00000000E+00  0.00000000E+00  0.00000000E+00  0.00000000E+00  0.00000000E+00  0.00000000E+00  0.00000000E+00  0.00000000E+00  0.00000000E+00
-9.29951194E+00  1.91200000E-02  2.27600000E-02  1.19200000E-02  1.26400000E-02  5.30200000E-10  3.74800000E-10  2.84500000E-02  2.47100000E-02  0.00000000E+00  0.00000000E+00  0.00000000E+00  0.00000000E+00  0.00000000E+00  0.00000000E+00  0.00000000E+00  0.00000000E+00  0.00000000E+00  0.00000000E+00
-9.28151194E+00  2.26800000E-02  2.79100000E-02  1.48800000E-02  1.52800000E-02  5.20600000E-10  3.65500000E-10  2.83700000E-02  2.72000000E-02  0.00000000E+00  0.00000000E+00  0.00000000E+00  0.00000000E+00  0.00000000E+00  0.00000000E+00  0.00000000E+00  0.00000000E+00  0.00000000E+00  0.00000000E+00
-9.26451194E+00  2.63600000E-02  3.16800000E-02  1.77100000E-02  1.78000000E-02  5.06200000E-10  3.94800000E-10  2.83400000E-02  2.83700000E-02  0.00000000E+00  0.00000000E+00  0.00000000E+00  0.00000000E+00  0.00000000E+00  0.00000000E+00  0.00000000E+00  0.00000000E+00  0.00000000E+00  0.00000000E+00
-9.24651194E+00  2.96900000E-02  3.25500000E-02  1.94000000E-02  1.87500000E-02  5.04900000E-10  4.32600000E-10  2.81100000E-02  2.66200000E-02  0.00000000E+00  0.00000000E+00  0.00000000E+00  0.00000000E+00  0.00000000E+00  0.00000000E+00  0.00000000E+00  0.00000000E+00  0.00000000E+00  0.00000000E+00
-9.22951194E+00  3.14900000E-02  3.03700000E-02  1.89900000E-02  1.74400000E-02  5.09600000E-10  4.49600000E-10  2.65000000E-02  2.22100000E-02  0.00000000E+00  0.00000000E+00  0.00000000E+00  0.00000000E+00  0.00000000E+00  0.00000000E+00  0.00000000E+00  0.00000000E+00  0.00000000E+00  0.00000000E+00
-9.21151194E+00  3.08000000E-02  2.65400000E-02  1.66000000E-02  1.50600000E-02  5.02600000E-10  4.59800000E-10  2.29000000E-02  1.70100000E-02  0.00000000E+00  0.00000000E+00  0.00000000E+00  0.00000000E+00  0.00000000E+00  0.00000000E+00  0.00000000E+00  0.00000000E+00  0.00000000E+00  0.00000000E+00
-9.19451194E+00  2.78900000E-02  2.28700000E-02  1.38700000E-02  1.40500000E-02  4.96600000E-10  5.16500000E-10  1.82000000E-02  1.28600000E-02  0.00000000E+00  0.00000000E+00  0.00000000E+00  0.00000000E+00  0.00000000E+00  0.00000000E+00  0.00000000E+00  0.00000000E+00  0.00000000E+00  0.00000000E+00
-9.17751194E+00  2.41600000E-02  2.04700000E-02  1.30100000E-02  1.62400000E-02  5.40200000E-10  6.64100000E-10  1.39600000E-02  1.04300000E-02  0.00000000E+00  0.00000000E+00  0.00000000E+00  0.00000000E+00  0.00000000E+00  0.00000000E+00  0.00000000E+00  0.00000000E+00  0.00000000E+00  0.00000000E+00
-9.15951194E+00  2.10800000E-02  1.93800000E-02  1.53100000E-02  2.15000000E-02  6.73300000E-10  8.95800000E-10  1.11000000E-02  9.25300000E-03  0.00000000E+00  0.00000000E+00  0.00000000E+00  0.00000000E+00  0.00000000E+00  0.00000000E+00  0.00000000E+00  0.00000000E+00  0.00000000E+00  0.00000000E+00
-9.14251194E+00  1.92900000E-02  1.88300000E-02  2.04100000E-02  2.80700000E-02  8.85900000E-10  1.16000000E-09  9.47500000E-03  8.75300000E-03  0.00000000E+00  0.00000000E+00  0.00000000E+00  0.00000000E+00  0.00000000E+00  0.00000000E+00  0.00000000E+00  0.00000000E+00  0.00000000E+00  0.00000000E+00
-9.12451194E+00  1.84200000E-02  1.80200000E-02  2.66600000E-02  3.36700000E-02  1.13000000E-09  1.39800000E-09  8.56200000E-03  8.87500000E-03  0.00000000E+00  0.00000000E+00  0.00000000E+00  0.00000000E+00  0.00000000E+00  0.00000000E+00  0.00000000E+00  0.00000000E+00  0.00000000E+00  0.00000000E+00
-9.10751194E+00  1.76500000E-02  1.70200000E-02  3.21500000E-02  3.64900000E-02  1.35900000E-09  1.55200000E-09  8.22100000E-03  1.00500000E-02  0.00000000E+00  0.00000000E+00  0.00000000E+00  0.00000000E+00  0.00000000E+00  0.00000000E+00  0.00000000E+00  0.00000000E+00  0.00000000E+00  0.00000000E+00
-9.09051194E+00  1.66500000E-02  1.70400000E-02  3.53800000E-02  3.56100000E-02  1.53200000E-09  1.55700000E-09  8.85500000E-03  1.25900000E-02  0.00000000E+00  0.00000000E+00  0.00000000E+00  0.00000000E+00  0.00000000E+00  0.00000000E+00  0.00000000E+00  0.00000000E+00  0.00000000E+00  0.00000000E+00
-9.07251194E+00  1.61700000E-02  1.91800000E-02  3.53900000E-02  3.14100000E-02  1.58300000E-09  1.39000000E-09  1.08900000E-02  1.61600000E-02  0.00000000E+00  0.00000000E+00  0.00000000E+00  0.00000000E+00  0.00000000E+00  0.00000000E+00  0.00000000E+00  0.00000000E+00  0.00000000E+00  0.00000000E+00
-9.05551194E+00  1.73700000E-02  2.28300000E-02  3.22200000E-02  2.61700000E-02  1.44900000E-09  1.12500000E-09  1.42000000E-02  1.99600000E-02  0.00000000E+00  0.00000000E+00  0.00000000E+00  0.00000000E+00  0.00000000E+00  0.00000000E+00  0.00000000E+00  0.00000000E+00  0.00000000E+00  0.00000000E+00
-9.03751194E+00  2.02500000E-02  2.57100000E-02  2.76200000E-02  2.34200000E-02  1.16100000E-09  9.07200000E-10  1.80100000E-02  2.33400000E-02  0.00000000E+00  0.00000000E+00  0.00000000E+00  0.00000000E+00  0.00000000E+00  0.00000000E+00  0.00000000E+00  0.00000000E+00  0.00000000E+00  0.00000000E+00
-9.02051194E+00  2.31800000E-02  2.59500000E-02  2.48900000E-02  2.59400000E-02  8.52400000E-10  8.32700000E-10  2.15500000E-02  2.62600000E-02  0.00000000E+00  0.00000000E+00  0.00000000E+00  0.00000000E+00  0.00000000E+00  0.00000000E+00  0.00000000E+00  0.00000000E+00  0.00000000E+00  0.00000000E+00
-9.00251194E+00  2.43700000E-02  2.37400000E-02  2.71500000E-02  3.36900000E-02  6.75100000E-10  8.79700000E-10  2.48100000E-02  2.90100000E-02  0.00000000E+00  0.00000000E+00  0.00000000E+00  0.00000000E+00  0.00000000E+00  0.00000000E+00  0.00000000E+00  0.00000000E+00  0.00000000E+00  0.00000000E+00
-8.98551194E+00  2.36300000E-02  2.08700000E-02  3.51200000E-02  4.40300000E-02  7.09200000E-10  9.73300000E-10  2.83900000E-02  3.15700000E-02  0.00000000E+00  0.00000000E+00  0.00000000E+00  0.00000000E+00  0.00000000E+00  0.00000000E+00  0.00000000E+00  0.00000000E+00  0.00000000E+00  0.00000000E+00
-8.96851194E+00  2.21800000E-02  1.89900000E-02  4.64000000E-02  5.38800000E-02  9.62500000E-10  1.12300000E-09  3.25400000E-02  3.37500000E-02  0.00000000E+00  0.00000000E+00  0.00000000E+00  0.00000000E+00  0.00000000E+00  0.00000000E+00  0.00000000E+00  0.00000000E+00  0.00000000E+00  0.00000000E+00
-8.95051194E+00  2.11900000E-02  1.85400000E-02  5.72000000E-02  6.20200000E-02  1.42300000E-09  1.46100000E-09  3.65700000E-02  3.57300000E-02  0.00000000E+00  0.00000000E+00  0.00000000E+00  0.00000000E+00  0.00000000E+00  0.00000000E+00  0.00000000E+00  0.00000000E+00  0.00000000E+00  0.00000000E+00
-8.93351194E+00  2.08300000E-02  1.88300000E-02  6.54400000E-02  6.88600000E-02  2.08700000E-09  2.09200000E-09  3.97100000E-02  3.78800000E-02  0.00000000E+00  0.00000000E+00  0.00000000E+00  0.00000000E+00  0.00000000E+00  0.00000000E+00  0.00000000E+00  0.00000000E+00  0.00000000E+00  0.00000000E+00
-8.91551194E+00  2.06800000E-02  1.86400000E-02  7.14700000E-02  7.36500000E-02  2.88500000E-09  2.86400000E-09  4.18500000E-02  3.96400000E-02  0.00000000E+00  0.00000000E+00  0.00000000E+00  0.00000000E+00  0.00000000E+00  0.00000000E+00  0.00000000E+00  0.00000000E+00  0.00000000E+00  0.00000000E+00
-8.89851194E+00  1.99900000E-02  1.70500000E-02  7.49400000E-02  7.31800000E-02  3.55600000E-09  3.37500000E-09  4.26300000E-02  3.92400000E-02  0.00000000E+00  0.00000000E+00  0.00000000E+00  0.00000000E+00  0.00000000E+00  0.00000000E+00  0.00000000E+00  0.00000000E+00  0.00000000E+00  0.00000000E+00
-8.88051194E+00  1.79700000E-02  1.39500000E-02  7.27100000E-02  6.47400000E-02  3.72600000E-09  3.28600000E-09  4.06000000E-02  3.53100000E-02  0.00000000E+00  0.00000000E+00  0.00000000E+00  0.00000000E+00  0.00000000E+00  0.00000000E+00  0.00000000E+00  0.00000000E+00  0.00000000E+00  0.00000000E+00
-8.86351194E+00  1.43800000E-02  1.01500000E-02  6.22000000E-02  4.99800000E-02  3.23100000E-09  2.65200000E-09  3.46700000E-02  2.86300000E-02  0.00000000E+00  0.00000000E+00  0.00000000E+00  0.00000000E+00  0.00000000E+00  0.00000000E+00  0.00000000E+00  0.00000000E+00  0.00000000E+00  0.00000000E+00
-8.84651194E+00  1.00100000E-02  6.85500000E-03  4.60400000E-02  3.41900000E-02  2.32600000E-09  1.87000000E-09  2.63600000E-02  2.16600000E-02  0.00000000E+00  0.00000000E+00  0.00000000E+00  0.00000000E+00  0.00000000E+00  0.00000000E+00  0.00000000E+00  0.00000000E+00  0.00000000E+00  0.00000000E+00
-8.82851194E+00  6.26700000E-03  5.02900000E-03  3.05800000E-02  2.22100000E-02  1.46300000E-09  1.33000000E-09  1.88700000E-02  1.66400000E-02  0.00000000E+00  0.00000000E+00  0.00000000E+00  0.00000000E+00  0.00000000E+00  0.00000000E+00  0.00000000E+00  0.00000000E+00  0.00000000E+00  0.00000000E+00
-8.81151194E+00  4.07200000E-03  5.10700000E-03  2.02900000E-02  1.58600000E-02  9.25300000E-10  1.16200000E-09  1.41700000E-02  1.44200000E-02  0.00000000E+00  0.00000000E+00  0.00000000E+00  0.00000000E+00  0.00000000E+00  0.00000000E+00  0.00000000E+00  0.00000000E+00  0.00000000E+00  0.00000000E+00
-8.79351194E+00  3.62300000E-03  6.90100000E-03  1.53700000E-02  1.44200000E-02  7.28100000E-10  1.23300000E-09  1.20900000E-02  1.45700000E-02  0.00000000E+00  0.00000000E+00  0.00000000E+00  0.00000000E+00  0.00000000E+00  0.00000000E+00  0.00000000E+00  0.00000000E+00  0.00000000E+00  0.00000000E+00
-8.77651194E+00  4.81400000E-03  9.45800000E-03  1.41100000E-02  1.56600000E-02  7.75600000E-10  1.30500000E-09  1.17300000E-02  1.59300000E-02  0.00000000E+00  0.00000000E+00  0.00000000E+00  0.00000000E+00  0.00000000E+00  0.00000000E+00  0.00000000E+00  0.00000000E+00  0.00000000E+00  0.00000000E+00
-8.75951194E+00  7.31600000E-03  1.12800000E-02  1.49800000E-02  1.70000000E-02  9.63000000E-10  1.22900000E-09  1.26100000E-02  1.74500000E-02  0.00000000E+00  0.00000000E+00  0.00000000E+00  0.00000000E+00  0.00000000E+00  0.00000000E+00  0.00000000E+00  0.00000000E+00  0.00000000E+00  0.00000000E+00
-8.74151194E+00  1.01500000E-02  1.13200000E-02  1.65000000E-02  1.70900000E-02  1.16000000E-09  1.05700000E-09  1.41700000E-02  1.89100000E-02  0.00000000E+00  0.00000000E+00  0.00000000E+00  0.00000000E+00  0.00000000E+00  0.00000000E+00  0.00000000E+00  0.00000000E+00  0.00000000E+00  0.00000000E+00
-8.72451194E+00  1.18100000E-02  9.86300000E-03  1.71200000E-02  1.68400000E-02  1.23300000E-09  9.93300000E-10  1.57600000E-02  2.08700000E-02  0.00000000E+00  0.00000000E+00  0.00000000E+00  0.00000000E+00  0.00000000E+00  0.00000000E+00  0.00000000E+00  0.00000000E+00  0.00000000E+00  0.00000000E+00
-8.70651194E+00  1.14000000E-02  8.25000000E-03  1.64300000E-02  1.83800000E-02  1.15700000E-09  1.20900000E-09  1.73200000E-02  2.39500000E-02  0.00000000E+00  0.00000000E+00  0.00000000E+00  0.00000000E+00  0.00000000E+00  0.00000000E+00  0.00000000E+00  0.00000000E+00  0.00000000E+00  0.00000000E+00
-8.68951194E+00  9.50900000E-03  7.55700000E-03  1.59300000E-02  2.27600000E-02  1.06600000E-09  1.67900000E-09  1.95200000E-02  2.78900000E-02  0.00000000E+00  0.00000000E+00  0.00000000E+00  0.00000000E+00  0.00000000E+00  0.00000000E+00  0.00000000E+00  0.00000000E+00  0.00000000E+00  0.00000000E+00
-8.67151194E+00  7.63900000E-03  7.76000000E-03  1.78300000E-02  2.87400000E-02  1.16900000E-09  2.18800000E-09  2.29700000E-02  3.10500000E-02  0.00000000E+00  0.00000000E+00  0.00000000E+00  0.00000000E+00  0.00000000E+00  0.00000000E+00  0.00000000E+00  0.00000000E+00  0.00000000E+00  0.00000000E+00
-8.65451194E+00  6.96200000E-03  8.23200000E-03  2.33100000E-02  3.41000000E-02  1.61200000E-09  2.55100000E-09  2.77400000E-02  3.16300000E-02  0.00000000E+00  0.00000000E+00  0.00000000E+00  0.00000000E+00  0.00000000E+00  0.00000000E+00  0.00000000E+00  0.00000000E+00  0.00000000E+00  0.00000000E+00
-8.63751194E+00  7.74300000E-03  8.76100000E-03  3.17600000E-02  3.78000000E-02  2.41000000E-09  2.80900000E-09  3.34000000E-02  2.96500000E-02  0.00000000E+00  0.00000000E+00  0.00000000E+00  0.00000000E+00  0.00000000E+00  0.00000000E+00  0.00000000E+00  0.00000000E+00  0.00000000E+00  0.00000000E+00
-8.61951194E+00  9.61100000E-03  9.72000000E-03  4.08700000E-02  4.02800000E-02  3.41200000E-09  3.14300000E-09  3.85400000E-02  2.70700000E-02  0.00000000E+00  0.00000000E+00  0.00000000E+00  0.00000000E+00  0.00000000E+00  0.00000000E+00  0.00000000E+00  0.00000000E+00  0.00000000E+00  0.00000000E+00
-8.60251194E+00  1.18800000E-02  1.12300000E-02  4.72600000E-02  4.16300000E-02  4.29600000E-09  3.58200000E-09  4.07700000E-02  2.55700000E-02  0.00000000E+00  0.00000000E+00  0.00000000E+00  0.00000000E+00  0.00000000E+00  0.00000000E+00  0.00000000E+00  0.00000000E+00  0.00000000E+00  0.00000000E+00
-8.58451194E+00  1.36500000E-02  1.25500000E-02  4.81500000E-02  4.07600000E-02  4.70100000E-09  3.92700000E-09  3.83100000E-02  2.49000000E-02  0.00000000E+00  0.00000000E+00  0.00000000E+00  0.00000000E+00  0.00000000E+00  0.00000000E+00  0.00000000E+00  0.00000000E+00  0.00000000E+00  0.00000000E+00
-8.56751194E+00  1.39500000E-02  1.25800000E-02  4.31800000E-02  3.66200000E-02  4.46700000E-09  4.00000000E-09  3.19200000E-02  2.38500000E-02  0.00000000E+00  0.00000000E+00  0.00000000E+00  0.00000000E+00  0.00000000E+00  0.00000000E+00  0.00000000E+00  0.00000000E+00  0.00000000E+00  0.00000000E+00
-8.55051194E+00  1.24400000E-02  1.09600000E-02  3.49100000E-02  2.96100000E-02  3.80300000E-09  3.82700000E-09  2.45900000E-02  2.16900000E-02  0.00000000E+00  0.00000000E+00  0.00000000E+00  0.00000000E+00  0.00000000E+00  0.00000000E+00  0.00000000E+00  0.00000000E+00  0.00000000E+00  0.00000000E+00
-8.53251194E+00  9.75300000E-03  8.32800000E-03  2.69300000E-02  2.15800000E-02  3.15400000E-09  3.53800000E-09  1.92100000E-02  1.83400000E-02  0.00000000E+00  0.00000000E+00  0.00000000E+00  0.00000000E+00  0.00000000E+00  0.00000000E+00  0.00000000E+00  0.00000000E+00  0.00000000E+00  0.00000000E+00
-8.51551194E+00  7.10300000E-03  5.67400000E-03  2.12400000E-02  1.44200000E-02  2.83700000E-09  3.20000000E-09  1.64500000E-02  1.41300000E-02  0.00000000E+00  0.00000000E+00  0.00000000E+00  0.00000000E+00  0.00000000E+00  0.00000000E+00  0.00000000E+00  0.00000000E+00  0.00000000E+00  0.00000000E+00
-8.49751194E+00  5.22200000E-03  3.74700000E-03  1.74000000E-02  9.30100000E-03  2.83600000E-09  2.84000000E-09  1.48200000E-02  9.92500000E-03  0.00000000E+00  0.00000000E+00  0.00000000E+00  0.00000000E+00  0.00000000E+00  0.00000000E+00  0.00000000E+00  0.00000000E+00  0.00000000E+00  0.00000000E+00
-8.48051194E+00  4.08200000E-03  3.13500000E-03  1.40900000E-02  6.84800000E-03  2.94400000E-09  2.53600000E-09  1.26200000E-02  7.28500000E-03  0.00000000E+00  0.00000000E+00  0.00000000E+00  0.00000000E+00  0.00000000E+00  0.00000000E+00  0.00000000E+00  0.00000000E+00  0.00000000E+00  0.00000000E+00
-8.46251194E+00  3.56700000E-03  4.49800000E-03  1.11400000E-02  7.75600000E-03  3.03100000E-09  2.47300000E-09  9.87600000E-03  7.95300000E-03  0.00000000E+00  0.00000000E+00  0.00000000E+00  0.00000000E+00  0.00000000E+00  0.00000000E+00  0.00000000E+00  0.00000000E+00  0.00000000E+00  0.00000000E+00
-8.44551194E+00  4.16400000E-03  8.33000000E-03  9.93000000E-03  1.27800000E-02  3.16700000E-09  2.92300000E-09  8.47200000E-03  1.27700000E-02  0.00000000E+00  0.00000000E+00  0.00000000E+00  0.00000000E+00  0.00000000E+00  0.00000000E+00  0.00000000E+00  0.00000000E+00  0.00000000E+00  0.00000000E+00
-8.42851194E+00  6.81300000E-03  1.41100000E-02  1.23500000E-02  2.16400000E-02  3.56600000E-09  4.00600000E-09  1.05900000E-02  2.05200000E-02  0.00000000E+00  0.00000000E+00  0.00000000E+00  0.00000000E+00  0.00000000E+00  0.00000000E+00  0.00000000E+00  0.00000000E+00  0.00000000E+00  0.00000000E+00
-8.41051194E+00  1.18800000E-02  1.96900000E-02  1.91600000E-02  3.15900000E-02  4.41300000E-09  5.36400000E-09  1.67800000E-02  2.76100000E-02  0.00000000E+00  0.00000000E+00  0.00000000E+00  0.00000000E+00  0.00000000E+00  0.00000000E+00  0.00000000E+00  0.00000000E+00  0.00000000E+00  0.00000000E+00
-8.39351194E+00  1.79800000E-02  2.21700000E-02  2.84700000E-02  3.78600000E-02  5.55200000E-09  6.20400000E-09  2.47100000E-02  3.00000000E-02  0.00000000E+00  0.00000000E+00  0.00000000E+00  0.00000000E+00  0.00000000E+00  0.00000000E+00  0.00000000E+00  0.00000000E+00  0.00000000E+00  0.00000000E+00
-8.37551194E+00  2.21700000E-02  2.01200000E-02  3.57900000E-02  3.68800000E-02  6.36800000E-09  5.95600000E-09  2.99800000E-02  2.63100000E-02  0.00000000E+00  0.00000000E+00  0.00000000E+00  0.00000000E+00  0.00000000E+00  0.00000000E+00  0.00000000E+00  0.00000000E+00  0.00000000E+00  0.00000000E+00
-8.35851194E+00  2.19700000E-02  1.49100000E-02  3.68000000E-02  2.95200000E-02  6.22100000E-09  4.95900000E-09  2.92300000E-02  1.91100000E-02  0.00000000E+00  0.00000000E+00  0.00000000E+00  0.00000000E+00  0.00000000E+00  0.00000000E+00  0.00000000E+00  0.00000000E+00  0.00000000E+00  0.00000000E+00
-8.34051194E+00  1.76500000E-02  9.60700000E-03  3.09800000E-02  2.07400000E-02  5.15200000E-09  4.46500000E-09  2.31000000E-02  1.30100000E-02  0.00000000E+00  0.00000000E+00  0.00000000E+00  0.00000000E+00  0.00000000E+00  0.00000000E+00  0.00000000E+00  0.00000000E+00  0.00000000E+00  0.00000000E+00
-8.32351194E+00  1.20500000E-02  6.82100000E-03  2.23700000E-02  1.60600000E-02  4.07700000E-09  5.97000000E-09  1.58500000E-02  1.18000000E-02  0.00000000E+00  0.00000000E+00  0.00000000E+00  0.00000000E+00  0.00000000E+00  0.00000000E+00  0.00000000E+00  0.00000000E+00  0.00000000E+00  0.00000000E+00
-8.30651194E+00  8.34300000E-03  7.44800000E-03  1.65600000E-02  1.81400000E-02  4.34200000E-09  1.04900000E-08  1.22500000E-02  1.67900000E-02  0.00000000E+00  0.00000000E+00  0.00000000E+00  0.00000000E+00  0.00000000E+00  0.00000000E+00  0.00000000E+00  0.00000000E+00  0.00000000E+00  0.00000000E+00
-8.28851194E+00  8.06800000E-03  1.07300000E-02  1.71200000E-02  2.55200000E-02  7.23100000E-09  1.83100000E-08  1.49800000E-02  2.64600000E-02  0.00000000E+00  0.00000000E+00  0.00000000E+00  0.00000000E+00  0.00000000E+00  0.00000000E+00  0.00000000E+00  0.00000000E+00  0.00000000E+00  0.00000000E+00
-8.27151194E+00  1.08000000E-02  1.48300000E-02  2.37700000E-02  3.39600000E-02  1.38000000E-08  2.95200000E-08  2.37300000E-02  3.67800000E-02  0.00000000E+00  0.00000000E+00  0.00000000E+00  0.00000000E+00  0.00000000E+00  0.00000000E+00  0.00000000E+00  0.00000000E+00  0.00000000E+00  0.00000000E+00
-8.25351194E+00  1.48200000E-02  1.77600000E-02  3.28200000E-02  3.92800000E-02  2.48600000E-08  4.43000000E-08  3.51000000E-02  4.33400000E-02  0.00000000E+00  0.00000000E+00  0.00000000E+00  0.00000000E+00  0.00000000E+00  0.00000000E+00  0.00000000E+00  0.00000000E+00  0.00000000E+00  0.00000000E+00
-8.23651194E+00  1.80400000E-02  1.84500000E-02  3.95100000E-02  4.02800000E-02  4.05300000E-08  6.15600000E-08  4.38600000E-02  4.45900000E-02  0.00000000E+00  0.00000000E+00  0.00000000E+00  0.00000000E+00  0.00000000E+00  0.00000000E+00  0.00000000E+00  0.00000000E+00  0.00000000E+00  0.00000000E+00
-8.21951194E+00  1.90100000E-02  1.73800000E-02  4.12000000E-02  3.89100000E-02  5.90800000E-08  7.93300000E-08  4.62700000E-02  4.34100000E-02  0.00000000E+00  0.00000000E+00  0.00000000E+00  0.00000000E+00  0.00000000E+00  0.00000000E+00  0.00000000E+00  0.00000000E+00  0.00000000E+00  0.00000000E+00
-8.20151194E+00  1.77800000E-02  1.59700000E-02  3.88700000E-02  3.79700000E-02  8.17700000E-08  1.21400000E-07  4.33600000E-02  4.46200000E-02  0.00000000E+00  0.00000000E+00  0.00000000E+00  0.00000000E+00  0.00000000E+00  0.00000000E+00  0.00000000E+00  0.00000000E+00  0.00000000E+00  0.00000000E+00
-8.18451194E+00  1.56800000E-02  1.53400000E-02  3.57400000E-02  3.91400000E-02  1.71300000E-07  4.36600000E-07  4.03900000E-02  5.01400000E-02  0.00000000E+00  0.00000000E+00  0.00000000E+00  0.00000000E+00  0.00000000E+00  0.00000000E+00  0.00000000E+00  0.00000000E+00  0.00000000E+00  0.00000000E+00
-8.16651194E+00  1.42400000E-02  1.54800000E-02  3.49400000E-02  4.24400000E-02  8.52300000E-07  2.65600000E-06  4.23600000E-02  5.65800000E-02  0.00000000E+00  0.00000000E+00  0.00000000E+00  0.00000000E+00  0.00000000E+00  0.00000000E+00  0.00000000E+00  0.00000000E+00  0.00000000E+00  0.00000000E+00
-8.14951194E+00  1.40500000E-02  1.56100000E-02  3.81600000E-02  4.68500000E-02  5.22900000E-06  1.49400000E-05  4.93000000E-02  5.80600000E-02  0.00000000E+00  0.00000000E+00  0.00000000E+00  0.00000000E+00  0.00000000E+00  0.00000000E+00  0.00000000E+00  0.00000000E+00  0.00000000E+00  0.00000000E+00
-8.13151194E+00  1.45300000E-02  1.50300000E-02  4.49500000E-02  5.07100000E-02  2.74100000E-05  6.88900000E-05  5.60200000E-02  5.18200000E-02  0.00000000E+00  0.00000000E+00  0.00000000E+00  0.00000000E+00  0.00000000E+00  0.00000000E+00  0.00000000E+00  0.00000000E+00  0.00000000E+00  0.00000000E+00
-8.11451194E+00  1.46800000E-02  1.36300000E-02  5.26900000E-02  5.21800000E-02  1.16900000E-04  2.59000000E-04  5.65900000E-02  4.09200000E-02  0.00000000E+00  0.00000000E+00  0.00000000E+00  0.00000000E+00  0.00000000E+00  0.00000000E+00  0.00000000E+00  0.00000000E+00  0.00000000E+00  0.00000000E+00
-8.09751194E+00  1.38900000E-02  1.19500000E-02  5.77200000E-02  4.99500000E-02  4.08000000E-04  8.03700000E-04  4.94500000E-02  3.18000000E-02  0.00000000E+00  0.00000000E+00  0.00000000E+00  0.00000000E+00  0.00000000E+00  0.00000000E+00  0.00000000E+00  0.00000000E+00  0.00000000E+00  0.00000000E+00
-8.07951194E+00  1.22800000E-02  1.09300000E-02  5.73100000E-02  4.41400000E-02  1.18200000E-03  2.08900000E-03  3.84400000E-02  3.00800000E-02  0.00000000E+00  0.00000000E+00  0.00000000E+00  0.00000000E+00  0.00000000E+00  0.00000000E+00  0.00000000E+00  0.00000000E+00  0.00000000E+00  0.00000000E+00
-8.06251194E+00  1.05300000E-02  1.14300000E-02  5.11400000E-02  3.66900000E-02  2.88500000E-03  4.60000000E-03  2.97600000E-02  3.79700000E-02  0.00000000E+00  0.00000000E+00  0.00000000E+00  0.00000000E+00  0.00000000E+00  0.00000000E+00  0.00000000E+00  0.00000000E+00  0.00000000E+00  0.00000000E+00
-8.04451194E+00  9.54400000E-03  1.34100000E-02  4.14700000E-02  3.02900000E-02  5.98000000E-03  8.59900000E-03  2.85400000E-02  5.30500000E-02  0.00000000E+00  0.00000000E+00  0.00000000E+00  0.00000000E+00  0.00000000E+00  0.00000000E+00  0.00000000E+00  0.00000000E+00  0.00000000E+00  0.00000000E+00
-8.02751194E+00  9.96700000E-03  1.55600000E-02  3.18500000E-02  2.63900000E-02  1.05200000E-02  1.35700000E-02  3.71400000E-02  6.81700000E-02  0.00000000E+00  0.00000000E+00  0.00000000E+00  0.00000000E+00  0.00000000E+00  0.00000000E+00  0.00000000E+00  0.00000000E+00  0.00000000E+00  0.00000000E+00
-8.01051194E+00  1.16600000E-02  1.62100000E-02  2.51300000E-02  2.42300000E-02  1.56000000E-02  1.79800000E-02  5.36300000E-02  7.50600000E-02  0.00000000E+00  0.00000000E+00  0.00000000E+00  0.00000000E+00  0.00000000E+00  0.00000000E+00  0.00000000E+00  0.00000000E+00  0.00000000E+00  0.00000000E+00
-7.99251194E+00  1.35800000E-02  1.49200000E-02  2.18300000E-02  2.22000000E-02  1.94300000E-02  2.01700000E-02  7.09300000E-02  7.11400000E-02  0.00000000E+00  0.00000000E+00  0.00000000E+00  0.00000000E+00  0.00000000E+00  0.00000000E+00  0.00000000E+00  0.00000000E+00  0.00000000E+00  0.00000000E+00
-7.97551194E+00  1.44500000E-02  1.28500000E-02  2.04600000E-02  1.98800000E-02  2.06600000E-02  2.00400000E-02  8.03700000E-02  6.21400000E-02  0.00000000E+00  0.00000000E+00  0.00000000E+00  0.00000000E+00  0.00000000E+00  0.00000000E+00  0.00000000E+00  0.00000000E+00  0.00000000E+00  0.00000000E+00
-7.95751194E+00  1.38500000E-02  1.13600000E-02  1.94700000E-02  1.79200000E-02  2.00500000E-02  1.95800000E-02  7.87600000E-02  5.58500000E-02  0.00000000E+00  0.00000000E+00  0.00000000E+00  0.00000000E+00  0.00000000E+00  0.00000000E+00  0.00000000E+00  0.00000000E+00  0.00000000E+00  0.00000000E+00
-7.94051194E+00  1.24800000E-02  1.05200000E-02  1.84800000E-02  1.64400000E-02  1.99900000E-02  2.08600000E-02  7.10400000E-02  5.38500000E-02  0.00000000E+00  0.00000000E+00  0.00000000E+00  0.00000000E+00  0.00000000E+00  0.00000000E+00  0.00000000E+00  0.00000000E+00  0.00000000E+00  0.00000000E+00
-7.92251194E+00  1.13000000E-02  9.49100000E-03  1.76900000E-02  1.45700000E-02  2.20500000E-02  2.37700000E-02  6.44300000E-02  5.17000000E-02  0.00000000E+00  0.00000000E+00  0.00000000E+00  0.00000000E+00  0.00000000E+00  0.00000000E+00  0.00000000E+00  0.00000000E+00  0.00000000E+00  0.00000000E+00
-7.90551194E+00  1.05200000E-02  7.91300000E-03  1.67600000E-02  1.19600000E-02  2.52100000E-02  2.60200000E-02  6.11500000E-02  4.65400000E-02  0.00000000E+00  0.00000000E+00  0.00000000E+00  0.00000000E+00  0.00000000E+00  0.00000000E+00  0.00000000E+00  0.00000000E+00  0.00000000E+00  0.00000000E+00
-7.88851194E+00  9.68800000E-03  6.53100000E-03  1.50100000E-02  9.70600000E-03  2.68500000E-02  2.53800000E-02  5.84800000E-02  4.16700000E-02  0.00000000E+00  0.00000000E+00  0.00000000E+00  0.00000000E+00  0.00000000E+00  0.00000000E+00  0.00000000E+00  0.00000000E+00  0.00000000E+00  0.00000000E+00
-7.87051194E+00  8.59500000E-03  6.34100000E-03  1.26700000E-02  9.56900000E-03  2.51900000E-02  2.16500000E-02  5.49800000E-02  4.26300000E-02  0.00000000E+00  0.00000000E+00  0.00000000E+00  0.00000000E+00  0.00000000E+00  0.00000000E+00  0.00000000E+00  0.00000000E+00  0.00000000E+00  0.00000000E+00
-7.85351194E+00  7.60600000E-03  7.54500000E-03  1.13100000E-02  1.25900000E-02  2.07600000E-02  1.66400000E-02  5.33800000E-02  5.04800000E-02  0.00000000E+00  0.00000000E+00  0.00000000E+00  0.00000000E+00  0.00000000E+00  0.00000000E+00  0.00000000E+00  0.00000000E+00  0.00000000E+00  0.00000000E+00
-7.83551194E+00  7.18100000E-03  9.38500000E-03  1.28000000E-02  1.83100000E-02  1.57600000E-02  1.27100000E-02  5.62100000E-02  6.04800000E-02  0.00000000E+00  0.00000000E+00  0.00000000E+00  0.00000000E+00  0.00000000E+00  0.00000000E+00  0.00000000E+00  0.00000000E+00  0.00000000E+00  0.00000000E+00
-7.81851194E+00  7.33900000E-03  1.07700000E-02  1.76200000E-02  2.45400000E-02  1.22900000E-02  1.10000000E-02  6.13000000E-02  6.64600000E-02  0.00000000E+00  0.00000000E+00  0.00000000E+00  0.00000000E+00  0.00000000E+00  0.00000000E+00  0.00000000E+00  0.00000000E+00  0.00000000E+00  0.00000000E+00
-7.80051194E+00  7.75100000E-03  1.10300000E-02  2.39900000E-02  2.84200000E-02  1.09100000E-02  1.10800000E-02  6.39300000E-02  6.60100000E-02  0.00000000E+00  0.00000000E+00  0.00000000E+00  0.00000000E+00  0.00000000E+00  0.00000000E+00  0.00000000E+00  0.00000000E+00  0.00000000E+00  0.00000000E+00
-7.78351194E+00  8.16900000E-03  1.03200000E-02  2.88700000E-02  2.86600000E-02  1.09200000E-02  1.20600000E-02  6.22000000E-02  6.22200000E-02  0.00000000E+00  0.00000000E+00  0.00000000E+00  0.00000000E+00  0.00000000E+00  0.00000000E+00  0.00000000E+00  0.00000000E+00  0.00000000E+00  0.00000000E+00
-7.76651194E+00  8.62500000E-03  9.37600000E-03  3.04600000E-02  2.69600000E-02  1.17100000E-02  1.35800000E-02  5.86900000E-02  6.16700000E-02  0.00000000E+00  0.00000000E+00  0.00000000E+00  0.00000000E+00  0.00000000E+00  0.00000000E+00  0.00000000E+00  0.00000000E+00  0.00000000E+00  0.00000000E+00
-7.74851194E+00  9.30600000E-03  8.99300000E-03  2.96600000E-02  2.64000000E-02  1.34600000E-02  1.56600000E-02  5.83300000E-02  7.01500000E-02  0.00000000E+00  0.00000000E+00  0.00000000E+00  0.00000000E+00  0.00000000E+00  0.00000000E+00  0.00000000E+00  0.00000000E+00  0.00000000E+00  0.00000000E+00
-7.73151194E+00  1.02700000E-02  9.47600000E-03  2.86600000E-02  2.85100000E-02  1.64700000E-02  1.83500000E-02  6.52000000E-02  8.74800000E-02  0.00000000E+00  0.00000000E+00  0.00000000E+00  0.00000000E+00  0.00000000E+00  0.00000000E+00  0.00000000E+00  0.00000000E+00  0.00000000E+00  0.00000000E+00
-7.71351194E+00  1.12400000E-02  1.04400000E-02  2.85400000E-02  3.25400000E-02  2.05400000E-02  2.15200000E-02  7.95600000E-02  1.05200000E-01  0.00000000E+00  0.00000000E+00  0.00000000E+00  0.00000000E+00  0.00000000E+00  0.00000000E+00  0.00000000E+00  0.00000000E+00  0.00000000E+00  0.00000000E+00
-7.69651194E+00  1.17800000E-02  1.11000000E-02  2.92600000E-02  3.71900000E-02  2.49100000E-02  2.48500000E-02  9.61400000E-02  1.11300000E-01  0.00000000E+00  0.00000000E+00  0.00000000E+00  0.00000000E+00  0.00000000E+00  0.00000000E+00  0.00000000E+00  0.00000000E+00  0.00000000E+00  0.00000000E+00
-7.67951194E+00  1.17000000E-02  1.09200000E-02  3.14300000E-02  4.18300000E-02  2.85000000E-02  2.76300000E-02  1.06600000E-01  1.01100000E-01  0.00000000E+00  0.00000000E+00  0.00000000E+00  0.00000000E+00  0.00000000E+00  0.00000000E+00  0.00000000E+00  0.00000000E+00  0.00000000E+00  0.00000000E+00
-7.66151194E+00  1.12100000E-02  9.87300000E-03  3.62500000E-02  4.57400000E-02  3.02500000E-02  2.92100000E-02  1.05800000E-01  8.15500000E-02  0.00000000E+00  0.00000000E+00  0.00000000E+00  0.00000000E+00  0.00000000E+00  0.00000000E+00  0.00000000E+00  0.00000000E+00  0.00000000E+00  0.00000000E+00
-7.64451194E+00  1.04900000E-02  8.36500000E-03  4.32200000E-02  4.73900000E-02  2.99200000E-02  2.94100000E-02  9.54800000E-02  6.47400000E-02  0.00000000E+00  0.00000000E+00  0.00000000E+00  0.00000000E+00  0.00000000E+00  0.00000000E+00  0.00000000E+00  0.00000000E+00  0.00000000E+00  0.00000000E+00
-7.62651194E+00  9.46300000E-03  7.01100000E-03  4.89100000E-02  4.56200000E-02  2.83100000E-02  2.83300000E-02  8.15900000E-02  5.82800000E-02  0.00000000E+00  0.00000000E+00  0.00000000E+00  0.00000000E+00  0.00000000E+00  0.00000000E+00  0.00000000E+00  0.00000000E+00  0.00000000E+00  0.00000000E+00
-7.60951194E+00  8.09700000E-03  6.39700000E-03  4.93400000E-02  4.10900000E-02  2.63400000E-02  2.60400000E-02  6.98800000E-02  6.20200000E-02  0.00000000E+00  0.00000000E+00  0.00000000E+00  0.00000000E+00  0.00000000E+00  0.00000000E+00  0.00000000E+00  0.00000000E+00  0.00000000E+00  0.00000000E+00
-7.59151194E+00  6.82900000E-03  6.81100000E-03  4.38600000E-02  3.58800000E-02  2.43200000E-02  2.29800000E-02  6.43700000E-02  7.11600000E-02  0.00000000E+00  0.00000000E+00  0.00000000E+00  0.00000000E+00  0.00000000E+00  0.00000000E+00  0.00000000E+00  0.00000000E+00  0.00000000E+00  0.00000000E+00
-7.57451194E+00  6.40200000E-03  8.02000000E-03  3.58500000E-02  3.18000000E-02  2.23700000E-02  2.06400000E-02  6.81300000E-02  7.99600000E-02  0.00000000E+00  0.00000000E+00  0.00000000E+00  0.00000000E+00  0.00000000E+00  0.00000000E+00  0.00000000E+00  0.00000000E+00  0.00000000E+00  0.00000000E+00
-7.55751194E+00  7.17600000E-03  9.42500000E-03  2.97100000E-02  2.99400000E-02  2.14100000E-02  2.13400000E-02  8.13700000E-02  8.41500000E-02  0.00000000E+00  0.00000000E+00  0.00000000E+00  0.00000000E+00  0.00000000E+00  0.00000000E+00  0.00000000E+00  0.00000000E+00  0.00000000E+00  0.00000000E+00
-7.53951194E+00  8.75700000E-03  1.06400000E-02  2.77500000E-02  3.12700000E-02  2.31900000E-02  2.63900000E-02  9.77600000E-02  8.32500000E-02  0.00000000E+00  0.00000000E+00  0.00000000E+00  0.00000000E+00  0.00000000E+00  0.00000000E+00  0.00000000E+00  0.00000000E+00  0.00000000E+00  0.00000000E+00
-7.52251194E+00  1.05100000E-02  1.19500000E-02  3.00900000E-02  3.65400000E-02  2.86800000E-02  3.41800000E-02  1.06800000E-01  8.14400000E-02  0.00000000E+00  0.00000000E+00  0.00000000E+00  0.00000000E+00  0.00000000E+00  0.00000000E+00  0.00000000E+00  0.00000000E+00  0.00000000E+00  0.00000000E+00
-7.50451194E+00  1.23600000E-02  1.40200000E-02  3.63300000E-02  4.49400000E-02  3.62300000E-02  4.06800000E-02  1.03300000E-01  8.48900000E-02  0.00000000E+00  0.00000000E+00  0.00000000E+00  0.00000000E+00  0.00000000E+00  0.00000000E+00  0.00000000E+00  0.00000000E+00  0.00000000E+00  0.00000000E+00
-7.48751194E+00  1.47800000E-02  1.72400000E-02  4.53000000E-02  5.35400000E-02  4.20500000E-02  4.23900000E-02  9.27900000E-02  9.67900000E-02  0.00000000E+00  0.00000000E+00  0.00000000E+00  0.00000000E+00  0.00000000E+00  0.00000000E+00  0.00000000E+00  0.00000000E+00  0.00000000E+00  0.00000000E+00
-7.46951194E+00  1.79100000E-02  2.12100000E-02  5.36500000E-02  5.88200000E-02  4.31700000E-02  3.89600000E-02  8.52100000E-02  1.14400000E-01  0.00000000E+00  0.00000000E+00  0.00000000E+00  0.00000000E+00  0.00000000E+00  0.00000000E+00  0.00000000E+00  0.00000000E+00  0.00000000E+00  0.00000000E+00
-7.45251194E+00  2.10700000E-02  2.46500000E-02  5.69600000E-02  5.89500000E-02  3.96400000E-02  3.28800000E-02  8.57000000E-02  1.29900000E-01  0.00000000E+00  0.00000000E+00  0.00000000E+00  0.00000000E+00  0.00000000E+00  0.00000000E+00  0.00000000E+00  0.00000000E+00  0.00000000E+00  0.00000000E+00
-7.43551194E+00  2.32300000E-02  2.57700000E-02  5.36500000E-02  5.43700000E-02  3.38500000E-02  2.69600000E-02  9.23900000E-02  1.34400000E-01  0.00000000E+00  0.00000000E+00  0.00000000E+00  0.00000000E+00  0.00000000E+00  0.00000000E+00  0.00000000E+00  0.00000000E+00  0.00000000E+00  0.00000000E+00
-7.41751194E+00  2.36600000E-02  2.33900000E-02  4.64300000E-02  4.69200000E-02  2.80200000E-02  2.24300000E-02  9.99200000E-02  1.23000000E-01  0.00000000E+00  0.00000000E+00  0.00000000E+00  0.00000000E+00  0.00000000E+00  0.00000000E+00  0.00000000E+00  0.00000000E+00  0.00000000E+00  0.00000000E+00
-7.40051194E+00  2.20800000E-02  1.80800000E-02  3.93300000E-02  3.89900000E-02  2.29200000E-02  1.90100000E-02  1.02500000E-01  9.97500000E-02  0.00000000E+00  0.00000000E+00  0.00000000E+00  0.00000000E+00  0.00000000E+00  0.00000000E+00  0.00000000E+00  0.00000000E+00  0.00000000E+00  0.00000000E+00
-7.38251194E+00  1.86300000E-02  1.20400000E-02  3.42300000E-02  3.28300000E-02  1.85500000E-02  1.64200000E-02  9.63500000E-02  7.61600000E-02  0.00000000E+00  0.00000000E+00  0.00000000E+00  0.00000000E+00  0.00000000E+00  0.00000000E+00  0.00000000E+00  0.00000000E+00  0.00000000E+00  0.00000000E+00
-7.36551194E+00  1.40300000E-02  7.56700000E-03  3.07200000E-02  2.96700000E-02  1.52900000E-02  1.50700000E-02  8.23100000E-02  6.27000000E-02  0.00000000E+00  0.00000000E+00  0.00000000E+00  0.00000000E+00  0.00000000E+00  0.00000000E+00  0.00000000E+00  0.00000000E+00  0.00000000E+00  0.00000000E+00
-7.34851194E+00  9.53200000E-03  5.71600000E-03  2.83800000E-02  2.92600000E-02  1.38300000E-02  1.54300000E-02  6.65000000E-02  6.22300000E-02  0.00000000E+00  0.00000000E+00  0.00000000E+00  0.00000000E+00  0.00000000E+00  0.00000000E+00  0.00000000E+00  0.00000000E+00  0.00000000E+00  0.00000000E+00
-7.33051194E+00  6.46000000E-03  6.22400000E-03  2.81800000E-02  3.04100000E-02  1.44100000E-02  1.70800000E-02  5.73500000E-02  7.06800000E-02  0.00000000E+00  0.00000000E+00  0.00000000E+00  0.00000000E+00  0.00000000E+00  0.00000000E+00  0.00000000E+00  0.00000000E+00  0.00000000E+00  0.00000000E+00
-7.31351194E+00  5.57600000E-03  8.10200000E-03  3.16200000E-02  3.17600000E-02  1.64000000E-02  1.86000000E-02  6.07500000E-02  8.19100000E-02  0.00000000E+00  0.00000000E+00  0.00000000E+00  0.00000000E+00  0.00000000E+00  0.00000000E+00  0.00000000E+00  0.00000000E+00  0.00000000E+00  0.00000000E+00
-7.29551194E+00  6.73800000E-03  1.01700000E-02  3.82700000E-02  3.23400000E-02  1.83800000E-02  1.84700000E-02  7.60700000E-02  9.14500000E-02  0.00000000E+00  0.00000000E+00  0.00000000E+00  0.00000000E+00  0.00000000E+00  0.00000000E+00  0.00000000E+00  0.00000000E+00  0.00000000E+00  0.00000000E+00
-7.27851194E+00  8.95900000E-03  1.14500000E-02  4.46800000E-02  3.19300000E-02  1.87400000E-02  1.66400000E-02  9.59500000E-02  9.72500000E-02  0.00000000E+00  0.00000000E+00  0.00000000E+00  0.00000000E+00  0.00000000E+00  0.00000000E+00  0.00000000E+00  0.00000000E+00  0.00000000E+00  0.00000000E+00
-7.26051194E+00  1.08600000E-02  1.15500000E-02  4.66500000E-02  3.09800000E-02  1.71800000E-02  1.48700000E-02  1.10400000E-01  9.85600000E-02  0.00000000E+00  0.00000000E+00  0.00000000E+00  0.00000000E+00  0.00000000E+00  0.00000000E+00  0.00000000E+00  0.00000000E+00  0.00000000E+00  0.00000000E+00
-7.24351194E+00  1.14100000E-02  1.06800000E-02  4.26400000E-02  3.00900000E-02  1.54700000E-02  1.50600000E-02  1.12100000E-01  9.46900000E-02  0.00000000E+00  0.00000000E+00  0.00000000E+00  0.00000000E+00  0.00000000E+00  0.00000000E+00  0.00000000E+00  0.00000000E+00  0.00000000E+00  0.00000000E+00
-7.22651194E+00  1.04800000E-02  9.42600000E-03  3.46900000E-02  2.93500000E-02  1.59200000E-02  1.73100000E-02  1.00400000E-01  8.53600000E-02  0.00000000E+00  0.00000000E+00  0.00000000E+00  0.00000000E+00  0.00000000E+00  0.00000000E+00  0.00000000E+00  0.00000000E+00  0.00000000E+00  0.00000000E+00
-7.20851194E+00  8.76200000E-03  8.22200000E-03  2.65200000E-02  2.81800000E-02  1.90900000E-02  2.01700000E-02  8.09900000E-02  7.18300000E-02  0.00000000E+00  0.00000000E+00  0.00000000E+00  0.00000000E+00  0.00000000E+00  0.00000000E+00  0.00000000E+00  0.00000000E+00  0.00000000E+00  0.00000000E+00
-7.19151194E+00  7.08600000E-03  7.03900000E-03  2.11300000E-02  2.57700000E-02  2.32700000E-02  2.23200000E-02  6.27200000E-02  5.67200000E-02  0.00000000E+00  0.00000000E+00  0.00000000E+00  0.00000000E+00  0.00000000E+00  0.00000000E+00  0.00000000E+00  0.00000000E+00  0.00000000E+00  0.00000000E+00
-7.17351194E+00  5.90900000E-03  5.71100000E-03  1.94200000E-02  2.23600000E-02  2.61400000E-02  2.33400000E-02  5.15200000E-02  4.30300000E-02  0.00000000E+00  0.00000000E+00  0.00000000E+00  0.00000000E+00  0.00000000E+00  0.00000000E+00  0.00000000E+00  0.00000000E+00  0.00000000E+00  0.00000000E+00
-7.15651194E+00  5.27700000E-03  4.43400000E-03  2.06500000E-02  2.04200000E-02  2.65400000E-02  2.33000000E-02  4.72800000E-02  3.40300000E-02  0.00000000E+00  0.00000000E+00  0.00000000E+00  0.00000000E+00  0.00000000E+00  0.00000000E+00  0.00000000E+00  0.00000000E+00  0.00000000E+00  0.00000000E+00
-7.13951194E+00  5.19400000E-03  3.79400000E-03  2.45100000E-02  2.38000000E-02  2.50600000E-02  2.27100000E-02  4.67100000E-02  3.32600000E-02  0.00000000E+00  0.00000000E+00  0.00000000E+00  0.00000000E+00  0.00000000E+00  0.00000000E+00  0.00000000E+00  0.00000000E+00  0.00000000E+00  0.00000000E+00
-7.12151194E+00  5.80100000E-03  4.22700000E-03  3.22800000E-02  3.50900000E-02  2.35200000E-02  2.26500000E-02  4.87800000E-02  4.25800000E-02  0.00000000E+00  0.00000000E+00  0.00000000E+00  0.00000000E+00  0.00000000E+00  0.00000000E+00  0.00000000E+00  0.00000000E+00  0.00000000E+00  0.00000000E+00
-7.10451194E+00  7.04500000E-03  5.51300000E-03  4.45000000E-02  5.28000000E-02  2.32300000E-02  2.34400000E-02  5.49300000E-02  5.88300000E-02  0.00000000E+00  0.00000000E+00  0.00000000E+00  0.00000000E+00  0.00000000E+00  0.00000000E+00  0.00000000E+00  0.00000000E+00  0.00000000E+00  0.00000000E+00
-7.08651194E+00  8.26600000E-03  6.80900000E-03  5.76600000E-02  7.07200000E-02  2.34600000E-02  2.35900000E-02  6.41500000E-02  7.33700000E-02  0.00000000E+00  0.00000000E+00  0.00000000E+00  0.00000000E+00  0.00000000E+00  0.00000000E+00  0.00000000E+00  0.00000000E+00  0.00000000E+00  0.00000000E+00
-7.06951194E+00  8.50100000E-03  7.29200000E-03  6.52700000E-02  8.12400000E-02  2.20400000E-02  2.11900000E-02  7.05800000E-02  7.77400000E-02  0.00000000E+00  0.00000000E+00  0.00000000E+00  0.00000000E+00  0.00000000E+00  0.00000000E+00  0.00000000E+00  0.00000000E+00  0.00000000E+00  0.00000000E+00
-7.05151194E+00  7.44300000E-03  6.86600000E-03  6.43000000E-02  8.12000000E-02  1.79700000E-02  1.64000000E-02  6.87100000E-02  7.16400000E-02  0.00000000E+00  0.00000000E+00  0.00000000E+00  0.00000000E+00  0.00000000E+00  0.00000000E+00  0.00000000E+00  0.00000000E+00  0.00000000E+00  0.00000000E+00
-7.03451194E+00  5.92900000E-03  6.20500000E-03  5.97300000E-02  7.45600000E-02  1.27700000E-02  1.17200000E-02  6.05300000E-02  6.38900000E-02  0.00000000E+00  0.00000000E+00  0.00000000E+00  0.00000000E+00  0.00000000E+00  0.00000000E+00  0.00000000E+00  0.00000000E+00  0.00000000E+00  0.00000000E+00
-7.01751194E+00  5.25800000E-03  6.04100000E-03  6.07000000E-02  6.84900000E-02  9.19300000E-03  1.00200000E-02  5.51900000E-02  6.38700000E-02  0.00000000E+00  0.00000000E+00  0.00000000E+00  0.00000000E+00  0.00000000E+00  0.00000000E+00  0.00000000E+00  0.00000000E+00  0.00000000E+00  0.00000000E+00
-6.99951194E+00  6.02500000E-03  6.42500000E-03  7.15500000E-02  6.68100000E-02  9.28800000E-03  1.29100000E-02  6.03700000E-02  7.17900000E-02  0.00000000E+00  0.00000000E+00  0.00000000E+00  0.00000000E+00  0.00000000E+00  0.00000000E+00  0.00000000E+00  0.00000000E+00  0.00000000E+00  0.00000000E+00
-6.98251194E+00  7.60400000E-03  6.75000000E-03  8.70900000E-02  6.79700000E-02  1.37100000E-02  1.99300000E-02  7.37700000E-02  7.85900000E-02  0.00000000E+00  0.00000000E+00  0.00000000E+00  0.00000000E+00  0.00000000E+00  0.00000000E+00  0.00000000E+00  0.00000000E+00  0.00000000E+00  0.00000000E+00
-6.96451194E+00  8.67800000E-03  6.50000000E-03  9.67900000E-02  6.86500000E-02  2.13500000E-02  2.82400000E-02  8.40800000E-02  7.57000000E-02  0.00000000E+00  0.00000000E+00  0.00000000E+00  0.00000000E+00  0.00000000E+00  0.00000000E+00  0.00000000E+00  0.00000000E+00  0.00000000E+00  0.00000000E+00
-6.94751194E+00  8.36300000E-03  5.82600000E-03  9.39300000E-02  6.77900000E-02  2.90700000E-02  3.34600000E-02  8.12100000E-02  6.34900000E-02  0.00000000E+00  0.00000000E+00  0.00000000E+00  0.00000000E+00  0.00000000E+00  0.00000000E+00  0.00000000E+00  0.00000000E+00  0.00000000E+00  0.00000000E+00
-6.92951194E+00  6.92300000E-03  5.32600000E-03  8.08800000E-02  6.69600000E-02  3.29800000E-02  3.26000000E-02  6.56000000E-02  4.95800000E-02  0.00000000E+00  0.00000000E+00  0.00000000E+00  0.00000000E+00  0.00000000E+00  0.00000000E+00  0.00000000E+00  0.00000000E+00  0.00000000E+00  0.00000000E+00
-6.91251194E+00  5.44400000E-03  5.43300000E-03  6.65400000E-02  6.85300000E-02  3.12000000E-02  2.65900000E-02  4.70100000E-02  4.08600000E-02  0.00000000E+00  0.00000000E+00  0.00000000E+00  0.00000000E+00  0.00000000E+00  0.00000000E+00  0.00000000E+00  0.00000000E+00  0.00000000E+00  0.00000000E+00
-6.89551194E+00  4.91500000E-03  6.11600000E-03  5.98400000E-02  7.42600000E-02  2.55900000E-02  1.98400000E-02  3.55500000E-02  3.93100000E-02  0.00000000E+00  0.00000000E+00  0.00000000E+00  0.00000000E+00  0.00000000E+00  0.00000000E+00  0.00000000E+00  0.00000000E+00  0.00000000E+00  0.00000000E+00
-6.87751194E+00  5.59200000E-03  6.97500000E-03  6.49700000E-02  8.36000000E-02  2.04500000E-02  1.69100000E-02  3.48800000E-02  4.32400000E-02  0.00000000E+00  0.00000000E+00  0.00000000E+00  0.00000000E+00  0.00000000E+00  0.00000000E+00  0.00000000E+00  0.00000000E+00  0.00000000E+00  0.00000000E+00
-6.86051194E+00  6.92100000E-03  7.48800000E-03  7.91800000E-02  9.22800000E-02  1.92700000E-02  1.92300000E-02  4.20200000E-02  4.95200000E-02  0.00000000E+00  0.00000000E+00  0.00000000E+00  0.00000000E+00  0.00000000E+00  0.00000000E+00  0.00000000E+00  0.00000000E+00  0.00000000E+00  0.00000000E+00
-6.84251194E+00  7.93600000E-03  7.32100000E-03  9.37100000E-02  9.51400000E-02  2.21500000E-02  2.43100000E-02  5.07200000E-02  5.46800000E-02  0.00000000E+00  0.00000000E+00  0.00000000E+00  0.00000000E+00  0.00000000E+00  0.00000000E+00  0.00000000E+00  0.00000000E+00  0.00000000E+00  0.00000000E+00
-6.82551194E+00  7.92100000E-03  6.57000000E-03  9.93700000E-02  9.13700000E-02  2.59700000E-02  2.81300000E-02  5.54800000E-02  5.63700000E-02  0.00000000E+00  0.00000000E+00  0.00000000E+00  0.00000000E+00  0.00000000E+00  0.00000000E+00  0.00000000E+00  0.00000000E+00  0.00000000E+00  0.00000000E+00
-6.80851194E+00  6.91100000E-03  5.62700000E-03  9.40700000E-02  8.50500000E-02  2.75600000E-02  2.89900000E-02  5.46400000E-02  5.44200000E-02  0.00000000E+00  0.00000000E+00  0.00000000E+00  0.00000000E+00  0.00000000E+00  0.00000000E+00  0.00000000E+00  0.00000000E+00  0.00000000E+00  0.00000000E+00
-6.79051194E+00  5.57500000E-03  4.82900000E-03  8.40600000E-02  7.98000000E-02  2.69700000E-02  2.89800000E-02  5.06800000E-02  5.02000000E-02  0.00000000E+00  0.00000000E+00  0.00000000E+00  0.00000000E+00  0.00000000E+00  0.00000000E+00  0.00000000E+00  0.00000000E+00  0.00000000E+00  0.00000000E+00
-6.77351194E+00  4.62600000E-03  4.27300000E-03  7.68400000E-02  7.52300000E-02  2.74000000E-02  3.11000000E-02  4.72100000E-02  4.51600000E-02  0.00000000E+00  0.00000000E+00  0.00000000E+00  0.00000000E+00  0.00000000E+00  0.00000000E+00  0.00000000E+00  0.00000000E+00  0.00000000E+00  0.00000000E+00
-6.75551194E+00  4.31100000E-03  3.91700000E-03  7.34900000E-02  6.90800000E-02  3.13800000E-02  3.54300000E-02  4.54300000E-02  4.01700000E-02  0.00000000E+00  0.00000000E+00  0.00000000E+00  0.00000000E+00  0.00000000E+00  0.00000000E+00  0.00000000E+00  0.00000000E+00  0.00000000E+00  0.00000000E+00
-6.73851194E+00  4.33500000E-03  3.71900000E-03  6.89500000E-02  6.11000000E-02  3.76600000E-02  3.94100000E-02  4.33400000E-02  3.61500000E-02  0.00000000E+00  0.00000000E+00  0.00000000E+00  0.00000000E+00  0.00000000E+00  0.00000000E+00  0.00000000E+00  0.00000000E+00  0.00000000E+00  0.00000000E+00
-6.72051194E+00  4.20900000E-03  3.66300000E-03  5.87700000E-02  5.38200000E-02  4.23600000E-02  4.09600000E-02  3.87400000E-02  3.46500000E-02  0.00000000E+00  0.00000000E+00  0.00000000E+00  0.00000000E+00  0.00000000E+00  0.00000000E+00  0.00000000E+00  0.00000000E+00  0.00000000E+00  0.00000000E+00
-6.70351194E+00  3.72500000E-03  3.69700000E-03  4.43000000E-02  5.03500000E-02  4.28100000E-02  4.00200000E-02  3.26000000E-02  3.65900000E-02  0.00000000E+00  0.00000000E+00  0.00000000E+00  0.00000000E+00  0.00000000E+00  0.00000000E+00  0.00000000E+00  0.00000000E+00  0.00000000E+00  0.00000000E+00
-6.68651194E+00  3.11100000E-03  3.70100000E-03  3.13300000E-02  5.12500000E-02  3.94400000E-02  3.69800000E-02  2.86200000E-02  4.02700000E-02  0.00000000E+00  0.00000000E+00  0.00000000E+00  0.00000000E+00  0.00000000E+00  0.00000000E+00  0.00000000E+00  0.00000000E+00  0.00000000E+00  0.00000000E+00
-6.66851194E+00  2.74700000E-03  3.55700000E-03  2.51400000E-02  5.37400000E-02  3.42100000E-02  3.16000000E-02  2.93100000E-02  4.18700000E-02  0.00000000E+00  0.00000000E+00  0.00000000E+00  0.00000000E+00  0.00000000E+00  0.00000000E+00  0.00000000E+00  0.00000000E+00  0.00000000E+00  0.00000000E+00
-6.65151194E+00  2.79300000E-03  3.28400000E-03  2.73000000E-02  5.45700000E-02  2.82200000E-02  2.42500000E-02  3.35400000E-02  3.94700000E-02  0.00000000E+00  0.00000000E+00  0.00000000E+00  0.00000000E+00  0.00000000E+00  0.00000000E+00  0.00000000E+00  0.00000000E+00  0.00000000E+00  0.00000000E+00
-6.63351194E+00  3.13500000E-03  3.10600000E-03  3.62900000E-02  5.38400000E-02  2.17200000E-02  1.69200000E-02  3.85700000E-02  3.62700000E-02  0.00000000E+00  0.00000000E+00  0.00000000E+00  0.00000000E+00  0.00000000E+00  0.00000000E+00  0.00000000E+00  0.00000000E+00  0.00000000E+00  0.00000000E+00
-6.61651194E+00  3.63200000E-03  3.32900000E-03  4.97200000E-02  5.55900000E-02  1.54900000E-02  1.21700000E-02  4.35400000E-02  3.86600000E-02  0.00000000E+00  0.00000000E+00  0.00000000E+00  0.00000000E+00  0.00000000E+00  0.00000000E+00  0.00000000E+00  0.00000000E+00  0.00000000E+00  0.00000000E+00
-6.59951194E+00  4.24200000E-03  4.11600000E-03  6.55600000E-02  6.47300000E-02  1.12300000E-02  1.12200000E-02  5.05100000E-02  5.02200000E-02  0.00000000E+00  0.00000000E+00  0.00000000E+00  0.00000000E+00  0.00000000E+00  0.00000000E+00  0.00000000E+00  0.00000000E+00  0.00000000E+00  0.00000000E+00
-6.58151194E+00  4.89600000E-03  5.29400000E-03  8.21300000E-02  8.26000000E-02  1.02700000E-02  1.34200000E-02  6.17300000E-02  6.75600000E-02  0.00000000E+00  0.00000000E+00  0.00000000E+00  0.00000000E+00  0.00000000E+00  0.00000000E+00  0.00000000E+00  0.00000000E+00  0.00000000E+00  0.00000000E+00
-6.56451194E+00  5.34700000E-03  6.35400000E-03  9.76400000E-02  1.04600000E-01  1.24400000E-02  1.68200000E-02  7.59100000E-02  8.20400000E-02  0.00000000E+00  0.00000000E+00  0.00000000E+00  0.00000000E+00  0.00000000E+00  0.00000000E+00  0.00000000E+00  0.00000000E+00  0.00000000E+00  0.00000000E+00
-6.54651194E+00  5.30900000E-03  6.75000000E-03  1.09600000E-01  1.21800000E-01  1.60300000E-02  1.91400000E-02  8.68700000E-02  8.63000000E-02  0.00000000E+00  0.00000000E+00  0.00000000E+00  0.00000000E+00  0.00000000E+00  0.00000000E+00  0.00000000E+00  0.00000000E+00  0.00000000E+00  0.00000000E+00
-6.52951194E+00  4.75000000E-03  6.26100000E-03  1.15100000E-01  1.26200000E-01  1.88000000E-02  1.90500000E-02  8.76500000E-02  7.92600000E-02  0.00000000E+00  0.00000000E+00  0.00000000E+00  0.00000000E+00  0.00000000E+00  0.00000000E+00  0.00000000E+00  0.00000000E+00  0.00000000E+00  0.00000000E+00
-6.51151194E+00  3.98500000E-03  5.13600000E-03  1.13100000E-01  1.16300000E-01  1.95500000E-02  1.71900000E-02  7.70400000E-02  6.55100000E-02  0.00000000E+00  0.00000000E+00  0.00000000E+00  0.00000000E+00  0.00000000E+00  0.00000000E+00  0.00000000E+00  0.00000000E+00  0.00000000E+00  0.00000000E+00
-6.49451194E+00  3.44500000E-03  3.95300000E-03  1.06100000E-01  9.85700000E-02  1.91100000E-02  1.59400000E-02  6.14800000E-02  5.12000000E-02  0.00000000E+00  0.00000000E+00  0.00000000E+00  0.00000000E+00  0.00000000E+00  0.00000000E+00  0.00000000E+00  0.00000000E+00  0.00000000E+00  0.00000000E+00
-6.47751194E+00  3.33800000E-03  3.33000000E-03  9.83500000E-02  8.22900000E-02  1.96100000E-02  1.75100000E-02  4.90500000E-02  4.05500000E-02  0.00000000E+00  0.00000000E+00  0.00000000E+00  0.00000000E+00  0.00000000E+00  0.00000000E+00  0.00000000E+00  0.00000000E+00  0.00000000E+00  0.00000000E+00
-6.45951194E+00  3.52500000E-03  3.63800000E-03  9.16700000E-02  7.28300000E-02  2.21700000E-02  2.21700000E-02  4.26500000E-02  3.48300000E-02  0.00000000E+00  0.00000000E+00  0.00000000E+00  0.00000000E+00  0.00000000E+00  0.00000000E+00  0.00000000E+00  0.00000000E+00  0.00000000E+00  0.00000000E+00
-6.44251194E+00  3.76400000E-03  4.82000000E-03  8.51500000E-02  6.98500000E-02  2.59400000E-02  2.86700000E-02  3.94900000E-02  3.34000000E-02  0.00000000E+00  0.00000000E+00  0.00000000E+00  0.00000000E+00  0.00000000E+00  0.00000000E+00  0.00000000E+00  0.00000000E+00  0.00000000E+00  0.00000000E+00
-6.42451194E+00  4.10400000E-03  6.33500000E-03  7.92600000E-02  7.05800000E-02  2.98700000E-02  3.65500000E-02  3.61300000E-02  3.50100000E-02  0.00000000E+00  0.00000000E+00  0.00000000E+00  0.00000000E+00  0.00000000E+00  0.00000000E+00  0.00000000E+00  0.00000000E+00  0.00000000E+00  0.00000000E+00
-6.40751194E+00  4.95800000E-03  7.34600000E-03  7.74400000E-02  7.31100000E-02  3.51400000E-02  4.73500000E-02  3.24800000E-02  3.80800000E-02  0.00000000E+00  0.00000000E+00  0.00000000E+00  0.00000000E+00  0.00000000E+00  0.00000000E+00  0.00000000E+00  0.00000000E+00  0.00000000E+00  0.00000000E+00
-6.38951194E+00  6.59000000E-03  7.25600000E-03  8.19800000E-02  7.66700000E-02  4.46000000E-02  6.25300000E-02  3.09400000E-02  4.08300000E-02  0.00000000E+00  0.00000000E+00  0.00000000E+00  0.00000000E+00  0.00000000E+00  0.00000000E+00  0.00000000E+00  0.00000000E+00  0.00000000E+00  0.00000000E+00
-6.37251194E+00  8.50400000E-03  6.21700000E-03  8.96300000E-02  8.00700000E-02  5.92100000E-02  7.99500000E-02  3.28700000E-02  4.21700000E-02  0.00000000E+00  0.00000000E+00  0.00000000E+00  0.00000000E+00  0.00000000E+00  0.00000000E+00  0.00000000E+00  0.00000000E+00  0.00000000E+00  0.00000000E+00
-6.35551194E+00  9.58400000E-03  5.06100000E-03  9.38300000E-02  8.07300000E-02  7.55700000E-02  9.29900000E-02  3.67400000E-02  4.20900000E-02  0.00000000E+00  0.00000000E+00  0.00000000E+00  0.00000000E+00  0.00000000E+00  0.00000000E+00  0.00000000E+00  0.00000000E+00  0.00000000E+00  0.00000000E+00
-6.33751194E+00  9.05100000E-03  4.63800000E-03  9.06400000E-02  7.65800000E-02  8.71500000E-02  9.40000000E-02  3.95900000E-02  4.12800000E-02  0.00000000E+00  0.00000000E+00  0.00000000E+00  0.00000000E+00  0.00000000E+00  0.00000000E+00  0.00000000E+00  0.00000000E+00  0.00000000E+00  0.00000000E+00
-6.32051194E+00  7.21700000E-03  5.18300000E-03  8.10300000E-02  6.90800000E-02  8.79200000E-02  8.02600000E-02  3.95200000E-02  4.06700000E-02  0.00000000E+00  0.00000000E+00  0.00000000E+00  0.00000000E+00  0.00000000E+00  0.00000000E+00  0.00000000E+00  0.00000000E+00  0.00000000E+00  0.00000000E+00
-6.30251194E+00  5.17900000E-03  6.16200000E-03  6.86300000E-02  6.21200000E-02  7.60300000E-02  5.68000000E-02  3.69500000E-02  4.08600000E-02  0.00000000E+00  0.00000000E+00  0.00000000E+00  0.00000000E+00  0.00000000E+00  0.00000000E+00  0.00000000E+00  0.00000000E+00  0.00000000E+00  0.00000000E+00
-6.28551194E+00  3.88600000E-03  6.69400000E-03  5.74100000E-02  5.72000000E-02  5.54200000E-02  3.29100000E-02  3.41400000E-02  4.12900000E-02  0.00000000E+00  0.00000000E+00  0.00000000E+00  0.00000000E+00  0.00000000E+00  0.00000000E+00  0.00000000E+00  0.00000000E+00  0.00000000E+00  0.00000000E+00
-6.26851194E+00  3.59200000E-03  6.24300000E-03  5.03200000E-02  5.16900000E-02  3.35400000E-02  1.54700000E-02  3.34300000E-02  4.02800000E-02  0.00000000E+00  0.00000000E+00  0.00000000E+00  0.00000000E+00  0.00000000E+00  0.00000000E+00  0.00000000E+00  0.00000000E+00  0.00000000E+00  0.00000000E+00
-6.25051194E+00  3.95200000E-03  5.00600000E-03  4.79200000E-02  4.27600000E-02  1.66500000E-02  5.92400000E-03  3.53000000E-02  3.65800000E-02  0.00000000E+00  0.00000000E+00  0.00000000E+00  0.00000000E+00  0.00000000E+00  0.00000000E+00  0.00000000E+00  0.00000000E+00  0.00000000E+00  0.00000000E+00
-6.23351194E+00  4.39400000E-03  3.66600000E-03  4.74800000E-02  3.12400000E-02  6.79200000E-03  2.11300000E-03  3.78400000E-02  3.08200000E-02  0.00000000E+00  0.00000000E+00  0.00000000E+00  0.00000000E+00  0.00000000E+00  0.00000000E+00  0.00000000E+00  0.00000000E+00  0.00000000E+00  0.00000000E+00
-6.21551194E+00  4.44100000E-03  2.85600000E-03  4.52400000E-02  2.08000000E-02  2.61700000E-03  1.76700000E-03  3.85700000E-02  2.55400000E-02  0.00000000E+00  0.00000000E+00  0.00000000E+00  0.00000000E+00  0.00000000E+00  0.00000000E+00  0.00000000E+00  0.00000000E+00  0.00000000E+00  0.00000000E+00
-6.19851194E+00  3.95900000E-03  2.84000000E-03  3.98800000E-02  1.44400000E-02  2.24300000E-03  4.31900000E-03  3.71400000E-02  2.35700000E-02  0.00000000E+00  0.00000000E+00  0.00000000E+00  0.00000000E+00  0.00000000E+00  0.00000000E+00  0.00000000E+00  0.00000000E+00  0.00000000E+00  0.00000000E+00
-6.18051194E+00  3.17000000E-03  3.48700000E-03  3.32700000E-02  1.26800000E-02  5.15600000E-03  1.06500000E-02  3.61100000E-02  2.67600000E-02  0.00000000E+00  0.00000000E+00  0.00000000E+00  0.00000000E+00  0.00000000E+00  0.00000000E+00  0.00000000E+00  0.00000000E+00  0.00000000E+00  0.00000000E+00
-6.16351194E+00  2.41500000E-03  4.41900000E-03  2.79300000E-02  1.47400000E-02  1.20300000E-02  2.11700000E-02  3.87900000E-02  3.56800000E-02  0.00000000E+00  0.00000000E+00  0.00000000E+00  0.00000000E+00  0.00000000E+00  0.00000000E+00  0.00000000E+00  0.00000000E+00  0.00000000E+00  0.00000000E+00
-6.14651194E+00  1.89000000E-03  5.26300000E-03  2.45800000E-02  1.99100000E-02  2.27700000E-02  3.35300000E-02  4.59000000E-02  4.90100000E-02  0.00000000E+00  0.00000000E+00  0.00000000E+00  0.00000000E+00  0.00000000E+00  0.00000000E+00  0.00000000E+00  0.00000000E+00  0.00000000E+00  0.00000000E+00
-6.12851194E+00  1.62300000E-03  5.83600000E-03  2.22400000E-02  2.74100000E-02  3.44900000E-02  4.26100000E-02  5.40600000E-02  6.22500000E-02  0.00000000E+00  0.00000000E+00  0.00000000E+00  0.00000000E+00  0.00000000E+00  0.00000000E+00  0.00000000E+00  0.00000000E+00  0.00000000E+00  0.00000000E+00
-6.11151194E+00  1.63000000E-03  6.15900000E-03  1.99100000E-02  3.52100000E-02  4.21400000E-02  4.42000000E-02  5.78000000E-02  6.89300000E-02  0.00000000E+00  0.00000000E+00  0.00000000E+00  0.00000000E+00  0.00000000E+00  0.00000000E+00  0.00000000E+00  0.00000000E+00  0.00000000E+00  0.00000000E+00
-6.09351194E+00  2.02900000E-03  6.30400000E-03  1.79600000E-02  4.01800000E-02  4.24000000E-02  3.87900000E-02  5.44800000E-02  6.55700000E-02  0.00000000E+00  0.00000000E+00  0.00000000E+00  0.00000000E+00  0.00000000E+00  0.00000000E+00  0.00000000E+00  0.00000000E+00  0.00000000E+00  0.00000000E+00
-6.07651194E+00  2.97500000E-03  6.30100000E-03  1.82100000E-02  3.99200000E-02  3.66300000E-02  3.10100000E-02  4.74800000E-02  5.52400000E-02  0.00000000E+00  0.00000000E+00  0.00000000E+00  0.00000000E+00  0.00000000E+00  0.00000000E+00  0.00000000E+00  0.00000000E+00  0.00000000E+00  0.00000000E+00
-6.05951194E+00  4.45500000E-03  6.14400000E-03  2.23400000E-02  3.46700000E-02  2.93800000E-02  2.57500000E-02  4.35000000E-02  4.45300000E-02  0.00000000E+00  0.00000000E+00  0.00000000E+00  0.00000000E+00  0.00000000E+00  0.00000000E+00  0.00000000E+00  0.00000000E+00  0.00000000E+00  0.00000000E+00
-6.04151194E+00  6.11800000E-03  5.79400000E-03  2.96100000E-02  2.71500000E-02  2.48100000E-02  2.56900000E-02  4.61400000E-02  3.74300000E-02  0.00000000E+00  0.00000000E+00  0.00000000E+00  0.00000000E+00  0.00000000E+00  0.00000000E+00  0.00000000E+00  0.00000000E+00  0.00000000E+00  0.00000000E+00
-6.02451194E+00  7.30900000E-03  5.14700000E-03  3.61200000E-02  2.07900000E-02  2.53900000E-02  3.12800000E-02  5.23700000E-02  3.30100000E-02  0.00000000E+00  0.00000000E+00  0.00000000E+00  0.00000000E+00  0.00000000E+00  0.00000000E+00  0.00000000E+00  0.00000000E+00  0.00000000E+00  0.00000000E+00
-6.00651194E+00  7.40400000E-03  4.15600000E-03  3.74900000E-02  1.85200000E-02  3.19900000E-02  4.08800000E-02  5.53900000E-02  2.89200000E-02  0.00000000E+00  0.00000000E+00  0.00000000E+00  0.00000000E+00  0.00000000E+00  0.00000000E+00  0.00000000E+00  0.00000000E+00  0.00000000E+00  0.00000000E+00
-5.98951194E+00  6.26700000E-03  3.02200000E-03  3.25600000E-02  2.24700000E-02  4.30600000E-02  5.08200000E-02  5.06600000E-02  2.53400000E-02  0.00000000E+00  0.00000000E+00  0.00000000E+00  0.00000000E+00  0.00000000E+00  0.00000000E+00  0.00000000E+00  0.00000000E+00  0.00000000E+00  0.00000000E+00
-5.97151194E+00  4.39900000E-03  2.13000000E-03  2.43000000E-02  3.28800000E-02  5.42200000E-02  5.72200000E-02  3.94100000E-02  2.43400000E-02  0.00000000E+00  0.00000000E+00  0.00000000E+00  0.00000000E+00  0.00000000E+00  0.00000000E+00  0.00000000E+00  0.00000000E+00  0.00000000E+00  0.00000000E+00
-5.95451194E+00  2.56700000E-03  1.73400000E-03  1.68400000E-02  4.62400000E-02  6.09200000E-02  5.88900000E-02  2.66400000E-02  2.64200000E-02  0.00000000E+00  0.00000000E+00  0.00000000E+00  0.00000000E+00  0.00000000E+00  0.00000000E+00  0.00000000E+00  0.00000000E+00  0.00000000E+00  0.00000000E+00
-5.93751194E+00  1.29800000E-03  1.80200000E-03  1.25300000E-02  5.63200000E-02  6.20000000E-02  5.73800000E-02  1.69300000E-02  2.94100000E-02  0.00000000E+00  0.00000000E+00  0.00000000E+00  0.00000000E+00  0.00000000E+00  0.00000000E+00  0.00000000E+00  0.00000000E+00  0.00000000E+00  0.00000000E+00
-5.91951194E+00  7.07200000E-04  2.13500000E-03  1.21400000E-02  5.87700000E-02  5.92000000E-02  5.35700000E-02  1.24100000E-02  3.11600000E-02  0.00000000E+00  0.00000000E+00  0.00000000E+00  0.00000000E+00  0.00000000E+00  0.00000000E+00  0.00000000E+00  0.00000000E+00  0.00000000E+00  0.00000000E+00
-5.90251194E+00  6.72300000E-04  2.56400000E-03  1.65300000E-02  5.44200000E-02  5.33300000E-02  4.61000000E-02  1.37100000E-02  3.17500000E-02  0.00000000E+00  0.00000000E+00  0.00000000E+00  0.00000000E+00  0.00000000E+00  0.00000000E+00  0.00000000E+00  0.00000000E+00  0.00000000E+00  0.00000000E+00
-5.88451194E+00  1.02500000E-03  3.06300000E-03  2.68200000E-02  4.74500000E-02  4.36200000E-02  3.45600000E-02  2.06300000E-02  3.24900000E-02  0.00000000E+00  0.00000000E+00  0.00000000E+00  0.00000000E+00  0.00000000E+00  0.00000000E+00  0.00000000E+00  0.00000000E+00  0.00000000E+00  0.00000000E+00
-5.86751194E+00  1.61700000E-03  3.86900000E-03  4.22200000E-02  4.17200000E-02  3.07400000E-02  2.19200000E-02  3.12900000E-02  3.39100000E-02  0.00000000E+00  0.00000000E+00  0.00000000E+00  0.00000000E+00  0.00000000E+00  0.00000000E+00  0.00000000E+00  0.00000000E+00  0.00000000E+00  0.00000000E+00
-5.84951194E+00  2.35100000E-03  5.44000000E-03  5.88600000E-02  3.97400000E-02  1.82300000E-02  1.25800000E-02  4.15600000E-02  3.56000000E-02  0.00000000E+00  0.00000000E+00  0.00000000E+00  0.00000000E+00  0.00000000E+00  0.00000000E+00  0.00000000E+00  0.00000000E+00  0.00000000E+00  0.00000000E+00
-5.83251194E+00  3.19800000E-03  8.05800000E-03  7.15300000E-02  4.31100000E-02  9.87300000E-03  9.06300000E-03  4.71700000E-02  3.73500000E-02  0.00000000E+00  0.00000000E+00  0.00000000E+00  0.00000000E+00  0.00000000E+00  0.00000000E+00  0.00000000E+00  0.00000000E+00  0.00000000E+00  0.00000000E+00
-5.81551194E+00  4.15000000E-03  1.12600000E-02  7.70000000E-02  5.17100000E-02  7.20500000E-03  1.13700000E-02  4.69900000E-02  3.93800000E-02  0.00000000E+00  0.00000000E+00  0.00000000E+00  0.00000000E+00  0.00000000E+00  0.00000000E+00  0.00000000E+00  0.00000000E+00  0.00000000E+00  0.00000000E+00
-5.79751194E+00  5.16400000E-03  1.38300000E-02  7.55200000E-02  6.24300000E-02  9.86100000E-03  1.79500000E-02  4.38000000E-02  4.17800000E-02  0.00000000E+00  0.00000000E+00  0.00000000E+00  0.00000000E+00  0.00000000E+00  0.00000000E+00  0.00000000E+00  0.00000000E+00  0.00000000E+00  0.00000000E+00
-5.78051194E+00  6.16500000E-03  1.45300000E-02  6.96500000E-02  6.98600000E-02  1.67200000E-02  2.63900000E-02  4.12600000E-02  4.39800000E-02  0.00000000E+00  0.00000000E+00  0.00000000E+00  0.00000000E+00  0.00000000E+00  0.00000000E+00  0.00000000E+00  0.00000000E+00  0.00000000E+00  0.00000000E+00
-5.76251194E+00  7.09600000E-03  1.30300000E-02  6.21100000E-02  6.91700000E-02  2.59700000E-02  3.40200000E-02  4.02700000E-02  4.45700000E-02  0.00000000E+00  0.00000000E+00  0.00000000E+00  0.00000000E+00  0.00000000E+00  0.00000000E+00  0.00000000E+00  0.00000000E+00  0.00000000E+00  0.00000000E+00
-5.74551194E+00  7.90700000E-03  1.00200000E-02  5.42600000E-02  5.92000000E-02  3.48300000E-02  3.92800000E-02  3.86700000E-02  4.17300000E-02  0.00000000E+00  0.00000000E+00  0.00000000E+00  0.00000000E+00  0.00000000E+00  0.00000000E+00  0.00000000E+00  0.00000000E+00  0.00000000E+00  0.00000000E+00
-5.72851194E+00  8.60900000E-03  6.62400000E-03  4.61900000E-02  4.34800000E-02  4.09200000E-02  4.30600000E-02  3.47200000E-02  3.47800000E-02  0.00000000E+00  0.00000000E+00  0.00000000E+00  0.00000000E+00  0.00000000E+00  0.00000000E+00  0.00000000E+00  0.00000000E+00  0.00000000E+00  0.00000000E+00
-5.71051194E+00  9.34500000E-03  3.77900000E-03  3.81600000E-02  2.82900000E-02  4.45500000E-02  4.76500000E-02  2.96100000E-02  2.54000000E-02  0.00000000E+00  0.00000000E+00  0.00000000E+00  0.00000000E+00  0.00000000E+00  0.00000000E+00  0.00000000E+00  0.00000000E+00  0.00000000E+00  0.00000000E+00
-5.69351194E+00  1.01700000E-02  1.89700000E-03  3.13400000E-02  1.92300000E-02  4.85400000E-02  5.43100000E-02  2.59200000E-02  1.67300000E-02  0.00000000E+00  0.00000000E+00  0.00000000E+00  0.00000000E+00  0.00000000E+00  0.00000000E+00  0.00000000E+00  0.00000000E+00  0.00000000E+00  0.00000000E+00
-5.67551194E+00  1.06800000E-02  9.21300000E-04  2.68400000E-02  1.88300000E-02  5.45300000E-02  6.18400000E-02  2.41600000E-02  1.12800000E-02  0.00000000E+00  0.00000000E+00  0.00000000E+00  0.00000000E+00  0.00000000E+00  0.00000000E+00  0.00000000E+00  0.00000000E+00  0.00000000E+00  0.00000000E+00
-5.65851194E+00  1.01700000E-02  6.03300000E-04  2.45300000E-02  2.56800000E-02  6.06900000E-02  6.76200000E-02  2.23400000E-02  9.54000000E-03  0.00000000E+00  0.00000000E+00  0.00000000E+00  0.00000000E+00  0.00000000E+00  0.00000000E+00  0.00000000E+00  0.00000000E+00  0.00000000E+00  0.00000000E+00
-5.64051194E+00  8.37100000E-03  7.70200000E-04  2.32000000E-02  3.49500000E-02  6.40000000E-02  6.98100000E-02  1.87100000E-02  1.00500000E-02  0.00000000E+00  0.00000000E+00  0.00000000E+00  0.00000000E+00  0.00000000E+00  0.00000000E+00  0.00000000E+00  0.00000000E+00  0.00000000E+00  0.00000000E+00
-5.62351194E+00  5.85000000E-03  1.45900000E-03  2.15800000E-02  4.07700000E-02  6.37800000E-02  6.86700000E-02  1.36500000E-02  1.06200000E-02  0.00000000E+00  0.00000000E+00  0.00000000E+00  0.00000000E+00  0.00000000E+00  0.00000000E+00  0.00000000E+00  0.00000000E+00  0.00000000E+00  0.00000000E+00
-5.60651194E+00  3.51000000E-03  2.80900000E-03  1.89200000E-02  4.02200000E-02  6.17400000E-02  6.58100000E-02  8.74500000E-03  9.99800000E-03  0.00000000E+00  0.00000000E+00  0.00000000E+00  0.00000000E+00  0.00000000E+00  0.00000000E+00  0.00000000E+00  0.00000000E+00  0.00000000E+00  0.00000000E+00
-5.58851194E+00  1.93400000E-03  4.70900000E-03  1.53500000E-02  3.52100000E-02  5.98100000E-02  6.19100000E-02  5.08900000E-03  8.74900000E-03  0.00000000E+00  0.00000000E+00  0.00000000E+00  0.00000000E+00  0.00000000E+00  0.00000000E+00  0.00000000E+00  0.00000000E+00  0.00000000E+00  0.00000000E+00
-5.57151194E+00  1.22600000E-03  6.51300000E-03  1.20100000E-02  2.98500000E-02  5.88500000E-02  5.58600000E-02  2.82100000E-03  8.81300000E-03  0.00000000E+00  0.00000000E+00  0.00000000E+00  0.00000000E+00  0.00000000E+00  0.00000000E+00  0.00000000E+00  0.00000000E+00  0.00000000E+00  0.00000000E+00
-5.55351194E+00  1.26400000E-03  7.32000000E-03  1.05100000E-02  2.66500000E-02  5.82500000E-02  4.69500000E-02  1.78400000E-03  1.22400000E-02  0.00000000E+00  0.00000000E+00  0.00000000E+00  0.00000000E+00  0.00000000E+00  0.00000000E+00  0.00000000E+00  0.00000000E+00  0.00000000E+00  0.00000000E+00
-5.53651194E+00  1.92300000E-03  6.72000000E-03  1.22500000E-02  2.57400000E-02  5.59600000E-02  3.71100000E-02  2.14100000E-03  1.98700000E-02  0.00000000E+00  0.00000000E+00  0.00000000E+00  0.00000000E+00  0.00000000E+00  0.00000000E+00  0.00000000E+00  0.00000000E+00  0.00000000E+00  0.00000000E+00
-5.51851194E+00  3.09200000E-03  5.20200000E-03  1.81700000E-02  2.62700000E-02  5.01300000E-02  2.92800000E-02  4.69400000E-03  3.03300000E-02  0.00000000E+00  0.00000000E+00  0.00000000E+00  0.00000000E+00  0.00000000E+00  0.00000000E+00  0.00000000E+00  0.00000000E+00  0.00000000E+00  0.00000000E+00
-5.50151194E+00  4.57200000E-03  3.70300000E-03  2.86400000E-02  2.72700000E-02  4.11600000E-02  2.42500000E-02  1.08500000E-02  4.03400000E-02  0.00000000E+00  0.00000000E+00  0.00000000E+00  0.00000000E+00  0.00000000E+00  0.00000000E+00  0.00000000E+00  0.00000000E+00  0.00000000E+00  0.00000000E+00
-5.48451194E+00  6.03000000E-03  2.89800000E-03  4.24900000E-02  2.79500000E-02  3.13800000E-02  2.03600000E-02  2.17900000E-02  4.67500000E-02  0.00000000E+00  0.00000000E+00  0.00000000E+00  0.00000000E+00  0.00000000E+00  0.00000000E+00  0.00000000E+00  0.00000000E+00  0.00000000E+00  0.00000000E+00
-5.46651194E+00  7.11100000E-03  2.94500000E-03  5.60600000E-02  2.83100000E-02  2.29600000E-02  1.62700000E-02  3.67700000E-02  4.84100000E-02  0.00000000E+00  0.00000000E+00  0.00000000E+00  0.00000000E+00  0.00000000E+00  0.00000000E+00  0.00000000E+00  0.00000000E+00  0.00000000E+00  0.00000000E+00
-5.44951194E+00  7.56500000E-03  3.68400000E-03  6.42100000E-02  2.95000000E-02  1.68700000E-02  1.26800000E-02  5.20900000E-02  4.58100000E-02  0.00000000E+00  0.00000000E+00  0.00000000E+00  0.00000000E+00  0.00000000E+00  0.00000000E+00  0.00000000E+00  0.00000000E+00  0.00000000E+00  0.00000000E+00
-5.43151194E+00  7.30400000E-03  4.80800000E-03  6.34000000E-02  3.25500000E-02  1.32500000E-02  1.11300000E-02  6.27100000E-02  3.99800000E-02  0.00000000E+00  0.00000000E+00  0.00000000E+00  0.00000000E+00  0.00000000E+00  0.00000000E+00  0.00000000E+00  0.00000000E+00  0.00000000E+00  0.00000000E+00
-5.41451194E+00  6.43300000E-03  5.83500000E-03  5.44900000E-02  3.67000000E-02  1.19300000E-02  1.20200000E-02  6.54300000E-02  3.24000000E-02  0.00000000E+00  0.00000000E+00  0.00000000E+00  0.00000000E+00  0.00000000E+00  0.00000000E+00  0.00000000E+00  0.00000000E+00  0.00000000E+00  0.00000000E+00
-5.39751194E+00  5.23200000E-03  6.17900000E-03  4.18900000E-02  3.92600000E-02  1.22100000E-02  1.42200000E-02  6.01900000E-02  2.49900000E-02  0.00000000E+00  0.00000000E+00  0.00000000E+00  0.00000000E+00  0.00000000E+00  0.00000000E+00  0.00000000E+00  0.00000000E+00  0.00000000E+00  0.00000000E+00
-5.37951194E+00  3.98900000E-03  5.50700000E-03  3.01800000E-02  3.80000000E-02  1.28600000E-02  1.63300000E-02  4.91000000E-02  1.92300000E-02  0.00000000E+00  0.00000000E+00  0.00000000E+00  0.00000000E+00  0.00000000E+00  0.00000000E+00  0.00000000E+00  0.00000000E+00  0.00000000E+00  0.00000000E+00
-5.36251194E+00  2.86300000E-03  4.06500000E-03  2.17400000E-02  3.33300000E-02  1.30500000E-02  1.77300000E-02  3.53800000E-02  1.54800000E-02  0.00000000E+00  0.00000000E+00  0.00000000E+00  0.00000000E+00  0.00000000E+00  0.00000000E+00  0.00000000E+00  0.00000000E+00  0.00000000E+00  0.00000000E+00
-5.34451194E+00  1.95700000E-03  2.50600000E-03  1.72500000E-02  2.77900000E-02  1.33100000E-02  1.82800000E-02  2.28600000E-02  1.36600000E-02  0.00000000E+00  0.00000000E+00  0.00000000E+00  0.00000000E+00  0.00000000E+00  0.00000000E+00  0.00000000E+00  0.00000000E+00  0.00000000E+00  0.00000000E+00
-5.32751194E+00  1.43400000E-03  1.41100000E-03  1.66700000E-02  2.40000000E-02  1.46400000E-02  1.78300000E-02  1.44800000E-02  1.46400000E-02  0.00000000E+00  0.00000000E+00  0.00000000E+00  0.00000000E+00  0.00000000E+00  0.00000000E+00  0.00000000E+00  0.00000000E+00  0.00000000E+00  0.00000000E+00
-5.30951194E+00  1.50200000E-03  1.02200000E-03  1.91900000E-02  2.38300000E-02  1.69400000E-02  1.67300000E-02  1.07600000E-02  2.07400000E-02  0.00000000E+00  0.00000000E+00  0.00000000E+00  0.00000000E+00  0.00000000E+00  0.00000000E+00  0.00000000E+00  0.00000000E+00  0.00000000E+00  0.00000000E+00
-5.29251194E+00  2.24000000E-03  1.28800000E-03  2.30600000E-02  2.82300000E-02  1.88600000E-02  1.61700000E-02  1.05100000E-02  3.36700000E-02  0.00000000E+00  0.00000000E+00  0.00000000E+00  0.00000000E+00  0.00000000E+00  0.00000000E+00  0.00000000E+00  0.00000000E+00  0.00000000E+00  0.00000000E+00
-5.27551194E+00  3.41800000E-03  1.96700000E-03  2.65800000E-02  3.60700000E-02  1.94900000E-02  1.74300000E-02  1.31200000E-02  5.06200000E-02  0.00000000E+00  0.00000000E+00  0.00000000E+00  0.00000000E+00  0.00000000E+00  0.00000000E+00  0.00000000E+00  0.00000000E+00  0.00000000E+00  0.00000000E+00
-5.25751194E+00  4.52200000E-03  2.66600000E-03  2.94900000E-02  4.32600000E-02  1.97200000E-02  2.07700000E-02  1.98800000E-02  6.34500000E-02  0.00000000E+00  0.00000000E+00  0.00000000E+00  0.00000000E+00  0.00000000E+00  0.00000000E+00  0.00000000E+00  0.00000000E+00  0.00000000E+00  0.00000000E+00
-5.24051194E+00  5.08700000E-03  3.02600000E-03  3.32100000E-02  4.50600000E-02  2.13100000E-02  2.50300000E-02  3.21500000E-02  6.41300000E-02  0.00000000E+00  0.00000000E+00  0.00000000E+00  0.00000000E+00  0.00000000E+00  0.00000000E+00  0.00000000E+00  0.00000000E+00  0.00000000E+00  0.00000000E+00
-5.22251194E+00  5.05000000E-03  3.03500000E-03  3.90700000E-02  4.06000000E-02  2.47800000E-02  2.79900000E-02  4.76400000E-02  5.21500000E-02  0.00000000E+00  0.00000000E+00  0.00000000E+00  0.00000000E+00  0.00000000E+00  0.00000000E+00  0.00000000E+00  0.00000000E+00  0.00000000E+00  0.00000000E+00
-5.20551194E+00  4.66400000E-03  3.09900000E-03  4.55900000E-02  3.41100000E-02  2.82300000E-02  2.76900000E-02  5.92800000E-02  3.51400000E-02  0.00000000E+00  0.00000000E+00  0.00000000E+00  0.00000000E+00  0.00000000E+00  0.00000000E+00  0.00000000E+00  0.00000000E+00  0.00000000E+00  0.00000000E+00
-5.18851194E+00  4.13300000E-03  3.63400000E-03  4.83800000E-02  3.08900000E-02  2.90000000E-02  2.42200000E-02  5.98700000E-02  2.22200000E-02  0.00000000E+00  0.00000000E+00  0.00000000E+00  0.00000000E+00  0.00000000E+00  0.00000000E+00  0.00000000E+00  0.00000000E+00  0.00000000E+00  0.00000000E+00
-5.17051194E+00  3.54100000E-03  4.54600000E-03  4.43100000E-02  3.24600000E-02  2.66300000E-02  2.01600000E-02  4.86900000E-02  1.81100000E-02  0.00000000E+00  0.00000000E+00  0.00000000E+00  0.00000000E+00  0.00000000E+00  0.00000000E+00  0.00000000E+00  0.00000000E+00  0.00000000E+00  0.00000000E+00
-5.15351194E+00  3.11600000E-03  5.21900000E-03  3.57200000E-02  3.57200000E-02  2.35300000E-02  1.85200000E-02  3.24800000E-02  2.23700000E-02  0.00000000E+00  0.00000000E+00  0.00000000E+00  0.00000000E+00  0.00000000E+00  0.00000000E+00  0.00000000E+00  0.00000000E+00  0.00000000E+00  0.00000000E+00
-5.13551194E+00  3.23700000E-03  5.09100000E-03  2.91800000E-02  3.64200000E-02  2.23800000E-02  1.99800000E-02  2.00200000E-02  3.13700000E-02  0.00000000E+00  0.00000000E+00  0.00000000E+00  0.00000000E+00  0.00000000E+00  0.00000000E+00  0.00000000E+00  0.00000000E+00  0.00000000E+00  0.00000000E+00
-5.11851194E+00  4.00700000E-03  4.19200000E-03  2.97000000E-02  3.26400000E-02  2.33600000E-02  2.23800000E-02  1.67000000E-02  4.06700000E-02  0.00000000E+00  0.00000000E+00  0.00000000E+00  0.00000000E+00  0.00000000E+00  0.00000000E+00  0.00000000E+00  0.00000000E+00  0.00000000E+00  0.00000000E+00
-5.10051194E+00  4.93800000E-03  3.07900000E-03  3.65600000E-02  2.57300000E-02  2.41200000E-02  2.29500000E-02  2.30800000E-02  4.76000000E-02  0.00000000E+00  0.00000000E+00  0.00000000E+00  0.00000000E+00  0.00000000E+00  0.00000000E+00  0.00000000E+00  0.00000000E+00  0.00000000E+00  0.00000000E+00
-5.08351194E+00  5.26200000E-03  2.31500000E-03  4.41800000E-02  1.87200000E-02  2.23600000E-02  2.11100000E-02  3.57200000E-02  5.22000000E-02  0.00000000E+00  0.00000000E+00  0.00000000E+00  0.00000000E+00  0.00000000E+00  0.00000000E+00  0.00000000E+00  0.00000000E+00  0.00000000E+00  0.00000000E+00
-5.06651194E+00  4.62900000E-03  2.08900000E-03  4.64900000E-02  1.42200000E-02  1.81600000E-02  1.86000000E-02  4.86400000E-02  5.48600000E-02  0.00000000E+00  0.00000000E+00  0.00000000E+00  0.00000000E+00  0.00000000E+00  0.00000000E+00  0.00000000E+00  0.00000000E+00  0.00000000E+00  0.00000000E+00
-5.04851194E+00  3.38600000E-03  2.27000000E-03  4.10800000E-02  1.35500000E-02  1.37600000E-02  1.73500000E-02  5.62000000E-02  5.44700000E-02  0.00000000E+00  0.00000000E+00  0.00000000E+00  0.00000000E+00  0.00000000E+00  0.00000000E+00  0.00000000E+00  0.00000000E+00  0.00000000E+00  0.00000000E+00
-5.03151194E+00  2.19600000E-03  2.67300000E-03  3.05100000E-02  1.72700000E-02  1.16000000E-02  1.77900000E-02  5.66300000E-02  5.05400000E-02  0.00000000E+00  0.00000000E+00  0.00000000E+00  0.00000000E+00  0.00000000E+00  0.00000000E+00  0.00000000E+00  0.00000000E+00  0.00000000E+00  0.00000000E+00
-5.01351194E+00  1.49000000E-03  3.20600000E-03  1.99700000E-02  2.55300000E-02  1.26100000E-02  1.97800000E-02  5.24300000E-02  4.60100000E-02  0.00000000E+00  0.00000000E+00  0.00000000E+00  0.00000000E+00  0.00000000E+00  0.00000000E+00  0.00000000E+00  0.00000000E+00  0.00000000E+00  0.00000000E+00
-4.99651194E+00  1.31700000E-03  3.76100000E-03  1.37200000E-02  3.70100000E-02  1.62100000E-02  2.39100000E-02  4.76400000E-02  4.49600000E-02  0.00000000E+00  0.00000000E+00  0.00000000E+00  0.00000000E+00  0.00000000E+00  0.00000000E+00  0.00000000E+00  0.00000000E+00  0.00000000E+00  0.00000000E+00
-4.97851194E+00  1.50300000E-03  4.09800000E-03  1.33300000E-02  4.80100000E-02  2.14300000E-02  3.06100000E-02  4.48200000E-02  4.78700000E-02  0.00000000E+00  0.00000000E+00  0.00000000E+00  0.00000000E+00  0.00000000E+00  0.00000000E+00  0.00000000E+00  0.00000000E+00  0.00000000E+00  0.00000000E+00
-4.96151194E+00  1.84400000E-03  3.98100000E-03  1.79900000E-02  5.41200000E-02  2.75700000E-02  3.82500000E-02  4.41700000E-02  5.12200000E-02  0.00000000E+00  0.00000000E+00  0.00000000E+00  0.00000000E+00  0.00000000E+00  0.00000000E+00  0.00000000E+00  0.00000000E+00  0.00000000E+00  0.00000000E+00
-4.94451194E+00  2.19500000E-03  3.41600000E-03  2.54600000E-02  5.37500000E-02  3.37700000E-02  4.35400000E-02  4.40700000E-02  5.15200000E-02  0.00000000E+00  0.00000000E+00  0.00000000E+00  0.00000000E+00  0.00000000E+00  0.00000000E+00  0.00000000E+00  0.00000000E+00  0.00000000E+00  0.00000000E+00
-4.92651194E+00  2.48900000E-03  2.65400000E-03  3.25300000E-02  4.93000000E-02  3.85300000E-02  4.44200000E-02  4.24200000E-02  4.80000000E-02  0.00000000E+00  0.00000000E+00  0.00000000E+00  0.00000000E+00  0.00000000E+00  0.00000000E+00  0.00000000E+00  0.00000000E+00  0.00000000E+00  0.00000000E+00
-4.90951194E+00  2.70300000E-03  1.96200000E-03  3.62000000E-02  4.44100000E-02  4.03600000E-02  4.17500000E-02  3.80700000E-02  4.14000000E-02  0.00000000E+00  0.00000000E+00  0.00000000E+00  0.00000000E+00  0.00000000E+00  0.00000000E+00  0.00000000E+00  0.00000000E+00  0.00000000E+00  0.00000000E+00
-4.89151194E+00  2.80500000E-03  1.45100000E-03  3.58200000E-02  4.06700000E-02  3.91300000E-02  3.77300000E-02  3.20700000E-02  3.26200000E-02  0.00000000E+00  0.00000000E+00  0.00000000E+00  0.00000000E+00  0.00000000E+00  0.00000000E+00  0.00000000E+00  0.00000000E+00  0.00000000E+00  0.00000000E+00
-4.87451194E+00  2.75600000E-03  1.09700000E-03  3.37200000E-02  3.72900000E-02  3.64200000E-02  3.33700000E-02  2.74100000E-02  2.29900000E-02  0.00000000E+00  0.00000000E+00  0.00000000E+00  0.00000000E+00  0.00000000E+00  0.00000000E+00  0.00000000E+00  0.00000000E+00  0.00000000E+00  0.00000000E+00
-4.85751194E+00  2.54900000E-03  8.43400000E-04  3.29400000E-02  3.28600000E-02  3.43800000E-02  2.81500000E-02  2.66100000E-02  1.44200000E-02  0.00000000E+00  0.00000000E+00  0.00000000E+00  0.00000000E+00  0.00000000E+00  0.00000000E+00  0.00000000E+00  0.00000000E+00  0.00000000E+00  0.00000000E+00
-4.83951194E+00  2.23900000E-03  6.50700000E-04  3.43300000E-02  2.68300000E-02  3.36300000E-02  2.17900000E-02  2.88900000E-02  8.35500000E-03  0.00000000E+00  0.00000000E+00  0.00000000E+00  0.00000000E+00  0.00000000E+00  0.00000000E+00  0.00000000E+00  0.00000000E+00  0.00000000E+00  0.00000000E+00
-4.82251194E+00  1.89900000E-03  5.12400000E-04  3.63700000E-02  2.00700000E-02  3.23300000E-02  1.52400000E-02  3.05200000E-02  5.11400000E-03  0.00000000E+00  0.00000000E+00  0.00000000E+00  0.00000000E+00  0.00000000E+00  0.00000000E+00  0.00000000E+00  0.00000000E+00  0.00000000E+00  0.00000000E+00
-4.80451194E+00  1.56100000E-03  4.82000000E-04  3.74800000E-02  1.47800000E-02  2.80800000E-02  9.93600000E-03  2.82000000E-02  4.49300000E-03  0.00000000E+00  0.00000000E+00  0.00000000E+00  0.00000000E+00  0.00000000E+00  0.00000000E+00  0.00000000E+00  0.00000000E+00  0.00000000E+00  0.00000000E+00
-4.78751194E+00  1.23400000E-03  6.59100000E-04  3.79300000E-02  1.33200000E-02  2.08600000E-02  6.60800000E-03  2.19400000E-02  6.41400000E-03  0.00000000E+00  0.00000000E+00  0.00000000E+00  0.00000000E+00  0.00000000E+00  0.00000000E+00  0.00000000E+00  0.00000000E+00  0.00000000E+00  0.00000000E+00
-4.76951194E+00  9.59100000E-04  1.11000000E-03  3.86500000E-02  1.63700000E-02  1.32100000E-02  5.20700000E-03  1.46100000E-02  1.06900000E-02  0.00000000E+00  0.00000000E+00  0.00000000E+00  0.00000000E+00  0.00000000E+00  0.00000000E+00  0.00000000E+00  0.00000000E+00  0.00000000E+00  0.00000000E+00
-4.75251194E+00  8.13600000E-04  1.76900000E-03  3.91000000E-02  2.21200000E-02  7.85100000E-03  5.46500000E-03  9.30100000E-03  1.64700000E-02  0.00000000E+00  0.00000000E+00  0.00000000E+00  0.00000000E+00  0.00000000E+00  0.00000000E+00  0.00000000E+00  0.00000000E+00  0.00000000E+00  0.00000000E+00
-4.73551194E+00  8.56900000E-04  2.43600000E-03  3.78000000E-02  2.72600000E-02  5.73200000E-03  7.18400000E-03  7.51000000E-03  2.22700000E-02  0.00000000E+00  0.00000000E+00  0.00000000E+00  0.00000000E+00  0.00000000E+00  0.00000000E+00  0.00000000E+00  0.00000000E+00  0.00000000E+00  0.00000000E+00
-4.71751194E+00  1.07400000E-03  2.90500000E-03  3.46900000E-02  2.94700000E-02  6.30500000E-03  1.02400000E-02  9.01000000E-03  2.67400000E-02  0.00000000E+00  0.00000000E+00  0.00000000E+00  0.00000000E+00  0.00000000E+00  0.00000000E+00  0.00000000E+00  0.00000000E+00  0.00000000E+00  0.00000000E+00
-4.70051194E+00  1.34300000E-03  3.12000000E-03  3.12300000E-02  2.94800000E-02  8.51900000E-03  1.48000000E-02  1.22700000E-02  2.94800000E-02  0.00000000E+00  0.00000000E+00  0.00000000E+00  0.00000000E+00  0.00000000E+00  0.00000000E+00  0.00000000E+00  0.00000000E+00  0.00000000E+00  0.00000000E+00
-4.68251194E+00  1.48400000E-03  3.18600000E-03  2.84600000E-02  3.09800000E-02  1.14100000E-02  2.16500000E-02  1.51700000E-02  3.11700000E-02  0.00000000E+00  0.00000000E+00  0.00000000E+00  0.00000000E+00  0.00000000E+00  0.00000000E+00  0.00000000E+00  0.00000000E+00  0.00000000E+00  0.00000000E+00
-4.66551194E+00  1.41000000E-03  3.25700000E-03  2.69500000E-02  3.79200000E-02  1.46800000E-02  3.15100000E-02  1.64400000E-02  3.30500000E-02  0.00000000E+00  0.00000000E+00  0.00000000E+00  0.00000000E+00  0.00000000E+00  0.00000000E+00  0.00000000E+00  0.00000000E+00  0.00000000E+00  0.00000000E+00
-4.64851194E+00  1.23400000E-03  3.43300000E-03  2.85400000E-02  5.09500000E-02  1.94600000E-02  4.30100000E-02  1.69400000E-02  3.60600000E-02  0.00000000E+00  0.00000000E+00  0.00000000E+00  0.00000000E+00  0.00000000E+00  0.00000000E+00  0.00000000E+00  0.00000000E+00  0.00000000E+00  0.00000000E+00
-4.63051194E+00  1.17700000E-03  3.71300000E-03  3.58200000E-02  6.55800000E-02  2.78300000E-02  5.19800000E-02  1.88100000E-02  4.01600000E-02  0.00000000E+00  0.00000000E+00  0.00000000E+00  0.00000000E+00  0.00000000E+00  0.00000000E+00  0.00000000E+00  0.00000000E+00  0.00000000E+00  0.00000000E+00
-4.61351194E+00  1.37200000E-03  3.93200000E-03  4.86800000E-02  7.45300000E-02  3.98200000E-02  5.40700000E-02  2.30600000E-02  4.44200000E-02  0.00000000E+00  0.00000000E+00  0.00000000E+00  0.00000000E+00  0.00000000E+00  0.00000000E+00  0.00000000E+00  0.00000000E+00  0.00000000E+00  0.00000000E+00
-4.59551194E+00  1.79800000E-03  3.84000000E-03  6.29500000E-02  7.33600000E-02  5.12500000E-02  4.89800000E-02  2.85000000E-02  4.78900000E-02  0.00000000E+00  0.00000000E+00  0.00000000E+00  0.00000000E+00  0.00000000E+00  0.00000000E+00  0.00000000E+00  0.00000000E+00  0.00000000E+00  0.00000000E+00
-4.57851194E+00  2.37500000E-03  3.34500000E-03  7.32300000E-02  6.43600000E-02  5.62100000E-02  4.17000000E-02  3.32800000E-02  5.00700000E-02  0.00000000E+00  0.00000000E+00  0.00000000E+00  0.00000000E+00  0.00000000E+00  0.00000000E+00  0.00000000E+00  0.00000000E+00  0.00000000E+00  0.00000000E+00
-4.56051194E+00  3.06000000E-03  2.65100000E-03  7.63200000E-02  5.45400000E-02  5.29900000E-02  3.87300000E-02  3.65500000E-02  5.02900000E-02  0.00000000E+00  0.00000000E+00  0.00000000E+00  0.00000000E+00  0.00000000E+00  0.00000000E+00  0.00000000E+00  0.00000000E+00  0.00000000E+00  0.00000000E+00
-4.54351194E+00  3.78200000E-03  2.07600000E-03  7.17600000E-02  4.96400000E-02  4.61900000E-02  4.26400000E-02  3.83400000E-02  4.71300000E-02  0.00000000E+00  0.00000000E+00  0.00000000E+00  0.00000000E+00  0.00000000E+00  0.00000000E+00  0.00000000E+00  0.00000000E+00  0.00000000E+00  0.00000000E+00
-4.52651194E+00  4.37100000E-03  1.76700000E-03  6.11400000E-02  4.99800000E-02  4.21200000E-02  5.04400000E-02  3.89000000E-02  3.98500000E-02  0.00000000E+00  0.00000000E+00  0.00000000E+00  0.00000000E+00  0.00000000E+00  0.00000000E+00  0.00000000E+00  0.00000000E+00  0.00000000E+00  0.00000000E+00
-4.50851194E+00  4.62900000E-03  1.62400000E-03  4.79200000E-02  5.16100000E-02  4.35700000E-02  5.75500000E-02  3.89800000E-02  3.03400000E-02  0.00000000E+00  0.00000000E+00  0.00000000E+00  0.00000000E+00  0.00000000E+00  0.00000000E+00  0.00000000E+00  0.00000000E+00  0.00000000E+00  0.00000000E+00
-4.49151194E+00  4.46700000E-03  1.48400000E-03  3.65400000E-02  5.08400000E-02  4.94000000E-02  6.25700000E-02  3.94000000E-02  2.27600000E-02  0.00000000E+00  0.00000000E+00  0.00000000E+00  0.00000000E+00  0.00000000E+00  0.00000000E+00  0.00000000E+00  0.00000000E+00  0.00000000E+00  0.00000000E+00
-4.47351194E+00  3.97600000E-03  1.31600000E-03  3.03500000E-02  4.74000000E-02  5.74200000E-02  6.72500000E-02  3.95000000E-02  2.05600000E-02  0.00000000E+00  0.00000000E+00  0.00000000E+00  0.00000000E+00  0.00000000E+00  0.00000000E+00  0.00000000E+00  0.00000000E+00  0.00000000E+00  0.00000000E+00
-4.45651194E+00  3.35300000E-03  1.21400000E-03  3.01200000E-02  4.35600000E-02  6.61200000E-02  7.29100000E-02  3.72200000E-02  2.38500000E-02  0.00000000E+00  0.00000000E+00  0.00000000E+00  0.00000000E+00  0.00000000E+00  0.00000000E+00  0.00000000E+00  0.00000000E+00  0.00000000E+00  0.00000000E+00
-4.43851194E+00  2.76300000E-03  1.24900000E-03  3.40100000E-02  4.10000000E-02  7.46100000E-02  7.84800000E-02  3.15700000E-02  2.92900000E-02  0.00000000E+00  0.00000000E+00  0.00000000E+00  0.00000000E+00  0.00000000E+00  0.00000000E+00  0.00000000E+00  0.00000000E+00  0.00000000E+00  0.00000000E+00
-4.42151194E+00  2.24400000E-03  1.34600000E-03  3.87200000E-02  3.89200000E-02  8.14000000E-02  8.15200000E-02  2.46000000E-02  3.23500000E-02  0.00000000E+00  0.00000000E+00  0.00000000E+00  0.00000000E+00  0.00000000E+00  0.00000000E+00  0.00000000E+00  0.00000000E+00  0.00000000E+00  0.00000000E+00
-4.40451194E+00  1.77200000E-03  1.34200000E-03  4.16500000E-02  3.49300000E-02  8.33100000E-02  7.96100000E-02  2.00200000E-02  3.02300000E-02  0.00000000E+00  0.00000000E+00  0.00000000E+00  0.00000000E+00  0.00000000E+00  0.00000000E+00  0.00000000E+00  0.00000000E+00  0.00000000E+00  0.00000000E+00
-4.38651194E+00  1.38400000E-03  1.13600000E-03  4.22500000E-02  2.76300000E-02  7.76500000E-02  7.17100000E-02  2.01100000E-02  2.34500000E-02  0.00000000E+00  0.00000000E+00  0.00000000E+00  0.00000000E+00  0.00000000E+00  0.00000000E+00  0.00000000E+00  0.00000000E+00  0.00000000E+00  0.00000000E+00
-4.36951194E+00  1.18300000E-03  7.85000000E-04  4.13600000E-02  1.83600000E-02  6.64600000E-02  5.93300000E-02  2.40100000E-02  1.49700000E-02  0.00000000E+00  0.00000000E+00  0.00000000E+00  0.00000000E+00  0.00000000E+00  0.00000000E+00  0.00000000E+00  0.00000000E+00  0.00000000E+00  0.00000000E+00
-4.35151194E+00  1.20400000E-03  4.35600000E-04  3.95600000E-02  9.97100000E-03  5.64100000E-02  4.60700000E-02  2.84600000E-02  7.84500000E-03  0.00000000E+00  0.00000000E+00  0.00000000E+00  0.00000000E+00  0.00000000E+00  0.00000000E+00  0.00000000E+00  0.00000000E+00  0.00000000E+00  0.00000000E+00
-4.33451194E+00  1.32100000E-03  1.96600000E-04  3.64300000E-02  4.46300000E-03  5.21100000E-02  3.53500000E-02  2.99500000E-02  3.58300000E-03  0.00000000E+00  0.00000000E+00  0.00000000E+00  0.00000000E+00  0.00000000E+00  0.00000000E+00  0.00000000E+00  0.00000000E+00  0.00000000E+00  0.00000000E+00
-4.31751194E+00  1.32800000E-03  8.49400000E-05  3.10300000E-02  2.01700000E-03  5.14300000E-02  2.89000000E-02  2.69100000E-02  2.16500000E-03  0.00000000E+00  0.00000000E+00  0.00000000E+00  0.00000000E+00  0.00000000E+00  0.00000000E+00  0.00000000E+00  0.00000000E+00  0.00000000E+00  0.00000000E+00
-4.29951194E+00  1.11800000E-03  6.70900000E-05  2.33600000E-02  2.00700000E-03  4.93400000E-02  2.69600000E-02  2.04700000E-02  3.10700000E-03  0.00000000E+00  0.00000000E+00  0.00000000E+00  0.00000000E+00  0.00000000E+00  0.00000000E+00  0.00000000E+00  0.00000000E+00  0.00000000E+00  0.00000000E+00
-4.28251194E+00  7.65600000E-04  1.07200000E-04  1.51000000E-02  4.15800000E-03  4.45300000E-02  2.85900000E-02  1.36200000E-02  5.95300000E-03  0.00000000E+00  0.00000000E+00  0.00000000E+00  0.00000000E+00  0.00000000E+00  0.00000000E+00  0.00000000E+00  0.00000000E+00  0.00000000E+00  0.00000000E+00
-4.26451194E+00  4.34900000E-04  1.75500000E-04  8.78200000E-03  8.71600000E-03  4.00200000E-02  3.16700000E-02  9.35500000E-03  9.90700000E-03  0.00000000E+00  0.00000000E+00  0.00000000E+00  0.00000000E+00  0.00000000E+00  0.00000000E+00  0.00000000E+00  0.00000000E+00  0.00000000E+00  0.00000000E+00
-4.24751194E+00  2.32900000E-04  2.39200000E-04  6.16300000E-03  1.57500000E-02  3.83200000E-02  3.40600000E-02  9.00400000E-03  1.36500000E-02  0.00000000E+00  0.00000000E+00  0.00000000E+00  0.00000000E+00  0.00000000E+00  0.00000000E+00  0.00000000E+00  0.00000000E+00  0.00000000E+00  0.00000000E+00
-4.22951194E+00  1.59800000E-04  2.69300000E-04  7.68300000E-03  2.44100000E-02  3.87100000E-02  3.54000000E-02  1.16100000E-02  1.62700000E-02  0.00000000E+00  0.00000000E+00  0.00000000E+00  0.00000000E+00  0.00000000E+00  0.00000000E+00  0.00000000E+00  0.00000000E+00  0.00000000E+00  0.00000000E+00
-4.21251194E+00  1.55100000E-04  2.62000000E-04  1.28200000E-02  3.29400000E-02  3.92100000E-02  3.62900000E-02  1.46600000E-02  1.83200000E-02  0.00000000E+00  0.00000000E+00  0.00000000E+00  0.00000000E+00  0.00000000E+00  0.00000000E+00  0.00000000E+00  0.00000000E+00  0.00000000E+00  0.00000000E+00
-4.19551194E+00  1.60800000E-04  2.43100000E-04  2.02700000E-02  3.94500000E-02  3.86500000E-02  3.59800000E-02  1.59800000E-02  2.12100000E-02  0.00000000E+00  0.00000000E+00  0.00000000E+00  0.00000000E+00  0.00000000E+00  0.00000000E+00  0.00000000E+00  0.00000000E+00  0.00000000E+00  0.00000000E+00
-4.17751194E+00  1.51100000E-04  2.47100000E-04  2.81300000E-02  4.28100000E-02  3.63800000E-02  3.24900000E-02  1.57200000E-02  2.53500000E-02  0.00000000E+00  0.00000000E+00  0.00000000E+00  0.00000000E+00  0.00000000E+00  0.00000000E+00  0.00000000E+00  0.00000000E+00  0.00000000E+00  0.00000000E+00
-4.16051194E+00  1.31600000E-04  2.85900000E-04  3.48600000E-02  4.28600000E-02  3.17600000E-02  2.56000000E-02  1.63500000E-02  2.92300000E-02  0.00000000E+00  0.00000000E+00  0.00000000E+00  0.00000000E+00  0.00000000E+00  0.00000000E+00  0.00000000E+00  0.00000000E+00  0.00000000E+00  0.00000000E+00
-4.14251194E+00  1.20100000E-04  3.36500000E-04  4.00400000E-02  4.03400000E-02  2.49100000E-02  1.79200000E-02  2.01800000E-02  3.04900000E-02  0.00000000E+00  0.00000000E+00  0.00000000E+00  0.00000000E+00  0.00000000E+00  0.00000000E+00  0.00000000E+00  0.00000000E+00  0.00000000E+00  0.00000000E+00
-4.12551194E+00  1.26100000E-04  3.58400000E-04  4.34100000E-02  3.62900000E-02  1.73600000E-02  1.25000000E-02  2.68800000E-02  2.77600000E-02  0.00000000E+00  0.00000000E+00  0.00000000E+00  0.00000000E+00  0.00000000E+00  0.00000000E+00  0.00000000E+00  0.00000000E+00  0.00000000E+00  0.00000000E+00
-4.10751194E+00  1.43600000E-04  3.28900000E-04  4.34800000E-02  3.12700000E-02  1.12000000E-02  1.04700000E-02  3.32400000E-02  2.17500000E-02  0.00000000E+00  0.00000000E+00  0.00000000E+00  0.00000000E+00  0.00000000E+00  0.00000000E+00  0.00000000E+00  0.00000000E+00  0.00000000E+00  0.00000000E+00
-4.09051194E+00  1.57800000E-04  2.64300000E-04  3.87700000E-02  2.54200000E-02  7.72800000E-03  1.10100000E-02  3.55700000E-02  1.48500000E-02  0.00000000E+00  0.00000000E+00  0.00000000E+00  0.00000000E+00  0.00000000E+00  0.00000000E+00  0.00000000E+00  0.00000000E+00  0.00000000E+00  0.00000000E+00
-4.07351194E+00  1.59000000E-04  2.04500000E-04  3.05000000E-02  1.92800000E-02  7.00500000E-03  1.26500000E-02  3.23300000E-02  9.43300000E-03  0.00000000E+00  0.00000000E+00  0.00000000E+00  0.00000000E+00  0.00000000E+00  0.00000000E+00  0.00000000E+00  0.00000000E+00  0.00000000E+00  0.00000000E+00
-4.05551194E+00  1.49200000E-04  1.81800000E-04  2.26700000E-02  1.41900000E-02  8.68400000E-03  1.40700000E-02  2.51200000E-02  6.42400000E-03  0.00000000E+00  0.00000000E+00  0.00000000E+00  0.00000000E+00  0.00000000E+00  0.00000000E+00  0.00000000E+00  0.00000000E+00  0.00000000E+00  0.00000000E+00
-4.03851194E+00  1.36200000E-04  2.02600000E-04  1.88700000E-02  1.13600000E-02  1.27200000E-02  1.48300000E-02  1.72400000E-02  5.29800000E-03  0.00000000E+00  0.00000000E+00  0.00000000E+00  0.00000000E+00  0.00000000E+00  0.00000000E+00  0.00000000E+00  0.00000000E+00  0.00000000E+00  0.00000000E+00
-4.02051194E+00  1.22500000E-04  2.50600000E-04  1.93300000E-02  1.08400000E-02  1.88900000E-02  1.59700000E-02  1.12000000E-02  4.95800000E-03  0.00000000E+00  0.00000000E+00  0.00000000E+00  0.00000000E+00  0.00000000E+00  0.00000000E+00  0.00000000E+00  0.00000000E+00  0.00000000E+00  0.00000000E+00
-4.00351194E+00  1.04300000E-04  2.97400000E-04  2.09000000E-02  1.16800000E-02  2.59100000E-02  1.94900000E-02  7.43900000E-03  4.57000000E-03  0.00000000E+00  0.00000000E+00  0.00000000E+00  0.00000000E+00  0.00000000E+00  0.00000000E+00  0.00000000E+00  0.00000000E+00  0.00000000E+00  0.00000000E+00
-3.98651194E+00  7.97400000E-05  3.18500000E-04  2.00500000E-02  1.30700000E-02  3.18100000E-02  2.62400000E-02  5.12600000E-03  3.91200000E-03  0.00000000E+00  0.00000000E+00  0.00000000E+00  0.00000000E+00  0.00000000E+00  0.00000000E+00  0.00000000E+00  0.00000000E+00  0.00000000E+00  0.00000000E+00
-3.96851194E+00  5.40200000E-05  3.07100000E-04  1.59600000E-02  1.53800000E-02  3.51500000E-02  3.45400000E-02  3.57600000E-03  3.31500000E-03  0.00000000E+00  0.00000000E+00  0.00000000E+00  0.00000000E+00  0.00000000E+00  0.00000000E+00  0.00000000E+00  0.00000000E+00  0.00000000E+00  0.00000000E+00
-3.95151194E+00  3.71800000E-05  2.78900000E-04  1.08700000E-02  2.03900000E-02  3.55200000E-02  4.11100000E-02  2.90300000E-03  3.45200000E-03  0.00000000E+00  0.00000000E+00  0.00000000E+00  0.00000000E+00  0.00000000E+00  0.00000000E+00  0.00000000E+00  0.00000000E+00  0.00000000E+00  0.00000000E+00
-3.93351194E+00  3.90300000E-05  2.62000000E-04  8.07500000E-03  2.97500000E-02  3.33000000E-02  4.34700000E-02  3.82000000E-03  5.07500000E-03  0.00000000E+00  0.00000000E+00  0.00000000E+00  0.00000000E+00  0.00000000E+00  0.00000000E+00  0.00000000E+00  0.00000000E+00  0.00000000E+00  0.00000000E+00
-3.91651194E+00  6.56400000E-05  2.76000000E-04  9.95900000E-03  4.24500000E-02  3.00800000E-02  4.12300000E-02  7.02000000E-03  8.58000000E-03  0.00000000E+00  0.00000000E+00  0.00000000E+00  0.00000000E+00  0.00000000E+00  0.00000000E+00  0.00000000E+00  0.00000000E+00  0.00000000E+00  0.00000000E+00
-3.89851194E+00  1.15100000E-04  3.13200000E-04  1.72300000E-02  5.39200000E-02  2.84700000E-02  3.56200000E-02  1.23300000E-02  1.33400000E-02  0.00000000E+00  0.00000000E+00  0.00000000E+00  0.00000000E+00  0.00000000E+00  0.00000000E+00  0.00000000E+00  0.00000000E+00  0.00000000E+00  0.00000000E+00
-3.88151194E+00  1.72700000E-04  3.42200000E-04  2.85000000E-02  5.92900000E-02  2.99900000E-02  2.86100000E-02  1.80400000E-02  1.74800000E-02  0.00000000E+00  0.00000000E+00  0.00000000E+00  0.00000000E+00  0.00000000E+00  0.00000000E+00  0.00000000E+00  0.00000000E+00  0.00000000E+00  0.00000000E+00
-3.86451194E+00  2.13800000E-04  3.35300000E-04  4.00700000E-02  5.82400000E-02  3.31500000E-02  2.23200000E-02  2.14100000E-02  1.88600000E-02  0.00000000E+00  0.00000000E+00  0.00000000E+00  0.00000000E+00  0.00000000E+00  0.00000000E+00  0.00000000E+00  0.00000000E+00  0.00000000E+00  0.00000000E+00
-3.84651194E+00  2.18600000E-04  2.93700000E-04  4.72200000E-02  5.51600000E-02  3.48300000E-02  1.86200000E-02  2.05900000E-02  1.68700000E-02  0.00000000E+00  0.00000000E+00  0.00000000E+00  0.00000000E+00  0.00000000E+00  0.00000000E+00  0.00000000E+00  0.00000000E+00  0.00000000E+00  0.00000000E+00
-3.82951194E+00  1.87800000E-04  2.41300000E-04  4.73600000E-02  5.38000000E-02  3.37200000E-02  1.91200000E-02  1.62700000E-02  1.29500000E-02  0.00000000E+00  0.00000000E+00  0.00000000E+00  0.00000000E+00  0.00000000E+00  0.00000000E+00  0.00000000E+00  0.00000000E+00  0.00000000E+00  0.00000000E+00
-3.81151194E+00  1.43200000E-04  1.97200000E-04  4.23700000E-02  5.29400000E-02  3.15600000E-02  2.53600000E-02  1.11300000E-02  9.17100000E-03  0.00000000E+00  0.00000000E+00  0.00000000E+00  0.00000000E+00  0.00000000E+00  0.00000000E+00  0.00000000E+00  0.00000000E+00  0.00000000E+00  0.00000000E+00
-3.79451194E+00  1.11200000E-04  1.61700000E-04  3.73400000E-02  4.87900000E-02  3.14500000E-02  3.81900000E-02  7.72000000E-03  6.71800000E-03  0.00000000E+00  0.00000000E+00  0.00000000E+00  0.00000000E+00  0.00000000E+00  0.00000000E+00  0.00000000E+00  0.00000000E+00  0.00000000E+00  0.00000000E+00
-3.77751194E+00  1.04700000E-04  1.28600000E-04  3.61900000E-02  4.07700000E-02  3.56500000E-02  5.58900000E-02  6.78500000E-03  5.72200000E-03  0.00000000E+00  0.00000000E+00  0.00000000E+00  0.00000000E+00  0.00000000E+00  0.00000000E+00  0.00000000E+00  0.00000000E+00  0.00000000E+00  0.00000000E+00
-3.75951194E+00  1.16600000E-04  1.01200000E-04  3.84300000E-02  3.31400000E-02  4.40900000E-02  7.32500000E-02  7.29800000E-03  5.93400000E-03  0.00000000E+00  0.00000000E+00  0.00000000E+00  0.00000000E+00  0.00000000E+00  0.00000000E+00  0.00000000E+00  0.00000000E+00  0.00000000E+00  0.00000000E+00
-3.74251194E+00  1.28600000E-04  8.69400000E-05  4.03000000E-02  3.01800000E-02  5.30500000E-02  8.37200000E-02  7.66100000E-03  6.88300000E-03  0.00000000E+00  0.00000000E+00  0.00000000E+00  0.00000000E+00  0.00000000E+00  0.00000000E+00  0.00000000E+00  0.00000000E+00  0.00000000E+00  0.00000000E+00
-3.72451194E+00  1.26300000E-04  8.47800000E-05  3.86200000E-02  3.13700000E-02  5.64100000E-02  8.38000000E-02  6.96700000E-03  7.72500000E-03  0.00000000E+00  0.00000000E+00  0.00000000E+00  0.00000000E+00  0.00000000E+00  0.00000000E+00  0.00000000E+00  0.00000000E+00  0.00000000E+00  0.00000000E+00
-3.70751194E+00  1.09900000E-04  8.30500000E-05  3.35700000E-02  3.21300000E-02  5.08200000E-02  7.55500000E-02  5.46500000E-03  7.59000000E-03  0.00000000E+00  0.00000000E+00  0.00000000E+00  0.00000000E+00  0.00000000E+00  0.00000000E+00  0.00000000E+00  0.00000000E+00  0.00000000E+00  0.00000000E+00
-3.68951194E+00  9.32100000E-05  7.17200000E-05  2.83500000E-02  2.89700000E-02  3.97200000E-02  6.44000000E-02  4.08400000E-03  6.27900000E-03  0.00000000E+00  0.00000000E+00  0.00000000E+00  0.00000000E+00  0.00000000E+00  0.00000000E+00  0.00000000E+00  0.00000000E+00  0.00000000E+00  0.00000000E+00
-3.67251194E+00  8.95500000E-05  5.23200000E-05  2.62700000E-02  2.27900000E-02  3.04300000E-02  5.45600000E-02  3.52700000E-03  4.42500000E-03  0.00000000E+00  0.00000000E+00  0.00000000E+00  0.00000000E+00  0.00000000E+00  0.00000000E+00  0.00000000E+00  0.00000000E+00  0.00000000E+00  0.00000000E+00
-3.65551194E+00  9.88900000E-05  3.65600000E-05  2.75600000E-02  1.70100000E-02  2.74500000E-02  4.75100000E-02  3.73100000E-03  2.88800000E-03  0.00000000E+00  0.00000000E+00  0.00000000E+00  0.00000000E+00  0.00000000E+00  0.00000000E+00  0.00000000E+00  0.00000000E+00  0.00000000E+00  0.00000000E+00
-3.63751194E+00  1.06900000E-04  4.15800000E-05  2.88800000E-02  1.35500000E-02  2.93800000E-02  4.39000000E-02  4.02400000E-03  2.11300000E-03  0.00000000E+00  0.00000000E+00  0.00000000E+00  0.00000000E+00  0.00000000E+00  0.00000000E+00  0.00000000E+00  0.00000000E+00  0.00000000E+00  0.00000000E+00
-3.62051194E+00  9.92000000E-05  9.30500000E-05  2.66800000E-02  1.15300000E-02  3.18600000E-02  4.42500000E-02  3.78800000E-03  2.11300000E-03  0.00000000E+00  0.00000000E+00  0.00000000E+00  0.00000000E+00  0.00000000E+00  0.00000000E+00  0.00000000E+00  0.00000000E+00  0.00000000E+00  0.00000000E+00
-3.60251194E+00  7.47500000E-05  2.31200000E-04  2.08700000E-02  9.30900000E-03  3.22900000E-02  4.69300000E-02  3.00100000E-03  2.90400000E-03  0.00000000E+00  0.00000000E+00  0.00000000E+00  0.00000000E+00  0.00000000E+00  0.00000000E+00  0.00000000E+00  0.00000000E+00  0.00000000E+00  0.00000000E+00
-3.58551194E+00  4.52200000E-05  5.03600000E-04  1.46500000E-02  6.58800000E-03  3.17800000E-02  4.77700000E-02  2.14300000E-03  4.75100000E-03  0.00000000E+00  0.00000000E+00  0.00000000E+00  0.00000000E+00  0.00000000E+00  0.00000000E+00  0.00000000E+00  0.00000000E+00  0.00000000E+00  0.00000000E+00
-3.56751194E+00  2.24200000E-05  9.39200000E-04  1.08900000E-02  4.33800000E-03  3.36200000E-02  4.31500000E-02  1.64100000E-03  7.97100000E-03  0.00000000E+00  0.00000000E+00  0.00000000E+00  0.00000000E+00  0.00000000E+00  0.00000000E+00  0.00000000E+00  0.00000000E+00  0.00000000E+00  0.00000000E+00
-3.55051194E+00  1.03000000E-05  1.52300000E-03  9.68700000E-03  3.53900000E-03  3.96700000E-02  3.36000000E-02  1.50300000E-03  1.25800000E-02  0.00000000E+00  0.00000000E+00  0.00000000E+00  0.00000000E+00  0.00000000E+00  0.00000000E+00  0.00000000E+00  0.00000000E+00  0.00000000E+00  0.00000000E+00
-3.53351194E+00  7.78200000E-06  2.18400000E-03  9.12800000E-03  4.41300000E-03  4.78400000E-02  2.35700000E-02  1.44400000E-03  1.81000000E-02  0.00000000E+00  0.00000000E+00  0.00000000E+00  0.00000000E+00  0.00000000E+00  0.00000000E+00  0.00000000E+00  0.00000000E+00  0.00000000E+00  0.00000000E+00
-3.51551194E+00  1.72500000E-05  2.79400000E-03  7.64300000E-03  6.42000000E-03  5.29200000E-02  1.76200000E-02  1.25400000E-03  2.35500000E-02  0.00000000E+00  0.00000000E+00  0.00000000E+00  0.00000000E+00  0.00000000E+00  0.00000000E+00  0.00000000E+00  0.00000000E+00  0.00000000E+00  0.00000000E+00
-3.49851194E+00  5.29300000E-05  3.19100000E-03  5.25000000E-03  8.51100000E-03  5.07100000E-02  1.70300000E-02  1.00200000E-03  2.75900000E-02  0.00000000E+00  0.00000000E+00  0.00000000E+00  0.00000000E+00  0.00000000E+00  0.00000000E+00  0.00000000E+00  0.00000000E+00  0.00000000E+00  0.00000000E+00
-3.48051194E+00  1.44000000E-04  3.22700000E-03  2.94600000E-03  9.53500000E-03  4.19000000E-02  1.99300000E-02  9.63600000E-04  2.88000000E-02  0.00000000E+00  0.00000000E+00  0.00000000E+00  0.00000000E+00  0.00000000E+00  0.00000000E+00  0.00000000E+00  0.00000000E+00  0.00000000E+00  0.00000000E+00
-3.46351194E+00  3.23800000E-04  2.84900000E-03  1.52900000E-03  8.85800000E-03  3.17200000E-02  2.35900000E-02  1.43400000E-03  2.63700000E-02  0.00000000E+00  0.00000000E+00  0.00000000E+00  0.00000000E+00  0.00000000E+00  0.00000000E+00  0.00000000E+00  0.00000000E+00  0.00000000E+00  0.00000000E+00
-3.44651194E+00  6.00700000E-04  2.16000000E-03  1.15500000E-03  6.80700000E-03  2.55700000E-02  2.62500000E-02  2.58500000E-03  2.07600000E-02  0.00000000E+00  0.00000000E+00  0.00000000E+00  0.00000000E+00  0.00000000E+00  0.00000000E+00  0.00000000E+00  0.00000000E+00  0.00000000E+00  0.00000000E+00
-3.42851194E+00  9.34000000E-04  1.38900000E-03  1.56700000E-03  4.45800000E-03  2.50900000E-02  2.70400000E-02  4.41200000E-03  1.39100000E-02  0.00000000E+00  0.00000000E+00  0.00000000E+00  0.00000000E+00  0.00000000E+00  0.00000000E+00  0.00000000E+00  0.00000000E+00  0.00000000E+00  0.00000000E+00
-3.41151194E+00  1.25100000E-03  7.81400000E-04  2.37600000E-03  2.98100000E-03  2.78500000E-02  2.55100000E-02  6.75300000E-03  8.36000000E-03  0.00000000E+00  0.00000000E+00  0.00000000E+00  0.00000000E+00  0.00000000E+00  0.00000000E+00  0.00000000E+00  0.00000000E+00  0.00000000E+00  0.00000000E+00
-3.39351194E+00  1.51000000E-03  4.74500000E-04  3.19300000E-03  3.18100000E-03  3.00000000E-02  2.22100000E-02  9.48000000E-03  5.94800000E-03  0.00000000E+00  0.00000000E+00  0.00000000E+00  0.00000000E+00  0.00000000E+00  0.00000000E+00  0.00000000E+00  0.00000000E+00  0.00000000E+00  0.00000000E+00
-3.37651194E+00  1.75300000E-03  4.71900000E-04  3.80000000E-03  5.31700000E-03  2.94800000E-02  1.93600000E-02  1.27300000E-02  7.15100000E-03  0.00000000E+00  0.00000000E+00  0.00000000E+00  0.00000000E+00  0.00000000E+00  0.00000000E+00  0.00000000E+00  0.00000000E+00  0.00000000E+00  0.00000000E+00
-3.35851194E+00  2.06400000E-03  6.74100000E-04  4.27500000E-03  8.82400000E-03  2.79500000E-02  2.02000000E-02  1.68100000E-02  1.10000000E-02  0.00000000E+00  0.00000000E+00  0.00000000E+00  0.00000000E+00  0.00000000E+00  0.00000000E+00  0.00000000E+00  0.00000000E+00  0.00000000E+00  0.00000000E+00
-3.34151194E+00  2.45100000E-03  9.19300000E-04  4.81100000E-03  1.21700000E-02  2.97700000E-02  2.68600000E-02  2.14200000E-02  1.53000000E-02  0.00000000E+00  0.00000000E+00  0.00000000E+00  0.00000000E+00  0.00000000E+00  0.00000000E+00  0.00000000E+00  0.00000000E+00  0.00000000E+00  0.00000000E+00
-3.32451194E+00  2.76200000E-03  1.05000000E-03  5.34300000E-03  1.35900000E-02  3.79300000E-02  3.85400000E-02  2.51200000E-02  1.76400000E-02  0.00000000E+00  0.00000000E+00  0.00000000E+00  0.00000000E+00  0.00000000E+00  0.00000000E+00  0.00000000E+00  0.00000000E+00  0.00000000E+00  0.00000000E+00
-3.30651194E+00  2.77500000E-03  1.00100000E-03  5.48000000E-03  1.24300000E-02  5.02700000E-02  5.12900000E-02  2.59100000E-02  1.70500000E-02  0.00000000E+00  0.00000000E+00  0.00000000E+00  0.00000000E+00  0.00000000E+00  0.00000000E+00  0.00000000E+00  0.00000000E+00  0.00000000E+00  0.00000000E+00
-3.28951194E+00  2.38900000E-03  8.31100000E-04  4.91700000E-03  9.67600000E-03  6.05900000E-02  6.01200000E-02  2.28000000E-02  1.46300000E-02  0.00000000E+00  0.00000000E+00  0.00000000E+00  0.00000000E+00  0.00000000E+00  0.00000000E+00  0.00000000E+00  0.00000000E+00  0.00000000E+00  0.00000000E+00
-3.27151194E+00  1.73800000E-03  6.46000000E-04  3.89100000E-03  7.00200000E-03  6.36800000E-02  6.23200000E-02  1.70100000E-02  1.25200000E-02  0.00000000E+00  0.00000000E+00  0.00000000E+00  0.00000000E+00  0.00000000E+00  0.00000000E+00  0.00000000E+00  0.00000000E+00  0.00000000E+00  0.00000000E+00
-3.25451194E+00  1.10500000E-03  5.10500000E-04  3.16300000E-03  5.55400000E-03  5.91000000E-02  5.90200000E-02  1.14000000E-02  1.21200000E-02  0.00000000E+00  0.00000000E+00  0.00000000E+00  0.00000000E+00  0.00000000E+00  0.00000000E+00  0.00000000E+00  0.00000000E+00  0.00000000E+00  0.00000000E+00
-3.23751194E+00  7.25200000E-04  4.24400000E-04  3.51600000E-03  5.53300000E-03  5.01500000E-02  5.35400000E-02  8.55700000E-03  1.33800000E-02  0.00000000E+00  0.00000000E+00  0.00000000E+00  0.00000000E+00  0.00000000E+00  0.00000000E+00  0.00000000E+00  0.00000000E+00  0.00000000E+00  0.00000000E+00
-3.21951194E+00  6.56300000E-04  3.57700000E-04  5.16200000E-03  6.42300000E-03  4.10300000E-02  4.84100000E-02  9.29300000E-03  1.50900000E-02  0.00000000E+00  0.00000000E+00  0.00000000E+00  0.00000000E+00  0.00000000E+00  0.00000000E+00  0.00000000E+00  0.00000000E+00  0.00000000E+00  0.00000000E+00
-3.20251194E+00  7.83000000E-04  2.88400000E-04  7.42700000E-03  7.33200000E-03  3.51500000E-02  4.43800000E-02  1.23100000E-02  1.57500000E-02  0.00000000E+00  0.00000000E+00  0.00000000E+00  0.00000000E+00  0.00000000E+00  0.00000000E+00  0.00000000E+00  0.00000000E+00  0.00000000E+00  0.00000000E+00
-3.18451194E+00  9.14600000E-04  2.14200000E-04  9.07300000E-03  7.40200000E-03  3.48800000E-02  4.17800000E-02  1.51800000E-02  1.44500000E-02  0.00000000E+00  0.00000000E+00  0.00000000E+00  0.00000000E+00  0.00000000E+00  0.00000000E+00  0.00000000E+00  0.00000000E+00  0.00000000E+00  0.00000000E+00
-3.16751194E+00  9.14300000E-04  1.43400000E-04  9.21300000E-03  6.29600000E-03  4.10100000E-02  4.13500000E-02  1.60400000E-02  1.13600000E-02  0.00000000E+00  0.00000000E+00  0.00000000E+00  0.00000000E+00  0.00000000E+00  0.00000000E+00  0.00000000E+00  0.00000000E+00  0.00000000E+00  0.00000000E+00
-3.14951194E+00  7.75300000E-04  8.50200000E-05  8.02600000E-03  4.40600000E-03  5.19600000E-02  4.29600000E-02  1.48900000E-02  7.49200000E-03  0.00000000E+00  0.00000000E+00  0.00000000E+00  0.00000000E+00  0.00000000E+00  0.00000000E+00  0.00000000E+00  0.00000000E+00  0.00000000E+00  0.00000000E+00
-3.13251194E+00  5.83400000E-04  4.35300000E-05  6.43700000E-03  2.50200000E-03  6.36200000E-02  4.41600000E-02  1.29500000E-02  4.08300000E-03  0.00000000E+00  0.00000000E+00  0.00000000E+00  0.00000000E+00  0.00000000E+00  0.00000000E+00  0.00000000E+00  0.00000000E+00  0.00000000E+00  0.00000000E+00
-3.11551194E+00  4.16900000E-04  1.87700000E-05  5.21200000E-03  1.14200000E-03  7.12700000E-02  4.14100000E-02  1.12900000E-02  1.81400000E-03  0.00000000E+00  0.00000000E+00  0.00000000E+00  0.00000000E+00  0.00000000E+00  0.00000000E+00  0.00000000E+00  0.00000000E+00  0.00000000E+00  0.00000000E+00
-3.09751194E+00  2.97500000E-04  6.69500000E-06  4.56400000E-03  4.16200000E-04  7.24300000E-02  3.34300000E-02  1.01500000E-02  6.50000000E-04  0.00000000E+00  0.00000000E+00  0.00000000E+00  0.00000000E+00  0.00000000E+00  0.00000000E+00  0.00000000E+00  0.00000000E+00  0.00000000E+00  0.00000000E+00
-3.08051194E+00  2.14300000E-04  1.96100000E-06  4.36600000E-03  1.20700000E-04  6.75200000E-02  2.26700000E-02  9.44600000E-03  1.86800000E-04  0.00000000E+00  0.00000000E+00  0.00000000E+00  0.00000000E+00  0.00000000E+00  0.00000000E+00  0.00000000E+00  0.00000000E+00  0.00000000E+00  0.00000000E+00
-3.06251194E+00  1.56000000E-04  4.82800000E-07  4.33600000E-03  2.78300000E-05  5.82400000E-02  1.33200000E-02  8.93200000E-03  4.31300000E-05  0.00000000E+00  0.00000000E+00  0.00000000E+00  0.00000000E+00  0.00000000E+00  0.00000000E+00  0.00000000E+00  0.00000000E+00  0.00000000E+00  0.00000000E+00
-3.04551194E+00  1.14200000E-04  1.18400000E-07  4.08500000E-03  5.14300000E-06  4.66000000E-02  8.28900000E-03  8.09000000E-03  8.38700000E-06  0.00000000E+00  0.00000000E+00  0.00000000E+00  0.00000000E+00  0.00000000E+00  0.00000000E+00  0.00000000E+00  0.00000000E+00  0.00000000E+00  0.00000000E+00
-3.02751194E+00  8.05100000E-05  5.47300000E-08  3.35300000E-03  8.41200000E-07  3.52600000E-02  8.14900000E-03  6.49900000E-03  1.96200000E-06  0.00000000E+00  0.00000000E+00  0.00000000E+00  0.00000000E+00  0.00000000E+00  0.00000000E+00  0.00000000E+00  0.00000000E+00  0.00000000E+00  0.00000000E+00
-3.01051194E+00  5.13900000E-05  5.64900000E-08  2.27600000E-03  2.18500000E-07  2.68500000E-02  1.18700000E-02  4.37300000E-03  1.16700000E-06  0.00000000E+00  0.00000000E+00  0.00000000E+00  0.00000000E+00  0.00000000E+00  0.00000000E+00  0.00000000E+00  0.00000000E+00  0.00000000E+00  0.00000000E+00
-2.99351194E+00  3.00200000E-05  6.58600000E-08  1.24800000E-03  1.52500000E-07  2.24200000E-02  1.76500000E-02  2.41000000E-03  1.13500000E-06  0.00000000E+00  0.00000000E+00  0.00000000E+00  0.00000000E+00  0.00000000E+00  0.00000000E+00  0.00000000E+00  0.00000000E+00  0.00000000E+00  0.00000000E+00
-2.97551194E+00  2.21600000E-05  6.75900000E-08  5.59300000E-04  1.37200000E-07  2.13200000E-02  2.33300000E-02  1.15600000E-03  1.04600000E-06  0.00000000E+00  0.00000000E+00  0.00000000E+00  0.00000000E+00  0.00000000E+00  0.00000000E+00  0.00000000E+00  0.00000000E+00  0.00000000E+00  0.00000000E+00
-2.95851194E+00  3.30900000E-05  5.93600000E-08  2.42100000E-04  1.13400000E-07  2.23000000E-02  2.73700000E-02  7.12900000E-04  8.30000000E-07  0.00000000E+00  0.00000000E+00  0.00000000E+00  0.00000000E+00  0.00000000E+00  0.00000000E+00  0.00000000E+00  0.00000000E+00  0.00000000E+00  0.00000000E+00
-2.94051194E+00  6.58200000E-05  4.70600000E-08  1.80800000E-04  8.47800000E-08  2.39800000E-02  3.05000000E-02  9.17700000E-04  5.72500000E-07  0.00000000E+00  0.00000000E+00  0.00000000E+00  0.00000000E+00  0.00000000E+00  0.00000000E+00  0.00000000E+00  0.00000000E+00  0.00000000E+00  0.00000000E+00
-2.92351194E+00  1.15200000E-04  4.04900000E-08  2.50300000E-04  6.37700000E-08  2.50500000E-02  3.63900000E-02  1.52000000E-03  3.80100000E-07  0.00000000E+00  0.00000000E+00  0.00000000E+00  0.00000000E+00  0.00000000E+00  0.00000000E+00  0.00000000E+00  0.00000000E+00  0.00000000E+00  0.00000000E+00
-2.90651194E+00  1.62300000E-04  4.69600000E-08  3.50400000E-04  5.95500000E-08  2.51500000E-02  4.91400000E-02  2.17400000E-03  3.15200000E-07  0.00000000E+00  0.00000000E+00  0.00000000E+00  0.00000000E+00  0.00000000E+00  0.00000000E+00  0.00000000E+00  0.00000000E+00  0.00000000E+00  0.00000000E+00
-2.88851194E+00  1.81300000E-04  6.60400000E-08  4.01400000E-04  7.15700000E-08  2.57700000E-02  6.83600000E-02  2.48500000E-03  3.68700000E-07  0.00000000E+00  0.00000000E+00  0.00000000E+00  0.00000000E+00  0.00000000E+00  0.00000000E+00  0.00000000E+00  0.00000000E+00  0.00000000E+00  0.00000000E+00
-2.87151194E+00  1.60300000E-04  8.83600000E-08  3.64900000E-04  8.83500000E-08  2.88600000E-02  8.66300000E-02  2.24800000E-03  4.71300000E-07  0.00000000E+00  0.00000000E+00  0.00000000E+00  0.00000000E+00  0.00000000E+00  0.00000000E+00  0.00000000E+00  0.00000000E+00  0.00000000E+00  0.00000000E+00
-2.85351194E+00  1.12200000E-04  1.00400000E-07  2.62200000E-04  9.49200000E-08  3.45800000E-02  9.41300000E-02  1.60600000E-03  5.37500000E-07  0.00000000E+00  0.00000000E+00  0.00000000E+00  0.00000000E+00  0.00000000E+00  0.00000000E+00  0.00000000E+00  0.00000000E+00  0.00000000E+00  0.00000000E+00
-2.83651194E+00  6.21800000E-05  9.38100000E-08  1.48800000E-04  8.42700000E-08  4.12700000E-02  8.69100000E-02  9.07200000E-04  5.19900000E-07  0.00000000E+00  0.00000000E+00  0.00000000E+00  0.00000000E+00  0.00000000E+00  0.00000000E+00  0.00000000E+00  0.00000000E+00  0.00000000E+00  0.00000000E+00
-2.81851194E+00  2.73700000E-05  7.20700000E-08  6.68800000E-05  6.16800000E-08  4.76800000E-02  7.02700000E-02  4.05400000E-04  4.31600000E-07  0.00000000E+00  0.00000000E+00  0.00000000E+00  0.00000000E+00  0.00000000E+00  0.00000000E+00  0.00000000E+00  0.00000000E+00  0.00000000E+00  0.00000000E+00
-2.80151194E+00  9.68200000E-06  4.64400000E-08  2.38800000E-05  3.80800000E-08  5.35400000E-02  5.33100000E-02  1.43900000E-04  3.17300000E-07  0.00000000E+00  0.00000000E+00  0.00000000E+00  0.00000000E+00  0.00000000E+00  0.00000000E+00  0.00000000E+00  0.00000000E+00  0.00000000E+00  0.00000000E+00
-2.78451194E+00  2.89600000E-06  2.65300000E-08  6.89000000E-06  2.07500000E-08  5.74300000E-02  4.14700000E-02  4.11700000E-05  2.12100000E-07  0.00000000E+00  0.00000000E+00  0.00000000E+00  0.00000000E+00  0.00000000E+00  0.00000000E+00  0.00000000E+00  0.00000000E+00  0.00000000E+00  0.00000000E+00
-2.76651194E+00  8.77100000E-07  1.48900000E-08  1.70500000E-06  1.06400000E-08  5.63300000E-02  3.45800000E-02  1.00700000E-05  1.29600000E-07  0.00000000E+00  0.00000000E+00  0.00000000E+00  0.00000000E+00  0.00000000E+00  0.00000000E+00  0.00000000E+00  0.00000000E+00  0.00000000E+00  0.00000000E+00
-2.74951194E+00  3.65300000E-07  9.29700000E-09  4.37200000E-07  5.56000000E-09  4.98400000E-02  3.11600000E-02  2.54600000E-06  7.20300000E-08  0.00000000E+00  0.00000000E+00  0.00000000E+00  0.00000000E+00  0.00000000E+00  0.00000000E+00  0.00000000E+00  0.00000000E+00  0.00000000E+00  0.00000000E+00
-2.73151194E+00  2.03700000E-07  7.19300000E-09  1.51800000E-07  3.48800000E-09  4.42500000E-02  3.32500000E-02  8.92700000E-07  3.86000000E-08  0.00000000E+00  0.00000000E+00  0.00000000E+00  0.00000000E+00  0.00000000E+00  0.00000000E+00  0.00000000E+00  0.00000000E+00  0.00000000E+00  0.00000000E+00
-2.71451194E+00  1.18800000E-07  7.58600000E-09  6.99600000E-08  3.43000000E-09  5.02200000E-02  4.66100000E-02  4.33700000E-07  2.60500000E-08  0.00000000E+00  0.00000000E+00  0.00000000E+00  0.00000000E+00  0.00000000E+00  0.00000000E+00  0.00000000E+00  0.00000000E+00  0.00000000E+00  0.00000000E+00
-2.69751194E+00  7.39700000E-08  1.01000000E-08  3.92700000E-08  4.88200000E-09  7.46100000E-02  7.51400000E-02  2.70900000E-07  2.88900000E-08  0.00000000E+00  0.00000000E+00  0.00000000E+00  0.00000000E+00  0.00000000E+00  0.00000000E+00  0.00000000E+00  0.00000000E+00  0.00000000E+00  0.00000000E+00
-2.67951194E+00  5.98900000E-08  1.35500000E-08  3.16800000E-08  7.21000000E-09  1.13400000E-01  1.14600000E-01  2.44600000E-07  4.04500000E-08  0.00000000E+00  0.00000000E+00  0.00000000E+00  0.00000000E+00  0.00000000E+00  0.00000000E+00  0.00000000E+00  0.00000000E+00  0.00000000E+00  0.00000000E+00
-2.66251194E+00  5.98200000E-08  1.60300000E-08  3.42000000E-08  9.57800000E-09  1.52600000E-01  1.53100000E-01  2.73500000E-07  5.50700000E-08  0.00000000E+00  0.00000000E+00  0.00000000E+00  0.00000000E+00  0.00000000E+00  0.00000000E+00  0.00000000E+00  0.00000000E+00  0.00000000E+00  0.00000000E+00
-2.64451194E+00  5.89600000E-08  1.63100000E-08  3.71800000E-08  1.13400000E-08  1.77800000E-01  1.79000000E-01  2.91500000E-07  7.24000000E-08  0.00000000E+00  0.00000000E+00  0.00000000E+00  0.00000000E+00  0.00000000E+00  0.00000000E+00  0.00000000E+00  0.00000000E+00  0.00000000E+00  0.00000000E+00
-2.62751194E+00  5.20600000E-08  1.48600000E-08  3.60600000E-08  1.23500000E-08  1.82700000E-01  1.87400000E-01  2.70000000E-07  1.01000000E-07  0.00000000E+00  0.00000000E+00  0.00000000E+00  0.00000000E+00  0.00000000E+00  0.00000000E+00  0.00000000E+00  0.00000000E+00  0.00000000E+00  0.00000000E+00
-2.60951194E+00  4.11900000E-08  1.31500000E-08  3.07500000E-08  1.28000000E-08  1.68000000E-01  1.79500000E-01  2.17400000E-07  1.54300000E-07  0.00000000E+00  0.00000000E+00  0.00000000E+00  0.00000000E+00  0.00000000E+00  0.00000000E+00  0.00000000E+00  0.00000000E+00  0.00000000E+00  0.00000000E+00
-2.59251194E+00  2.97800000E-08  1.23300000E-08  2.32300000E-08  1.29600000E-08  1.37500000E-01  1.59700000E-01  1.56300000E-07  2.35500000E-07  0.00000000E+00  0.00000000E+00  0.00000000E+00  0.00000000E+00  0.00000000E+00  0.00000000E+00  0.00000000E+00  0.00000000E+00  0.00000000E+00  0.00000000E+00
-2.57551194E+00  1.96800000E-08  1.23700000E-08  1.55800000E-08  1.28200000E-08  9.80700000E-02  1.34000000E-01  1.04300000E-07  3.23000000E-07  0.00000000E+00  0.00000000E+00  0.00000000E+00  0.00000000E+00  0.00000000E+00  0.00000000E+00  0.00000000E+00  0.00000000E+00  0.00000000E+00  0.00000000E+00
-2.55751194E+00  1.17900000E-08  1.23100000E-08  9.45200000E-09  1.20300000E-08  6.01100000E-02  1.07000000E-01  7.17000000E-08  3.74900000E-07  0.00000000E+00  0.00000000E+00  0.00000000E+00  0.00000000E+00  0.00000000E+00  0.00000000E+00  0.00000000E+00  0.00000000E+00  0.00000000E+00  0.00000000E+00
-2.54051194E+00  6.80400000E-09  1.11100000E-08  5.86700000E-09  1.02000000E-08  3.34600000E-02  8.03100000E-02  6.78400000E-08  3.59900000E-07  0.00000000E+00  0.00000000E+00  0.00000000E+00  0.00000000E+00  0.00000000E+00  0.00000000E+00  0.00000000E+00  0.00000000E+00  0.00000000E+00  0.00000000E+00
-2.52251194E+00  4.99600000E-09  8.68800000E-09  5.24000000E-09  7.52100000E-09  2.23000000E-02  5.51500000E-02  1.06700000E-07  2.87800000E-07  0.00000000E+00  0.00000000E+00  0.00000000E+00  0.00000000E+00  0.00000000E+00  0.00000000E+00  0.00000000E+00  0.00000000E+00  0.00000000E+00  0.00000000E+00
-2.50551194E+00  6.18600000E-09  6.02500000E-09  7.48500000E-09  4.79000000E-09  2.53600000E-02  3.45400000E-02  2.02600000E-07  2.03800000E-07  0.00000000E+00  0.00000000E+00  0.00000000E+00  0.00000000E+00  0.00000000E+00  0.00000000E+00  0.00000000E+00  0.00000000E+00  0.00000000E+00  0.00000000E+00
-2.48751194E+00  9.69600000E-09  4.28700000E-09  1.18300000E-08  2.84600000E-09  3.80600000E-02  2.18500000E-02  3.50700000E-07  1.51700000E-07  0.00000000E+00  0.00000000E+00  0.00000000E+00  0.00000000E+00  0.00000000E+00  0.00000000E+00  0.00000000E+00  0.00000000E+00  0.00000000E+00  0.00000000E+00
-2.47051194E+00  1.40000000E-08  3.88700000E-09  1.64400000E-08  1.96000000E-09  5.30100000E-02  1.74400000E-02  5.05900000E-07  1.41300000E-07  0.00000000E+00  0.00000000E+00  0.00000000E+00  0.00000000E+00  0.00000000E+00  0.00000000E+00  0.00000000E+00  0.00000000E+00  0.00000000E+00  0.00000000E+00
-2.45351194E+00  1.68700000E-08  4.40300000E-09  1.88600000E-08  1.84900000E-09  6.15600000E-02  1.84400000E-02  5.93500000E-07  1.49300000E-07  0.00000000E+00  0.00000000E+00  0.00000000E+00  0.00000000E+00  0.00000000E+00  0.00000000E+00  0.00000000E+00  0.00000000E+00  0.00000000E+00  0.00000000E+00
-2.43551194E+00  1.67000000E-08  5.16900000E-09  1.77000000E-08  2.08100000E-09  5.87300000E-02  2.13400000E-02  5.62500000E-07  1.46600000E-07  0.00000000E+00  0.00000000E+00  0.00000000E+00  0.00000000E+00  0.00000000E+00  0.00000000E+00  0.00000000E+00  0.00000000E+00  0.00000000E+00  0.00000000E+00
-2.41851194E+00  1.39500000E-08  5.73000000E-09  1.38200000E-08  2.35100000E-09  4.71900000E-02  2.37800000E-02  4.31900000E-07  1.22800000E-07  0.00000000E+00  0.00000000E+00  0.00000000E+00  0.00000000E+00  0.00000000E+00  0.00000000E+00  0.00000000E+00  0.00000000E+00  0.00000000E+00  0.00000000E+00
-2.40051194E+00  1.07500000E-08  5.81100000E-09  9.56300000E-09  2.45800000E-09  3.47300000E-02  2.43400000E-02  2.73600000E-07  8.77900000E-08  0.00000000E+00  0.00000000E+00  0.00000000E+00  0.00000000E+00  0.00000000E+00  0.00000000E+00  0.00000000E+00  0.00000000E+00  0.00000000E+00  0.00000000E+00
-2.38351194E+00  8.84200000E-09  5.21000000E-09  6.69300000E-09  2.25900000E-09  2.72200000E-02  2.20000000E-02  1.53400000E-07  5.51900000E-08  0.00000000E+00  0.00000000E+00  0.00000000E+00  0.00000000E+00  0.00000000E+00  0.00000000E+00  0.00000000E+00  0.00000000E+00  0.00000000E+00  0.00000000E+00
-2.36651194E+00  8.28600000E-09  3.96900000E-09  5.31800000E-09  1.75300000E-09  2.45900000E-02  1.68600000E-02  9.32500000E-08  3.14500000E-08  0.00000000E+00  0.00000000E+00  0.00000000E+00  0.00000000E+00  0.00000000E+00  0.00000000E+00  0.00000000E+00  0.00000000E+00  0.00000000E+00  0.00000000E+00
-2.34851194E+00  8.08100000E-09  2.49800000E-09  4.58100000E-09  1.13300000E-09  2.33600000E-02  1.07500000E-02  8.30100000E-08  1.64000000E-08  0.00000000E+00  0.00000000E+00  0.00000000E+00  0.00000000E+00  0.00000000E+00  0.00000000E+00  0.00000000E+00  0.00000000E+00  0.00000000E+00  0.00000000E+00
-2.33151194E+00  7.61000000E-09  1.32000000E-09  3.88500000E-09  6.59600000E-10  2.14300000E-02  6.06700000E-03  1.05700000E-07  8.02200000E-09  0.00000000E+00  0.00000000E+00  0.00000000E+00  0.00000000E+00  0.00000000E+00  0.00000000E+00  0.00000000E+00  0.00000000E+00  0.00000000E+00  0.00000000E+00
-2.31351194E+00  7.04200000E-09  7.26000000E-10  3.28300000E-09  5.06100000E-10  1.95300000E-02  4.46600000E-03  1.43900000E-07  4.43600000E-09  0.00000000E+00  0.00000000E+00  0.00000000E+00  0.00000000E+00  0.00000000E+00  0.00000000E+00  0.00000000E+00  0.00000000E+00  0.00000000E+00  0.00000000E+00
-2.29651194E+00  6.67000000E-09  7.48100000E-10  3.04300000E-09  7.49500000E-10  1.93300000E-02  6.84600000E-03  1.75100000E-07  4.03300000E-09  0.00000000E+00  0.00000000E+00  0.00000000E+00  0.00000000E+00  0.00000000E+00  0.00000000E+00  0.00000000E+00  0.00000000E+00  0.00000000E+00  0.00000000E+00
-2.27851194E+00  6.45300000E-09  1.32400000E-09  3.25200000E-09  1.46500000E-09  2.18700000E-02  1.41200000E-02  1.77700000E-07  5.77500000E-09  0.00000000E+00  0.00000000E+00  0.00000000E+00  0.00000000E+00  0.00000000E+00  0.00000000E+00  0.00000000E+00  0.00000000E+00  0.00000000E+00  0.00000000E+00
-2.26151194E+00  6.29900000E-09  2.36700000E-09  3.91800000E-09  2.77700000E-09  2.79400000E-02  2.72000000E-02  1.48800000E-07  9.57600000E-09  0.00000000E+00  0.00000000E+00  0.00000000E+00  0.00000000E+00  0.00000000E+00  0.00000000E+00  0.00000000E+00  0.00000000E+00  0.00000000E+00  0.00000000E+00
-2.24451194E+00  6.34400000E-09  3.69700000E-09  5.23900000E-09  4.77400000E-09  3.86400000E-02  4.58400000E-02  1.07400000E-07  1.58200000E-08  0.00000000E+00  0.00000000E+00  0.00000000E+00  0.00000000E+00  0.00000000E+00  0.00000000E+00  0.00000000E+00  0.00000000E+00  0.00000000E+00  0.00000000E+00
-2.22651194E+00  6.77800000E-09  4.98500000E-09  7.55400000E-09  7.25700000E-09  5.42200000E-02  6.71000000E-02  7.76300000E-08  2.38700000E-08  0.00000000E+00  0.00000000E+00  0.00000000E+00  0.00000000E+00  0.00000000E+00  0.00000000E+00  0.00000000E+00  0.00000000E+00  0.00000000E+00  0.00000000E+00
-2.20951194E+00  7.51700000E-09  5.84200000E-09  1.08100000E-08  9.53000000E-09  7.19200000E-02  8.50800000E-02  6.90600000E-08  3.09200000E-08  0.00000000E+00  0.00000000E+00  0.00000000E+00  0.00000000E+00  0.00000000E+00  0.00000000E+00  0.00000000E+00  0.00000000E+00  0.00000000E+00  0.00000000E+00
-2.19151194E+00  8.17900000E-09  6.06200000E-09  1.39900000E-08  1.07000000E-08  8.55700000E-02  9.36300000E-02  7.33600000E-08  3.34200000E-08  0.00000000E+00  0.00000000E+00  0.00000000E+00  0.00000000E+00  0.00000000E+00  0.00000000E+00  0.00000000E+00  0.00000000E+00  0.00000000E+00  0.00000000E+00
-2.17451194E+00  8.39600000E-09  5.85600000E-09  1.55800000E-08  1.04000000E-08  8.92100000E-02  9.09100000E-02  7.51300000E-08  3.05300000E-08  0.00000000E+00  0.00000000E+00  0.00000000E+00  0.00000000E+00  0.00000000E+00  0.00000000E+00  0.00000000E+00  0.00000000E+00  0.00000000E+00  0.00000000E+00
-2.15651194E+00  8.20500000E-09  5.74300000E-09  1.48400000E-08  9.19100000E-09  8.24500000E-02  8.07700000E-02  6.55100000E-08  2.58400000E-08  0.00000000E+00  0.00000000E+00  0.00000000E+00  0.00000000E+00  0.00000000E+00  0.00000000E+00  0.00000000E+00  0.00000000E+00  0.00000000E+00  0.00000000E+00
-2.13951194E+00  8.00600000E-09  6.14800000E-09  1.25500000E-08  7.90800000E-09  7.07000000E-02  6.87300000E-02  4.77900000E-08  2.47400000E-08  0.00000000E+00  0.00000000E+00  0.00000000E+00  0.00000000E+00  0.00000000E+00  0.00000000E+00  0.00000000E+00  0.00000000E+00  0.00000000E+00  0.00000000E+00
-2.12251194E+00  8.14300000E-09  7.13500000E-09  1.00800000E-08  6.95000000E-09  5.93000000E-02  5.74800000E-02  3.24900000E-08  2.96700000E-08  0.00000000E+00  0.00000000E+00  0.00000000E+00  0.00000000E+00  0.00000000E+00  0.00000000E+00  0.00000000E+00  0.00000000E+00  0.00000000E+00  0.00000000E+00
-2.10451194E+00  8.73700000E-09  8.51700000E-09  8.19600000E-09  6.25800000E-09  4.93800000E-02  4.69700000E-02  2.83500000E-08  3.79100000E-08  0.00000000E+00  0.00000000E+00  0.00000000E+00  0.00000000E+00  0.00000000E+00  0.00000000E+00  0.00000000E+00  0.00000000E+00  0.00000000E+00  0.00000000E+00
-2.08751194E+00  9.90300000E-09  1.00500000E-08  7.02700000E-09  5.72900000E-09  4.00100000E-02  3.70800000E-02  3.70000000E-08  4.40000000E-08  0.00000000E+00  0.00000000E+00  0.00000000E+00  0.00000000E+00  0.00000000E+00  0.00000000E+00  0.00000000E+00  0.00000000E+00  0.00000000E+00  0.00000000E+00
-2.06951194E+00  1.17500000E-08  1.13300000E-08  6.49900000E-09  5.31400000E-09  3.15400000E-02  2.83600000E-02  5.27800000E-08  4.42600000E-08  0.00000000E+00  0.00000000E+00  0.00000000E+00  0.00000000E+00  0.00000000E+00  0.00000000E+00  0.00000000E+00  0.00000000E+00  0.00000000E+00  0.00000000E+00
-2.05251194E+00  1.40100000E-08  1.17000000E-08  6.47600000E-09  4.85600000E-09  2.49300000E-02  2.11000000E-02  6.63200000E-08  3.87400000E-08  0.00000000E+00  0.00000000E+00  0.00000000E+00  0.00000000E+00  0.00000000E+00  0.00000000E+00  0.00000000E+00  0.00000000E+00  0.00000000E+00  0.00000000E+00
-2.03551194E+00  1.59800000E-08  1.05600000E-08  6.66900000E-09  4.12100000E-09  2.00900000E-02  1.50100000E-02  7.04700000E-08  2.97800000E-08  0.00000000E+00  0.00000000E+00  0.00000000E+00  0.00000000E+00  0.00000000E+00  0.00000000E+00  0.00000000E+00  0.00000000E+00  0.00000000E+00  0.00000000E+00
-2.01751194E+00  1.68100000E-08  8.01500000E-09  6.69100000E-09  3.05300000E-09  1.60800000E-02  9.84800000E-03  6.43500000E-08  1.99900000E-08  0.00000000E+00  0.00000000E+00  0.00000000E+00  0.00000000E+00  0.00000000E+00  0.00000000E+00  0.00000000E+00  0.00000000E+00  0.00000000E+00  0.00000000E+00
-2.00051194E+00  1.58000000E-08  5.01000000E-09  6.19400000E-09  1.90400000E-09  1.22800000E-02  5.95400000E-03  5.17400000E-08  1.14900000E-08  0.00000000E+00  0.00000000E+00  0.00000000E+00  0.00000000E+00  0.00000000E+00  0.00000000E+00  0.00000000E+00  0.00000000E+00  0.00000000E+00  0.00000000E+00
-1.98251194E+00  1.28700000E-08  2.62100000E-09  5.05400000E-09  1.02800000E-09  8.78300000E-03  4.06400000E-03  3.70000000E-08  5.60300000E-09  0.00000000E+00  0.00000000E+00  0.00000000E+00  0.00000000E+00  0.00000000E+00  0.00000000E+00  0.00000000E+00  0.00000000E+00  0.00000000E+00  0.00000000E+00
-1.96551194E+00  8.86100000E-09  1.34500000E-09  3.53000000E-09  6.09400000E-10  6.32300000E-03  4.84000000E-03  2.33400000E-08  2.50700000E-09  0.00000000E+00  0.00000000E+00  0.00000000E+00  0.00000000E+00  0.00000000E+00  0.00000000E+00  0.00000000E+00  0.00000000E+00  0.00000000E+00  0.00000000E+00
-1.94751194E+00  5.18300000E-09  1.03400000E-09  2.16300000E-09  6.13200000E-10  6.08000000E-03  8.49500000E-03  1.30700000E-08  1.55300000E-09  0.00000000E+00  0.00000000E+00  0.00000000E+00  0.00000000E+00  0.00000000E+00  0.00000000E+00  0.00000000E+00  0.00000000E+00  0.00000000E+00  0.00000000E+00
-1.93051194E+00  2.83900000E-09  1.24100000E-09  1.39400000E-09  8.84800000E-10  9.21400000E-03  1.44700000E-02  7.34600000E-09  1.97100000E-09  0.00000000E+00  0.00000000E+00  0.00000000E+00  0.00000000E+00  0.00000000E+00  0.00000000E+00  0.00000000E+00  0.00000000E+00  0.00000000E+00  0.00000000E+00
-1.91351194E+00  1.90100000E-09  1.52400000E-09  1.29400000E-09  1.24500000E-09  1.59300000E-02  2.13800000E-02  5.83300000E-09  3.32400000E-09  0.00000000E+00  0.00000000E+00  0.00000000E+00  0.00000000E+00  0.00000000E+00  0.00000000E+00  0.00000000E+00  0.00000000E+00  0.00000000E+00  0.00000000E+00
-1.89551194E+00  1.78300000E-09  1.62200000E-09  1.60100000E-09  1.55600000E-09  2.45800000E-02  2.75300000E-02  7.12200000E-09  5.43100000E-09  0.00000000E+00  0.00000000E+00  0.00000000E+00  0.00000000E+00  0.00000000E+00  0.00000000E+00  0.00000000E+00  0.00000000E+00  0.00000000E+00  0.00000000E+00
-1.87851194E+00  1.85700000E-09  1.54900000E-09  1.94500000E-09  1.77900000E-09  3.19100000E-02  3.15300000E-02  9.58400000E-09  8.00100000E-09  0.00000000E+00  0.00000000E+00  0.00000000E+00  0.00000000E+00  0.00000000E+00  0.00000000E+00  0.00000000E+00  0.00000000E+00  0.00000000E+00  0.00000000E+00
-1.86051194E+00  1.84200000E-09  1.52300000E-09  2.09200000E-09  1.99700000E-09  3.49700000E-02  3.27100000E-02  1.18800000E-08  1.04700000E-08  0.00000000E+00  0.00000000E+00  0.00000000E+00  0.00000000E+00  0.00000000E+00  0.00000000E+00  0.00000000E+00  0.00000000E+00  0.00000000E+00  0.00000000E+00
-1.84351194E+00  1.82000000E-09  1.73300000E-09  2.10800000E-09  2.38600000E-09  3.33000000E-02  3.13700000E-02  1.32700000E-08  1.23000000E-08  0.00000000E+00  0.00000000E+00  0.00000000E+00  0.00000000E+00  0.00000000E+00  0.00000000E+00  0.00000000E+00  0.00000000E+00  0.00000000E+00  0.00000000E+00
-1.82651194E+00  1.95900000E-09  2.14700000E-09  2.30300000E-09  3.05400000E-09  2.90500000E-02  2.87500000E-02  1.38200000E-08  1.32700000E-08  0.00000000E+00  0.00000000E+00  0.00000000E+00  0.00000000E+00  0.00000000E+00  0.00000000E+00  0.00000000E+00  0.00000000E+00  0.00000000E+00  0.00000000E+00
-1.80851194E+00  2.23700000E-09  2.55900000E-09  2.93000000E-09  3.85200000E-09  2.48600000E-02  2.59900000E-02  1.40600000E-08  1.32800000E-08  0.00000000E+00  0.00000000E+00  0.00000000E+00  0.00000000E+00  0.00000000E+00  0.00000000E+00  0.00000000E+00  0.00000000E+00  0.00000000E+00  0.00000000E+00
-1.79151194E+00  2.43500000E-09  2.84700000E-09  3.86500000E-09  4.39500000E-09  2.16500000E-02  2.33800000E-02  1.41600000E-08  1.21200000E-08  0.00000000E+00  0.00000000E+00  0.00000000E+00  0.00000000E+00  0.00000000E+00  0.00000000E+00  0.00000000E+00  0.00000000E+00  0.00000000E+00  0.00000000E+00
-1.77351194E+00  2.38900000E-09  3.14600000E-09  4.59600000E-09  4.39800000E-09  1.87100000E-02  2.10300000E-02  1.35700000E-08  9.89400000E-09  0.00000000E+00  0.00000000E+00  0.00000000E+00  0.00000000E+00  0.00000000E+00  0.00000000E+00  0.00000000E+00  0.00000000E+00  0.00000000E+00  0.00000000E+00
-1.75651194E+00  2.24200000E-09  3.64100000E-09  4.65300000E-09  3.94700000E-09  1.54600000E-02  1.93500000E-02  1.17700000E-08  7.25600000E-09  0.00000000E+00  0.00000000E+00  0.00000000E+00  0.00000000E+00  0.00000000E+00  0.00000000E+00  0.00000000E+00  0.00000000E+00  0.00000000E+00  0.00000000E+00
-1.73851194E+00  2.41300000E-09  4.17900000E-09  4.08100000E-09  3.32400000E-09  1.26200000E-02  1.82500000E-02  9.15300000E-09  5.00300000E-09  0.00000000E+00  0.00000000E+00  0.00000000E+00  0.00000000E+00  0.00000000E+00  0.00000000E+00  0.00000000E+00  0.00000000E+00  0.00000000E+00  0.00000000E+00
-1.72151194E+00  3.23500000E-09  4.29100000E-09  3.39400000E-09  2.69600000E-09  1.15000000E-02  1.65900000E-02  6.85100000E-09  3.45400000E-09  0.00000000E+00  0.00000000E+00  0.00000000E+00  0.00000000E+00  0.00000000E+00  0.00000000E+00  0.00000000E+00  0.00000000E+00  0.00000000E+00  0.00000000E+00
-1.70451194E+00  4.52200000E-09  3.70900000E-09  3.02400000E-09  2.12300000E-09  1.22900000E-02  1.34900000E-02  5.61300000E-09  2.54100000E-09  0.00000000E+00  0.00000000E+00  0.00000000E+00  0.00000000E+00  0.00000000E+00  0.00000000E+00  0.00000000E+00  0.00000000E+00  0.00000000E+00  0.00000000E+00
-1.68651194E+00  5.52200000E-09  2.74500000E-09  2.92200000E-09  1.79700000E-09  1.34100000E-02  9.67500000E-03  5.23400000E-09  2.32000000E-09  0.00000000E+00  0.00000000E+00  0.00000000E+00  0.00000000E+00  0.00000000E+00  0.00000000E+00  0.00000000E+00  0.00000000E+00  0.00000000E+00  0.00000000E+00
-1.66951194E+00  5.49300000E-09  2.05100000E-09  2.81100000E-09  2.05500000E-09  1.29600000E-02  6.99300000E-03  5.16600000E-09  3.10500000E-09  0.00000000E+00  0.00000000E+00  0.00000000E+00  0.00000000E+00  0.00000000E+00  0.00000000E+00  0.00000000E+00  0.00000000E+00  0.00000000E+00  0.00000000E+00
-1.65151194E+00  4.40200000E-09  2.05800000E-09  2.69900000E-09  3.05200000E-09  1.06300000E-02  6.62900000E-03  5.50600000E-09  5.00200000E-09  0.00000000E+00  0.00000000E+00  0.00000000E+00  0.00000000E+00  0.00000000E+00  0.00000000E+00  0.00000000E+00  0.00000000E+00  0.00000000E+00  0.00000000E+00
-1.63451194E+00  2.98400000E-09  2.64500000E-09  2.96900000E-09  4.42000000E-09  7.91400000E-03  8.05100000E-03  7.03800000E-09  7.35000000E-09  0.00000000E+00  0.00000000E+00  0.00000000E+00  0.00000000E+00  0.00000000E+00  0.00000000E+00  0.00000000E+00  0.00000000E+00  0.00000000E+00  0.00000000E+00
-1.61651194E+00  2.12200000E-09  3.24700000E-09  3.90200000E-09  5.34300000E-09  6.51900000E-03  9.46700000E-03  1.01000000E-08  8.82600000E-09  0.00000000E+00  0.00000000E+00  0.00000000E+00  0.00000000E+00  0.00000000E+00  0.00000000E+00  0.00000000E+00  0.00000000E+00  0.00000000E+00  0.00000000E+00
-1.59951194E+00  2.24300000E-09  3.29500000E-09  5.19500000E-09  5.16300000E-09  6.82400000E-03  9.27100000E-03  1.35200000E-08  8.42600000E-09  0.00000000E+00  0.00000000E+00  0.00000000E+00  0.00000000E+00  0.00000000E+00  0.00000000E+00  0.00000000E+00  0.00000000E+00  0.00000000E+00  0.00000000E+00
-1.58251194E+00  3.13200000E-09  2.66400000E-09  6.06000000E-09  3.95000000E-09  7.86100000E-03  7.26400000E-03  1.51400000E-08  6.35900000E-09  0.00000000E+00  0.00000000E+00  0.00000000E+00  0.00000000E+00  0.00000000E+00  0.00000000E+00  0.00000000E+00  0.00000000E+00  0.00000000E+00  0.00000000E+00
-1.56451194E+00  4.09400000E-09  1.71100000E-09  5.87300000E-09  2.40200000E-09  8.30800000E-03  4.56500000E-03  1.36500000E-08  3.81200000E-09  0.00000000E+00  0.00000000E+00  0.00000000E+00  0.00000000E+00  0.00000000E+00  0.00000000E+00  0.00000000E+00  0.00000000E+00  0.00000000E+00  0.00000000E+00
-1.54751194E+00  4.38600000E-09  9.13500000E-10  4.68500000E-09  1.22100000E-09  7.47600000E-03  2.54800000E-03  9.84900000E-09  1.91800000E-09  0.00000000E+00  0.00000000E+00  0.00000000E+00  0.00000000E+00  0.00000000E+00  0.00000000E+00  0.00000000E+00  0.00000000E+00  0.00000000E+00  0.00000000E+00
-1.52951194E+00  3.74900000E-09  5.71400000E-10  3.10300000E-09  7.39600000E-10  5.65900000E-03  2.15600000E-03  5.74500000E-09  1.17600000E-09  0.00000000E+00  0.00000000E+00  0.00000000E+00  0.00000000E+00  0.00000000E+00  0.00000000E+00  0.00000000E+00  0.00000000E+00  0.00000000E+00  0.00000000E+00
-1.51251194E+00  2.58700000E-09  8.57400000E-10  1.79200000E-09  1.04500000E-09  3.85100000E-03  4.15400000E-03  2.94600000E-09  1.67900000E-09  0.00000000E+00  0.00000000E+00  0.00000000E+00  0.00000000E+00  0.00000000E+00  0.00000000E+00  0.00000000E+00  0.00000000E+00  0.00000000E+00  0.00000000E+00
-1.49551194E+00  1.61100000E-09  1.99700000E-09  1.17000000E-09  2.19500000E-09  3.26200000E-03  9.40000000E-03  2.05100000E-09  3.44000000E-09  0.00000000E+00  0.00000000E+00  0.00000000E+00  0.00000000E+00  0.00000000E+00  0.00000000E+00  0.00000000E+00  0.00000000E+00  0.00000000E+00  0.00000000E+00
-1.47751194E+00  1.39800000E-09  4.18900000E-09  1.42900000E-09  4.13000000E-09  5.00400000E-03  1.81100000E-02  3.13100000E-09  6.22500000E-09  0.00000000E+00  0.00000000E+00  0.00000000E+00  0.00000000E+00  0.00000000E+00  0.00000000E+00  0.00000000E+00  0.00000000E+00  0.00000000E+00  0.00000000E+00
-1.46051194E+00  2.30400000E-09  7.17300000E-09  2.63200000E-09  6.38800000E-09  9.83700000E-03  2.84700000E-02  6.08700000E-09  9.18300000E-09  0.00000000E+00  0.00000000E+00  0.00000000E+00  0.00000000E+00  0.00000000E+00  0.00000000E+00  0.00000000E+00  0.00000000E+00  0.00000000E+00  0.00000000E+00
-1.44251194E+00  4.50500000E-09  9.90800000E-09  4.64500000E-09  8.11700000E-09  1.75800000E-02  3.65600000E-02  1.03300000E-08  1.10500000E-08  0.00000000E+00  0.00000000E+00  0.00000000E+00  0.00000000E+00  0.00000000E+00  0.00000000E+00  0.00000000E+00  0.00000000E+00  0.00000000E+00  0.00000000E+00
-1.42551194E+00  7.78100000E-09  1.10000000E-08  6.98300000E-09  8.57700000E-09  2.65200000E-02  3.85800000E-02  1.44700000E-08  1.10100000E-08  0.00000000E+00  0.00000000E+00  0.00000000E+00  0.00000000E+00  0.00000000E+00  0.00000000E+00  0.00000000E+00  0.00000000E+00  0.00000000E+00  0.00000000E+00
-1.40751194E+00  1.11500000E-08  9.82000000E-09  8.87900000E-09  7.67700000E-09  3.36300000E-02  3.38000000E-02  1.68700000E-08  9.29700000E-09  0.00000000E+00  0.00000000E+00  0.00000000E+00  0.00000000E+00  0.00000000E+00  0.00000000E+00  0.00000000E+00  0.00000000E+00  0.00000000E+00  0.00000000E+00
-1.39051194E+00  1.30600000E-08  7.05000000E-09  9.62200000E-09  5.95200000E-09  3.60200000E-02  2.49500000E-02  1.66900000E-08  6.84800000E-09  0.00000000E+00  0.00000000E+00  0.00000000E+00  0.00000000E+00  0.00000000E+00  0.00000000E+00  0.00000000E+00  0.00000000E+00  0.00000000E+00  0.00000000E+00
-1.37351194E+00  1.23600000E-08  4.09600000E-09  8.92700000E-09  4.07600000E-09  3.26700000E-02  1.58300000E-02  1.42700000E-08  4.52500000E-09  0.00000000E+00  0.00000000E+00  0.00000000E+00  0.00000000E+00  0.00000000E+00  0.00000000E+00  0.00000000E+00  0.00000000E+00  0.00000000E+00  0.00000000E+00
-1.35551194E+00  9.41500000E-09  1.98500000E-09  7.08900000E-09  2.49800000E-09  2.50500000E-02  8.91700000E-03  1.06600000E-08  2.74200000E-09  0.00000000E+00  0.00000000E+00  0.00000000E+00  0.00000000E+00  0.00000000E+00  0.00000000E+00  0.00000000E+00  0.00000000E+00  0.00000000E+00  0.00000000E+00
-1.33851194E+00  5.75400000E-09  9.77500000E-10  4.80000000E-09  1.44200000E-09  1.62200000E-02  5.05300000E-03  6.98200000E-09  1.66100000E-09  0.00000000E+00  0.00000000E+00  0.00000000E+00  0.00000000E+00  0.00000000E+00  0.00000000E+00  0.00000000E+00  0.00000000E+00  0.00000000E+00  0.00000000E+00
-1.32051194E+00  2.87900000E-09  9.56200000E-10  2.78700000E-09  1.03200000E-09  9.02200000E-03  4.44800000E-03  4.04000000E-09  1.43900000E-09  0.00000000E+00  0.00000000E+00  0.00000000E+00  0.00000000E+00  0.00000000E+00  0.00000000E+00  0.00000000E+00  0.00000000E+00  0.00000000E+00  0.00000000E+00
-1.30351194E+00  1.41500000E-09  1.83100000E-09  1.50800000E-09  1.33400000E-09  4.98000000E-03  7.31600000E-03  2.32600000E-09  2.24400000E-09  0.00000000E+00  0.00000000E+00  0.00000000E+00  0.00000000E+00  0.00000000E+00  0.00000000E+00  0.00000000E+00  0.00000000E+00  0.00000000E+00  0.00000000E+00
-1.28651194E+00  1.32900000E-09  3.46400000E-09  1.13000000E-09  2.25400000E-09  4.56100000E-03  1.32900000E-02  2.10500000E-09  4.00500000E-09  0.00000000E+00  0.00000000E+00  0.00000000E+00  0.00000000E+00  0.00000000E+00  0.00000000E+00  0.00000000E+00  0.00000000E+00  0.00000000E+00  0.00000000E+00
-1.26851194E+00  2.44000000E-09  5.32500000E-09  1.62900000E-09  3.39800000E-09  7.77200000E-03  2.02900000E-02  3.47500000E-09  6.09200000E-09  0.00000000E+00  0.00000000E+00  0.00000000E+00  0.00000000E+00  0.00000000E+00  0.00000000E+00  0.00000000E+00  0.00000000E+00  0.00000000E+00  0.00000000E+00
-1.25151194E+00  4.43700000E-09  6.49500000E-09  2.78800000E-09  4.14900000E-09  1.38400000E-02  2.47900000E-02  6.12700000E-09  7.42600000E-09  0.00000000E+00  0.00000000E+00  0.00000000E+00  0.00000000E+00  0.00000000E+00  0.00000000E+00  0.00000000E+00  0.00000000E+00  0.00000000E+00  0.00000000E+00
-1.23351194E+00  6.54700000E-09  6.32100000E-09  4.08100000E-09  4.09600000E-09  2.03800000E-02  2.43400000E-02  8.99500000E-09  7.25000000E-09  0.00000000E+00  0.00000000E+00  0.00000000E+00  0.00000000E+00  0.00000000E+00  0.00000000E+00  0.00000000E+00  0.00000000E+00  0.00000000E+00  0.00000000E+00
-1.21651194E+00  7.67200000E-09  5.05100000E-09  4.80400000E-09  3.44100000E-09  2.39900000E-02  2.00500000E-02  1.05500000E-08  5.86300000E-09  0.00000000E+00  0.00000000E+00  0.00000000E+00  0.00000000E+00  0.00000000E+00  0.00000000E+00  0.00000000E+00  0.00000000E+00  0.00000000E+00  0.00000000E+00
-1.19851194E+00  7.19200000E-09  3.62000000E-09  4.60100000E-09  2.82000000E-09  2.29100000E-02  1.56400000E-02  9.95100000E-09  4.35000000E-09  0.00000000E+00  0.00000000E+00  0.00000000E+00  0.00000000E+00  0.00000000E+00  0.00000000E+00  0.00000000E+00  0.00000000E+00  0.00000000E+00  0.00000000E+00
-1.18151194E+00  5.58100000E-09  2.77100000E-09  3.81800000E-09  2.67100000E-09  1.88400000E-02  1.38000000E-02  7.88100000E-09  3.54300000E-09  0.00000000E+00  0.00000000E+00  0.00000000E+00  0.00000000E+00  0.00000000E+00  0.00000000E+00  0.00000000E+00  0.00000000E+00  0.00000000E+00  0.00000000E+00
-1.16451194E+00  3.94400000E-09  2.50100000E-09  3.16700000E-09  2.84400000E-09  1.53300000E-02  1.40100000E-02  5.86800000E-09  3.37800000E-09  0.00000000E+00  0.00000000E+00  0.00000000E+00  0.00000000E+00  0.00000000E+00  0.00000000E+00  0.00000000E+00  0.00000000E+00  0.00000000E+00  0.00000000E+00
-1.14651194E+00  2.98900000E-09  2.33200000E-09  3.00800000E-09  2.84400000E-09  1.42300000E-02  1.37500000E-02  4.83500000E-09  3.23000000E-09  0.00000000E+00  0.00000000E+00  0.00000000E+00  0.00000000E+00  0.00000000E+00  0.00000000E+00  0.00000000E+00  0.00000000E+00  0.00000000E+00  0.00000000E+00
-1.12951194E+00  2.59300000E-09  1.91100000E-09  3.06500000E-09  2.37900000E-09  1.43000000E-02  1.14400000E-02  4.48600000E-09  2.66400000E-09  0.00000000E+00  0.00000000E+00  0.00000000E+00  0.00000000E+00  0.00000000E+00  0.00000000E+00  0.00000000E+00  0.00000000E+00  0.00000000E+00  0.00000000E+00
-1.11151194E+00  2.25200000E-09  1.29200000E-09  2.84700000E-09  1.60200000E-09  1.32200000E-02  7.68900000E-03  4.01300000E-09  1.78400000E-09  0.00000000E+00  0.00000000E+00  0.00000000E+00  0.00000000E+00  0.00000000E+00  0.00000000E+00  0.00000000E+00  0.00000000E+00  0.00000000E+00  0.00000000E+00
-1.09451194E+00  1.70100000E-09  7.74100000E-10  2.19100000E-09  8.85100000E-10  1.01600000E-02  4.23200000E-03  3.05100000E-09  9.68800000E-10  0.00000000E+00  0.00000000E+00  0.00000000E+00  0.00000000E+00  0.00000000E+00  0.00000000E+00  0.00000000E+00  0.00000000E+00  0.00000000E+00  0.00000000E+00
-1.07651194E+00  1.07400000E-09  6.49400000E-10  1.36200000E-09  4.96800000E-10  6.31000000E-03  2.32700000E-03  1.88000000E-09  4.88700000E-10  0.00000000E+00  0.00000000E+00  0.00000000E+00  0.00000000E+00  0.00000000E+00  0.00000000E+00  0.00000000E+00  0.00000000E+00  0.00000000E+00  0.00000000E+00
-1.05951194E+00  6.62900000E-10  1.14800000E-09  7.22200000E-10  5.25900000E-10  3.34800000E-03  2.36000000E-03  9.54200000E-10  3.99700000E-10  0.00000000E+00  0.00000000E+00  0.00000000E+00  0.00000000E+00  0.00000000E+00  0.00000000E+00  0.00000000E+00  0.00000000E+00  0.00000000E+00  0.00000000E+00
-1.04251194E+00  7.15000000E-10  2.41100000E-09  4.70600000E-10  9.55600000E-10  2.18700000E-03  4.21600000E-03  4.97400000E-10  6.43100000E-10  0.00000000E+00  0.00000000E+00  0.00000000E+00  0.00000000E+00  0.00000000E+00  0.00000000E+00  0.00000000E+00  0.00000000E+00  0.00000000E+00  0.00000000E+00
-1.02451194E+00  1.40000000E-09  4.26200000E-09  6.39200000E-10  1.65600000E-09  2.97800000E-03  7.28700000E-03  4.87500000E-10  1.09300000E-09  0.00000000E+00  0.00000000E+00  0.00000000E+00  0.00000000E+00  0.00000000E+00  0.00000000E+00  0.00000000E+00  0.00000000E+00  0.00000000E+00  0.00000000E+00
-1.00751194E+00  2.73200000E-09  5.98600000E-09  1.15900000E-09  2.32000000E-09  5.40300000E-03  1.02100000E-02  7.98800000E-10  1.52900000E-09  0.00000000E+00  0.00000000E+00  0.00000000E+00  0.00000000E+00  0.00000000E+00  0.00000000E+00  0.00000000E+00  0.00000000E+00  0.00000000E+00  0.00000000E+00
-9.89511940E-01  4.34300000E-09  6.63300000E-09  1.82500000E-09  2.57100000E-09  8.51000000E-03  1.13100000E-02  1.24000000E-09  1.69400000E-09  0.00000000E+00  0.00000000E+00  0.00000000E+00  0.00000000E+00  0.00000000E+00  0.00000000E+00  0.00000000E+00  0.00000000E+00  0.00000000E+00  0.00000000E+00
-9.72511940E-01  5.46400000E-09  5.79800000E-09  2.29400000E-09  2.25100000E-09  1.07000000E-02  9.90700000E-03  1.55600000E-09  1.48700000E-09  0.00000000E+00  0.00000000E+00  0.00000000E+00  0.00000000E+00  0.00000000E+00  0.00000000E+00  0.00000000E+00  0.00000000E+00  0.00000000E+00  0.00000000E+00
-9.55511940E-01  5.42300000E-09  4.01200000E-09  2.27700000E-09  1.57200000E-09  1.06200000E-02  6.93100000E-03  1.54600000E-09  1.05300000E-09  0.00000000E+00  0.00000000E+00  0.00000000E+00  0.00000000E+00  0.00000000E+00  0.00000000E+00  0.00000000E+00  0.00000000E+00  0.00000000E+00  0.00000000E+00
-9.37511940E-01  4.25000000E-09  2.24000000E-09  1.78900000E-09  9.23600000E-10  8.34900000E-03  4.12300000E-03  1.22000000E-09  6.67400000E-10  0.00000000E+00  0.00000000E+00  0.00000000E+00  0.00000000E+00  0.00000000E+00  0.00000000E+00  0.00000000E+00  0.00000000E+00  0.00000000E+00  0.00000000E+00
-9.20511940E-01  2.65200000E-09  1.12100000E-09  1.13400000E-09  5.77900000E-10  5.31300000E-03  2.69900000E-03  7.95100000E-10  5.33900000E-10  0.00000000E+00  0.00000000E+00  0.00000000E+00  0.00000000E+00  0.00000000E+00  0.00000000E+00  0.00000000E+00  0.00000000E+00  0.00000000E+00  0.00000000E+00
-9.02511940E-01  1.38400000E-09  7.08900000E-10  6.45400000E-10  5.68000000E-10  3.08400000E-03  2.81900000E-03  5.17000000E-10  6.87100000E-10  0.00000000E+00  0.00000000E+00  0.00000000E+00  0.00000000E+00  0.00000000E+00  0.00000000E+00  0.00000000E+00  0.00000000E+00  0.00000000E+00  0.00000000E+00
-8.85511940E-01  7.58700000E-10  7.21100000E-10  4.73500000E-10  7.51300000E-10  2.38800000E-03  3.82000000E-03  5.11700000E-10  9.98400000E-10  0.00000000E+00  0.00000000E+00  0.00000000E+00  0.00000000E+00  0.00000000E+00  0.00000000E+00  0.00000000E+00  0.00000000E+00  0.00000000E+00  0.00000000E+00
-8.67511940E-01  6.61900000E-10  8.26600000E-10  5.71400000E-10  9.18800000E-10  3.00500000E-03  4.69500000E-03  7.48300000E-10  1.24400000E-09  0.00000000E+00  0.00000000E+00  0.00000000E+00  0.00000000E+00  0.00000000E+00  0.00000000E+00  0.00000000E+00  0.00000000E+00  0.00000000E+00  0.00000000E+00
-8.50511940E-01  8.03400000E-10  8.12000000E-10  7.75200000E-10  9.12900000E-10  4.12400000E-03  4.66900000E-03  1.06400000E-09  1.24000000E-09  0.00000000E+00  0.00000000E+00  0.00000000E+00  0.00000000E+00  0.00000000E+00  0.00000000E+00  0.00000000E+00  0.00000000E+00  0.00000000E+00  0.00000000E+00
-8.33511940E-01  9.10400000E-10  6.39000000E-10  8.97300000E-10  7.19100000E-10  4.78300000E-03  3.67700000E-03  1.24200000E-09  9.77300000E-10  0.00000000E+00  0.00000000E+00  0.00000000E+00  0.00000000E+00  0.00000000E+00  0.00000000E+00  0.00000000E+00  0.00000000E+00  0.00000000E+00  0.00000000E+00
-8.15511940E-01  8.39100000E-10  4.04400000E-10  8.29900000E-10  4.49700000E-10  4.42500000E-03  2.28800000E-03  1.15000000E-09  6.13400000E-10  0.00000000E+00  0.00000000E+00  0.00000000E+00  0.00000000E+00  0.00000000E+00  0.00000000E+00  0.00000000E+00  0.00000000E+00  0.00000000E+00  0.00000000E+00
-7.98511940E-01  6.13400000E-10  2.43100000E-10  6.06700000E-10  2.38200000E-10  3.23400000E-03  1.14700000E-03  8.40600000E-10  3.38200000E-10  0.00000000E+00  0.00000000E+00  0.00000000E+00  0.00000000E+00  0.00000000E+00  0.00000000E+00  0.00000000E+00  0.00000000E+00  0.00000000E+00  0.00000000E+00
-7.80511940E-01  3.58700000E-10  3.04300000E-10  3.52500000E-10  1.75900000E-10  1.87200000E-03  5.66700000E-04  4.86000000E-10  3.07100000E-10  0.00000000E+00  0.00000000E+00  0.00000000E+00  0.00000000E+00  0.00000000E+00  0.00000000E+00  0.00000000E+00  0.00000000E+00  0.00000000E+00  0.00000000E+00
-7.63511940E-01  1.91700000E-10  8.65600000E-10  1.76000000E-10  3.62200000E-10  8.97000000E-04  6.28200000E-04  2.30200000E-10  7.42100000E-10  0.00000000E+00  0.00000000E+00  0.00000000E+00  0.00000000E+00  0.00000000E+00  0.00000000E+00  0.00000000E+00  0.00000000E+00  0.00000000E+00  0.00000000E+00
-7.45511940E-01  1.92100000E-10  2.44600000E-09  1.31200000E-10  9.80400000E-10  5.22500000E-04  1.47000000E-03  1.23000000E-10  2.05600000E-09  0.00000000E+00  0.00000000E+00  0.00000000E+00  0.00000000E+00  0.00000000E+00  0.00000000E+00  0.00000000E+00  0.00000000E+00  0.00000000E+00  0.00000000E+00
-7.28511940E-01  4.71100000E-10  5.57000000E-09  2.67200000E-10  2.22500000E-09  8.27400000E-04  3.28900000E-03  1.71900000E-10  4.67500000E-09  0.00000000E+00  0.00000000E+00  0.00000000E+00  0.00000000E+00  0.00000000E+00  0.00000000E+00  0.00000000E+00  0.00000000E+00  0.00000000E+00  0.00000000E+00
-7.11511940E-01  1.21400000E-09  1.00300000E-08  6.71700000E-10  4.00500000E-09  1.99300000E-03  5.90700000E-03  4.03100000E-10  8.41900000E-09  0.00000000E+00  0.00000000E+00  0.00000000E+00  0.00000000E+00  0.00000000E+00  0.00000000E+00  0.00000000E+00  0.00000000E+00  0.00000000E+00  0.00000000E+00
-6.93511940E-01  2.53900000E-09  1.43300000E-08  1.40200000E-09  5.71900000E-09  4.14400000E-03  8.39000000E-03  8.35900000E-10  1.20400000E-08  0.00000000E+00  0.00000000E+00  0.00000000E+00  0.00000000E+00  0.00000000E+00  0.00000000E+00  0.00000000E+00  0.00000000E+00  0.00000000E+00  0.00000000E+00
-6.76511940E-01  4.20200000E-09  1.66000000E-08  2.31900000E-09  6.61400000E-09  6.85300000E-03  9.46900000E-03  1.38200000E-09  1.40000000E-08  0.00000000E+00  0.00000000E+00  0.00000000E+00  0.00000000E+00  0.00000000E+00  0.00000000E+00  0.00000000E+00  0.00000000E+00  0.00000000E+00  0.00000000E+00
-6.58511940E-01  5.51500000E-09  1.71700000E-08  3.04100000E-09  6.79700000E-09  8.98600000E-03  8.74500000E-03  1.81000000E-09  1.47700000E-08  0.00000000E+00  0.00000000E+00  0.00000000E+00  0.00000000E+00  0.00000000E+00  0.00000000E+00  0.00000000E+00  0.00000000E+00  0.00000000E+00  0.00000000E+00
-6.41511940E-01  5.84900000E-09  2.14100000E-08  3.21000000E-09  8.34400000E-09  9.49400000E-03  7.44400000E-03  1.90400000E-09  1.98700000E-08  0.00000000E+00  0.00000000E+00  0.00000000E+00  0.00000000E+00  0.00000000E+00  0.00000000E+00  0.00000000E+00  0.00000000E+00  0.00000000E+00  0.00000000E+00
-6.24511940E-01  5.39200000E-09  4.90200000E-08  2.91000000E-09  1.88400000E-08  8.64100000E-03  7.77600000E-03  1.70900000E-09  5.42100000E-08  0.00000000E+00  0.00000000E+00  0.00000000E+00  0.00000000E+00  0.00000000E+00  0.00000000E+00  0.00000000E+00  0.00000000E+00  0.00000000E+00  0.00000000E+00
-6.06511940E-01  5.28000000E-09  2.15200000E-07  2.73200000E-09  8.26100000E-08  8.23800000E-03  1.13400000E-02  1.58900000E-09  2.84700000E-07  0.00000000E+00  0.00000000E+00  0.00000000E+00  0.00000000E+00  0.00000000E+00  0.00000000E+00  0.00000000E+00  0.00000000E+00  0.00000000E+00  0.00000000E+00
-5.89511940E-01  6.73200000E-09  1.26000000E-06  3.32700000E-09  4.84500000E-07  1.03400000E-02  1.76900000E-02  2.00300000E-09  1.82000000E-06  0.00000000E+00  0.00000000E+00  0.00000000E+00  0.00000000E+00  0.00000000E+00  0.00000000E+00  0.00000000E+00  0.00000000E+00  0.00000000E+00  0.00000000E+00
-5.71511940E-01  9.84100000E-09  7.01200000E-06  4.79300000E-09  2.70000000E-06  1.54400000E-02  2.40900000E-02  3.17300000E-09  1.05300000E-05  0.00000000E+00  0.00000000E+00  0.00000000E+00  0.00000000E+00  0.00000000E+00  0.00000000E+00  0.00000000E+00  0.00000000E+00  0.00000000E+00  0.00000000E+00
-5.54511940E-01  1.31300000E-08  3.24800000E-05  6.44500000E-09  1.25200000E-05  2.16200000E-02  2.70400000E-02  4.87100000E-09  5.01500000E-05  0.00000000E+00  0.00000000E+00  0.00000000E+00  0.00000000E+00  0.00000000E+00  0.00000000E+00  0.00000000E+00  0.00000000E+00  0.00000000E+00  0.00000000E+00
-5.36511940E-01  1.45200000E-08  1.21200000E-04  7.26600000E-09  4.67900000E-05  2.56400000E-02  2.48100000E-02  6.43500000E-09  1.92600000E-04  0.00000000E+00  0.00000000E+00  0.00000000E+00  0.00000000E+00  0.00000000E+00  0.00000000E+00  0.00000000E+00  0.00000000E+00  0.00000000E+00  0.00000000E+00
-5.19511940E-01  1.30400000E-08  3.62300000E-04  6.70700000E-09  1.40100000E-04  2.51900000E-02  1.86500000E-02  7.09500000E-09  5.95500000E-04  0.00000000E+00  0.00000000E+00  0.00000000E+00  0.00000000E+00  0.00000000E+00  0.00000000E+00  0.00000000E+00  0.00000000E+00  0.00000000E+00  0.00000000E+00
-5.02511940E-01  9.50700000E-09  8.67600000E-04  5.07400000E-09  3.36000000E-04  2.05200000E-02  1.16300000E-02  6.47600000E-09  1.48600000E-03  0.00000000E+00  0.00000000E+00  0.00000000E+00  0.00000000E+00  0.00000000E+00  0.00000000E+00  0.00000000E+00  0.00000000E+00  0.00000000E+00  0.00000000E+00
-4.84511940E-01  5.67500000E-09  1.66900000E-03  3.17000000E-09  6.47900000E-04  1.39500000E-02  6.34700000E-03  4.90300000E-09  3.01200000E-03  0.00000000E+00  0.00000000E+00  0.00000000E+00  0.00000000E+00  0.00000000E+00  0.00000000E+00  0.00000000E+00  0.00000000E+00  0.00000000E+00  0.00000000E+00
-4.67511940E-01  2.80200000E-09  2.59000000E-03  1.66000000E-09  1.00700000E-03  8.13400000E-03  3.65800000E-03  3.19600000E-09  5.00900000E-03  0.00000000E+00  0.00000000E+00  0.00000000E+00  0.00000000E+00  0.00000000E+00  0.00000000E+00  0.00000000E+00  0.00000000E+00  0.00000000E+00  0.00000000E+00
-4.49511940E-01  1.16900000E-09  3.25600000E-03  7.66300000E-10  1.27000000E-03  4.54000000E-03  2.91400000E-03  2.07600000E-09  6.94700000E-03  0.00000000E+00  0.00000000E+00  0.00000000E+00  0.00000000E+00  0.00000000E+00  0.00000000E+00  0.00000000E+00  0.00000000E+00  0.00000000E+00  0.00000000E+00
-4.32511940E-01  4.47300000E-10  3.34400000E-03  3.70500000E-10  1.30900000E-03  3.13000000E-03  2.92100000E-03  1.72100000E-09  8.21100000E-03  0.00000000E+00  0.00000000E+00  0.00000000E+00  0.00000000E+00  0.00000000E+00  0.00000000E+00  0.00000000E+00  0.00000000E+00  0.00000000E+00  0.00000000E+00
-4.15511940E-01  2.02200000E-10  2.84100000E-03  2.47200000E-10  1.11600000E-03  2.92900000E-03  2.80200000E-03  1.79500000E-09  8.46800000E-03  0.00000000E+00  0.00000000E+00  0.00000000E+00  0.00000000E+00  0.00000000E+00  0.00000000E+00  0.00000000E+00  0.00000000E+00  0.00000000E+00  0.00000000E+00
-3.97511940E-01  1.55400000E-10  2.03000000E-03  2.21000000E-10  8.01700000E-04  2.89900000E-03  2.44300000E-03  1.83100000E-09  7.74400000E-03  0.00000000E+00  0.00000000E+00  0.00000000E+00  0.00000000E+00  0.00000000E+00  0.00000000E+00  0.00000000E+00  0.00000000E+00  0.00000000E+00  0.00000000E+00
-3.80511940E-01  2.37900000E-10  1.24500000E-03  2.32600000E-10  4.94600000E-04  2.59600000E-03  2.45500000E-03  1.62400000E-09  6.28100000E-03  0.00000000E+00  0.00000000E+00  0.00000000E+00  0.00000000E+00  0.00000000E+00  0.00000000E+00  0.00000000E+00  0.00000000E+00  0.00000000E+00  0.00000000E+00
-3.62511940E-01  5.99300000E-10  6.65500000E-04  3.52100000E-10  2.66400000E-04  2.36300000E-03  3.74800000E-03  1.38100000E-09  4.45400000E-03  0.00000000E+00  0.00000000E+00  0.00000000E+00  0.00000000E+00  0.00000000E+00  0.00000000E+00  0.00000000E+00  0.00000000E+00  0.00000000E+00  0.00000000E+00
-3.45511940E-01  1.59200000E-09  3.11400000E-04  7.53200000E-10  1.25800000E-04  3.05000000E-03  6.88600000E-03  1.57100000E-09  2.70900000E-03  0.00000000E+00  0.00000000E+00  0.00000000E+00  0.00000000E+00  0.00000000E+00  0.00000000E+00  0.00000000E+00  0.00000000E+00  0.00000000E+00  0.00000000E+00
-3.27511940E-01  3.57200000E-09  1.26200000E-04  1.60400000E-09  5.14900000E-05  5.43400000E-03  1.13800000E-02  2.60100000E-09  1.39000000E-03  0.00000000E+00  0.00000000E+00  0.00000000E+00  0.00000000E+00  0.00000000E+00  0.00000000E+00  0.00000000E+00  0.00000000E+00  0.00000000E+00  0.00000000E+00
-3.10511940E-01  6.42700000E-09  4.34900000E-05  2.84700000E-09  1.79700000E-05  9.49200000E-03  1.55000000E-02  4.47100000E-09  5.94900000E-04  0.00000000E+00  0.00000000E+00  0.00000000E+00  0.00000000E+00  0.00000000E+00  0.00000000E+00  0.00000000E+00  0.00000000E+00  0.00000000E+00  0.00000000E+00
-2.93511940E-01  9.19100000E-09  1.25300000E-05  4.04000000E-09  5.25300000E-06  1.39400000E-02  1.72300000E-02  6.57900000E-09  2.10800000E-04  0.00000000E+00  0.00000000E+00  0.00000000E+00  0.00000000E+00  0.00000000E+00  0.00000000E+00  0.00000000E+00  0.00000000E+00  0.00000000E+00  0.00000000E+00
-2.75511940E-01  1.04600000E-08  2.98800000E-06  4.55700000E-09  1.27500000E-06  1.67400000E-02  1.57200000E-02  7.95500000E-09  6.14200000E-05  0.00000000E+00  0.00000000E+00  0.00000000E+00  0.00000000E+00  0.00000000E+00  0.00000000E+00  0.00000000E+00  0.00000000E+00  0.00000000E+00  0.00000000E+00
-2.58511940E-01  9.53200000E-09  5.89100000E-07  4.09200000E-09  2.56300000E-07  1.64800000E-02  1.18700000E-02  7.91500000E-09  1.46300000E-05  0.00000000E+00  0.00000000E+00  0.00000000E+00  0.00000000E+00  0.00000000E+00  0.00000000E+00  0.00000000E+00  0.00000000E+00  0.00000000E+00  0.00000000E+00
-2.40511940E-01  6.99600000E-09  9.74800000E-08  2.94000000E-09  4.32700000E-08  1.34300000E-02  7.45400000E-03  6.53500000E-09  2.83600000E-06  0.00000000E+00  0.00000000E+00  0.00000000E+00  0.00000000E+00  0.00000000E+00  0.00000000E+00  0.00000000E+00  0.00000000E+00  0.00000000E+00  0.00000000E+00
-2.23511940E-01  4.17700000E-09  1.42000000E-08  1.70300000E-09  6.37200000E-09  9.13700000E-03  3.90600000E-03  4.50600000E-09  4.46200000E-07  0.00000000E+00  0.00000000E+00  0.00000000E+00  0.00000000E+00  0.00000000E+00  0.00000000E+00  0.00000000E+00  0.00000000E+00  0.00000000E+00  0.00000000E+00
-2.05511940E-01  2.05200000E-09  2.04500000E-09  8.02900000E-10  8.94200000E-10  5.20100000E-03  1.74100000E-03  2.59800000E-09  5.73200000E-08  0.00000000E+00  0.00000000E+00  0.00000000E+00  0.00000000E+00  0.00000000E+00  0.00000000E+00  0.00000000E+00  0.00000000E+00  0.00000000E+00  0.00000000E+00
-1.88511940E-01  8.44200000E-10  3.91800000E-10  3.11900000E-10  1.37800000E-10  2.48500000E-03  8.26700000E-04  1.24800000E-09  6.20600000E-09  0.00000000E+00  0.00000000E+00  0.00000000E+00  0.00000000E+00  0.00000000E+00  0.00000000E+00  0.00000000E+00  0.00000000E+00  0.00000000E+00  0.00000000E+00
-1.71511940E-01  3.22100000E-10  2.68400000E-10  1.03600000E-10  3.35000000E-11  1.07500000E-03  9.05300000E-04  5.05900000E-10  6.93500000E-10  0.00000000E+00  0.00000000E+00  0.00000000E+00  0.00000000E+00  0.00000000E+00  0.00000000E+00  0.00000000E+00  0.00000000E+00  0.00000000E+00  0.00000000E+00
-1.53511940E-01  2.26400000E-10  5.36700000E-10  4.46300000E-11  3.24400000E-11  7.19600000E-04  1.89900000E-03  2.14300000E-10  3.04800000E-10  0.00000000E+00  0.00000000E+00  0.00000000E+00  0.00000000E+00  0.00000000E+00  0.00000000E+00  0.00000000E+00  0.00000000E+00  0.00000000E+00  0.00000000E+00
-1.36511940E-01  4.97400000E-10  1.05200000E-09  8.82300000E-11  6.14800000E-11  1.27500000E-03  3.77400000E-03  2.12800000E-10  5.43800000E-10  0.00000000E+00  0.00000000E+00  0.00000000E+00  0.00000000E+00  0.00000000E+00  0.00000000E+00  0.00000000E+00  0.00000000E+00  0.00000000E+00  0.00000000E+00
-1.18511940E-01  1.37000000E-09  1.67400000E-09  3.30100000E-10  1.10600000E-10  2.79100000E-03  6.20500000E-03  4.40700000E-10  1.03100000E-09  0.00000000E+00  0.00000000E+00  0.00000000E+00  0.00000000E+00  0.00000000E+00  0.00000000E+00  0.00000000E+00  0.00000000E+00  0.00000000E+00  0.00000000E+00
-1.01511940E-01  3.46000000E-09  2.16400000E-09  1.09700000E-09  1.81000000E-10  5.23900000E-03  8.58600000E-03  9.30700000E-10  1.82200000E-09  0.00000000E+00  0.00000000E+00  0.00000000E+00  0.00000000E+00  0.00000000E+00  0.00000000E+00  0.00000000E+00  0.00000000E+00  0.00000000E+00  0.00000000E+00
-8.45119400E-02  7.75300000E-09  2.34600000E-09  2.97400000E-09  2.78200000E-10  8.22900000E-03  1.05300000E-02  1.75900000E-09  3.03300000E-09  0.00000000E+00  0.00000000E+00  0.00000000E+00  0.00000000E+00  0.00000000E+00  0.00000000E+00  0.00000000E+00  0.00000000E+00  0.00000000E+00  0.00000000E+00
-6.65119400E-02  1.50100000E-08  2.26200000E-09  6.46400000E-09  3.97800000E-10  1.11100000E-02  1.21100000E-02  2.95700000E-09  4.59800000E-09  0.00000000E+00  0.00000000E+00  0.00000000E+00  0.00000000E+00  0.00000000E+00  0.00000000E+00  0.00000000E+00  0.00000000E+00  0.00000000E+00  0.00000000E+00
-4.95119400E-02  2.43200000E-08  2.10300000E-09  1.11700000E-08  5.03700000E-10  1.32800000E-02  1.33400000E-02  4.35200000E-09  6.01100000E-09  0.00000000E+00  0.00000000E+00  0.00000000E+00  0.00000000E+00  0.00000000E+00  0.00000000E+00  0.00000000E+00  0.00000000E+00  0.00000000E+00  0.00000000E+00
-3.15119400E-02  3.22100000E-08  2.01900000E-09  1.52900000E-08  5.38800000E-10  1.42800000E-02  1.38700000E-02  5.44200000E-09  6.50800000E-09  0.00000000E+00  0.00000000E+00  0.00000000E+00  0.00000000E+00  0.00000000E+00  0.00000000E+00  0.00000000E+00  0.00000000E+00  0.00000000E+00  0.00000000E+00
-1.45119400E-02  3.43900000E-08  2.05000000E-09  1.65400000E-08  4.75200000E-10  1.38700000E-02  1.34100000E-02  5.63400000E-09  5.72200000E-09  0.00000000E+00  0.00000000E+00  0.00000000E+00  0.00000000E+00  0.00000000E+00  0.00000000E+00  0.00000000E+00  0.00000000E+00  0.00000000E+00  0.00000000E+00
 3.48806000E-03  2.94800000E-08  2.14400000E-09  1.41200000E-08  3.45900000E-10  1.24200000E-02  1.22400000E-02  4.76800000E-09  4.08500000E-09  0.00000000E+00  0.00000000E+00  0.00000000E+00  0.00000000E+00  0.00000000E+00  0.00000000E+00  0.00000000E+00  0.00000000E+00  0.00000000E+00  0.00000000E+00
 2.04880600E-02  2.04800000E-08  2.15500000E-09  9.52300000E-09  2.13300000E-10  1.08500000E-02  1.06500000E-02  3.31700000E-09  2.40900000E-09  0.00000000E+00  0.00000000E+00  0.00000000E+00  0.00000000E+00  0.00000000E+00  0.00000000E+00  0.00000000E+00  0.00000000E+00  0.00000000E+00  0.00000000E+00
 3.74880600E-02  1.19000000E-08  1.92600000E-09  5.08500000E-09  1.16800000E-10  9.72600000E-03  8.59700000E-03  1.96900000E-09  1.21900000E-09  0.00000000E+00  0.00000000E+00  0.00000000E+00  0.00000000E+00  0.00000000E+00  0.00000000E+00  0.00000000E+00  0.00000000E+00  0.00000000E+00  0.00000000E+00
 5.54880600E-02  6.25400000E-09  1.44400000E-09  2.19500000E-09  5.94400000E-11  8.66000000E-03  6.09600000E-03  1.15300000E-09  5.58500000E-10  0.00000000E+00  0.00000000E+00  0.00000000E+00  0.00000000E+00  0.00000000E+00  0.00000000E+00  0.00000000E+00  0.00000000E+00  0.00000000E+00  0.00000000E+00
 7.24880600E-02  4.35800000E-09  8.79400000E-10  1.26800000E-09  2.82500000E-11  6.98500000E-03  3.61200000E-03  1.95800000E-09  2.39500000E-10  0.00000000E+00  0.00000000E+00  0.00000000E+00  0.00000000E+00  0.00000000E+00  0.00000000E+00  0.00000000E+00  0.00000000E+00  0.00000000E+00  0.00000000E+00
 9.04880600E-02  1.66400000E-08  4.27600000E-10  6.53600000E-09  1.20200000E-11  4.73600000E-03  1.73500000E-03  1.73700000E-08  9.47600000E-11  0.00000000E+00  0.00000000E+00  0.00000000E+00  0.00000000E+00  0.00000000E+00  0.00000000E+00  0.00000000E+00  0.00000000E+00  0.00000000E+00  0.00000000E+00
 1.07488060E-01  1.44800000E-07  1.64800000E-10  6.04400000E-08  4.34400000E-12  2.59800000E-03  6.65000000E-04  1.66700000E-07  3.28800000E-11  0.00000000E+00  0.00000000E+00  0.00000000E+00  0.00000000E+00  0.00000000E+00  0.00000000E+00  0.00000000E+00  0.00000000E+00  0.00000000E+00  0.00000000E+00
 1.24488060E-01  1.09200000E-06  5.01800000E-11  4.57200000E-07  1.28500000E-12  1.13400000E-03  2.02000000E-04  1.29200000E-06  9.53400000E-12  0.00000000E+00  0.00000000E+00  0.00000000E+00  0.00000000E+00  0.00000000E+00  0.00000000E+00  0.00000000E+00  0.00000000E+00  0.00000000E+00  0.00000000E+00
 1.42488060E-01  6.55900000E-06  1.20700000E-11  2.74600000E-06  3.05700000E-13  3.91700000E-04  4.85600000E-05  7.97900000E-06  2.24700000E-12  0.00000000E+00  0.00000000E+00  0.00000000E+00  0.00000000E+00  0.00000000E+00  0.00000000E+00  0.00000000E+00  0.00000000E+00  0.00000000E+00  0.00000000E+00
 1.59488060E-01  3.13200000E-05  2.42500000E-12  1.31000000E-05  6.64000000E-14  1.06800000E-04  9.95800000E-06  3.93100000E-05  4.84300000E-13  0.00000000E+00  0.00000000E+00  0.00000000E+00  0.00000000E+00  0.00000000E+00  0.00000000E+00  0.00000000E+00  0.00000000E+00  0.00000000E+00  0.00000000E+00
 1.77488060E-01  1.19000000E-04  1.43100000E-12  4.97300000E-05  7.74800000E-14  2.34100000E-05  7.35100000E-06  1.54900000E-04  5.51900000E-13  0.00000000E+00  0.00000000E+00  0.00000000E+00  0.00000000E+00  0.00000000E+00  0.00000000E+00  0.00000000E+00  0.00000000E+00  0.00000000E+00  0.00000000E+00
 1.94488060E-01  3.60200000E-04  6.60000000E-12  1.50400000E-04  4.17100000E-13  7.09300000E-06  3.61500000E-05  4.89400000E-04  2.95400000E-12  0.00000000E+00  0.00000000E+00  0.00000000E+00  0.00000000E+00  0.00000000E+00  0.00000000E+00  0.00000000E+00  0.00000000E+00  0.00000000E+00  0.00000000E+00
 2.12488060E-01  8.70400000E-04  3.11300000E-11  3.62800000E-04  1.98900000E-12  1.99100000E-05  1.70900000E-04  1.24600000E-03  1.40100000E-11  0.00000000E+00  0.00000000E+00  0.00000000E+00  0.00000000E+00  0.00000000E+00  0.00000000E+00  0.00000000E+00  0.00000000E+00  0.00000000E+00  0.00000000E+00
 2.29488060E-01  1.68300000E-03  1.16700000E-10  7.00100000E-04  7.56500000E-12  9.78500000E-05  6.41900000E-04  2.57200000E-03  5.27700000E-11  0.00000000E+00  0.00000000E+00  0.00000000E+00  0.00000000E+00  0.00000000E+00  0.00000000E+00  0.00000000E+00  0.00000000E+00  0.00000000E+00  0.00000000E+00
 2.46488060E-01  2.61200000E-03  3.46800000E-10  1.08400000E-03  2.31300000E-11  3.99600000E-04  1.91500000E-03  4.34800000E-03  1.58300000E-10  0.00000000E+00  0.00000000E+00  0.00000000E+00  0.00000000E+00  0.00000000E+00  0.00000000E+00  0.00000000E+00  0.00000000E+00  0.00000000E+00  0.00000000E+00
 2.64488060E-01  3.27000000E-03  8.21700000E-10  1.35100000E-03  5.78600000E-11  1.31000000E-03  4.57800000E-03  6.09600000E-03  3.82100000E-10  0.00000000E+00  0.00000000E+00  0.00000000E+00  0.00000000E+00  0.00000000E+00  0.00000000E+00  0.00000000E+00  0.00000000E+00  0.00000000E+00  0.00000000E+00
 2.81488060E-01  3.32200000E-03  1.56900000E-09  1.36500000E-03  1.21500000E-10  3.45200000E-03  8.90000000E-03  7.19500000E-03  7.55800000E-10  0.00000000E+00  0.00000000E+00  0.00000000E+00  0.00000000E+00  0.00000000E+00  0.00000000E+00  0.00000000E+00  0.00000000E+00  0.00000000E+00  0.00000000E+00
 2.99488060E-01  2.76600000E-03  2.45800000E-09  1.12700000E-03  2.21600000E-10  7.39000000E-03  1.44400000E-02  7.24800000E-03  1.26000000E-09  0.00000000E+00  0.00000000E+00  0.00000000E+00  0.00000000E+00  0.00000000E+00  0.00000000E+00  0.00000000E+00  0.00000000E+00  0.00000000E+00  0.00000000E+00
 3.16488060E-01  1.91000000E-03  3.24700000E-09  7.68200000E-04  3.59300000E-10  1.31100000E-02  2.02400000E-02  6.28200000E-03  1.83400000E-09  0.00000000E+00  0.00000000E+00  0.00000000E+00  0.00000000E+00  0.00000000E+00  0.00000000E+00  0.00000000E+00  0.00000000E+00  0.00000000E+00  0.00000000E+00
 3.34488060E-01  1.10800000E-03  3.73000000E-09  4.37500000E-04  5.18300000E-10  1.97600000E-02  2.53300000E-02  4.67900000E-03  2.38700000E-09  0.00000000E+00  0.00000000E+00  0.00000000E+00  0.00000000E+00  0.00000000E+00  0.00000000E+00  0.00000000E+00  0.00000000E+00  0.00000000E+00  0.00000000E+00
 3.51488060E-01  5.45400000E-04  3.80600000E-09  2.10200000E-04  6.49200000E-10  2.59200000E-02  2.85800000E-02  2.97000000E-03  2.77700000E-09  0.00000000E+00  0.00000000E+00  0.00000000E+00  0.00000000E+00  0.00000000E+00  0.00000000E+00  0.00000000E+00  0.00000000E+00  0.00000000E+00  0.00000000E+00
 3.68488060E-01  2.28800000E-04  3.44200000E-09  8.55900000E-05  6.84600000E-10  2.99000000E-02  2.85400000E-02  1.58700000E-03  2.82100000E-09  0.00000000E+00  0.00000000E+00  0.00000000E+00  0.00000000E+00  0.00000000E+00  0.00000000E+00  0.00000000E+00  0.00000000E+00  0.00000000E+00  0.00000000E+00
 3.86488060E-01  8.15600000E-05  2.71400000E-09  2.94300000E-05  5.95200000E-10  3.00100000E-02  2.45600000E-02  7.06000000E-04  2.45400000E-09  0.00000000E+00  0.00000000E+00  0.00000000E+00  0.00000000E+00  0.00000000E+00  0.00000000E+00  0.00000000E+00  0.00000000E+00  0.00000000E+00  0.00000000E+00
 4.03488060E-01  2.45000000E-05  1.86700000E-09  8.48200000E-06  4.30700000E-10  2.57400000E-02  1.81800000E-02  2.59100000E-04  1.86100000E-09  0.00000000E+00  0.00000000E+00  0.00000000E+00  0.00000000E+00  0.00000000E+00  0.00000000E+00  0.00000000E+00  0.00000000E+00  0.00000000E+00  0.00000000E+00
 4.21488060E-01  6.17200000E-06  1.21000000E-09  2.03900000E-06  2.91200000E-10  1.88400000E-02  1.23600000E-02  7.79800000E-05  1.36700000E-09  0.00000000E+00  0.00000000E+00  0.00000000E+00  0.00000000E+00  0.00000000E+00  0.00000000E+00  0.00000000E+00  0.00000000E+00  0.00000000E+00  0.00000000E+00
 4.38488060E-01  1.31200000E-06  9.06400000E-10  4.13800000E-07  2.62600000E-10  1.25300000E-02  9.17100000E-03  1.91400000E-05  1.17900000E-09  0.00000000E+00  0.00000000E+00  0.00000000E+00  0.00000000E+00  0.00000000E+00  0.00000000E+00  0.00000000E+00  0.00000000E+00  0.00000000E+00  0.00000000E+00
 4.55488060E-01  2.43500000E-07  9.25600000E-10  7.45700000E-08  3.78000000E-10  9.08700000E-03  8.61300000E-03  3.82600000E-06  1.27600000E-09  0.00000000E+00  0.00000000E+00  0.00000000E+00  0.00000000E+00  0.00000000E+00  0.00000000E+00  0.00000000E+00  0.00000000E+00  0.00000000E+00  0.00000000E+00
 4.73488060E-01  4.36700000E-08  1.17300000E-09  1.35600000E-08  6.07900000E-10  8.54600000E-03  9.50200000E-03  6.36100000E-07  1.51700000E-09  0.00000000E+00  0.00000000E+00  0.00000000E+00  0.00000000E+00  0.00000000E+00  0.00000000E+00  0.00000000E+00  0.00000000E+00  0.00000000E+00  0.00000000E+00
 4.90488060E-01  1.07100000E-08  1.60400000E-09  3.43800000E-09  8.65100000E-10  9.53200000E-03  1.07000000E-02  1.13800000E-07  1.77300000E-09  0.00000000E+00  0.00000000E+00  0.00000000E+00  0.00000000E+00  0.00000000E+00  0.00000000E+00  0.00000000E+00  0.00000000E+00  0.00000000E+00  0.00000000E+00
 5.08488060E-01  6.39900000E-09  2.20200000E-09  1.99300000E-09  1.04800000E-09  1.06800000E-02  1.15300000E-02  5.50900000E-08  1.96200000E-09  0.00000000E+00  0.00000000E+00  0.00000000E+00  0.00000000E+00  0.00000000E+00  0.00000000E+00  0.00000000E+00  0.00000000E+00  0.00000000E+00  0.00000000E+00
 5.25488060E-01  6.42200000E-09  2.87500000E-09  1.90800000E-09  1.11900000E-09  1.13000000E-02  1.16300000E-02  5.33300000E-08  2.04600000E-09  0.00000000E+00  0.00000000E+00  0.00000000E+00  0.00000000E+00  0.00000000E+00  0.00000000E+00  0.00000000E+00  0.00000000E+00  0.00000000E+00  0.00000000E+00
 5.43488060E-01  6.46700000E-09  3.44200000E-09  1.79600000E-09  1.13900000E-09  1.13300000E-02  1.08300000E-02  4.75400000E-08  2.02200000E-09  0.00000000E+00  0.00000000E+00  0.00000000E+00  0.00000000E+00  0.00000000E+00  0.00000000E+00  0.00000000E+00  0.00000000E+00  0.00000000E+00  0.00000000E+00
 5.60488060E-01  5.98500000E-09  3.76200000E-09  1.50500000E-09  1.21200000E-09  1.08300000E-02  9.22200000E-03  3.46200000E-08  1.92200000E-09  0.00000000E+00  0.00000000E+00  0.00000000E+00  0.00000000E+00  0.00000000E+00  0.00000000E+00  0.00000000E+00  0.00000000E+00  0.00000000E+00  0.00000000E+00
 5.77488060E-01  5.23900000E-09  3.82600000E-09  1.20800000E-09  1.37800000E-09  9.78300000E-03  7.16900000E-03  2.12300000E-08  1.78600000E-09  0.00000000E+00  0.00000000E+00  0.00000000E+00  0.00000000E+00  0.00000000E+00  0.00000000E+00  0.00000000E+00  0.00000000E+00  0.00000000E+00  0.00000000E+00
 5.95488060E-01  4.52500000E-09  3.66000000E-09  1.06400000E-09  1.54100000E-09  8.18000000E-03  5.16400000E-03  1.23600000E-08  1.61700000E-09  0.00000000E+00  0.00000000E+00  0.00000000E+00  0.00000000E+00  0.00000000E+00  0.00000000E+00  0.00000000E+00  0.00000000E+00  0.00000000E+00  0.00000000E+00
 6.12488060E-01  3.97900000E-09  3.21100000E-09  1.09700000E-09  1.53400000E-09  6.29900000E-03  3.50700000E-03  8.39200000E-09  1.36800000E-09  0.00000000E+00  0.00000000E+00  0.00000000E+00  0.00000000E+00  0.00000000E+00  0.00000000E+00  0.00000000E+00  0.00000000E+00  0.00000000E+00  0.00000000E+00
 6.30488060E-01  3.54200000E-09  2.46300000E-09  1.19800000E-09  1.27700000E-09  4.54600000E-03  2.23300000E-03  6.99300000E-09  1.02200000E-09  0.00000000E+00  0.00000000E+00  0.00000000E+00  0.00000000E+00  0.00000000E+00  0.00000000E+00  0.00000000E+00  0.00000000E+00  0.00000000E+00  0.00000000E+00
 6.47488060E-01  3.02500000E-09  1.58700000E-09  1.21200000E-09  8.69400000E-10  3.13100000E-03  1.32000000E-03  5.95100000E-09  6.47300000E-10  0.00000000E+00  0.00000000E+00  0.00000000E+00  0.00000000E+00  0.00000000E+00  0.00000000E+00  0.00000000E+00  0.00000000E+00  0.00000000E+00  0.00000000E+00
 6.64488060E-01  2.30900000E-09  8.48300000E-10  1.05600000E-09  5.00200000E-10  2.08100000E-03  8.11900000E-04  4.52900000E-09  3.57200000E-10  0.00000000E+00  0.00000000E+00  0.00000000E+00  0.00000000E+00  0.00000000E+00  0.00000000E+00  0.00000000E+00  0.00000000E+00  0.00000000E+00  0.00000000E+00
 6.82488060E-01  1.49700000E-09  4.05400000E-10  7.89900000E-10  2.96700000E-10  1.44500000E-03  7.67100000E-04  3.20500000E-09  2.16600000E-10  0.00000000E+00  0.00000000E+00  0.00000000E+00  0.00000000E+00  0.00000000E+00  0.00000000E+00  0.00000000E+00  0.00000000E+00  0.00000000E+00  0.00000000E+00
 6.99488060E-01  8.03500000E-10  2.36700000E-10  5.49400000E-10  2.68100000E-10  1.31000000E-03  1.14400000E-03  2.67000000E-09  2.13800000E-10  0.00000000E+00  0.00000000E+00  0.00000000E+00  0.00000000E+00  0.00000000E+00  0.00000000E+00  0.00000000E+00  0.00000000E+00  0.00000000E+00  0.00000000E+00
 7.17488060E-01  3.56000000E-10  2.24700000E-10  4.24400000E-10  3.39700000E-10  1.61000000E-03  1.72800000E-03  3.03900000E-09  2.84900000E-10  0.00000000E+00  0.00000000E+00  0.00000000E+00  0.00000000E+00  0.00000000E+00  0.00000000E+00  0.00000000E+00  0.00000000E+00  0.00000000E+00  0.00000000E+00
 7.34488060E-01  1.35000000E-10  2.51800000E-10  3.95300000E-10  4.10100000E-10  2.04000000E-03  2.17300000E-03  3.74700000E-09  3.52000000E-10  0.00000000E+00  0.00000000E+00  0.00000000E+00  0.00000000E+00  0.00000000E+00  0.00000000E+00  0.00000000E+00  0.00000000E+00  0.00000000E+00  0.00000000E+00
 7.52488060E-01  5.02100000E-11  2.47600000E-10  3.79600000E-10  4.08000000E-10  2.22800000E-03  2.24500000E-03  4.02100000E-09  3.72800000E-10  0.00000000E+00  0.00000000E+00  0.00000000E+00  0.00000000E+00  0.00000000E+00  0.00000000E+00  0.00000000E+00  0.00000000E+00  0.00000000E+00  0.00000000E+00
 7.69488060E-01  2.67000000E-11  2.05400000E-10  3.22900000E-10  3.35500000E-10  2.09700000E-03  2.15500000E-03  3.51800000E-09  4.00400000E-10  0.00000000E+00  0.00000000E+00  0.00000000E+00  0.00000000E+00  0.00000000E+00  0.00000000E+00  0.00000000E+00  0.00000000E+00  0.00000000E+00  0.00000000E+00
 7.86488060E-01  3.59000000E-11  1.72000000E-10  2.45000000E-10  2.67500000E-10  2.14500000E-03  2.76300000E-03  2.58700000E-09  6.26000000E-10  0.00000000E+00  0.00000000E+00  0.00000000E+00  0.00000000E+00  0.00000000E+00  0.00000000E+00  0.00000000E+00  0.00000000E+00  0.00000000E+00  0.00000000E+00
 8.04488060E-01  9.16900000E-11  2.20900000E-10  2.19100000E-10  3.10600000E-10  3.49800000E-03  5.47800000E-03  1.96200000E-09  1.35800000E-09  0.00000000E+00  0.00000000E+00  0.00000000E+00  0.00000000E+00  0.00000000E+00  0.00000000E+00  0.00000000E+00  0.00000000E+00  0.00000000E+00  0.00000000E+00
 8.21488060E-01  2.37000000E-10  4.20600000E-10  3.24900000E-10  5.54800000E-10  7.63200000E-03  1.16600000E-02  2.23300000E-09  2.86400000E-09  0.00000000E+00  0.00000000E+00  0.00000000E+00  0.00000000E+00  0.00000000E+00  0.00000000E+00  0.00000000E+00  0.00000000E+00  0.00000000E+00  0.00000000E+00
 8.39488060E-01  5.14400000E-10  7.94700000E-10  6.04300000E-10  1.02000000E-09  1.54400000E-02  2.12900000E-02  3.48800000E-09  5.06700000E-09  0.00000000E+00  0.00000000E+00  0.00000000E+00  0.00000000E+00  0.00000000E+00  0.00000000E+00  0.00000000E+00  0.00000000E+00  0.00000000E+00  0.00000000E+00
 8.56488060E-01  9.16800000E-10  1.27200000E-09  1.02000000E-09  1.60200000E-09  2.57300000E-02  3.17400000E-02  5.18800000E-09  7.33500000E-09  0.00000000E+00  0.00000000E+00  0.00000000E+00  0.00000000E+00  0.00000000E+00  0.00000000E+00  0.00000000E+00  0.00000000E+00  0.00000000E+00  0.00000000E+00
 8.74488060E-01  1.36100000E-09  1.68300000E-09  1.44500000E-09  2.07700000E-09  3.46400000E-02  3.84300000E-02  6.39800000E-09  8.75400000E-09  0.00000000E+00  0.00000000E+00  0.00000000E+00  0.00000000E+00  0.00000000E+00  0.00000000E+00  0.00000000E+00  0.00000000E+00  0.00000000E+00  0.00000000E+00
 8.91488060E-01  1.73600000E-09  1.85100000E-09  1.74000000E-09  2.22700000E-09  3.79900000E-02  3.81500000E-02  6.45400000E-09  8.78700000E-09  0.00000000E+00  0.00000000E+00  0.00000000E+00  0.00000000E+00  0.00000000E+00  0.00000000E+00  0.00000000E+00  0.00000000E+00  0.00000000E+00  0.00000000E+00
 9.08488060E-01  1.98500000E-09  1.74300000E-09  1.84700000E-09  2.01000000E-09  3.48400000E-02  3.19300000E-02  5.55600000E-09  7.72800000E-09  0.00000000E+00  0.00000000E+00  0.00000000E+00  0.00000000E+00  0.00000000E+00  0.00000000E+00  0.00000000E+00  0.00000000E+00  0.00000000E+00  0.00000000E+00
 9.26488060E-01  2.14000000E-09  1.52900000E-09  1.82300000E-09  1.61000000E-09  2.86700000E-02  2.46200000E-02  4.64100000E-09  6.54500000E-09  0.00000000E+00  0.00000000E+00  0.00000000E+00  0.00000000E+00  0.00000000E+00  0.00000000E+00  0.00000000E+00  0.00000000E+00  0.00000000E+00  0.00000000E+00
 9.43488060E-01  2.28100000E-09  1.47500000E-09  1.77200000E-09  1.31300000E-09  2.45800000E-02  2.13400000E-02  4.63900000E-09  6.22500000E-09  0.00000000E+00  0.00000000E+00  0.00000000E+00  0.00000000E+00  0.00000000E+00  0.00000000E+00  0.00000000E+00  0.00000000E+00  0.00000000E+00  0.00000000E+00
 9.61488060E-01  2.48500000E-09  1.72900000E-09  1.78200000E-09  1.30800000E-09  2.55500000E-02  2.41000000E-02  5.77100000E-09  7.03500000E-09  0.00000000E+00  0.00000000E+00  0.00000000E+00  0.00000000E+00  0.00000000E+00  0.00000000E+00  0.00000000E+00  0.00000000E+00  0.00000000E+00  0.00000000E+00
 9.78488060E-01  2.74000000E-09  2.17200000E-09  1.86700000E-09  1.55500000E-09  3.08400000E-02  3.09800000E-02  7.33300000E-09  8.24000000E-09  0.00000000E+00  0.00000000E+00  0.00000000E+00  0.00000000E+00  0.00000000E+00  0.00000000E+00  0.00000000E+00  0.00000000E+00  0.00000000E+00  0.00000000E+00
 9.95488060E-01  2.89500000E-09  2.51800000E-09  1.93300000E-09  1.85300000E-09  3.73800000E-02  3.85000000E-02  8.13100000E-09  8.75600000E-09  0.00000000E+00  0.00000000E+00  0.00000000E+00  0.00000000E+00  0.00000000E+00  0.00000000E+00  0.00000000E+00  0.00000000E+00  0.00000000E+00  0.00000000E+00
 1.01348806E+00  2.78700000E-09  2.60900000E-09  1.85300000E-09  2.05000000E-09  4.26400000E-02  4.45700000E-02  7.43600000E-09  8.29800000E-09  0.00000000E+00  0.00000000E+00  0.00000000E+00  0.00000000E+00  0.00000000E+00  0.00000000E+00  0.00000000E+00  0.00000000E+00  0.00000000E+00  0.00000000E+00
 1.03048806E+00  2.44200000E-09  2.61200000E-09  1.61400000E-09  2.18300000E-09  4.59500000E-02  4.90400000E-02  5.64500000E-09  7.79500000E-09  0.00000000E+00  0.00000000E+00  0.00000000E+00  0.00000000E+00  0.00000000E+00  0.00000000E+00  0.00000000E+00  0.00000000E+00  0.00000000E+00  0.00000000E+00
 1.04848806E+00  2.12100000E-09  2.90900000E-09  1.38100000E-09  2.43800000E-09  4.70700000E-02  5.17700000E-02  3.99100000E-09  8.57500000E-09  0.00000000E+00  0.00000000E+00  0.00000000E+00  0.00000000E+00  0.00000000E+00  0.00000000E+00  0.00000000E+00  0.00000000E+00  0.00000000E+00  0.00000000E+00
 1.06548806E+00  2.21100000E-09  3.82400000E-09  1.42900000E-09  3.01200000E-09  4.54500000E-02  5.22700000E-02  3.73800000E-09  1.12300000E-08  0.00000000E+00  0.00000000E+00  0.00000000E+00  0.00000000E+00  0.00000000E+00  0.00000000E+00  0.00000000E+00  0.00000000E+00  0.00000000E+00  0.00000000E+00
 1.08348806E+00  3.12200000E-09  5.49800000E-09  2.06300000E-09  4.04100000E-09  4.23000000E-02  5.16600000E-02  5.69000000E-09  1.52800000E-08  0.00000000E+00  0.00000000E+00  0.00000000E+00  0.00000000E+00  0.00000000E+00  0.00000000E+00  0.00000000E+00  0.00000000E+00  0.00000000E+00  0.00000000E+00
 1.10048806E+00  5.13700000E-09  7.92800000E-09  3.49600000E-09  5.58100000E-09  4.15300000E-02  5.25900000E-02  9.93600000E-09  1.98300000E-08  0.00000000E+00  0.00000000E+00  0.00000000E+00  0.00000000E+00  0.00000000E+00  0.00000000E+00  0.00000000E+00  0.00000000E+00  0.00000000E+00  0.00000000E+00
 1.11748806E+00  8.11800000E-09  1.09300000E-08  5.60700000E-09  7.48500000E-09  4.60600000E-02  5.61700000E-02  1.56000000E-08  2.43600000E-08  0.00000000E+00  0.00000000E+00  0.00000000E+00  0.00000000E+00  0.00000000E+00  0.00000000E+00  0.00000000E+00  0.00000000E+00  0.00000000E+00  0.00000000E+00
 1.13548806E+00  1.13900000E-08  1.38700000E-08  7.82200000E-09  9.24200000E-09  5.36700000E-02  5.98500000E-02  2.11500000E-08  2.86200000E-08  0.00000000E+00  0.00000000E+00  0.00000000E+00  0.00000000E+00  0.00000000E+00  0.00000000E+00  0.00000000E+00  0.00000000E+00  0.00000000E+00  0.00000000E+00
 1.15248806E+00  1.40900000E-08  1.57000000E-08  9.38900000E-09  1.01100000E-08  5.87600000E-02  5.99600000E-02  2.54600000E-08  3.20000000E-08  0.00000000E+00  0.00000000E+00  0.00000000E+00  0.00000000E+00  0.00000000E+00  0.00000000E+00  0.00000000E+00  0.00000000E+00  0.00000000E+00  0.00000000E+00
 1.17048806E+00  1.57000000E-08  1.55700000E-08  9.89400000E-09  9.67100000E-09  5.85800000E-02  5.66400000E-02  2.87300000E-08  3.38000000E-08  0.00000000E+00  0.00000000E+00  0.00000000E+00  0.00000000E+00  0.00000000E+00  0.00000000E+00  0.00000000E+00  0.00000000E+00  0.00000000E+00  0.00000000E+00
 1.18748806E+00  1.60500000E-08  1.36600000E-08  9.45700000E-09  8.26400000E-09  5.64800000E-02  5.51300000E-02  3.17700000E-08  3.42100000E-08  0.00000000E+00  0.00000000E+00  0.00000000E+00  0.00000000E+00  0.00000000E+00  0.00000000E+00  0.00000000E+00  0.00000000E+00  0.00000000E+00  0.00000000E+00
 1.20548806E+00  1.52100000E-08  1.12300000E-08  8.52000000E-09  6.86600000E-09  5.88100000E-02  6.14400000E-02  3.47300000E-08  3.45300000E-08  0.00000000E+00  0.00000000E+00  0.00000000E+00  0.00000000E+00  0.00000000E+00  0.00000000E+00  0.00000000E+00  0.00000000E+00  0.00000000E+00  0.00000000E+00
 1.22248806E+00  1.35400000E-08  9.70800000E-09  7.58900000E-09  6.36700000E-09  6.89800000E-02  7.61400000E-02  3.68900000E-08  3.57500000E-08  0.00000000E+00  0.00000000E+00  0.00000000E+00  0.00000000E+00  0.00000000E+00  0.00000000E+00  0.00000000E+00  0.00000000E+00  0.00000000E+00  0.00000000E+00
 1.23948806E+00  1.18800000E-08  9.81300000E-09  7.13200000E-09  6.97700000E-09  8.44100000E-02  9.24500000E-02  3.75700000E-08  3.73200000E-08  0.00000000E+00  0.00000000E+00  0.00000000E+00  0.00000000E+00  0.00000000E+00  0.00000000E+00  0.00000000E+00  0.00000000E+00  0.00000000E+00  0.00000000E+00
 1.25748806E+00  1.11800000E-08  1.12500000E-08  7.41600000E-09  8.19300000E-09  9.80800000E-02  1.01000000E-01  3.70000000E-08  3.77800000E-08  0.00000000E+00  0.00000000E+00  0.00000000E+00  0.00000000E+00  0.00000000E+00  0.00000000E+00  0.00000000E+00  0.00000000E+00  0.00000000E+00  0.00000000E+00
 1.27448806E+00  1.18200000E-08  1.30500000E-08  8.27800000E-09  9.20900000E-09  1.02900000E-01  9.67500000E-02  3.59500000E-08  3.63900000E-08  0.00000000E+00  0.00000000E+00  0.00000000E+00  0.00000000E+00  0.00000000E+00  0.00000000E+00  0.00000000E+00  0.00000000E+00  0.00000000E+00  0.00000000E+00
 1.29248806E+00  1.32600000E-08  1.39700000E-08  9.13500000E-09  9.34900000E-09  9.58200000E-02  8.19400000E-02  3.47500000E-08  3.32500000E-08  0.00000000E+00  0.00000000E+00  0.00000000E+00  0.00000000E+00  0.00000000E+00  0.00000000E+00  0.00000000E+00  0.00000000E+00  0.00000000E+00  0.00000000E+00
 1.30948806E+00  1.42500000E-08  1.31200000E-08  9.30700000E-09  8.32000000E-09  7.94400000E-02  6.25800000E-02  3.27100000E-08  2.83600000E-08  0.00000000E+00  0.00000000E+00  0.00000000E+00  0.00000000E+00  0.00000000E+00  0.00000000E+00  0.00000000E+00  0.00000000E+00  0.00000000E+00  0.00000000E+00
 1.32648806E+00  1.37300000E-08  1.05100000E-08  8.42500000E-09  6.36500000E-09  6.03500000E-02  4.50700000E-02  2.89100000E-08  2.19600000E-08  0.00000000E+00  0.00000000E+00  0.00000000E+00  0.00000000E+00  0.00000000E+00  0.00000000E+00  0.00000000E+00  0.00000000E+00  0.00000000E+00  0.00000000E+00
 1.34448806E+00  1.15200000E-08  7.25300000E-09  6.66400000E-09  4.18000000E-09  4.62800000E-02  3.51200000E-02  2.34500000E-08  1.55200000E-08  0.00000000E+00  0.00000000E+00  0.00000000E+00  0.00000000E+00  0.00000000E+00  0.00000000E+00  0.00000000E+00  0.00000000E+00  0.00000000E+00  0.00000000E+00
 1.36148806E+00  8.59400000E-09  4.81100000E-09  4.65200000E-09  2.50100000E-09  4.28200000E-02  3.65900000E-02  1.79400000E-08  1.12300000E-08  0.00000000E+00  0.00000000E+00  0.00000000E+00  0.00000000E+00  0.00000000E+00  0.00000000E+00  0.00000000E+00  0.00000000E+00  0.00000000E+00  0.00000000E+00
 1.37948806E+00  6.32600000E-09  4.03900000E-09  3.05400000E-09  1.64900000E-09  5.02200000E-02  4.87100000E-02  1.42400000E-08  1.02000000E-08  0.00000000E+00  0.00000000E+00  0.00000000E+00  0.00000000E+00  0.00000000E+00  0.00000000E+00  0.00000000E+00  0.00000000E+00  0.00000000E+00  0.00000000E+00
 1.39648806E+00  5.57500000E-09  4.94100000E-09  2.15700000E-09  1.46400000E-09  6.26300000E-02  6.51800000E-02  1.28800000E-08  1.17000000E-08  0.00000000E+00  0.00000000E+00  0.00000000E+00  0.00000000E+00  0.00000000E+00  0.00000000E+00  0.00000000E+00  0.00000000E+00  0.00000000E+00  0.00000000E+00
 1.41448806E+00  6.40800000E-09  7.02000000E-09  1.84000000E-09  1.60600000E-09  7.23100000E-02  7.80800000E-02  1.30400000E-08  1.40900000E-08  0.00000000E+00  0.00000000E+00  0.00000000E+00  0.00000000E+00  0.00000000E+00  0.00000000E+00  0.00000000E+00  0.00000000E+00  0.00000000E+00  0.00000000E+00
 1.43148806E+00  8.41400000E-09  9.53800000E-09  1.86500000E-09  1.81400000E-09  7.58100000E-02  8.33000000E-02  1.39100000E-08  1.61100000E-08  0.00000000E+00  0.00000000E+00  0.00000000E+00  0.00000000E+00  0.00000000E+00  0.00000000E+00  0.00000000E+00  0.00000000E+00  0.00000000E+00  0.00000000E+00
 1.44848806E+00  1.08200000E-08  1.15100000E-08  2.04400000E-09  1.94300000E-09  7.47900000E-02  8.14200000E-02  1.50700000E-08  1.69200000E-08  0.00000000E+00  0.00000000E+00  0.00000000E+00  0.00000000E+00  0.00000000E+00  0.00000000E+00  0.00000000E+00  0.00000000E+00  0.00000000E+00  0.00000000E+00
 1.46648806E+00  1.24600000E-08  1.19700000E-08  2.19600000E-09  1.89200000E-09  7.13200000E-02  7.41600000E-02  1.57900000E-08  1.58600000E-08  0.00000000E+00  0.00000000E+00  0.00000000E+00  0.00000000E+00  0.00000000E+00  0.00000000E+00  0.00000000E+00  0.00000000E+00  0.00000000E+00  0.00000000E+00
 1.48348806E+00  1.22900000E-08  1.06000000E-08  2.13100000E-09  1.63600000E-09  6.47200000E-02  6.24900000E-02  1.49200000E-08  1.28200000E-08  0.00000000E+00  0.00000000E+00  0.00000000E+00  0.00000000E+00  0.00000000E+00  0.00000000E+00  0.00000000E+00  0.00000000E+00  0.00000000E+00  0.00000000E+00
 1.50148806E+00  1.03000000E-08  8.17000000E-09  1.82200000E-09  1.30900000E-09  5.40200000E-02  4.80700000E-02  1.20600000E-08  8.77700000E-09  0.00000000E+00  0.00000000E+00  0.00000000E+00  0.00000000E+00  0.00000000E+00  0.00000000E+00  0.00000000E+00  0.00000000E+00  0.00000000E+00  0.00000000E+00
 1.51848806E+00  7.73100000E-09  6.08800000E-09  1.50000000E-09  1.17800000E-09  4.11200000E-02  3.43700000E-02  8.29100000E-09  5.29300000E-09  0.00000000E+00  0.00000000E+00  0.00000000E+00  0.00000000E+00  0.00000000E+00  0.00000000E+00  0.00000000E+00  0.00000000E+00  0.00000000E+00  0.00000000E+00
 1.53548806E+00  6.20300000E-09  5.57100000E-09  1.50100000E-09  1.50100000E-09  3.02200000E-02  2.52300000E-02  5.28300000E-09  3.44900000E-09  0.00000000E+00  0.00000000E+00  0.00000000E+00  0.00000000E+00  0.00000000E+00  0.00000000E+00  0.00000000E+00  0.00000000E+00  0.00000000E+00  0.00000000E+00
 1.55348806E+00  6.55000000E-09  6.98800000E-09  2.00700000E-09  2.36000000E-09  2.48000000E-02  2.24900000E-02  4.02600000E-09  3.40100000E-09  0.00000000E+00  0.00000000E+00  0.00000000E+00  0.00000000E+00  0.00000000E+00  0.00000000E+00  0.00000000E+00  0.00000000E+00  0.00000000E+00  0.00000000E+00
 1.57048806E+00  8.40000000E-09  9.69400000E-09  2.89000000E-09  3.54900000E-09  2.52600000E-02  2.48100000E-02  4.39600000E-09  4.62700000E-09  0.00000000E+00  0.00000000E+00  0.00000000E+00  0.00000000E+00  0.00000000E+00  0.00000000E+00  0.00000000E+00  0.00000000E+00  0.00000000E+00  0.00000000E+00
 1.58848806E+00  1.06600000E-08  1.24700000E-08  3.81100000E-09  4.66400000E-09  2.89900000E-02  2.87300000E-02  5.61500000E-09  6.37900000E-09  0.00000000E+00  0.00000000E+00  0.00000000E+00  0.00000000E+00  0.00000000E+00  0.00000000E+00  0.00000000E+00  0.00000000E+00  0.00000000E+00  0.00000000E+00
 1.60548806E+00  1.24500000E-08  1.43700000E-08  4.47800000E-09  5.36700000E-09  3.22700000E-02  3.08200000E-02  6.94400000E-09  8.07700000E-09  0.00000000E+00  0.00000000E+00  0.00000000E+00  0.00000000E+00  0.00000000E+00  0.00000000E+00  0.00000000E+00  0.00000000E+00  0.00000000E+00  0.00000000E+00
 1.62348806E+00  1.35000000E-08  1.51600000E-08  4.78700000E-09  5.56100000E-09  3.25200000E-02  2.95500000E-02  8.14500000E-09  9.52500000E-09  0.00000000E+00  0.00000000E+00  0.00000000E+00  0.00000000E+00  0.00000000E+00  0.00000000E+00  0.00000000E+00  0.00000000E+00  0.00000000E+00  0.00000000E+00
 1.64048806E+00  1.37800000E-08  1.49500000E-08  4.73100000E-09  5.31100000E-09  2.93400000E-02  2.57000000E-02  9.35800000E-09  1.07500000E-08  0.00000000E+00  0.00000000E+00  0.00000000E+00  0.00000000E+00  0.00000000E+00  0.00000000E+00  0.00000000E+00  0.00000000E+00  0.00000000E+00  0.00000000E+00
 1.65748806E+00  1.30600000E-08  1.37300000E-08  4.31400000E-09  4.71600000E-09  2.47100000E-02  2.20300000E-02  1.06100000E-08  1.16500000E-08  0.00000000E+00  0.00000000E+00  0.00000000E+00  0.00000000E+00  0.00000000E+00  0.00000000E+00  0.00000000E+00  0.00000000E+00  0.00000000E+00  0.00000000E+00
 1.67548806E+00  1.13300000E-08  1.16400000E-08  3.70200000E-09  4.00100000E-09  2.27300000E-02  2.26700000E-02  1.16300000E-08  1.20600000E-08  0.00000000E+00  0.00000000E+00  0.00000000E+00  0.00000000E+00  0.00000000E+00  0.00000000E+00  0.00000000E+00  0.00000000E+00  0.00000000E+00  0.00000000E+00
 1.69248806E+00  9.34500000E-09  9.47800000E-09  3.32700000E-09  3.59700000E-09  2.84700000E-02  3.19700000E-02  1.23600000E-08  1.22500000E-08  0.00000000E+00  0.00000000E+00  0.00000000E+00  0.00000000E+00  0.00000000E+00  0.00000000E+00  0.00000000E+00  0.00000000E+00  0.00000000E+00  0.00000000E+00
 1.71048806E+00  8.17700000E-09  8.29200000E-09  3.62500000E-09  3.88800000E-09  4.50500000E-02  5.18200000E-02  1.31800000E-08  1.28800000E-08  0.00000000E+00  0.00000000E+00  0.00000000E+00  0.00000000E+00  0.00000000E+00  0.00000000E+00  0.00000000E+00  0.00000000E+00  0.00000000E+00  0.00000000E+00
 1.72748806E+00  8.24500000E-09  8.36500000E-09  4.57900000E-09  4.77200000E-09  7.02100000E-02  7.83400000E-02  1.44200000E-08  1.41300000E-08  0.00000000E+00  0.00000000E+00  0.00000000E+00  0.00000000E+00  0.00000000E+00  0.00000000E+00  0.00000000E+00  0.00000000E+00  0.00000000E+00  0.00000000E+00
 1.74548806E+00  8.90300000E-09  8.95200000E-09  5.59400000E-09  5.60400000E-09  9.56000000E-02  1.01900000E-01  1.55800000E-08  1.52100000E-08  0.00000000E+00  0.00000000E+00  0.00000000E+00  0.00000000E+00  0.00000000E+00  0.00000000E+00  0.00000000E+00  0.00000000E+00  0.00000000E+00  0.00000000E+00
 1.76248806E+00  9.14100000E-09  9.08900000E-09  5.93500000E-09  5.70300000E-09  1.11000000E-01  1.13000000E-01  1.57800000E-08  1.52300000E-08  0.00000000E+00  0.00000000E+00  0.00000000E+00  0.00000000E+00  0.00000000E+00  0.00000000E+00  0.00000000E+00  0.00000000E+00  0.00000000E+00  0.00000000E+00
 1.77948806E+00  8.49400000E-09  8.47000000E-09  5.31300000E-09  4.93300000E-09  1.10500000E-01  1.08200000E-01  1.46500000E-08  1.42200000E-08  0.00000000E+00  0.00000000E+00  0.00000000E+00  0.00000000E+00  0.00000000E+00  0.00000000E+00  0.00000000E+00  0.00000000E+00  0.00000000E+00  0.00000000E+00
 1.79748806E+00  7.23500000E-09  7.46400000E-09  4.05600000E-09  3.74900000E-09  9.58000000E-02  9.16300000E-02  1.26800000E-08  1.28800000E-08  0.00000000E+00  0.00000000E+00  0.00000000E+00  0.00000000E+00  0.00000000E+00  0.00000000E+00  0.00000000E+00  0.00000000E+00  0.00000000E+00  0.00000000E+00
 1.81448806E+00  5.93900000E-09  6.58500000E-09  2.76900000E-09  2.73900000E-09  7.37600000E-02  7.06700000E-02  1.07000000E-08  1.18500000E-08  0.00000000E+00  0.00000000E+00  0.00000000E+00  0.00000000E+00  0.00000000E+00  0.00000000E+00  0.00000000E+00  0.00000000E+00  0.00000000E+00  0.00000000E+00
 1.83248806E+00  5.13000000E-09  6.24600000E-09  1.90100000E-09  2.24000000E-09  5.28000000E-02  5.21100000E-02  9.51900000E-09  1.15700000E-08  0.00000000E+00  0.00000000E+00  0.00000000E+00  0.00000000E+00  0.00000000E+00  0.00000000E+00  0.00000000E+00  0.00000000E+00  0.00000000E+00  0.00000000E+00
 1.84948806E+00  5.25100000E-09  6.85900000E-09  1.63200000E-09  2.34700000E-09  3.94600000E-02  4.09800000E-02  9.93100000E-09  1.26700000E-08  0.00000000E+00  0.00000000E+00  0.00000000E+00  0.00000000E+00  0.00000000E+00  0.00000000E+00  0.00000000E+00  0.00000000E+00  0.00000000E+00  0.00000000E+00
 1.86648806E+00  6.62100000E-09  8.76900000E-09  1.98300000E-09  3.05900000E-09  3.64900000E-02  3.96000000E-02  1.25300000E-08  1.58000000E-08  0.00000000E+00  0.00000000E+00  0.00000000E+00  0.00000000E+00  0.00000000E+00  0.00000000E+00  0.00000000E+00  0.00000000E+00  0.00000000E+00  0.00000000E+00
 1.88448806E+00  9.15900000E-09  1.17700000E-08  2.87600000E-09  4.23400000E-09  4.22600000E-02  4.60300000E-02  1.72000000E-08  2.06800000E-08  0.00000000E+00  0.00000000E+00  0.00000000E+00  0.00000000E+00  0.00000000E+00  0.00000000E+00  0.00000000E+00  0.00000000E+00  0.00000000E+00  0.00000000E+00
 1.90148806E+00  1.21400000E-08  1.47300000E-08  4.04800000E-09  5.44300000E-09  5.13300000E-02  5.40500000E-02  2.26100000E-08  2.53300000E-08  0.00000000E+00  0.00000000E+00  0.00000000E+00  0.00000000E+00  0.00000000E+00  0.00000000E+00  0.00000000E+00  0.00000000E+00  0.00000000E+00  0.00000000E+00
 1.91948806E+00  1.43900000E-08  1.60800000E-08  5.03100000E-09  6.06200000E-09  5.67500000E-02  5.66600000E-02  2.64100000E-08  2.70100000E-08  0.00000000E+00  0.00000000E+00  0.00000000E+00  0.00000000E+00  0.00000000E+00  0.00000000E+00  0.00000000E+00  0.00000000E+00  0.00000000E+00  0.00000000E+00
 1.93648806E+00  1.48700000E-08  1.48800000E-08  5.34600000E-09  5.68900000E-09  5.40800000E-02  5.11100000E-02  2.66100000E-08  2.43800000E-08  0.00000000E+00  0.00000000E+00  0.00000000E+00  0.00000000E+00  0.00000000E+00  0.00000000E+00  0.00000000E+00  0.00000000E+00  0.00000000E+00  0.00000000E+00
 1.95448806E+00  1.33000000E-08  1.16800000E-08  4.82400000E-09  4.48600000E-09  4.45300000E-02  4.07500000E-02  2.30300000E-08  1.87200000E-08  0.00000000E+00  0.00000000E+00  0.00000000E+00  0.00000000E+00  0.00000000E+00  0.00000000E+00  0.00000000E+00  0.00000000E+00  0.00000000E+00  0.00000000E+00
 1.97148806E+00  1.03900000E-08  8.09200000E-09  3.74700000E-09  3.07500000E-09  3.38200000E-02  3.17000000E-02  1.74700000E-08  1.28300000E-08  0.00000000E+00  0.00000000E+00  0.00000000E+00  0.00000000E+00  0.00000000E+00  0.00000000E+00  0.00000000E+00  0.00000000E+00  0.00000000E+00  0.00000000E+00
 1.98848806E+00  7.50900000E-09  5.68000000E-09  2.68800000E-09  2.09700000E-09  2.75700000E-02  2.77200000E-02  1.23400000E-08  8.76100000E-09  0.00000000E+00  0.00000000E+00  0.00000000E+00  0.00000000E+00  0.00000000E+00  0.00000000E+00  0.00000000E+00  0.00000000E+00  0.00000000E+00  0.00000000E+00
 2.00648806E+00  5.96800000E-09  5.15900000E-09  2.16600000E-09  1.88700000E-09  2.73500000E-02  2.82200000E-02  9.04000000E-09  6.85600000E-09  0.00000000E+00  0.00000000E+00  0.00000000E+00  0.00000000E+00  0.00000000E+00  0.00000000E+00  0.00000000E+00  0.00000000E+00  0.00000000E+00  0.00000000E+00
 2.02348806E+00  6.31400000E-09  6.36500000E-09  2.41900000E-09  2.44100000E-09  3.07000000E-02  3.05500000E-02  7.52700000E-09  6.34500000E-09  0.00000000E+00  0.00000000E+00  0.00000000E+00  0.00000000E+00  0.00000000E+00  0.00000000E+00  0.00000000E+00  0.00000000E+00  0.00000000E+00  0.00000000E+00
 2.04148806E+00  8.14300000E-09  8.53200000E-09  3.32500000E-09  3.47700000E-09  3.42200000E-02  3.30100000E-02  7.00800000E-09  6.39000000E-09  0.00000000E+00  0.00000000E+00  0.00000000E+00  0.00000000E+00  0.00000000E+00  0.00000000E+00  0.00000000E+00  0.00000000E+00  0.00000000E+00  0.00000000E+00
 2.05848806E+00  1.03100000E-08  1.05000000E-08  4.43200000E-09  4.48800000E-09  3.61800000E-02  3.52000000E-02  6.73700000E-09  6.44700000E-09  0.00000000E+00  0.00000000E+00  0.00000000E+00  0.00000000E+00  0.00000000E+00  0.00000000E+00  0.00000000E+00  0.00000000E+00  0.00000000E+00  0.00000000E+00
 2.07548806E+00  1.15400000E-08  1.12400000E-08  5.14300000E-09  4.97000000E-09  3.64400000E-02  3.64300000E-02  6.30100000E-09  6.19100000E-09  0.00000000E+00  0.00000000E+00  0.00000000E+00  0.00000000E+00  0.00000000E+00  0.00000000E+00  0.00000000E+00  0.00000000E+00  0.00000000E+00  0.00000000E+00
 2.09348806E+00  1.12400000E-08  1.05600000E-08  5.10600000E-09  4.76400000E-09  3.49500000E-02  3.52600000E-02  5.60100000E-09  5.52400000E-09  0.00000000E+00  0.00000000E+00  0.00000000E+00  0.00000000E+00  0.00000000E+00  0.00000000E+00  0.00000000E+00  0.00000000E+00  0.00000000E+00  0.00000000E+00
 2.11048806E+00  9.87400000E-09  9.17400000E-09  4.44400000E-09  4.13300000E-09  3.13100000E-02  3.09400000E-02  4.74000000E-09  4.60300000E-09  0.00000000E+00  0.00000000E+00  0.00000000E+00  0.00000000E+00  0.00000000E+00  0.00000000E+00  0.00000000E+00  0.00000000E+00  0.00000000E+00  0.00000000E+00
 2.12848806E+00  8.32800000E-09  7.86700000E-09  3.56700000E-09  3.45300000E-09  2.56600000E-02  2.44300000E-02  3.87100000E-09  3.69000000E-09  0.00000000E+00  0.00000000E+00  0.00000000E+00  0.00000000E+00  0.00000000E+00  0.00000000E+00  0.00000000E+00  0.00000000E+00  0.00000000E+00  0.00000000E+00
 2.14548806E+00  7.05100000E-09  6.92000000E-09  2.79600000E-09  2.93200000E-09  1.92300000E-02  1.78800000E-02  3.08000000E-09  2.97800000E-09  0.00000000E+00  0.00000000E+00  0.00000000E+00  0.00000000E+00  0.00000000E+00  0.00000000E+00  0.00000000E+00  0.00000000E+00  0.00000000E+00  0.00000000E+00
 2.16348806E+00  6.09800000E-09  6.34200000E-09  2.26200000E-09  2.64300000E-09  1.37800000E-02  1.31800000E-02  2.42500000E-09  2.57600000E-09  0.00000000E+00  0.00000000E+00  0.00000000E+00  0.00000000E+00  0.00000000E+00  0.00000000E+00  0.00000000E+00  0.00000000E+00  0.00000000E+00  0.00000000E+00
 2.18048806E+00  5.61200000E-09  6.16400000E-09  2.03600000E-09  2.60000000E-09  1.05700000E-02  1.10100000E-02  2.00400000E-09  2.50300000E-09  0.00000000E+00  0.00000000E+00  0.00000000E+00  0.00000000E+00  0.00000000E+00  0.00000000E+00  0.00000000E+00  0.00000000E+00  0.00000000E+00  0.00000000E+00
 2.19748806E+00  5.75400000E-09  6.19900000E-09  2.12300000E-09  2.67700000E-09  9.74100000E-03  1.06100000E-02  1.87700000E-09  2.59900000E-09  0.00000000E+00  0.00000000E+00  0.00000000E+00  0.00000000E+00  0.00000000E+00  0.00000000E+00  0.00000000E+00  0.00000000E+00  0.00000000E+00  0.00000000E+00
 2.21548806E+00  6.18800000E-09  5.91000000E-09  2.34000000E-09  2.60700000E-09  1.01500000E-02  1.04000000E-02  1.92700000E-09  2.55900000E-09  0.00000000E+00  0.00000000E+00  0.00000000E+00  0.00000000E+00  0.00000000E+00  0.00000000E+00  0.00000000E+00  0.00000000E+00  0.00000000E+00  0.00000000E+00
 2.23248806E+00  6.15100000E-09  4.92800000E-09  2.38300000E-09  2.24100000E-09  1.03000000E-02  9.50300000E-03  1.91500000E-09  2.21800000E-09  0.00000000E+00  0.00000000E+00  0.00000000E+00  0.00000000E+00  0.00000000E+00  0.00000000E+00  0.00000000E+00  0.00000000E+00  0.00000000E+00  0.00000000E+00
 2.25048806E+00  5.24400000E-09  3.55600000E-09  2.14600000E-09  1.77700000E-09  9.92500000E-03  8.92200000E-03  1.77100000E-09  1.79000000E-09  0.00000000E+00  0.00000000E+00  0.00000000E+00  0.00000000E+00  0.00000000E+00  0.00000000E+00  0.00000000E+00  0.00000000E+00  0.00000000E+00  0.00000000E+00
 2.26748806E+00  3.91800000E-09  2.53400000E-09  1.89400000E-09  1.64200000E-09  1.08500000E-02  1.12000000E-02  1.78800000E-09  1.78500000E-09  0.00000000E+00  0.00000000E+00  0.00000000E+00  0.00000000E+00  0.00000000E+00  0.00000000E+00  0.00000000E+00  0.00000000E+00  0.00000000E+00  0.00000000E+00
 2.28548806E+00  3.02100000E-09  2.36400000E-09  2.04400000E-09  2.12600000E-09  1.59100000E-02  1.86600000E-02  2.52300000E-09  2.74400000E-09  0.00000000E+00  0.00000000E+00  0.00000000E+00  0.00000000E+00  0.00000000E+00  0.00000000E+00  0.00000000E+00  0.00000000E+00  0.00000000E+00  0.00000000E+00
 2.30248806E+00  2.99000000E-09  2.95200000E-09  2.76300000E-09  3.14000000E-09  2.66400000E-02  3.14700000E-02  4.50300000E-09  5.01100000E-09  0.00000000E+00  0.00000000E+00  0.00000000E+00  0.00000000E+00  0.00000000E+00  0.00000000E+00  0.00000000E+00  0.00000000E+00  0.00000000E+00  0.00000000E+00
 2.31948806E+00  3.56600000E-09  3.76500000E-09  3.77300000E-09  4.23300000E-09  4.14500000E-02  4.66700000E-02  7.87400000E-09  8.50500000E-09  0.00000000E+00  0.00000000E+00  0.00000000E+00  0.00000000E+00  0.00000000E+00  0.00000000E+00  0.00000000E+00  0.00000000E+00  0.00000000E+00  0.00000000E+00
 2.33748806E+00  4.12500000E-09  4.23400000E-09  4.54200000E-09  4.88500000E-09  5.55500000E-02  5.89600000E-02  1.20300000E-08  1.24000000E-08  0.00000000E+00  0.00000000E+00  0.00000000E+00  0.00000000E+00  0.00000000E+00  0.00000000E+00  0.00000000E+00  0.00000000E+00  0.00000000E+00  0.00000000E+00
 2.35448806E+00  4.18400000E-09  4.07900000E-09  4.65900000E-09  4.80500000E-09  6.30300000E-02  6.30800000E-02  1.54800000E-08  1.51100000E-08  0.00000000E+00  0.00000000E+00  0.00000000E+00  0.00000000E+00  0.00000000E+00  0.00000000E+00  0.00000000E+00  0.00000000E+00  0.00000000E+00  0.00000000E+00
 2.37248806E+00  3.65000000E-09  3.38700000E-09  4.08300000E-09  4.06800000E-09  6.02500000E-02  5.69600000E-02  1.65400000E-08  1.52600000E-08  0.00000000E+00  0.00000000E+00  0.00000000E+00  0.00000000E+00  0.00000000E+00  0.00000000E+00  0.00000000E+00  0.00000000E+00  0.00000000E+00  0.00000000E+00
 2.38948806E+00  2.78800000E-09  2.51600000E-09  3.14000000E-09  3.07800000E-09  4.87000000E-02  4.37700000E-02  1.48300000E-08  1.30300000E-08  0.00000000E+00  0.00000000E+00  0.00000000E+00  0.00000000E+00  0.00000000E+00  0.00000000E+00  0.00000000E+00  0.00000000E+00  0.00000000E+00  0.00000000E+00
 2.40648806E+00  2.08100000E-09  1.96900000E-09  2.38700000E-09  2.44000000E-09  3.50400000E-02  3.09300000E-02  1.22100000E-08  1.06600000E-08  0.00000000E+00  0.00000000E+00  0.00000000E+00  0.00000000E+00  0.00000000E+00  0.00000000E+00  0.00000000E+00  0.00000000E+00  0.00000000E+00  0.00000000E+00
 2.42448806E+00  2.07200000E-09  2.26500000E-09  2.43300000E-09  2.75400000E-09  2.75500000E-02  2.60000000E-02  1.17900000E-08  1.10100000E-08  0.00000000E+00  0.00000000E+00  0.00000000E+00  0.00000000E+00  0.00000000E+00  0.00000000E+00  0.00000000E+00  0.00000000E+00  0.00000000E+00  0.00000000E+00
 2.44148806E+00  3.17700000E-09  3.73600000E-09  3.69700000E-09  4.32800000E-09  3.13000000E-02  3.24100000E-02  1.56800000E-08  1.54900000E-08  0.00000000E+00  0.00000000E+00  0.00000000E+00  0.00000000E+00  0.00000000E+00  0.00000000E+00  0.00000000E+00  0.00000000E+00  0.00000000E+00  0.00000000E+00
 2.45948806E+00  5.39700000E-09  6.23100000E-09  6.07600000E-09  6.85700000E-09  4.51000000E-02  4.73600000E-02  2.31200000E-08  2.27900000E-08  0.00000000E+00  0.00000000E+00  0.00000000E+00  0.00000000E+00  0.00000000E+00  0.00000000E+00  0.00000000E+00  0.00000000E+00  0.00000000E+00  0.00000000E+00
 2.47648806E+00  8.02800000E-09  8.88600000E-09  8.71900000E-09  9.32200000E-09  6.15000000E-02  6.27800000E-02  3.04400000E-08  2.91700000E-08  0.00000000E+00  0.00000000E+00  0.00000000E+00  0.00000000E+00  0.00000000E+00  0.00000000E+00  0.00000000E+00  0.00000000E+00  0.00000000E+00  0.00000000E+00
 2.49448806E+00  9.79300000E-09  1.03900000E-08  1.02800000E-08  1.04300000E-08  7.05000000E-02  6.94100000E-02  3.32700000E-08  3.08100000E-08  0.00000000E+00  0.00000000E+00  0.00000000E+00  0.00000000E+00  0.00000000E+00  0.00000000E+00  0.00000000E+00  0.00000000E+00  0.00000000E+00  0.00000000E+00
 2.51148806E+00  9.65400000E-09  9.87400000E-09  9.82400000E-09  9.50100000E-09  6.60600000E-02  6.28800000E-02  2.96400000E-08  2.65500000E-08  0.00000000E+00  0.00000000E+00  0.00000000E+00  0.00000000E+00  0.00000000E+00  0.00000000E+00  0.00000000E+00  0.00000000E+00  0.00000000E+00  0.00000000E+00
 2.52848806E+00  7.70500000E-09  7.72000000E-09  7.58700000E-09  7.08300000E-09  5.04700000E-02  4.69000000E-02  2.15200000E-08  1.87200000E-08  0.00000000E+00  0.00000000E+00  0.00000000E+00  0.00000000E+00  0.00000000E+00  0.00000000E+00  0.00000000E+00  0.00000000E+00  0.00000000E+00  0.00000000E+00
 2.54648806E+00  5.21300000E-09  5.43900000E-09  4.85000000E-09  4.56100000E-09  3.23700000E-02  3.04500000E-02  1.30800000E-08  1.13500000E-08  0.00000000E+00  0.00000000E+00  0.00000000E+00  0.00000000E+00  0.00000000E+00  0.00000000E+00  0.00000000E+00  0.00000000E+00  0.00000000E+00  0.00000000E+00
 2.56348806E+00  3.78200000E-09  4.74200000E-09  2.98600000E-09  3.24900000E-09  2.06700000E-02  2.18800000E-02  7.91100000E-09  7.58300000E-09  0.00000000E+00  0.00000000E+00  0.00000000E+00  0.00000000E+00  0.00000000E+00  0.00000000E+00  0.00000000E+00  0.00000000E+00  0.00000000E+00  0.00000000E+00
 2.58148806E+00  4.55300000E-09  6.62600000E-09  2.74900000E-09  3.73200000E-09  2.00200000E-02  2.46700000E-02  7.55900000E-09  8.60900000E-09  0.00000000E+00  0.00000000E+00  0.00000000E+00  0.00000000E+00  0.00000000E+00  0.00000000E+00  0.00000000E+00  0.00000000E+00  0.00000000E+00  0.00000000E+00
 2.59848806E+00  7.80500000E-09  1.07500000E-08  4.16000000E-09  5.69400000E-09  2.98400000E-02  3.65300000E-02  1.16600000E-08  1.36300000E-08  0.00000000E+00  0.00000000E+00  0.00000000E+00  0.00000000E+00  0.00000000E+00  0.00000000E+00  0.00000000E+00  0.00000000E+00  0.00000000E+00  0.00000000E+00
 2.61648806E+00  1.26100000E-08  1.52500000E-08  6.56700000E-09  8.00000000E-09  4.47300000E-02  5.04500000E-02  1.80300000E-08  1.99500000E-08  0.00000000E+00  0.00000000E+00  0.00000000E+00  0.00000000E+00  0.00000000E+00  0.00000000E+00  0.00000000E+00  0.00000000E+00  0.00000000E+00  0.00000000E+00
 2.63348806E+00  1.68300000E-08  1.75400000E-08  8.77500000E-09  9.24900000E-09  5.67100000E-02  5.87500000E-02  2.30900000E-08  2.38100000E-08  0.00000000E+00  0.00000000E+00  0.00000000E+00  0.00000000E+00  0.00000000E+00  0.00000000E+00  0.00000000E+00  0.00000000E+00  0.00000000E+00  0.00000000E+00
 2.65048806E+00  1.82500000E-08  1.63400000E-08  9.64300000E-09  8.78900000E-09  6.06300000E-02  5.90800000E-02  2.37600000E-08  2.29400000E-08  0.00000000E+00  0.00000000E+00  0.00000000E+00  0.00000000E+00  0.00000000E+00  0.00000000E+00  0.00000000E+00  0.00000000E+00  0.00000000E+00  0.00000000E+00
 2.66848806E+00  1.63600000E-08  1.28100000E-08  8.94100000E-09  7.28700000E-09  5.88400000E-02  5.65300000E-02  2.00400000E-08  1.85300000E-08  0.00000000E+00  0.00000000E+00  0.00000000E+00  0.00000000E+00  0.00000000E+00  0.00000000E+00  0.00000000E+00  0.00000000E+00  0.00000000E+00  0.00000000E+00
 2.68548806E+00  1.28800000E-08  9.46500000E-09  7.53600000E-09  6.06900000E-09  5.84700000E-02  5.81100000E-02  1.50400000E-08  1.42700000E-08  0.00000000E+00  0.00000000E+00  0.00000000E+00  0.00000000E+00  0.00000000E+00  0.00000000E+00  0.00000000E+00  0.00000000E+00  0.00000000E+00  0.00000000E+00
 2.70348806E+00  1.03100000E-08  8.16800000E-09  6.59700000E-09  5.94700000E-09  6.34300000E-02  6.49900000E-02  1.25200000E-08  1.32500000E-08  0.00000000E+00  0.00000000E+00  0.00000000E+00  0.00000000E+00  0.00000000E+00  0.00000000E+00  0.00000000E+00  0.00000000E+00  0.00000000E+00  0.00000000E+00
 2.72048806E+00  1.02700000E-08  9.34500000E-09  6.75900000E-09  6.85300000E-09  7.02700000E-02  7.13500000E-02  1.42500000E-08  1.60000000E-08  0.00000000E+00  0.00000000E+00  0.00000000E+00  0.00000000E+00  0.00000000E+00  0.00000000E+00  0.00000000E+00  0.00000000E+00  0.00000000E+00  0.00000000E+00
 2.73748806E+00  1.32000000E-08  1.28500000E-08  8.06600000E-09  8.44000000E-09  7.22600000E-02  7.05900000E-02  1.96700000E-08  2.12000000E-08  0.00000000E+00  0.00000000E+00  0.00000000E+00  0.00000000E+00  0.00000000E+00  0.00000000E+00  0.00000000E+00  0.00000000E+00  0.00000000E+00  0.00000000E+00
 2.75548806E+00  1.88200000E-08  1.86100000E-08  1.02900000E-08  1.06000000E-08  6.60900000E-02  6.14900000E-02  2.69400000E-08  2.74300000E-08  0.00000000E+00  0.00000000E+00  0.00000000E+00  0.00000000E+00  0.00000000E+00  0.00000000E+00  0.00000000E+00  0.00000000E+00  0.00000000E+00  0.00000000E+00
 2.77248806E+00  2.60000000E-08  2.59800000E-08  1.28800000E-08  1.31100000E-08  5.39600000E-02  4.81900000E-02  3.38000000E-08  3.35200000E-08  0.00000000E+00  0.00000000E+00  0.00000000E+00  0.00000000E+00  0.00000000E+00  0.00000000E+00  0.00000000E+00  0.00000000E+00  0.00000000E+00  0.00000000E+00
 2.79048806E+00  3.36500000E-08  3.48900000E-08  1.47400000E-08  1.50400000E-08  4.03400000E-02  3.54000000E-02  3.78800000E-08  3.78500000E-08  0.00000000E+00  0.00000000E+00  0.00000000E+00  0.00000000E+00  0.00000000E+00  0.00000000E+00  0.00000000E+00  0.00000000E+00  0.00000000E+00  0.00000000E+00
 2.80748806E+00  5.32200000E-08  6.28200000E-08  1.47000000E-08  1.52000000E-08  2.81300000E-02  2.49400000E-02  3.85200000E-08  4.01500000E-08  0.00000000E+00  0.00000000E+00  0.00000000E+00  0.00000000E+00  0.00000000E+00  0.00000000E+00  0.00000000E+00  0.00000000E+00  0.00000000E+00  0.00000000E+00
 2.82548806E+00  1.75900000E-07  2.32700000E-07  1.30800000E-08  1.40600000E-08  1.80700000E-02  1.64400000E-02  4.49900000E-08  5.29000000E-08  0.00000000E+00  0.00000000E+00  0.00000000E+00  0.00000000E+00  0.00000000E+00  0.00000000E+00  0.00000000E+00  0.00000000E+00  0.00000000E+00  0.00000000E+00
 2.84248806E+00  8.42200000E-07  1.10800000E-06  1.41600000E-08  1.71900000E-08  1.02900000E-02  9.60300000E-03  1.04000000E-07  1.38200000E-07  0.00000000E+00  0.00000000E+00  0.00000000E+00  0.00000000E+00  0.00000000E+00  0.00000000E+00  0.00000000E+00  0.00000000E+00  0.00000000E+00  0.00000000E+00
 2.85948806E+00  3.63300000E-06  4.60700000E-06  3.17100000E-08  4.26800000E-08  4.97000000E-03  4.72600000E-03  3.77600000E-07  5.03500000E-07  0.00000000E+00  0.00000000E+00  0.00000000E+00  0.00000000E+00  0.00000000E+00  0.00000000E+00  0.00000000E+00  0.00000000E+00  0.00000000E+00  0.00000000E+00
 2.87748806E+00  1.28100000E-05  1.56400000E-05  1.03900000E-07  1.39700000E-07  1.98400000E-03  1.93600000E-03  1.29300000E-06  1.66800000E-06  0.00000000E+00  0.00000000E+00  0.00000000E+00  0.00000000E+00  0.00000000E+00  0.00000000E+00  0.00000000E+00  0.00000000E+00  0.00000000E+00  0.00000000E+00
 2.89448806E+00  3.70100000E-05  4.36500000E-05  3.26000000E-07  4.27100000E-07  7.08500000E-04  8.38400000E-04  3.69300000E-06  4.60300000E-06  0.00000000E+00  0.00000000E+00  0.00000000E+00  0.00000000E+00  0.00000000E+00  0.00000000E+00  0.00000000E+00  0.00000000E+00  0.00000000E+00  0.00000000E+00
 2.91248806E+00  8.96700000E-05  1.02700000E-04  9.09100000E-07  1.16000000E-06  5.36900000E-04  1.08400000E-03  8.83900000E-06  1.06900000E-05  0.00000000E+00  0.00000000E+00  0.00000000E+00  0.00000000E+00  0.00000000E+00  0.00000000E+00  0.00000000E+00  0.00000000E+00  0.00000000E+00  0.00000000E+00
 2.92948806E+00  1.87700000E-04  2.10000000E-04  2.25200000E-06  2.79600000E-06  1.45700000E-03  2.99300000E-03  1.82000000E-05  2.14800000E-05  0.00000000E+00  0.00000000E+00  0.00000000E+00  0.00000000E+00  0.00000000E+00  0.00000000E+00  0.00000000E+00  0.00000000E+00  0.00000000E+00  0.00000000E+00
 2.94648806E+00  3.47200000E-04  3.80000000E-04  4.88900000E-06  5.88800000E-06  4.29400000E-03  7.53500000E-03  3.30500000E-05  3.81300000E-05  0.00000000E+00  0.00000000E+00  0.00000000E+00  0.00000000E+00  0.00000000E+00  0.00000000E+00  0.00000000E+00  0.00000000E+00  0.00000000E+00  0.00000000E+00
 2.96448806E+00  5.67400000E-04  6.05800000E-04  9.04900000E-06  1.05200000E-05  1.03000000E-02  1.53800000E-02  5.30900000E-05  5.97700000E-05  0.00000000E+00  0.00000000E+00  0.00000000E+00  0.00000000E+00  0.00000000E+00  0.00000000E+00  0.00000000E+00  0.00000000E+00  0.00000000E+00  0.00000000E+00
 2.98148806E+00  8.01800000E-04  8.30600000E-04  1.39000000E-05  1.55600000E-05  1.98300000E-02  2.54200000E-02  7.40700000E-05  8.09800000E-05  0.00000000E+00  0.00000000E+00  0.00000000E+00  0.00000000E+00  0.00000000E+00  0.00000000E+00  0.00000000E+00  0.00000000E+00  0.00000000E+00  0.00000000E+00
 2.99948806E+00  9.54100000E-04  9.55600000E-04  1.74800000E-05  1.88500000E-05  3.07000000E-02  3.44200000E-02  8.73700000E-05  9.23600000E-05  0.00000000E+00  0.00000000E+00  0.00000000E+00  0.00000000E+00  0.00000000E+00  0.00000000E+00  0.00000000E+00  0.00000000E+00  0.00000000E+00  0.00000000E+00
 3.01648806E+00  9.45700000E-04  9.17000000E-04  1.82900000E-05  1.91700000E-05  3.86000000E-02  3.89300000E-02  8.58600000E-05  8.78200000E-05  0.00000000E+00  0.00000000E+00  0.00000000E+00  0.00000000E+00  0.00000000E+00  0.00000000E+00  0.00000000E+00  0.00000000E+00  0.00000000E+00  0.00000000E+00
 3.03448806E+00  8.08100000E-04  7.71100000E-04  1.73900000E-05  1.82600000E-05  4.04100000E-02  3.84400000E-02  7.21500000E-05  7.23500000E-05  0.00000000E+00  0.00000000E+00  0.00000000E+00  0.00000000E+00  0.00000000E+00  0.00000000E+00  0.00000000E+00  0.00000000E+00  0.00000000E+00  0.00000000E+00
 3.05148806E+00  6.84600000E-04  6.69100000E-04  1.84400000E-05  2.02000000E-05  3.77700000E-02  3.66400000E-02  5.86400000E-05  5.98400000E-05  0.00000000E+00  0.00000000E+00  0.00000000E+00  0.00000000E+00  0.00000000E+00  0.00000000E+00  0.00000000E+00  0.00000000E+00  0.00000000E+00  0.00000000E+00
 3.06848806E+00  7.11400000E-04  7.28900000E-04  2.47400000E-05  2.79600000E-05  3.65200000E-02  3.88000000E-02  5.72900000E-05  6.13000000E-05  0.00000000E+00  0.00000000E+00  0.00000000E+00  0.00000000E+00  0.00000000E+00  0.00000000E+00  0.00000000E+00  0.00000000E+00  0.00000000E+00  0.00000000E+00
 3.08648806E+00  9.01600000E-04  9.37100000E-04  3.61500000E-05  4.06300000E-05  4.13400000E-02  4.66500000E-02  6.96600000E-05  7.60200000E-05  0.00000000E+00  0.00000000E+00  0.00000000E+00  0.00000000E+00  0.00000000E+00  0.00000000E+00  0.00000000E+00  0.00000000E+00  0.00000000E+00  0.00000000E+00
 3.10348806E+00  1.14900000E-03  1.17600000E-03  4.90500000E-05  5.39700000E-05  5.06700000E-02  5.56100000E-02  8.72600000E-05  9.40600000E-05  0.00000000E+00  0.00000000E+00  0.00000000E+00  0.00000000E+00  0.00000000E+00  0.00000000E+00  0.00000000E+00  0.00000000E+00  0.00000000E+00  0.00000000E+00
 3.12148806E+00  1.32600000E-03  1.32700000E-03  5.91000000E-05  6.36000000E-05  5.77500000E-02  5.86600000E-02  9.99100000E-05  1.05400000E-04  0.00000000E+00  0.00000000E+00  0.00000000E+00  0.00000000E+00  0.00000000E+00  0.00000000E+00  0.00000000E+00  0.00000000E+00  0.00000000E+00  0.00000000E+00
 3.13848806E+00  1.36400000E-03  1.33400000E-03  6.33100000E-05  6.66500000E-05  5.75000000E-02  5.37200000E-02  1.02100000E-04  1.05500000E-04  0.00000000E+00  0.00000000E+00  0.00000000E+00  0.00000000E+00  0.00000000E+00  0.00000000E+00  0.00000000E+00  0.00000000E+00  0.00000000E+00  0.00000000E+00
 3.15648806E+00  1.24600000E-03  1.18800000E-03  6.00300000E-05  6.16300000E-05  5.16400000E-02  4.57300000E-02  9.28800000E-05  9.36400000E-05  0.00000000E+00  0.00000000E+00  0.00000000E+00  0.00000000E+00  0.00000000E+00  0.00000000E+00  0.00000000E+00  0.00000000E+00  0.00000000E+00  0.00000000E+00
 3.17348806E+00  9.93600000E-04  9.19400000E-04  4.93100000E-05  4.91300000E-05  4.59500000E-02  4.07200000E-02  7.38700000E-05  7.23900000E-05  0.00000000E+00  0.00000000E+00  0.00000000E+00  0.00000000E+00  0.00000000E+00  0.00000000E+00  0.00000000E+00  0.00000000E+00  0.00000000E+00  0.00000000E+00
 3.19048806E+00  6.74200000E-04  6.03600000E-04  3.43800000E-05  3.33800000E-05  4.33900000E-02  3.96100000E-02  5.02700000E-05  4.79500000E-05  0.00000000E+00  0.00000000E+00  0.00000000E+00  0.00000000E+00  0.00000000E+00  0.00000000E+00  0.00000000E+00  0.00000000E+00  0.00000000E+00  0.00000000E+00
 3.20848806E+00  3.91700000E-04  3.44800000E-04  2.13500000E-05  2.12400000E-05  4.19600000E-02  3.92500000E-02  3.00200000E-05  2.89400000E-05  0.00000000E+00  0.00000000E+00  0.00000000E+00  0.00000000E+00  0.00000000E+00  0.00000000E+00  0.00000000E+00  0.00000000E+00  0.00000000E+00  0.00000000E+00
 3.22548806E+00  2.38300000E-04  2.25800000E-04  1.66500000E-05  1.94700000E-05  3.92000000E-02  3.80100000E-02  2.04300000E-05  2.26700000E-05  0.00000000E+00  0.00000000E+00  0.00000000E+00  0.00000000E+00  0.00000000E+00  0.00000000E+00  0.00000000E+00  0.00000000E+00  0.00000000E+00  0.00000000E+00
 3.24348806E+00  2.69500000E-04  2.91900000E-04  2.53300000E-05  3.28100000E-05  3.64900000E-02  3.85500000E-02  2.57900000E-05  3.27000000E-05  0.00000000E+00  0.00000000E+00  0.00000000E+00  0.00000000E+00  0.00000000E+00  0.00000000E+00  0.00000000E+00  0.00000000E+00  0.00000000E+00  0.00000000E+00
 3.26048806E+00  5.11400000E-04  5.58000000E-04  4.97500000E-05  6.18700000E-05  3.79100000E-02  4.45300000E-02  4.64600000E-05  5.73900000E-05  0.00000000E+00  0.00000000E+00  0.00000000E+00  0.00000000E+00  0.00000000E+00  0.00000000E+00  0.00000000E+00  0.00000000E+00  0.00000000E+00  0.00000000E+00
 3.27748806E+00  9.35900000E-04  9.81700000E-04  8.54100000E-05  9.88500000E-05  4.52800000E-02  5.52700000E-02  7.65300000E-05  8.76900000E-05  0.00000000E+00  0.00000000E+00  0.00000000E+00  0.00000000E+00  0.00000000E+00  0.00000000E+00  0.00000000E+00  0.00000000E+00  0.00000000E+00  0.00000000E+00
 3.29548806E+00  1.40700000E-03  1.42100000E-03  1.18000000E-04  1.27200000E-04  5.50900000E-02  6.41000000E-02  1.02700000E-04  1.08600000E-04  0.00000000E+00  0.00000000E+00  0.00000000E+00  0.00000000E+00  0.00000000E+00  0.00000000E+00  0.00000000E+00  0.00000000E+00  0.00000000E+00  0.00000000E+00
 3.31248806E+00  1.70700000E-03  1.67600000E-03  1.30300000E-04  1.31700000E-04  6.03300000E-02  6.33600000E-02  1.10800000E-04  1.08700000E-04  0.00000000E+00  0.00000000E+00  0.00000000E+00  0.00000000E+00  0.00000000E+00  0.00000000E+00  0.00000000E+00  0.00000000E+00  0.00000000E+00  0.00000000E+00
 3.33048806E+00  1.68800000E-03  1.63300000E-03  1.16700000E-04  1.12200000E-04  5.58800000E-02  5.12900000E-02  9.76400000E-05  9.01100000E-05  0.00000000E+00  0.00000000E+00  0.00000000E+00  0.00000000E+00  0.00000000E+00  0.00000000E+00  0.00000000E+00  0.00000000E+00  0.00000000E+00  0.00000000E+00
 3.34748806E+00  1.42100000E-03  1.37900000E-03  9.02300000E-05  8.51500000E-05  4.26400000E-02  3.35000000E-02  7.50300000E-05  6.75600000E-05  0.00000000E+00  0.00000000E+00  0.00000000E+00  0.00000000E+00  0.00000000E+00  0.00000000E+00  0.00000000E+00  0.00000000E+00  0.00000000E+00  0.00000000E+00
 3.36548806E+00  1.13400000E-03  1.13100000E-03  7.06900000E-05  6.91200000E-05  2.65200000E-02  1.76600000E-02  5.93900000E-05  5.56700000E-05  0.00000000E+00  0.00000000E+00  0.00000000E+00  0.00000000E+00  0.00000000E+00  0.00000000E+00  0.00000000E+00  0.00000000E+00  0.00000000E+00  0.00000000E+00
 3.38248806E+00  1.00500000E-03  1.03000000E-03  6.75200000E-05  6.94500000E-05  1.36100000E-02  7.96700000E-03  5.78600000E-05  5.75400000E-05  0.00000000E+00  0.00000000E+00  0.00000000E+00  0.00000000E+00  0.00000000E+00  0.00000000E+00  0.00000000E+00  0.00000000E+00  0.00000000E+00  0.00000000E+00
 3.39948806E+00  1.00600000E-03  1.02600000E-03  7.34400000E-05  7.59100000E-05  6.70600000E-03  4.54200000E-03  6.37600000E-05  6.39900000E-05  0.00000000E+00  0.00000000E+00  0.00000000E+00  0.00000000E+00  0.00000000E+00  0.00000000E+00  0.00000000E+00  0.00000000E+00  0.00000000E+00  0.00000000E+00
 3.41748806E+00  9.75700000E-04  9.65900000E-04  7.39900000E-05  7.43200000E-05  5.63500000E-03  5.94600000E-03  6.46300000E-05  6.31400000E-05  0.00000000E+00  0.00000000E+00  0.00000000E+00  0.00000000E+00  0.00000000E+00  0.00000000E+00  0.00000000E+00  0.00000000E+00  0.00000000E+00  0.00000000E+00
 3.43448806E+00  8.07800000E-04  7.69200000E-04  6.18200000E-05  5.96900000E-05  9.11100000E-03  1.07500000E-02  5.41600000E-05  5.08800000E-05  0.00000000E+00  0.00000000E+00  0.00000000E+00  0.00000000E+00  0.00000000E+00  0.00000000E+00  0.00000000E+00  0.00000000E+00  0.00000000E+00  0.00000000E+00
 3.45248806E+00  5.44900000E-04  4.99600000E-04  4.17700000E-05  3.88400000E-05  1.52800000E-02  1.71600000E-02  3.64700000E-05  3.29200000E-05  0.00000000E+00  0.00000000E+00  0.00000000E+00  0.00000000E+00  0.00000000E+00  0.00000000E+00  0.00000000E+00  0.00000000E+00  0.00000000E+00  0.00000000E+00
 3.46948806E+00  3.10000000E-04  2.80200000E-04  2.44200000E-05  2.26400000E-05  2.14400000E-02  2.29000000E-02  2.04100000E-05  1.80600000E-05  0.00000000E+00  0.00000000E+00  0.00000000E+00  0.00000000E+00  0.00000000E+00  0.00000000E+00  0.00000000E+00  0.00000000E+00  0.00000000E+00  0.00000000E+00
 3.48648806E+00  2.00700000E-04  1.97900000E-04  1.81200000E-05  1.87900000E-05  2.52500000E-02  2.67200000E-02  1.24700000E-05  1.20100000E-05  0.00000000E+00  0.00000000E+00  0.00000000E+00  0.00000000E+00  0.00000000E+00  0.00000000E+00  0.00000000E+00  0.00000000E+00  0.00000000E+00  0.00000000E+00
 3.50448806E+00  2.59700000E-04  2.88600000E-04  2.71000000E-05  3.11200000E-05  2.70300000E-02  2.98800000E-02  1.54500000E-05  1.72700000E-05  0.00000000E+00  0.00000000E+00  0.00000000E+00  0.00000000E+00  0.00000000E+00  0.00000000E+00  0.00000000E+00  0.00000000E+00  0.00000000E+00  0.00000000E+00
 3.52148806E+00  4.94400000E-04  5.56200000E-04  5.26400000E-05  6.06200000E-05  2.98300000E-02  3.48300000E-02  3.07500000E-05  3.54300000E-05  0.00000000E+00  0.00000000E+00  0.00000000E+00  0.00000000E+00  0.00000000E+00  0.00000000E+00  0.00000000E+00  0.00000000E+00  0.00000000E+00  0.00000000E+00
 3.53948806E+00  8.74000000E-04  9.61200000E-04  9.20900000E-05  1.03800000E-04  3.59600000E-02  4.17800000E-02  5.86400000E-05  6.64600000E-05  0.00000000E+00  0.00000000E+00  0.00000000E+00  0.00000000E+00  0.00000000E+00  0.00000000E+00  0.00000000E+00  0.00000000E+00  0.00000000E+00  0.00000000E+00
 3.55648806E+00  1.31800000E-03  1.41000000E-03  1.37900000E-04  1.51600000E-04  4.37800000E-02  4.73900000E-02  9.57100000E-05  1.05400000E-04  0.00000000E+00  0.00000000E+00  0.00000000E+00  0.00000000E+00  0.00000000E+00  0.00000000E+00  0.00000000E+00  0.00000000E+00  0.00000000E+00  0.00000000E+00
 3.57448806E+00  1.73000000E-03  1.79700000E-03  1.80000000E-04  1.92200000E-04  4.88200000E-02  4.80600000E-02  1.33000000E-04  1.40900000E-04  0.00000000E+00  0.00000000E+00  0.00000000E+00  0.00000000E+00  0.00000000E+00  0.00000000E+00  0.00000000E+00  0.00000000E+00  0.00000000E+00  0.00000000E+00
 3.59148806E+00  2.03100000E-03  2.05000000E-03  2.08600000E-04  2.15300000E-04  4.83100000E-02  4.37300000E-02  1.57600000E-04  1.59400000E-04  0.00000000E+00  0.00000000E+00  0.00000000E+00  0.00000000E+00  0.00000000E+00  0.00000000E+00  0.00000000E+00  0.00000000E+00  0.00000000E+00  0.00000000E+00
 3.60848806E+00  2.15800000E-03  2.12200000E-03  2.14800000E-04  2.13800000E-04  4.35500000E-02  3.76400000E-02  1.59200000E-04  1.53100000E-04  0.00000000E+00  0.00000000E+00  0.00000000E+00  0.00000000E+00  0.00000000E+00  0.00000000E+00  0.00000000E+00  0.00000000E+00  0.00000000E+00  0.00000000E+00
 3.62648806E+00  2.04000000E-03  1.96800000E-03  1.93300000E-04  1.86200000E-04  3.77800000E-02  3.26900000E-02  1.36100000E-04  1.24800000E-04  0.00000000E+00  0.00000000E+00  0.00000000E+00  0.00000000E+00  0.00000000E+00  0.00000000E+00  0.00000000E+00  0.00000000E+00  0.00000000E+00  0.00000000E+00
 3.64348806E+00  1.66600000E-03  1.59000000E-03  1.48700000E-04  1.40100000E-04  3.29700000E-02  2.95500000E-02  9.79500000E-05  8.67000000E-05  0.00000000E+00  0.00000000E+00  0.00000000E+00  0.00000000E+00  0.00000000E+00  0.00000000E+00  0.00000000E+00  0.00000000E+00  0.00000000E+00  0.00000000E+00
 3.66148806E+00  1.14900000E-03  1.09500000E-03  9.67400000E-05  9.04400000E-05  2.92700000E-02  2.77000000E-02  5.98400000E-05  5.24000000E-05  0.00000000E+00  0.00000000E+00  0.00000000E+00  0.00000000E+00  0.00000000E+00  0.00000000E+00  0.00000000E+00  0.00000000E+00  0.00000000E+00  0.00000000E+00
 3.67848806E+00  6.76500000E-04  6.54600000E-04  5.50200000E-05  5.26300000E-05  2.64400000E-02  2.66200000E-02  3.40600000E-05  3.16300000E-05  0.00000000E+00  0.00000000E+00  0.00000000E+00  0.00000000E+00  0.00000000E+00  0.00000000E+00  0.00000000E+00  0.00000000E+00  0.00000000E+00  0.00000000E+00
 3.69648806E+00  3.98000000E-04  4.07300000E-04  3.42800000E-05  3.57400000E-05  2.45600000E-02  2.56900000E-02  2.67400000E-05  2.92700000E-05  0.00000000E+00  0.00000000E+00  0.00000000E+00  0.00000000E+00  0.00000000E+00  0.00000000E+00  0.00000000E+00  0.00000000E+00  0.00000000E+00  0.00000000E+00
 3.71348806E+00  3.57300000E-04  3.92000000E-04  3.60200000E-05  4.06600000E-05  2.33900000E-02  2.40800000E-02  3.89700000E-05  4.61000000E-05  0.00000000E+00  0.00000000E+00  0.00000000E+00  0.00000000E+00  0.00000000E+00  0.00000000E+00  0.00000000E+00  0.00000000E+00  0.00000000E+00  0.00000000E+00
 3.73048806E+00  5.01400000E-04  5.47100000E-04  5.41500000E-05  6.03000000E-05  2.20100000E-02  2.12600000E-02  6.63500000E-05  7.64400000E-05  0.00000000E+00  0.00000000E+00  0.00000000E+00  0.00000000E+00  0.00000000E+00  0.00000000E+00  0.00000000E+00  0.00000000E+00  0.00000000E+00  0.00000000E+00
 3.74848806E+00  7.05900000E-04  7.37200000E-04  7.60500000E-05  8.07900000E-05  1.95500000E-02  1.74900000E-02  9.64100000E-05  1.05800000E-04  0.00000000E+00  0.00000000E+00  0.00000000E+00  0.00000000E+00  0.00000000E+00  0.00000000E+00  0.00000000E+00  0.00000000E+00  0.00000000E+00  0.00000000E+00
 3.76548806E+00  8.21800000E-04  8.16300000E-04  8.68200000E-05  8.75700000E-05  1.64000000E-02  1.39000000E-02  1.11900000E-04  1.16500000E-04  0.00000000E+00  0.00000000E+00  0.00000000E+00  0.00000000E+00  0.00000000E+00  0.00000000E+00  0.00000000E+00  0.00000000E+00  0.00000000E+00  0.00000000E+00
 3.78348806E+00  7.62600000E-04  7.20600000E-04  7.86300000E-05  7.52900000E-05  1.39000000E-02  1.17100000E-02  1.02700000E-04  1.01600000E-04  0.00000000E+00  0.00000000E+00  0.00000000E+00  0.00000000E+00  0.00000000E+00  0.00000000E+00  0.00000000E+00  0.00000000E+00  0.00000000E+00  0.00000000E+00
 3.80048806E+00  5.68300000E-04  5.13700000E-04  5.66200000E-05  5.17400000E-05  1.26900000E-02  1.11800000E-02  7.47600000E-05  7.02600000E-05  0.00000000E+00  0.00000000E+00  0.00000000E+00  0.00000000E+00  0.00000000E+00  0.00000000E+00  0.00000000E+00  0.00000000E+00  0.00000000E+00  0.00000000E+00
 3.81748806E+00  3.69700000E-04  3.31100000E-04  3.41100000E-05  3.09800000E-05  1.20900000E-02  1.13200000E-02  4.43500000E-05  4.00800000E-05  0.00000000E+00  0.00000000E+00  0.00000000E+00  0.00000000E+00  0.00000000E+00  0.00000000E+00  0.00000000E+00  0.00000000E+00  0.00000000E+00  0.00000000E+00
 3.83548806E+00  2.98600000E-04  2.94700000E-04  2.34100000E-05  2.49800000E-05  1.11900000E-02  1.10200000E-02  2.58900000E-05  2.40300000E-05  0.00000000E+00  0.00000000E+00  0.00000000E+00  0.00000000E+00  0.00000000E+00  0.00000000E+00  0.00000000E+00  0.00000000E+00  0.00000000E+00  0.00000000E+00
 3.85248806E+00  4.35800000E-04  4.74600000E-04  3.30400000E-05  4.25200000E-05  1.00100000E-02  1.01300000E-02  2.64100000E-05  2.75300000E-05  0.00000000E+00  0.00000000E+00  0.00000000E+00  0.00000000E+00  0.00000000E+00  0.00000000E+00  0.00000000E+00  0.00000000E+00  0.00000000E+00  0.00000000E+00
 3.87048806E+00  7.93600000E-04  8.71000000E-04  6.95100000E-05  8.95000000E-05  9.32700000E-03  9.46200000E-03  4.78200000E-05  5.14700000E-05  0.00000000E+00  0.00000000E+00  0.00000000E+00  0.00000000E+00  0.00000000E+00  0.00000000E+00  0.00000000E+00  0.00000000E+00  0.00000000E+00  0.00000000E+00
 3.88748806E+00  1.28400000E-03  1.37600000E-03  1.33200000E-04  1.61600000E-04  9.75100000E-03  9.82300000E-03  8.68200000E-05  9.15700000E-05  0.00000000E+00  0.00000000E+00  0.00000000E+00  0.00000000E+00  0.00000000E+00  0.00000000E+00  0.00000000E+00  0.00000000E+00  0.00000000E+00  0.00000000E+00
 3.90548806E+00  1.71100000E-03  1.77700000E-03  2.07900000E-04  2.34600000E-04  1.14000000E-02  1.14800000E-02  1.30600000E-04  1.34200000E-04  0.00000000E+00  0.00000000E+00  0.00000000E+00  0.00000000E+00  0.00000000E+00  0.00000000E+00  0.00000000E+00  0.00000000E+00  0.00000000E+00  0.00000000E+00
 3.92248806E+00  1.87300000E-03  1.88700000E-03  2.60800000E-04  2.72900000E-04  1.40000000E-02  1.42700000E-02  1.59200000E-04  1.60200000E-04  0.00000000E+00  0.00000000E+00  0.00000000E+00  0.00000000E+00  0.00000000E+00  0.00000000E+00  0.00000000E+00  0.00000000E+00  0.00000000E+00  0.00000000E+00
 3.93948806E+00  1.74100000E-03  1.72100000E-03  2.65600000E-04  2.59500000E-04  1.73100000E-02  1.81900000E-02  1.61400000E-04  1.61000000E-04  0.00000000E+00  0.00000000E+00  0.00000000E+00  0.00000000E+00  0.00000000E+00  0.00000000E+00  0.00000000E+00  0.00000000E+00  0.00000000E+00  0.00000000E+00
 3.95748806E+00  1.51300000E-03  1.50500000E-03  2.30600000E-04  2.17000000E-04  2.21900000E-02  2.43700000E-02  1.48800000E-04  1.50500000E-04  0.00000000E+00  0.00000000E+00  0.00000000E+00  0.00000000E+00  0.00000000E+00  0.00000000E+00  0.00000000E+00  0.00000000E+00  0.00000000E+00  0.00000000E+00
 3.97448806E+00  1.44200000E-03  1.47700000E-03  1.95300000E-04  1.89600000E-04  3.07000000E-02  3.46900000E-02  1.48500000E-04  1.55300000E-04  0.00000000E+00  0.00000000E+00  0.00000000E+00  0.00000000E+00  0.00000000E+00  0.00000000E+00  0.00000000E+00  0.00000000E+00  0.00000000E+00  0.00000000E+00
 3.99248806E+00  1.59600000E-03  1.65800000E-03  1.94300000E-04  2.02000000E-04  4.39000000E-02  4.90300000E-02  1.76400000E-04  1.87400000E-04  0.00000000E+00  0.00000000E+00  0.00000000E+00  0.00000000E+00  0.00000000E+00  0.00000000E+00  0.00000000E+00  0.00000000E+00  0.00000000E+00  0.00000000E+00
 4.00948806E+00  1.79300000E-03  1.83500000E-03  2.24600000E-04  2.37000000E-04  5.85800000E-02  6.27500000E-02  2.18700000E-04  2.28500000E-04  0.00000000E+00  0.00000000E+00  0.00000000E+00  0.00000000E+00  0.00000000E+00  0.00000000E+00  0.00000000E+00  0.00000000E+00  0.00000000E+00  0.00000000E+00
 4.02748806E+00  1.77700000E-03  1.76700000E-03  2.49900000E-04  2.53000000E-04  6.76900000E-02  6.85400000E-02  2.41000000E-04  2.44200000E-04  0.00000000E+00  0.00000000E+00  0.00000000E+00  0.00000000E+00  0.00000000E+00  0.00000000E+00  0.00000000E+00  0.00000000E+00  0.00000000E+00  0.00000000E+00
 4.04448806E+00  1.46000000E-03  1.40700000E-03  2.35800000E-04  2.23700000E-04  6.54700000E-02  6.24500000E-02  2.19300000E-04  2.15400000E-04  0.00000000E+00  0.00000000E+00  0.00000000E+00  0.00000000E+00  0.00000000E+00  0.00000000E+00  0.00000000E+00  0.00000000E+00  0.00000000E+00  0.00000000E+00
 4.06148806E+00  9.73300000E-04  9.11300000E-04  1.80200000E-04  1.58900000E-04  5.27300000E-02  4.76000000E-02  1.61700000E-04  1.55100000E-04  0.00000000E+00  0.00000000E+00  0.00000000E+00  0.00000000E+00  0.00000000E+00  0.00000000E+00  0.00000000E+00  0.00000000E+00  0.00000000E+00  0.00000000E+00
 4.07948806E+00  5.25900000E-04  4.84100000E-04  1.10100000E-04  9.01700000E-05  3.64400000E-02  3.17400000E-02  9.79700000E-05  9.47900000E-05  0.00000000E+00  0.00000000E+00  0.00000000E+00  0.00000000E+00  0.00000000E+00  0.00000000E+00  0.00000000E+00  0.00000000E+00  0.00000000E+00  0.00000000E+00
 4.09648806E+00  2.42200000E-04  2.30100000E-04  5.38700000E-05  4.12900000E-05  2.42000000E-02  2.14900000E-02  5.39600000E-05  5.79300000E-05  0.00000000E+00  0.00000000E+00  0.00000000E+00  0.00000000E+00  0.00000000E+00  0.00000000E+00  0.00000000E+00  0.00000000E+00  0.00000000E+00  0.00000000E+00
 4.11448806E+00  1.28400000E-04  1.44100000E-04  2.19300000E-05  1.64000000E-05  1.93800000E-02  1.89700000E-02  3.80400000E-05  4.97800000E-05  0.00000000E+00  0.00000000E+00  0.00000000E+00  0.00000000E+00  0.00000000E+00  0.00000000E+00  0.00000000E+00  0.00000000E+00  0.00000000E+00  0.00000000E+00
 4.13148806E+00  1.36000000E-04  1.71400000E-04  9.08000000E-06  7.67600000E-06  2.10500000E-02  2.28000000E-02  4.59700000E-05  6.30000000E-05  0.00000000E+00  0.00000000E+00  0.00000000E+00  0.00000000E+00  0.00000000E+00  0.00000000E+00  0.00000000E+00  0.00000000E+00  0.00000000E+00  0.00000000E+00
 4.14848806E+00  2.14900000E-04  2.53000000E-04  6.41000000E-06  6.66500000E-06  2.69500000E-02  3.06000000E-02  6.87100000E-05  8.53000000E-05  0.00000000E+00  0.00000000E+00  0.00000000E+00  0.00000000E+00  0.00000000E+00  0.00000000E+00  0.00000000E+00  0.00000000E+00  0.00000000E+00  0.00000000E+00
 4.16648806E+00  3.27000000E-04  3.45100000E-04  8.52300000E-06  9.14300000E-06  3.51500000E-02  3.98400000E-02  9.52000000E-05  1.04200000E-04  0.00000000E+00  0.00000000E+00  0.00000000E+00  0.00000000E+00  0.00000000E+00  0.00000000E+00  0.00000000E+00  0.00000000E+00  0.00000000E+00  0.00000000E+00
 4.18348806E+00  4.50200000E-04  4.36500000E-04  1.50500000E-05  1.56300000E-05  4.30800000E-02  4.71400000E-02  1.15600000E-04  1.13300000E-04  0.00000000E+00  0.00000000E+00  0.00000000E+00  0.00000000E+00  0.00000000E+00  0.00000000E+00  0.00000000E+00  0.00000000E+00  0.00000000E+00  0.00000000E+00
 4.20148806E+00  5.80700000E-04  5.46200000E-04  2.99500000E-05  3.08400000E-05  4.71500000E-02  4.90300000E-02  1.26500000E-04  1.15800000E-04  0.00000000E+00  0.00000000E+00  0.00000000E+00  0.00000000E+00  0.00000000E+00  0.00000000E+00  0.00000000E+00  0.00000000E+00  0.00000000E+00  0.00000000E+00
 4.21848806E+00  7.13200000E-04  6.83000000E-04  5.89700000E-05  6.14600000E-05  4.52200000E-02  4.46500000E-02  1.30700000E-04  1.18300000E-04  0.00000000E+00  0.00000000E+00  0.00000000E+00  0.00000000E+00  0.00000000E+00  0.00000000E+00  0.00000000E+00  0.00000000E+00  0.00000000E+00  0.00000000E+00
 4.23648806E+00  8.20700000E-04  8.17000000E-04  1.04700000E-04  1.11200000E-04  3.87500000E-02  3.65100000E-02  1.30200000E-04  1.22000000E-04  0.00000000E+00  0.00000000E+00  0.00000000E+00  0.00000000E+00  0.00000000E+00  0.00000000E+00  0.00000000E+00  0.00000000E+00  0.00000000E+00  0.00000000E+00
 4.25348806E+00  8.84600000E-04  9.20900000E-04  1.62800000E-04  1.76300000E-04  3.10800000E-02  2.80700000E-02  1.25500000E-04  1.23600000E-04  0.00000000E+00  0.00000000E+00  0.00000000E+00  0.00000000E+00  0.00000000E+00  0.00000000E+00  0.00000000E+00  0.00000000E+00  0.00000000E+00  0.00000000E+00
 4.27048806E+00  9.49200000E-04  1.03600000E-03  2.24300000E-04  2.45900000E-04  2.42400000E-02  2.12100000E-02  1.20900000E-04  1.25300000E-04  0.00000000E+00  0.00000000E+00  0.00000000E+00  0.00000000E+00  0.00000000E+00  0.00000000E+00  0.00000000E+00  0.00000000E+00  0.00000000E+00  0.00000000E+00
 4.28848806E+00  1.11200000E-03  1.25800000E-03  2.82400000E-04  3.09500000E-04  1.85700000E-02  1.62500000E-02  1.26900000E-04  1.36600000E-04  0.00000000E+00  0.00000000E+00  0.00000000E+00  0.00000000E+00  0.00000000E+00  0.00000000E+00  0.00000000E+00  0.00000000E+00  0.00000000E+00  0.00000000E+00
 4.30548806E+00  1.43600000E-03  1.63600000E-03  3.35600000E-04  3.62300000E-04  1.41300000E-02  1.29000000E-02  1.52300000E-04  1.65500000E-04  0.00000000E+00  0.00000000E+00  0.00000000E+00  0.00000000E+00  0.00000000E+00  0.00000000E+00  0.00000000E+00  0.00000000E+00  0.00000000E+00  0.00000000E+00
 4.32348806E+00  1.87400000E-03  2.09900000E-03  3.85500000E-04  4.05700000E-04  1.11400000E-02  1.06800000E-02  1.97000000E-04  2.10500000E-04  0.00000000E+00  0.00000000E+00  0.00000000E+00  0.00000000E+00  0.00000000E+00  0.00000000E+00  0.00000000E+00  0.00000000E+00  0.00000000E+00  0.00000000E+00
 4.34048806E+00  2.28300000E-03  2.46700000E-03  4.27300000E-04  4.37000000E-04  9.41200000E-03  9.20200000E-03  2.51100000E-04  2.61800000E-04  0.00000000E+00  0.00000000E+00  0.00000000E+00  0.00000000E+00  0.00000000E+00  0.00000000E+00  0.00000000E+00  0.00000000E+00  0.00000000E+00  0.00000000E+00
 4.35748806E+00  2.47800000E-03  2.54600000E-03  4.43100000E-04  4.40200000E-04  8.51900000E-03  8.63200000E-03  2.97900000E-04  3.02700000E-04  0.00000000E+00  0.00000000E+00  0.00000000E+00  0.00000000E+00  0.00000000E+00  0.00000000E+00  0.00000000E+00  0.00000000E+00  0.00000000E+00  0.00000000E+00
 4.37548806E+00  2.32600000E-03  2.24300000E-03  4.09300000E-04  3.95400000E-04  8.58600000E-03  9.72700000E-03  3.15400000E-04  3.13300000E-04  0.00000000E+00  0.00000000E+00  0.00000000E+00  0.00000000E+00  0.00000000E+00  0.00000000E+00  0.00000000E+00  0.00000000E+00  0.00000000E+00  0.00000000E+00
 4.39248806E+00  1.84300000E-03  1.65700000E-03  3.22800000E-04  3.04500000E-04  1.05600000E-02  1.31200000E-02  2.87900000E-04  2.81200000E-04  0.00000000E+00  0.00000000E+00  0.00000000E+00  0.00000000E+00  0.00000000E+00  0.00000000E+00  0.00000000E+00  0.00000000E+00  0.00000000E+00  0.00000000E+00
 4.41048806E+00  1.22300000E-03  1.03000000E-03  2.14400000E-04  2.00900000E-04  1.53100000E-02  1.86400000E-02  2.23100000E-04  2.17000000E-04  0.00000000E+00  0.00000000E+00  0.00000000E+00  0.00000000E+00  0.00000000E+00  0.00000000E+00  0.00000000E+00  0.00000000E+00  0.00000000E+00  0.00000000E+00
 4.42748806E+00  7.21900000E-04  5.96700000E-04  1.29700000E-04  1.27800000E-04  2.25900000E-02  2.53900000E-02  1.53000000E-04  1.54000000E-04  0.00000000E+00  0.00000000E+00  0.00000000E+00  0.00000000E+00  0.00000000E+00  0.00000000E+00  0.00000000E+00  0.00000000E+00  0.00000000E+00  0.00000000E+00
 4.44548806E+00  5.05900000E-04  4.67100000E-04  9.89300000E-05  1.11400000E-04  3.09400000E-02  3.24500000E-02  1.15800000E-04  1.29200000E-04  0.00000000E+00  0.00000000E+00  0.00000000E+00  0.00000000E+00  0.00000000E+00  0.00000000E+00  0.00000000E+00  0.00000000E+00  0.00000000E+00  0.00000000E+00
 4.46248806E+00  6.01100000E-04  6.26400000E-04  1.25200000E-04  1.49400000E-04  3.83800000E-02  3.88100000E-02  1.34400000E-04  1.62000000E-04  0.00000000E+00  0.00000000E+00  0.00000000E+00  0.00000000E+00  0.00000000E+00  0.00000000E+00  0.00000000E+00  0.00000000E+00  0.00000000E+00  0.00000000E+00
 4.47948806E+00  9.24300000E-04  9.74400000E-04  1.87800000E-04  2.14300000E-04  4.29600000E-02  4.27400000E-02  2.07600000E-04  2.44800000E-04  0.00000000E+00  0.00000000E+00  0.00000000E+00  0.00000000E+00  0.00000000E+00  0.00000000E+00  0.00000000E+00  0.00000000E+00  0.00000000E+00  0.00000000E+00
 4.49748806E+00  1.31900000E-03  1.35300000E-03  2.50300000E-04  2.65700000E-04  4.30500000E-02  4.20200000E-02  3.10500000E-04  3.46300000E-04  0.00000000E+00  0.00000000E+00  0.00000000E+00  0.00000000E+00  0.00000000E+00  0.00000000E+00  0.00000000E+00  0.00000000E+00  0.00000000E+00  0.00000000E+00
 4.51448806E+00  1.59900000E-03  1.59500000E-03  2.77000000E-04  2.73400000E-04  3.80200000E-02  3.57600000E-02  4.01200000E-04  4.23600000E-04  0.00000000E+00  0.00000000E+00  0.00000000E+00  0.00000000E+00  0.00000000E+00  0.00000000E+00  0.00000000E+00  0.00000000E+00  0.00000000E+00  0.00000000E+00
 4.53248806E+00  1.63400000E-03  1.59200000E-03  2.54200000E-04  2.34800000E-04  2.90700000E-02  2.58800000E-02  4.37500000E-04  4.41100000E-04  0.00000000E+00  0.00000000E+00  0.00000000E+00  0.00000000E+00  0.00000000E+00  0.00000000E+00  0.00000000E+00  0.00000000E+00  0.00000000E+00  0.00000000E+00
 4.54948806E+00  1.41300000E-03  1.35500000E-03  1.96200000E-04  1.72300000E-04  1.92900000E-02  1.62600000E-02  3.99800000E-04  3.88400000E-04  0.00000000E+00  0.00000000E+00  0.00000000E+00  0.00000000E+00  0.00000000E+00  0.00000000E+00  0.00000000E+00  0.00000000E+00  0.00000000E+00  0.00000000E+00
 4.56748806E+00  1.04200000E-03  9.89400000E-04  1.30800000E-04  1.11700000E-04  1.22500000E-02  1.05800000E-02  3.04300000E-04  2.87000000E-04  0.00000000E+00  0.00000000E+00  0.00000000E+00  0.00000000E+00  0.00000000E+00  0.00000000E+00  0.00000000E+00  0.00000000E+00  0.00000000E+00  0.00000000E+00
 4.58448806E+00  6.64700000E-04  6.28400000E-04  7.79300000E-05  6.69800000E-05  1.05200000E-02  1.09400000E-02  1.92100000E-04  1.77000000E-04  0.00000000E+00  0.00000000E+00  0.00000000E+00  0.00000000E+00  0.00000000E+00  0.00000000E+00  0.00000000E+00  0.00000000E+00  0.00000000E+00  0.00000000E+00
 4.60148806E+00  3.74100000E-04  3.54300000E-04  4.32900000E-05  3.87000000E-05  1.49300000E-02  1.74800000E-02  1.00700000E-04  9.12900000E-05  0.00000000E+00  0.00000000E+00  0.00000000E+00  0.00000000E+00  0.00000000E+00  0.00000000E+00  0.00000000E+00  0.00000000E+00  0.00000000E+00  0.00000000E+00
 4.61948806E+00  1.90200000E-04  1.81500000E-04  2.29800000E-05  2.17600000E-05  2.40100000E-02  2.77900000E-02  4.43500000E-05  3.99600000E-05  0.00000000E+00  0.00000000E+00  0.00000000E+00  0.00000000E+00  0.00000000E+00  0.00000000E+00  0.00000000E+00  0.00000000E+00  0.00000000E+00  0.00000000E+00
 4.63648806E+00  8.88800000E-05  8.59300000E-05  1.16500000E-05  1.17100000E-05  3.34900000E-02  3.67500000E-02  1.68700000E-05  1.53500000E-05  0.00000000E+00  0.00000000E+00  0.00000000E+00  0.00000000E+00  0.00000000E+00  0.00000000E+00  0.00000000E+00  0.00000000E+00  0.00000000E+00  0.00000000E+00
 4.65448806E+00  4.03900000E-05  4.10800000E-05  6.20100000E-06  6.92100000E-06  3.78700000E-02  3.89700000E-02  6.12200000E-06  5.94400000E-06  0.00000000E+00  0.00000000E+00  0.00000000E+00  0.00000000E+00  0.00000000E+00  0.00000000E+00  0.00000000E+00  0.00000000E+00  0.00000000E+00  0.00000000E+00
 4.67148806E+00  2.80100000E-05  3.42300000E-05  6.29300000E-06  8.44800000E-06  3.43600000E-02  3.30400000E-02  3.90300000E-06  4.74100000E-06  0.00000000E+00  0.00000000E+00  0.00000000E+00  0.00000000E+00  0.00000000E+00  0.00000000E+00  0.00000000E+00  0.00000000E+00  0.00000000E+00  0.00000000E+00
 4.68848806E+00  5.30500000E-05  7.22600000E-05  1.48300000E-05  2.09200000E-05  2.51600000E-02  2.26400000E-02  8.40900000E-06  1.11700000E-05  0.00000000E+00  0.00000000E+00  0.00000000E+00  0.00000000E+00  0.00000000E+00  0.00000000E+00  0.00000000E+00  0.00000000E+00  0.00000000E+00  0.00000000E+00
 4.70648806E+00  1.40100000E-04  1.87400000E-04  3.98500000E-05  5.46700000E-05  1.52700000E-02  1.30100000E-02  2.41600000E-05  3.09800000E-05  0.00000000E+00  0.00000000E+00  0.00000000E+00  0.00000000E+00  0.00000000E+00  0.00000000E+00  0.00000000E+00  0.00000000E+00  0.00000000E+00  0.00000000E+00
 4.72348806E+00  3.41200000E-04  4.38800000E-04  9.60500000E-05  1.26400000E-04  8.21900000E-03  6.87500000E-03  6.10800000E-05  7.48600000E-05  0.00000000E+00  0.00000000E+00  0.00000000E+00  0.00000000E+00  0.00000000E+00  0.00000000E+00  0.00000000E+00  0.00000000E+00  0.00000000E+00  0.00000000E+00
 4.74148806E+00  7.22100000E-04  8.90400000E-04  2.01300000E-04  2.52700000E-04  4.52700000E-03  3.99900000E-03  1.29500000E-04  1.52200000E-04  0.00000000E+00  0.00000000E+00  0.00000000E+00  0.00000000E+00  0.00000000E+00  0.00000000E+00  0.00000000E+00  0.00000000E+00  0.00000000E+00  0.00000000E+00
 4.75848806E+00  1.31200000E-03  1.54700000E-03  3.62700000E-04  4.32300000E-04  3.42500000E-03  3.43100000E-03  2.29000000E-04  2.58800000E-04  0.00000000E+00  0.00000000E+00  0.00000000E+00  0.00000000E+00  0.00000000E+00  0.00000000E+00  0.00000000E+00  0.00000000E+00  0.00000000E+00  0.00000000E+00
 4.77648806E+00  2.02400000E-03  2.27100000E-03  5.54400000E-04  6.25300000E-04  5.03900000E-03  5.56800000E-03  3.39700000E-04  3.70100000E-04  0.00000000E+00  0.00000000E+00  0.00000000E+00  0.00000000E+00  0.00000000E+00  0.00000000E+00  0.00000000E+00  0.00000000E+00  0.00000000E+00  0.00000000E+00
 4.79348806E+00  2.62800000E-03  2.79300000E-03  7.12700000E-04  7.60800000E-04  1.11400000E-02  1.26300000E-02  4.29400000E-04  4.52200000E-04  0.00000000E+00  0.00000000E+00  0.00000000E+00  0.00000000E+00  0.00000000E+00  0.00000000E+00  0.00000000E+00  0.00000000E+00  0.00000000E+00  0.00000000E+00
 4.81048806E+00  2.85800000E-03  2.87300000E-03  7.71600000E-04  7.87000000E-04  2.40700000E-02  2.72200000E-02  4.74500000E-04  4.86900000E-04  0.00000000E+00  0.00000000E+00  0.00000000E+00  0.00000000E+00  0.00000000E+00  0.00000000E+00  0.00000000E+00  0.00000000E+00  0.00000000E+00  0.00000000E+00
 4.82848806E+00  2.62500000E-03  2.51600000E-03  7.19900000E-04  7.21400000E-04  4.39800000E-02  4.91600000E-02  4.73600000E-04  4.83100000E-04  0.00000000E+00  0.00000000E+00  0.00000000E+00  0.00000000E+00  0.00000000E+00  0.00000000E+00  0.00000000E+00  0.00000000E+00  0.00000000E+00  0.00000000E+00
 4.84548806E+00  2.11500000E-03  1.99400000E-03  6.18400000E-04  6.36500000E-04  6.63000000E-02  7.25400000E-02  4.44100000E-04  4.63400000E-04  0.00000000E+00  0.00000000E+00  0.00000000E+00  0.00000000E+00  0.00000000E+00  0.00000000E+00  0.00000000E+00  0.00000000E+00  0.00000000E+00  0.00000000E+00
 4.86348806E+00  1.66200000E-03  1.62400000E-03  5.44700000E-04  5.86300000E-04  8.25300000E-02  8.72800000E-02  4.11600000E-04  4.47200000E-04  0.00000000E+00  0.00000000E+00  0.00000000E+00  0.00000000E+00  0.00000000E+00  0.00000000E+00  0.00000000E+00  0.00000000E+00  0.00000000E+00  0.00000000E+00
 4.88048806E+00  1.49400000E-03  1.54000000E-03  5.21300000E-04  5.57900000E-04  8.53700000E-02  8.61000000E-02  4.00100000E-04  4.44000000E-04  0.00000000E+00  0.00000000E+00  0.00000000E+00  0.00000000E+00  0.00000000E+00  0.00000000E+00  0.00000000E+00  0.00000000E+00  0.00000000E+00  0.00000000E+00
 4.89748806E+00  1.59600000E-03  1.65100000E-03  5.04200000E-04  5.01800000E-04  7.41500000E-02  7.04500000E-02  4.18500000E-04  4.53300000E-04  0.00000000E+00  0.00000000E+00  0.00000000E+00  0.00000000E+00  0.00000000E+00  0.00000000E+00  0.00000000E+00  0.00000000E+00  0.00000000E+00  0.00000000E+00
 4.91548806E+00  1.77300000E-03  1.76800000E-03  4.43200000E-04  3.98300000E-04  5.50700000E-02  4.90500000E-02  4.51500000E-04  4.63900000E-04  0.00000000E+00  0.00000000E+00  0.00000000E+00  0.00000000E+00  0.00000000E+00  0.00000000E+00  0.00000000E+00  0.00000000E+00  0.00000000E+00  0.00000000E+00
 4.93248806E+00  1.81600000E-03  1.73600000E-03  3.36600000E-04  2.76200000E-04  3.63900000E-02  3.08700000E-02  4.66800000E-04  4.56600000E-04  0.00000000E+00  0.00000000E+00  0.00000000E+00  0.00000000E+00  0.00000000E+00  0.00000000E+00  0.00000000E+00  0.00000000E+00  0.00000000E+00  0.00000000E+00
 4.95048806E+00  1.62500000E-03  1.50600000E-03  2.22100000E-04  1.74500000E-04  2.37200000E-02  2.02900000E-02  4.35400000E-04  4.13300000E-04  0.00000000E+00  0.00000000E+00  0.00000000E+00  0.00000000E+00  0.00000000E+00  0.00000000E+00  0.00000000E+00  0.00000000E+00  0.00000000E+00  0.00000000E+00
 4.96748806E+00  1.24200000E-03  1.13300000E-03  1.32200000E-04  1.06700000E-04  1.87400000E-02  1.74000000E-02  3.52400000E-04  3.31200000E-04  0.00000000E+00  0.00000000E+00  0.00000000E+00  0.00000000E+00  0.00000000E+00  0.00000000E+00  0.00000000E+00  0.00000000E+00  0.00000000E+00  0.00000000E+00
 4.98548806E+00  8.04500000E-04  7.34700000E-04  7.38500000E-05  6.54700000E-05  2.02400000E-02  2.01400000E-02  2.43700000E-04  2.33300000E-04  0.00000000E+00  0.00000000E+00  0.00000000E+00  0.00000000E+00  0.00000000E+00  0.00000000E+00  0.00000000E+00  0.00000000E+00  0.00000000E+00  0.00000000E+00
 5.00248806E+00  4.52000000E-04  4.34600000E-04  4.11400000E-05  4.30500000E-05  2.52900000E-02  2.54800000E-02  1.52600000E-04  1.61500000E-04  0.00000000E+00  0.00000000E+00  0.00000000E+00  0.00000000E+00  0.00000000E+00  0.00000000E+00  0.00000000E+00  0.00000000E+00  0.00000000E+00  0.00000000E+00
 5.01948806E+00  2.70300000E-04  3.14000000E-04  2.94700000E-05  3.97200000E-05  3.02000000E-02  3.01100000E-02  1.19200000E-04  1.58500000E-04  0.00000000E+00  0.00000000E+00  0.00000000E+00  0.00000000E+00  0.00000000E+00  0.00000000E+00  0.00000000E+00  0.00000000E+00  0.00000000E+00  0.00000000E+00
 5.03748806E+00  2.87400000E-04  4.00500000E-04  3.84900000E-05  5.79600000E-05  3.20300000E-02  3.16100000E-02  1.68100000E-04  2.46400000E-04  0.00000000E+00  0.00000000E+00  0.00000000E+00  0.00000000E+00  0.00000000E+00  0.00000000E+00  0.00000000E+00  0.00000000E+00  0.00000000E+00  0.00000000E+00
 5.05448806E+00  4.90100000E-04  6.58500000E-04  6.78800000E-05  9.50600000E-05  3.01200000E-02  2.96600000E-02  2.98500000E-04  4.06500000E-04  0.00000000E+00  0.00000000E+00  0.00000000E+00  0.00000000E+00  0.00000000E+00  0.00000000E+00  0.00000000E+00  0.00000000E+00  0.00000000E+00  0.00000000E+00
 5.07248806E+00  8.12500000E-04  9.77800000E-04  1.13400000E-04  1.41700000E-04  2.61100000E-02  2.58500000E-02  4.68300000E-04  5.68800000E-04  0.00000000E+00  0.00000000E+00  0.00000000E+00  0.00000000E+00  0.00000000E+00  0.00000000E+00  0.00000000E+00  0.00000000E+00  0.00000000E+00  0.00000000E+00
 5.08948806E+00  1.13000000E-03  1.21200000E-03  1.68300000E-04  1.89500000E-04  2.20600000E-02  2.19700000E-02  5.97400000E-04  6.44600000E-04  0.00000000E+00  0.00000000E+00  0.00000000E+00  0.00000000E+00  0.00000000E+00  0.00000000E+00  0.00000000E+00  0.00000000E+00  0.00000000E+00  0.00000000E+00
 5.10748806E+00  1.32200000E-03  1.28500000E-03  2.30900000E-04  2.41200000E-04  1.90300000E-02  1.88800000E-02  6.16900000E-04  5.93800000E-04  0.00000000E+00  0.00000000E+00  0.00000000E+00  0.00000000E+00  0.00000000E+00  0.00000000E+00  0.00000000E+00  0.00000000E+00  0.00000000E+00  0.00000000E+00
 5.12448806E+00  1.36700000E-03  1.24900000E-03  3.07000000E-04  3.09100000E-04  1.73700000E-02  1.71000000E-02  5.26700000E-04  4.59300000E-04  0.00000000E+00  0.00000000E+00  0.00000000E+00  0.00000000E+00  0.00000000E+00  0.00000000E+00  0.00000000E+00  0.00000000E+00  0.00000000E+00  0.00000000E+00
 5.14148806E+00  1.33500000E-03  1.20800000E-03  3.94500000E-04  3.93700000E-04  1.75300000E-02  1.73400000E-02  3.91400000E-04  3.22100000E-04  0.00000000E+00  0.00000000E+00  0.00000000E+00  0.00000000E+00  0.00000000E+00  0.00000000E+00  0.00000000E+00  0.00000000E+00  0.00000000E+00  0.00000000E+00
 5.15948806E+00  1.27000000E-03  1.18200000E-03  4.64900000E-04  4.64400000E-04  1.95400000E-02  1.96500000E-02  2.76300000E-04  2.30500000E-04  0.00000000E+00  0.00000000E+00  0.00000000E+00  0.00000000E+00  0.00000000E+00  0.00000000E+00  0.00000000E+00  0.00000000E+00  0.00000000E+00  0.00000000E+00
 5.17648806E+00  1.14800000E-03  1.10300000E-03  4.75100000E-04  4.75600000E-04  2.21600000E-02  2.26600000E-02  2.02000000E-04  1.80900000E-04  0.00000000E+00  0.00000000E+00  0.00000000E+00  0.00000000E+00  0.00000000E+00  0.00000000E+00  0.00000000E+00  0.00000000E+00  0.00000000E+00  0.00000000E+00
 5.19448806E+00  9.37200000E-04  9.18900000E-04  4.08700000E-04  4.09800000E-04  2.37100000E-02  2.44900000E-02  1.55500000E-04  1.49400000E-04  0.00000000E+00  0.00000000E+00  0.00000000E+00  0.00000000E+00  0.00000000E+00  0.00000000E+00  0.00000000E+00  0.00000000E+00  0.00000000E+00  0.00000000E+00
 5.21148806E+00  6.77700000E-04  6.71400000E-04  2.95700000E-04  2.97300000E-04  2.35900000E-02  2.43600000E-02  1.20700000E-04  1.21100000E-04  0.00000000E+00  0.00000000E+00  0.00000000E+00  0.00000000E+00  0.00000000E+00  0.00000000E+00  0.00000000E+00  0.00000000E+00  0.00000000E+00  0.00000000E+00
 5.22848806E+00  4.40100000E-04  4.38800000E-04  1.84500000E-04  1.86900000E-04  2.24700000E-02  2.28400000E-02  9.06900000E-05  9.29300000E-05  0.00000000E+00  0.00000000E+00  0.00000000E+00  0.00000000E+00  0.00000000E+00  0.00000000E+00  0.00000000E+00  0.00000000E+00  0.00000000E+00  0.00000000E+00
 5.24648806E+00  2.65500000E-04  2.69400000E-04  1.05700000E-04  1.12000000E-04  2.13200000E-02  2.10600000E-02  6.38600000E-05  6.69900000E-05  0.00000000E+00  0.00000000E+00  0.00000000E+00  0.00000000E+00  0.00000000E+00  0.00000000E+00  0.00000000E+00  0.00000000E+00  0.00000000E+00  0.00000000E+00
 5.26348806E+00  1.61200000E-04  1.79800000E-04  7.01900000E-05  9.00800000E-05  2.08200000E-02  2.01100000E-02  4.29500000E-05  4.96700000E-05  0.00000000E+00  0.00000000E+00  0.00000000E+00  0.00000000E+00  0.00000000E+00  0.00000000E+00  0.00000000E+00  0.00000000E+00  0.00000000E+00  0.00000000E+00
 5.28148806E+00  1.38100000E-04  1.96000000E-04  9.00700000E-05  1.44400000E-04  2.14100000E-02  2.06600000E-02  3.65800000E-05  5.51500000E-05  0.00000000E+00  0.00000000E+00  0.00000000E+00  0.00000000E+00  0.00000000E+00  0.00000000E+00  0.00000000E+00  0.00000000E+00  0.00000000E+00  0.00000000E+00
 5.29848806E+00  2.37400000E-04  3.74900000E-04  1.93700000E-04  3.10800000E-04  2.29500000E-02  2.24600000E-02  6.04200000E-05  1.05300000E-04  0.00000000E+00  0.00000000E+00  0.00000000E+00  0.00000000E+00  0.00000000E+00  0.00000000E+00  0.00000000E+00  0.00000000E+00  0.00000000E+00  0.00000000E+00
 5.31648806E+00  5.26900000E-04  7.76400000E-04  4.12700000E-04  6.05700000E-04  2.47000000E-02  2.45100000E-02  1.35700000E-04  2.20100000E-04  0.00000000E+00  0.00000000E+00  0.00000000E+00  0.00000000E+00  0.00000000E+00  0.00000000E+00  0.00000000E+00  0.00000000E+00  0.00000000E+00  0.00000000E+00
 5.33348806E+00  1.05200000E-03  1.38700000E-03  7.39500000E-04  9.72000000E-04  2.60200000E-02  2.59600000E-02  2.77600000E-04  3.96200000E-04  0.00000000E+00  0.00000000E+00  0.00000000E+00  0.00000000E+00  0.00000000E+00  0.00000000E+00  0.00000000E+00  0.00000000E+00  0.00000000E+00  0.00000000E+00
 5.35048806E+00  1.74400000E-03  2.05000000E-03  1.08700000E-03  1.26800000E-03  2.69900000E-02  2.67900000E-02  4.71300000E-04  5.87700000E-04  0.00000000E+00  0.00000000E+00  0.00000000E+00  0.00000000E+00  0.00000000E+00  0.00000000E+00  0.00000000E+00  0.00000000E+00  0.00000000E+00  0.00000000E+00
 5.36848806E+00  2.39200000E-03  2.52600000E-03  1.31100000E-03  1.35200000E-03  2.79200000E-02  2.72400000E-02  6.61500000E-04  7.25800000E-04  0.00000000E+00  0.00000000E+00  0.00000000E+00  0.00000000E+00  0.00000000E+00  0.00000000E+00  0.00000000E+00  0.00000000E+00  0.00000000E+00  0.00000000E+00
 5.38548806E+00  2.76100000E-03  2.68500000E-03  1.31200000E-03  1.20700000E-03  2.83500000E-02  2.69000000E-02  7.84400000E-04  7.75800000E-04  0.00000000E+00  0.00000000E+00  0.00000000E+00  0.00000000E+00  0.00000000E+00  0.00000000E+00  0.00000000E+00  0.00000000E+00  0.00000000E+00  0.00000000E+00
 5.40348806E+00  2.80600000E-03  2.66000000E-03  1.12000000E-03  9.60100000E-04  2.69400000E-02  2.47600000E-02  8.20600000E-04  7.72700000E-04  0.00000000E+00  0.00000000E+00  0.00000000E+00  0.00000000E+00  0.00000000E+00  0.00000000E+00  0.00000000E+00  0.00000000E+00  0.00000000E+00  0.00000000E+00
 5.42048806E+00  2.73000000E-03  2.74000000E-03  8.72600000E-04  7.77900000E-04  2.28600000E-02  2.04300000E-02  8.08200000E-04  7.89100000E-04  0.00000000E+00  0.00000000E+00  0.00000000E+00  0.00000000E+00  0.00000000E+00  0.00000000E+00  0.00000000E+00  0.00000000E+00  0.00000000E+00  0.00000000E+00
 5.43748806E+00  2.78800000E-03  3.09600000E-03  7.06000000E-04  7.45800000E-04  1.70800000E-02  1.50700000E-02  8.04200000E-04  8.71300000E-04  0.00000000E+00  0.00000000E+00  0.00000000E+00  0.00000000E+00  0.00000000E+00  0.00000000E+00  0.00000000E+00  0.00000000E+00  0.00000000E+00  0.00000000E+00
 5.45548806E+00  3.06400000E-03  3.60700000E-03  6.76600000E-04  8.40300000E-04  1.19500000E-02  1.07900000E-02  8.44700000E-04  1.00800000E-03  0.00000000E+00  0.00000000E+00  0.00000000E+00  0.00000000E+00  0.00000000E+00  0.00000000E+00  0.00000000E+00  0.00000000E+00  0.00000000E+00  0.00000000E+00
 5.47248806E+00  3.41300000E-03  3.94400000E-03  7.58800000E-04  9.67900000E-04  9.46900000E-03  9.27400000E-03  9.29100000E-04  1.13600000E-03  0.00000000E+00  0.00000000E+00  0.00000000E+00  0.00000000E+00  0.00000000E+00  0.00000000E+00  0.00000000E+00  0.00000000E+00  0.00000000E+00  0.00000000E+00
 5.49048806E+00  3.58300000E-03  3.83200000E-03  8.74100000E-04  1.02300000E-03  1.01800000E-02  1.08200000E-02  1.01600000E-03  1.17500000E-03  0.00000000E+00  0.00000000E+00  0.00000000E+00  0.00000000E+00  0.00000000E+00  0.00000000E+00  0.00000000E+00  0.00000000E+00  0.00000000E+00  0.00000000E+00
 5.50748806E+00  3.40900000E-03  3.26800000E-03  9.33200000E-04  9.51500000E-04  1.32400000E-02  1.43300000E-02  1.04100000E-03  1.08000000E-03  0.00000000E+00  0.00000000E+00  0.00000000E+00  0.00000000E+00  0.00000000E+00  0.00000000E+00  0.00000000E+00  0.00000000E+00  0.00000000E+00  0.00000000E+00
 5.52548806E+00  2.93800000E-03  2.50900000E-03  8.93800000E-04  7.90700000E-04  1.69200000E-02  1.77900000E-02  9.69700000E-04  8.88600000E-04  0.00000000E+00  0.00000000E+00  0.00000000E+00  0.00000000E+00  0.00000000E+00  0.00000000E+00  0.00000000E+00  0.00000000E+00  0.00000000E+00  0.00000000E+00
 5.54248806E+00  2.36500000E-03  1.85600000E-03  7.88600000E-04  6.33600000E-04  1.93200000E-02  1.94400000E-02  8.33600000E-04  6.94300000E-04  0.00000000E+00  0.00000000E+00  0.00000000E+00  0.00000000E+00  0.00000000E+00  0.00000000E+00  0.00000000E+00  0.00000000E+00  0.00000000E+00  0.00000000E+00
 5.55948806E+00  1.87000000E-03  1.43800000E-03  6.83300000E-04  5.45600000E-04  1.95600000E-02  1.90300000E-02  7.00000000E-04  5.69500000E-04  0.00000000E+00  0.00000000E+00  0.00000000E+00  0.00000000E+00  0.00000000E+00  0.00000000E+00  0.00000000E+00  0.00000000E+00  0.00000000E+00  0.00000000E+00
 5.57748806E+00  1.51100000E-03  1.21200000E-03  6.09100000E-04  5.18100000E-04  1.86200000E-02  1.84000000E-02  6.07500000E-04  5.17400000E-04  0.00000000E+00  0.00000000E+00  0.00000000E+00  0.00000000E+00  0.00000000E+00  0.00000000E+00  0.00000000E+00  0.00000000E+00  0.00000000E+00  0.00000000E+00
 5.59448806E+00  1.26700000E-03  1.08800000E-03  5.47900000E-04  4.98200000E-04  1.91500000E-02  2.04000000E-02  5.43600000E-04  4.92300000E-04  0.00000000E+00  0.00000000E+00  0.00000000E+00  0.00000000E+00  0.00000000E+00  0.00000000E+00  0.00000000E+00  0.00000000E+00  0.00000000E+00  0.00000000E+00
 5.61248806E+00  1.10700000E-03  1.01500000E-03  4.73500000E-04  4.47900000E-04  2.38600000E-02  2.70100000E-02  4.77500000E-04  4.51000000E-04  0.00000000E+00  0.00000000E+00  0.00000000E+00  0.00000000E+00  0.00000000E+00  0.00000000E+00  0.00000000E+00  0.00000000E+00  0.00000000E+00  0.00000000E+00
 5.62948806E+00  1.00500000E-03  9.66000000E-04  3.86700000E-04  3.72600000E-04  3.34100000E-02  3.74800000E-02  3.97300000E-04  3.84200000E-04  0.00000000E+00  0.00000000E+00  0.00000000E+00  0.00000000E+00  0.00000000E+00  0.00000000E+00  0.00000000E+00  0.00000000E+00  0.00000000E+00  0.00000000E+00
 5.64748806E+00  9.24500000E-04  9.16700000E-04  3.09800000E-04  3.02100000E-04  4.47200000E-02  4.76600000E-02  3.14500000E-04  3.08900000E-04  0.00000000E+00  0.00000000E+00  0.00000000E+00  0.00000000E+00  0.00000000E+00  0.00000000E+00  0.00000000E+00  0.00000000E+00  0.00000000E+00  0.00000000E+00
 5.66448806E+00  8.34000000E-04  8.46800000E-04  2.61000000E-04  2.61000000E-04  5.20000000E-02  5.20200000E-02  2.44800000E-04  2.45000000E-04  0.00000000E+00  0.00000000E+00  0.00000000E+00  0.00000000E+00  0.00000000E+00  0.00000000E+00  0.00000000E+00  0.00000000E+00  0.00000000E+00  0.00000000E+00
 5.68148806E+00  7.36100000E-04  7.74300000E-04  2.52000000E-04  2.65000000E-04  5.06700000E-02  4.76500000E-02  1.96600000E-04  2.04300000E-04  0.00000000E+00  0.00000000E+00  0.00000000E+00  0.00000000E+00  0.00000000E+00  0.00000000E+00  0.00000000E+00  0.00000000E+00  0.00000000E+00  0.00000000E+00
 5.69948806E+00  6.95900000E-04  7.78100000E-04  2.98400000E-04  3.29400000E-04  4.10700000E-02  3.65900000E-02  1.78700000E-04  1.98100000E-04  0.00000000E+00  0.00000000E+00  0.00000000E+00  0.00000000E+00  0.00000000E+00  0.00000000E+00  0.00000000E+00  0.00000000E+00  0.00000000E+00  0.00000000E+00
 5.71648806E+00  8.13200000E-04  9.58500000E-04  4.08800000E-04  4.54600000E-04  2.82500000E-02  2.42100000E-02  2.03100000E-04  2.37400000E-04  0.00000000E+00  0.00000000E+00  0.00000000E+00  0.00000000E+00  0.00000000E+00  0.00000000E+00  0.00000000E+00  0.00000000E+00  0.00000000E+00  0.00000000E+00
 5.73448806E+00  1.12700000E-03  1.32600000E-03  5.51600000E-04  5.95400000E-04  1.79100000E-02  1.53400000E-02  2.69300000E-04  3.14700000E-04  0.00000000E+00  0.00000000E+00  0.00000000E+00  0.00000000E+00  0.00000000E+00  0.00000000E+00  0.00000000E+00  0.00000000E+00  0.00000000E+00  0.00000000E+00
 5.75148806E+00  1.53000000E-03  1.72200000E-03  6.53800000E-04  6.74300000E-04  1.29500000E-02  1.18100000E-02  3.50500000E-04  3.92800000E-04  0.00000000E+00  0.00000000E+00  0.00000000E+00  0.00000000E+00  0.00000000E+00  0.00000000E+00  0.00000000E+00  0.00000000E+00  0.00000000E+00  0.00000000E+00
 5.76848806E+00  1.80500000E-03  1.91000000E-03  6.64200000E-04  6.53900000E-04  1.31200000E-02  1.29700000E-02  4.10200000E-04  4.31700000E-04  0.00000000E+00  0.00000000E+00  0.00000000E+00  0.00000000E+00  0.00000000E+00  0.00000000E+00  0.00000000E+00  0.00000000E+00  0.00000000E+00  0.00000000E+00
 5.78648806E+00  1.81000000E-03  1.79300000E-03  6.14200000E-04  5.91200000E-04  1.69200000E-02  1.74100000E-02  4.40200000E-04  4.34500000E-04  0.00000000E+00  0.00000000E+00  0.00000000E+00  0.00000000E+00  0.00000000E+00  0.00000000E+00  0.00000000E+00  0.00000000E+00  0.00000000E+00  0.00000000E+00
 5.80348806E+00  1.62100000E-03  1.53500000E-03  5.98100000E-04  6.03800000E-04  2.27400000E-02  2.36800000E-02  4.73700000E-04  4.55300000E-04  0.00000000E+00  0.00000000E+00  0.00000000E+00  0.00000000E+00  0.00000000E+00  0.00000000E+00  0.00000000E+00  0.00000000E+00  0.00000000E+00  0.00000000E+00
 5.82148806E+00  1.48200000E-03  1.44400000E-03  6.89400000E-04  7.80200000E-04  2.84200000E-02  2.96100000E-02  5.47200000E-04  5.49200000E-04  0.00000000E+00  0.00000000E+00  0.00000000E+00  0.00000000E+00  0.00000000E+00  0.00000000E+00  0.00000000E+00  0.00000000E+00  0.00000000E+00  0.00000000E+00
 5.83848806E+00  1.59600000E-03  1.72100000E-03  8.93000000E-04  1.12300000E-03  3.10500000E-02  3.22100000E-02  6.54300000E-04  7.14600000E-04  0.00000000E+00  0.00000000E+00  0.00000000E+00  0.00000000E+00  0.00000000E+00  0.00000000E+00  0.00000000E+00  0.00000000E+00  0.00000000E+00  0.00000000E+00
 5.85648806E+00  1.99500000E-03  2.32400000E-03  1.17800000E-03  1.54900000E-03  2.86600000E-02  2.95300000E-02  7.54500000E-04  8.89800000E-04  0.00000000E+00  0.00000000E+00  0.00000000E+00  0.00000000E+00  0.00000000E+00  0.00000000E+00  0.00000000E+00  0.00000000E+00  0.00000000E+00  0.00000000E+00
 5.87348806E+00  2.54400000E-03  3.00000000E-03  1.51400000E-03  1.92500000E-03  2.23100000E-02  2.28600000E-02  8.22300000E-04  1.00600000E-03  0.00000000E+00  0.00000000E+00  0.00000000E+00  0.00000000E+00  0.00000000E+00  0.00000000E+00  0.00000000E+00  0.00000000E+00  0.00000000E+00  0.00000000E+00
 5.89048806E+00  3.03300000E-03  3.47500000E-03  1.83400000E-03  2.12400000E-03  1.57500000E-02  1.62100000E-02  8.62100000E-04  1.03900000E-03  0.00000000E+00  0.00000000E+00  0.00000000E+00  0.00000000E+00  0.00000000E+00  0.00000000E+00  0.00000000E+00  0.00000000E+00  0.00000000E+00  0.00000000E+00
 5.90848806E+00  3.29300000E-03  3.66900000E-03  2.02300000E-03  2.12100000E-03  1.27700000E-02  1.34300000E-02  8.85100000E-04  1.03100000E-03  0.00000000E+00  0.00000000E+00  0.00000000E+00  0.00000000E+00  0.00000000E+00  0.00000000E+00  0.00000000E+00  0.00000000E+00  0.00000000E+00  0.00000000E+00
 5.92548806E+00  3.33500000E-03  3.74400000E-03  2.01900000E-03  2.02500000E-03  1.47800000E-02  1.56900000E-02  9.06300000E-04  1.05200000E-03  0.00000000E+00  0.00000000E+00  0.00000000E+00  0.00000000E+00  0.00000000E+00  0.00000000E+00  0.00000000E+00  0.00000000E+00  0.00000000E+00  0.00000000E+00
 5.94348806E+00  3.36400000E-03  3.87900000E-03  1.91200000E-03  1.97500000E-03  2.02600000E-02  2.11900000E-02  9.59500000E-04  1.13200000E-03  0.00000000E+00  0.00000000E+00  0.00000000E+00  0.00000000E+00  0.00000000E+00  0.00000000E+00  0.00000000E+00  0.00000000E+00  0.00000000E+00  0.00000000E+00
 5.96048806E+00  3.56900000E-03  4.02200000E-03  1.86500000E-03  1.97500000E-03  2.59400000E-02  2.66500000E-02  1.06600000E-03  1.22000000E-03  0.00000000E+00  0.00000000E+00  0.00000000E+00  0.00000000E+00  0.00000000E+00  0.00000000E+00  0.00000000E+00  0.00000000E+00  0.00000000E+00  0.00000000E+00
 5.97848806E+00  3.87000000E-03  3.93300000E-03  1.90500000E-03  1.89800000E-03  2.92000000E-02  2.97900000E-02  1.18300000E-03  1.21800000E-03  0.00000000E+00  0.00000000E+00  0.00000000E+00  0.00000000E+00  0.00000000E+00  0.00000000E+00  0.00000000E+00  0.00000000E+00  0.00000000E+00  0.00000000E+00
 5.99548806E+00  3.98600000E-03  3.50700000E-03  1.89800000E-03  1.65600000E-03  2.98700000E-02  3.05700000E-02  1.22000000E-03  1.08800000E-03  0.00000000E+00  0.00000000E+00  0.00000000E+00  0.00000000E+00  0.00000000E+00  0.00000000E+00  0.00000000E+00  0.00000000E+00  0.00000000E+00  0.00000000E+00
 6.01248806E+00  3.74700000E-03  2.92600000E-03  1.72300000E-03  1.32000000E-03  2.94100000E-02  3.00100000E-02  1.13200000E-03  8.92500000E-04  0.00000000E+00  0.00000000E+00  0.00000000E+00  0.00000000E+00  0.00000000E+00  0.00000000E+00  0.00000000E+00  0.00000000E+00  0.00000000E+00  0.00000000E+00
 6.03048806E+00  3.26700000E-03  2.47100000E-03  1.41800000E-03  1.03300000E-03  2.82500000E-02  2.80700000E-02  9.70600000E-04  7.32800000E-04  0.00000000E+00  0.00000000E+00  0.00000000E+00  0.00000000E+00  0.00000000E+00  0.00000000E+00  0.00000000E+00  0.00000000E+00  0.00000000E+00  0.00000000E+00
 6.04748806E+00  2.77900000E-03  2.24800000E-03  1.11900000E-03  8.77100000E-04  2.53000000E-02  2.39200000E-02  8.19900000E-04  6.58800000E-04  0.00000000E+00  0.00000000E+00  0.00000000E+00  0.00000000E+00  0.00000000E+00  0.00000000E+00  0.00000000E+00  0.00000000E+00  0.00000000E+00  0.00000000E+00
 6.06548806E+00  2.41800000E-03  2.18500000E-03  9.32900000E-04  8.51400000E-04  2.00400000E-02  1.79600000E-02  7.22100000E-04  6.48200000E-04  0.00000000E+00  0.00000000E+00  0.00000000E+00  0.00000000E+00  0.00000000E+00  0.00000000E+00  0.00000000E+00  0.00000000E+00  0.00000000E+00  0.00000000E+00
 6.08248806E+00  2.22100000E-03  2.21400000E-03  9.05800000E-04  9.44200000E-04  1.42300000E-02  1.24500000E-02  6.75800000E-04  6.66000000E-04  0.00000000E+00  0.00000000E+00  0.00000000E+00  0.00000000E+00  0.00000000E+00  0.00000000E+00  0.00000000E+00  0.00000000E+00  0.00000000E+00  0.00000000E+00
 6.09948806E+00  2.22400000E-03  2.35700000E-03  1.03500000E-03  1.13900000E-03  1.07100000E-02  9.98800000E-03  6.89300000E-04  7.18400000E-04  0.00000000E+00  0.00000000E+00  0.00000000E+00  0.00000000E+00  0.00000000E+00  0.00000000E+00  0.00000000E+00  0.00000000E+00  0.00000000E+00  0.00000000E+00
 6.11748806E+00  2.45200000E-03  2.64200000E-03  1.25500000E-03  1.36800000E-03  1.13100000E-02  1.17900000E-02  7.89700000E-04  8.35200000E-04  0.00000000E+00  0.00000000E+00  0.00000000E+00  0.00000000E+00  0.00000000E+00  0.00000000E+00  0.00000000E+00  0.00000000E+00  0.00000000E+00  0.00000000E+00
 6.13448806E+00  2.84100000E-03  3.00400000E-03  1.44200000E-03  1.51500000E-03  1.57000000E-02  1.69600000E-02  9.64000000E-04  1.00300000E-03  0.00000000E+00  0.00000000E+00  0.00000000E+00  0.00000000E+00  0.00000000E+00  0.00000000E+00  0.00000000E+00  0.00000000E+00  0.00000000E+00  0.00000000E+00
 6.15248806E+00  3.21900000E-03  3.31600000E-03  1.48600000E-03  1.51700000E-03  2.14900000E-02  2.26700000E-02  1.12200000E-03  1.14100000E-03  0.00000000E+00  0.00000000E+00  0.00000000E+00  0.00000000E+00  0.00000000E+00  0.00000000E+00  0.00000000E+00  0.00000000E+00  0.00000000E+00  0.00000000E+00
 6.16948806E+00  3.39900000E-03  3.48300000E-03  1.38000000E-03  1.42700000E-03  2.52000000E-02  2.54600000E-02  1.15000000E-03  1.16500000E-03  0.00000000E+00  0.00000000E+00  0.00000000E+00  0.00000000E+00  0.00000000E+00  0.00000000E+00  0.00000000E+00  0.00000000E+00  0.00000000E+00  0.00000000E+00
 6.18748806E+00  3.33000000E-03  3.51700000E-03  1.22500000E-03  1.37500000E-03  2.44200000E-02  2.36400000E-02  1.02200000E-03  1.08700000E-03  0.00000000E+00  0.00000000E+00  0.00000000E+00  0.00000000E+00  0.00000000E+00  0.00000000E+00  0.00000000E+00  0.00000000E+00  0.00000000E+00  0.00000000E+00
 6.20448806E+00  3.18200000E-03  3.53200000E-03  1.16800000E-03  1.45700000E-03  1.96300000E-02  1.85700000E-02  8.42200000E-04  1.02400000E-03  0.00000000E+00  0.00000000E+00  0.00000000E+00  0.00000000E+00  0.00000000E+00  0.00000000E+00  0.00000000E+00  0.00000000E+00  0.00000000E+00  0.00000000E+00
 6.22148806E+00  3.23500000E-03  3.64200000E-03  1.30400000E-03  1.65400000E-03  1.37800000E-02  1.34900000E-02  7.73200000E-04  1.09200000E-03  0.00000000E+00  0.00000000E+00  0.00000000E+00  0.00000000E+00  0.00000000E+00  0.00000000E+00  0.00000000E+00  0.00000000E+00  0.00000000E+00  0.00000000E+00
 6.23948806E+00  3.59100000E-03  3.82200000E-03  1.59300000E-03  1.83700000E-03  1.00400000E-02  1.09000000E-02  9.11200000E-04  1.27800000E-03  0.00000000E+00  0.00000000E+00  0.00000000E+00  0.00000000E+00  0.00000000E+00  0.00000000E+00  0.00000000E+00  0.00000000E+00  0.00000000E+00  0.00000000E+00
 6.25648806E+00  3.98300000E-03  3.87000000E-03  1.85500000E-03  1.85100000E-03  9.81400000E-03  1.11400000E-02  1.19200000E-03  1.42800000E-03  0.00000000E+00  0.00000000E+00  0.00000000E+00  0.00000000E+00  0.00000000E+00  0.00000000E+00  0.00000000E+00  0.00000000E+00  0.00000000E+00  0.00000000E+00
 6.27448806E+00  3.97800000E-03  3.57500000E-03  1.89200000E-03  1.64400000E-03  1.22900000E-02  1.28800000E-02  1.41800000E-03  1.38500000E-03  0.00000000E+00  0.00000000E+00  0.00000000E+00  0.00000000E+00  0.00000000E+00  0.00000000E+00  0.00000000E+00  0.00000000E+00  0.00000000E+00  0.00000000E+00
 6.29148806E+00  3.41700000E-03  2.98100000E-03  1.66400000E-03  1.33600000E-03  1.53700000E-02  1.44800000E-02  1.41400000E-03  1.14000000E-03  0.00000000E+00  0.00000000E+00  0.00000000E+00  0.00000000E+00  0.00000000E+00  0.00000000E+00  0.00000000E+00  0.00000000E+00  0.00000000E+00  0.00000000E+00
 6.30848806E+00  2.63400000E-03  2.46800000E-03  1.36500000E-03  1.18100000E-03  1.70100000E-02  1.49600000E-02  1.18400000E-03  8.45600000E-04  0.00000000E+00  0.00000000E+00  0.00000000E+00  0.00000000E+00  0.00000000E+00  0.00000000E+00  0.00000000E+00  0.00000000E+00  0.00000000E+00  0.00000000E+00
 6.32648806E+00  2.22300000E-03  2.51600000E-03  1.31200000E-03  1.42500000E-03  1.64400000E-02  1.41800000E-02  9.16600000E-04  6.92200000E-04  0.00000000E+00  0.00000000E+00  0.00000000E+00  0.00000000E+00  0.00000000E+00  0.00000000E+00  0.00000000E+00  0.00000000E+00  0.00000000E+00  0.00000000E+00
 6.34348806E+00  2.57700000E-03  3.31800000E-03  1.72000000E-03  2.12600000E-03  1.44000000E-02  1.27500000E-02  8.05700000E-04  7.63700000E-04  0.00000000E+00  0.00000000E+00  0.00000000E+00  0.00000000E+00  0.00000000E+00  0.00000000E+00  0.00000000E+00  0.00000000E+00  0.00000000E+00  0.00000000E+00
 6.36148806E+00  3.59700000E-03  4.60300000E-03  2.51100000E-03  3.06300000E-03  1.24600000E-02  1.17500000E-02  8.97000000E-04  9.97700000E-04  0.00000000E+00  0.00000000E+00  0.00000000E+00  0.00000000E+00  0.00000000E+00  0.00000000E+00  0.00000000E+00  0.00000000E+00  0.00000000E+00  0.00000000E+00
 6.37848806E+00  4.80600000E-03  5.87800000E-03  3.33900000E-03  3.85900000E-03  1.19400000E-02  1.21300000E-02  1.08600000E-03  1.25700000E-03  0.00000000E+00  0.00000000E+00  0.00000000E+00  0.00000000E+00  0.00000000E+00  0.00000000E+00  0.00000000E+00  0.00000000E+00  0.00000000E+00  0.00000000E+00
 6.39648806E+00  5.79500000E-03  6.85200000E-03  3.85800000E-03  4.25800000E-03  1.31100000E-02  1.40500000E-02  1.24900000E-03  1.43500000E-03  0.00000000E+00  0.00000000E+00  0.00000000E+00  0.00000000E+00  0.00000000E+00  0.00000000E+00  0.00000000E+00  0.00000000E+00  0.00000000E+00  0.00000000E+00
 6.41348806E+00  6.58300000E-03  7.56700000E-03  4.00700000E-03  4.26400000E-03  1.51900000E-02  1.66600000E-02  1.34500000E-03  1.49400000E-03  0.00000000E+00  0.00000000E+00  0.00000000E+00  0.00000000E+00  0.00000000E+00  0.00000000E+00  0.00000000E+00  0.00000000E+00  0.00000000E+00  0.00000000E+00
 6.43048806E+00  7.40500000E-03  8.10500000E-03  3.95300000E-03  4.01200000E-03  1.70800000E-02  1.88300000E-02  1.38600000E-03  1.43700000E-03  0.00000000E+00  0.00000000E+00  0.00000000E+00  0.00000000E+00  0.00000000E+00  0.00000000E+00  0.00000000E+00  0.00000000E+00  0.00000000E+00  0.00000000E+00
 6.44848806E+00  8.19000000E-03  8.31600000E-03  3.79400000E-03  3.60000000E-03  1.83500000E-02  2.01700000E-02  1.35500000E-03  1.27700000E-03  0.00000000E+00  0.00000000E+00  0.00000000E+00  0.00000000E+00  0.00000000E+00  0.00000000E+00  0.00000000E+00  0.00000000E+00  0.00000000E+00  0.00000000E+00
 6.46548806E+00  8.46800000E-03  7.95800000E-03  3.48000000E-03  3.09900000E-03  1.94800000E-02  2.13100000E-02  1.22500000E-03  1.06600000E-03  0.00000000E+00  0.00000000E+00  0.00000000E+00  0.00000000E+00  0.00000000E+00  0.00000000E+00  0.00000000E+00  0.00000000E+00  0.00000000E+00  0.00000000E+00
 6.48348806E+00  7.92500000E-03  7.12200000E-03  3.02300000E-03  2.65500000E-03  2.12400000E-02  2.31500000E-02  1.03700000E-03  8.94300000E-04  0.00000000E+00  0.00000000E+00  0.00000000E+00  0.00000000E+00  0.00000000E+00  0.00000000E+00  0.00000000E+00  0.00000000E+00  0.00000000E+00  0.00000000E+00
 6.50048806E+00  6.91000000E-03  6.37600000E-03  2.62500000E-03  2.45700000E-03  2.40900000E-02  2.61500000E-02  8.98900000E-04  8.41400000E-04  0.00000000E+00  0.00000000E+00  0.00000000E+00  0.00000000E+00  0.00000000E+00  0.00000000E+00  0.00000000E+00  0.00000000E+00  0.00000000E+00  0.00000000E+00
 6.51848806E+00  6.23800000E-03  6.35000000E-03  2.50600000E-03  2.56000000E-03  2.79300000E-02  2.98300000E-02  8.86600000E-04  9.01300000E-04  0.00000000E+00  0.00000000E+00  0.00000000E+00  0.00000000E+00  0.00000000E+00  0.00000000E+00  0.00000000E+00  0.00000000E+00  0.00000000E+00  0.00000000E+00
 6.53548806E+00  6.49100000E-03  7.15100000E-03  2.67100000E-03  2.81200000E-03  3.17000000E-02  3.27700000E-02  9.60600000E-04  9.83100000E-04  0.00000000E+00  0.00000000E+00  0.00000000E+00  0.00000000E+00  0.00000000E+00  0.00000000E+00  0.00000000E+00  0.00000000E+00  0.00000000E+00  0.00000000E+00
 6.55248806E+00  7.55800000E-03  8.29600000E-03  2.92800000E-03  3.00700000E-03  3.36100000E-02  3.34300000E-02  1.01600000E-03  9.99500000E-04  0.00000000E+00  0.00000000E+00  0.00000000E+00  0.00000000E+00  0.00000000E+00  0.00000000E+00  0.00000000E+00  0.00000000E+00  0.00000000E+00  0.00000000E+00
 6.57048806E+00  8.83600000E-03  9.25100000E-03  3.12800000E-03  3.12700000E-03  3.32400000E-02  3.23900000E-02  9.94300000E-04  9.52800000E-04  0.00000000E+00  0.00000000E+00  0.00000000E+00  0.00000000E+00  0.00000000E+00  0.00000000E+00  0.00000000E+00  0.00000000E+00  0.00000000E+00  0.00000000E+00
 6.58748806E+00  9.81000000E-03  9.95300000E-03  3.31600000E-03  3.35600000E-03  3.34600000E-02  3.33800000E-02  9.40400000E-04  9.33900000E-04  0.00000000E+00  0.00000000E+00  0.00000000E+00  0.00000000E+00  0.00000000E+00  0.00000000E+00  0.00000000E+00  0.00000000E+00  0.00000000E+00  0.00000000E+00
 6.60548806E+00  1.04700000E-02  1.07300000E-02  3.66000000E-03  3.87200000E-03  3.89500000E-02  4.06700000E-02  9.61100000E-04  1.05500000E-03  0.00000000E+00  0.00000000E+00  0.00000000E+00  0.00000000E+00  0.00000000E+00  0.00000000E+00  0.00000000E+00  0.00000000E+00  0.00000000E+00  0.00000000E+00
 6.62248806E+00  1.11600000E-02  1.18100000E-02  4.25700000E-03  4.64300000E-03  5.12200000E-02  5.42900000E-02  1.15600000E-03  1.37800000E-03  0.00000000E+00  0.00000000E+00  0.00000000E+00  0.00000000E+00  0.00000000E+00  0.00000000E+00  0.00000000E+00  0.00000000E+00  0.00000000E+00  0.00000000E+00
 6.63948806E+00  1.21400000E-02  1.30000000E-02  5.02100000E-03  5.42900000E-03  6.53000000E-02  6.80500000E-02  1.55200000E-03  1.86300000E-03  0.00000000E+00  0.00000000E+00  0.00000000E+00  0.00000000E+00  0.00000000E+00  0.00000000E+00  0.00000000E+00  0.00000000E+00  0.00000000E+00  0.00000000E+00
 6.65748806E+00  1.33000000E-02  1.38300000E-02  5.72700000E-03  5.95000000E-03  7.26700000E-02  7.35700000E-02  2.06900000E-03  2.35600000E-03  0.00000000E+00  0.00000000E+00  0.00000000E+00  0.00000000E+00  0.00000000E+00  0.00000000E+00  0.00000000E+00  0.00000000E+00  0.00000000E+00  0.00000000E+00
 6.67448806E+00  1.42500000E-02  1.38900000E-02  6.16500000E-03  6.07100000E-03  6.85000000E-02  6.72900000E-02  2.52500000E-03  2.65700000E-03  0.00000000E+00  0.00000000E+00  0.00000000E+00  0.00000000E+00  0.00000000E+00  0.00000000E+00  0.00000000E+00  0.00000000E+00  0.00000000E+00  0.00000000E+00
 6.69248806E+00  1.44900000E-02  1.30700000E-02  6.26000000E-03  5.89400000E-03  5.59900000E-02  5.35500000E-02  2.74000000E-03  2.66200000E-03  0.00000000E+00  0.00000000E+00  0.00000000E+00  0.00000000E+00  0.00000000E+00  0.00000000E+00  0.00000000E+00  0.00000000E+00  0.00000000E+00  0.00000000E+00
 6.70948806E+00  1.37700000E-02  1.16600000E-02  6.11900000E-03  5.69600000E-03  4.31600000E-02  4.04800000E-02  2.65900000E-03  2.43800000E-03  0.00000000E+00  0.00000000E+00  0.00000000E+00  0.00000000E+00  0.00000000E+00  0.00000000E+00  0.00000000E+00  0.00000000E+00  0.00000000E+00  0.00000000E+00
 6.72748806E+00  1.22600000E-02  1.01600000E-02  5.97300000E-03  5.73500000E-03  3.57300000E-02  3.32100000E-02  2.40500000E-03  2.17100000E-03  0.00000000E+00  0.00000000E+00  0.00000000E+00  0.00000000E+00  0.00000000E+00  0.00000000E+00  0.00000000E+00  0.00000000E+00  0.00000000E+00  0.00000000E+00
 6.74448806E+00  1.04900000E-02  8.96900000E-03  6.01200000E-03  6.06000000E-03  3.34100000E-02  3.09600000E-02  2.17100000E-03  2.01200000E-03  0.00000000E+00  0.00000000E+00  0.00000000E+00  0.00000000E+00  0.00000000E+00  0.00000000E+00  0.00000000E+00  0.00000000E+00  0.00000000E+00  0.00000000E+00
 6.76148806E+00  9.02000000E-03  8.28500000E-03  6.23200000E-03  6.50900000E-03  3.20700000E-02  2.96300000E-02  2.06300000E-03  1.99700000E-03  0.00000000E+00  0.00000000E+00  0.00000000E+00  0.00000000E+00  0.00000000E+00  0.00000000E+00  0.00000000E+00  0.00000000E+00  0.00000000E+00  0.00000000E+00
 6.77948806E+00  8.19600000E-03  8.16300000E-03  6.46600000E-03  6.85400000E-03  2.85300000E-02  2.62900000E-02  2.05800000E-03  2.06400000E-03  0.00000000E+00  0.00000000E+00  0.00000000E+00  0.00000000E+00  0.00000000E+00  0.00000000E+00  0.00000000E+00  0.00000000E+00  0.00000000E+00  0.00000000E+00
 6.79648806E+00  8.05500000E-03  8.41200000E-03  6.54800000E-03  6.89600000E-03  2.30700000E-02  2.13500000E-02  2.07300000E-03  2.12000000E-03  0.00000000E+00  0.00000000E+00  0.00000000E+00  0.00000000E+00  0.00000000E+00  0.00000000E+00  0.00000000E+00  0.00000000E+00  0.00000000E+00  0.00000000E+00
 6.81448806E+00  8.27800000E-03  8.49300000E-03  6.36200000E-03  6.44900000E-03  1.83200000E-02  1.72900000E-02  2.03000000E-03  2.06300000E-03  0.00000000E+00  0.00000000E+00  0.00000000E+00  0.00000000E+00  0.00000000E+00  0.00000000E+00  0.00000000E+00  0.00000000E+00  0.00000000E+00  0.00000000E+00
 6.83148806E+00  8.25000000E-03  7.82200000E-03  5.78900000E-03  5.41100000E-03  1.63800000E-02  1.60000000E-02  1.86800000E-03  1.83000000E-03  0.00000000E+00  0.00000000E+00  0.00000000E+00  0.00000000E+00  0.00000000E+00  0.00000000E+00  0.00000000E+00  0.00000000E+00  0.00000000E+00  0.00000000E+00
 6.84848806E+00  7.47800000E-03  6.32500000E-03  4.76600000E-03  3.94700000E-03  1.72700000E-02  1.74600000E-02  1.57500000E-03  1.46100000E-03  0.00000000E+00  0.00000000E+00  0.00000000E+00  0.00000000E+00  0.00000000E+00  0.00000000E+00  0.00000000E+00  0.00000000E+00  0.00000000E+00  0.00000000E+00
 6.86648806E+00  6.02100000E-03  4.55300000E-03  3.44000000E-03  2.47200000E-03  1.96000000E-02  2.03200000E-02  1.24200000E-03  1.11800000E-03  0.00000000E+00  0.00000000E+00  0.00000000E+00  0.00000000E+00  0.00000000E+00  0.00000000E+00  0.00000000E+00  0.00000000E+00  0.00000000E+00  0.00000000E+00
 6.88348806E+00  4.44200000E-03  3.18800000E-03  2.16300000E-03  1.37600000E-03  2.20500000E-02  2.32600000E-02  1.03000000E-03  9.60700000E-04  0.00000000E+00  0.00000000E+00  0.00000000E+00  0.00000000E+00  0.00000000E+00  0.00000000E+00  0.00000000E+00  0.00000000E+00  0.00000000E+00  0.00000000E+00
 6.90148806E+00  3.34900000E-03  2.57000000E-03  1.27400000E-03  8.29000000E-04  2.40400000E-02  2.55000000E-02  1.04500000E-03  1.02700000E-03  0.00000000E+00  0.00000000E+00  0.00000000E+00  0.00000000E+00  0.00000000E+00  0.00000000E+00  0.00000000E+00  0.00000000E+00  0.00000000E+00  0.00000000E+00
 6.91848806E+00  3.01900000E-03  2.68900000E-03  9.37500000E-04  8.34200000E-04  2.52300000E-02  2.63300000E-02  1.24200000E-03  1.22700000E-03  0.00000000E+00  0.00000000E+00  0.00000000E+00  0.00000000E+00  0.00000000E+00  0.00000000E+00  0.00000000E+00  0.00000000E+00  0.00000000E+00  0.00000000E+00
 6.93648806E+00  3.40400000E-03  3.41700000E-03  1.18500000E-03  1.39200000E-03  2.49500000E-02  2.50800000E-02  1.49000000E-03  1.45400000E-03  0.00000000E+00  0.00000000E+00  0.00000000E+00  0.00000000E+00  0.00000000E+00  0.00000000E+00  0.00000000E+00  0.00000000E+00  0.00000000E+00  0.00000000E+00
 6.95348806E+00  4.33200000E-03  4.63000000E-03  2.02900000E-03  2.51800000E-03  2.28500000E-02  2.19500000E-02  1.70400000E-03  1.68300000E-03  0.00000000E+00  0.00000000E+00  0.00000000E+00  0.00000000E+00  0.00000000E+00  0.00000000E+00  0.00000000E+00  0.00000000E+00  0.00000000E+00  0.00000000E+00
 6.97048806E+00  5.62900000E-03  6.13700000E-03  3.44500000E-03  4.09100000E-03  1.96300000E-02  1.82300000E-02  1.89700000E-03  1.92600000E-03  0.00000000E+00  0.00000000E+00  0.00000000E+00  0.00000000E+00  0.00000000E+00  0.00000000E+00  0.00000000E+00  0.00000000E+00  0.00000000E+00  0.00000000E+00
 6.98848806E+00  7.07300000E-03  7.59900000E-03  5.19900000E-03  5.69700000E-03  1.66600000E-02  1.53300000E-02  2.09200000E-03  2.14000000E-03  0.00000000E+00  0.00000000E+00  0.00000000E+00  0.00000000E+00  0.00000000E+00  0.00000000E+00  0.00000000E+00  0.00000000E+00  0.00000000E+00  0.00000000E+00
 7.00548806E+00  8.31900000E-03  8.60700000E-03  6.73200000E-03  6.73800000E-03  1.48500000E-02  1.38300000E-02  2.23600000E-03  2.22800000E-03  0.00000000E+00  0.00000000E+00  0.00000000E+00  0.00000000E+00  0.00000000E+00  0.00000000E+00  0.00000000E+00  0.00000000E+00  0.00000000E+00  0.00000000E+00
 7.02348806E+00  9.02100000E-03  8.90200000E-03  7.40800000E-03  6.82700000E-03  1.44000000E-02  1.36800000E-02  2.24000000E-03  2.15300000E-03  0.00000000E+00  0.00000000E+00  0.00000000E+00  0.00000000E+00  0.00000000E+00  0.00000000E+00  0.00000000E+00  0.00000000E+00  0.00000000E+00  0.00000000E+00
 7.04048806E+00  9.03800000E-03  8.51900000E-03  7.00400000E-03  6.10500000E-03  1.50500000E-02  1.45700000E-02  2.10000000E-03  1.99300000E-03  0.00000000E+00  0.00000000E+00  0.00000000E+00  0.00000000E+00  0.00000000E+00  0.00000000E+00  0.00000000E+00  0.00000000E+00  0.00000000E+00  0.00000000E+00
 7.05848806E+00  8.48700000E-03  7.73000000E-03  5.90400000E-03  5.11200000E-03  1.62000000E-02  1.59200000E-02  1.92300000E-03  1.87900000E-03  0.00000000E+00  0.00000000E+00  0.00000000E+00  0.00000000E+00  0.00000000E+00  0.00000000E+00  0.00000000E+00  0.00000000E+00  0.00000000E+00  0.00000000E+00
 7.07548806E+00  7.66000000E-03  6.94500000E-03  4.77400000E-03  4.37800000E-03  1.68900000E-02  1.67200000E-02  1.83700000E-03  1.88600000E-03  0.00000000E+00  0.00000000E+00  0.00000000E+00  0.00000000E+00  0.00000000E+00  0.00000000E+00  0.00000000E+00  0.00000000E+00  0.00000000E+00  0.00000000E+00
 7.09248806E+00  7.01200000E-03  6.68300000E-03  4.11400000E-03  4.16500000E-03  1.62700000E-02  1.61200000E-02  1.88800000E-03  1.98900000E-03  0.00000000E+00  0.00000000E+00  0.00000000E+00  0.00000000E+00  0.00000000E+00  0.00000000E+00  0.00000000E+00  0.00000000E+00  0.00000000E+00  0.00000000E+00
 7.11048806E+00  7.14600000E-03  7.46200000E-03  4.08000000E-03  4.44300000E-03  1.42800000E-02  1.41800000E-02  2.04000000E-03  2.12500000E-03  0.00000000E+00  0.00000000E+00  0.00000000E+00  0.00000000E+00  0.00000000E+00  0.00000000E+00  0.00000000E+00  0.00000000E+00  0.00000000E+00  0.00000000E+00
 7.12748806E+00  8.55300000E-03  9.46500000E-03  4.50300000E-03  4.92700000E-03  1.17800000E-02  1.17900000E-02  2.22900000E-03  2.24300000E-03  0.00000000E+00  0.00000000E+00  0.00000000E+00  0.00000000E+00  0.00000000E+00  0.00000000E+00  0.00000000E+00  0.00000000E+00  0.00000000E+00  0.00000000E+00
 7.14548806E+00  1.11200000E-02  1.22500000E-02  4.96600000E-03  5.20400000E-03  9.91900000E-03  1.01500000E-02  2.38900000E-03  2.32000000E-03  0.00000000E+00  0.00000000E+00  0.00000000E+00  0.00000000E+00  0.00000000E+00  0.00000000E+00  0.00000000E+00  0.00000000E+00  0.00000000E+00  0.00000000E+00
 7.16248806E+00  1.39700000E-02  1.49900000E-02  5.05000000E-03  5.06300000E-03  9.76700000E-03  1.04400000E-02  2.47300000E-03  2.37200000E-03  0.00000000E+00  0.00000000E+00  0.00000000E+00  0.00000000E+00  0.00000000E+00  0.00000000E+00  0.00000000E+00  0.00000000E+00  0.00000000E+00  0.00000000E+00
 7.17948806E+00  1.60100000E-02  1.70400000E-02  4.67900000E-03  4.74200000E-03  1.22800000E-02  1.37200000E-02  2.49900000E-03  2.48300000E-03  0.00000000E+00  0.00000000E+00  0.00000000E+00  0.00000000E+00  0.00000000E+00  0.00000000E+00  0.00000000E+00  0.00000000E+00  0.00000000E+00  0.00000000E+00
 7.19748806E+00  1.67900000E-02  1.82600000E-02  4.22300000E-03  4.71900000E-03  1.77900000E-02  2.01300000E-02  2.57700000E-03  2.78000000E-03  0.00000000E+00  0.00000000E+00  0.00000000E+00  0.00000000E+00  0.00000000E+00  0.00000000E+00  0.00000000E+00  0.00000000E+00  0.00000000E+00  0.00000000E+00
 7.21448806E+00  1.67600000E-02  1.88200000E-02  4.17200000E-03  5.22000000E-03  2.48300000E-02  2.75900000E-02  2.85400000E-03  3.33400000E-03  0.00000000E+00  0.00000000E+00  0.00000000E+00  0.00000000E+00  0.00000000E+00  0.00000000E+00  0.00000000E+00  0.00000000E+00  0.00000000E+00  0.00000000E+00
 7.23248806E+00  1.68000000E-02  1.88800000E-02  4.72500000E-03  6.03400000E-03  3.00900000E-02  3.22900000E-02  3.41800000E-03  4.08900000E-03  0.00000000E+00  0.00000000E+00  0.00000000E+00  0.00000000E+00  0.00000000E+00  0.00000000E+00  0.00000000E+00  0.00000000E+00  0.00000000E+00  0.00000000E+00
 7.24948806E+00  1.73800000E-02  1.85600000E-02  5.68900000E-03  6.78300000E-03  3.06800000E-02  3.16600000E-02  4.25000000E-03  4.87400000E-03  0.00000000E+00  0.00000000E+00  0.00000000E+00  0.00000000E+00  0.00000000E+00  0.00000000E+00  0.00000000E+00  0.00000000E+00  0.00000000E+00  0.00000000E+00
 7.26748806E+00  1.83300000E-02  1.82000000E-02  6.67700000E-03  7.26600000E-03  2.69400000E-02  2.69500000E-02  5.20200000E-03  5.48700000E-03  0.00000000E+00  0.00000000E+00  0.00000000E+00  0.00000000E+00  0.00000000E+00  0.00000000E+00  0.00000000E+00  0.00000000E+00  0.00000000E+00  0.00000000E+00
 7.28448806E+00  1.93600000E-02  1.84300000E-02  7.39800000E-03  7.52700000E-03  2.22700000E-02  2.21400000E-02  6.04800000E-03  5.81800000E-03  0.00000000E+00  0.00000000E+00  0.00000000E+00  0.00000000E+00  0.00000000E+00  0.00000000E+00  0.00000000E+00  0.00000000E+00  0.00000000E+00  0.00000000E+00
 7.30148806E+00  2.06800000E-02  1.99300000E-02  7.79700000E-03  7.71800000E-03  2.00700000E-02  2.03300000E-02  6.60400000E-03  5.93300000E-03  0.00000000E+00  0.00000000E+00  0.00000000E+00  0.00000000E+00  0.00000000E+00  0.00000000E+00  0.00000000E+00  0.00000000E+00  0.00000000E+00  0.00000000E+00
 7.31948806E+00  2.29400000E-02  2.29400000E-02  8.02300000E-03  7.97600000E-03  2.12000000E-02  2.15300000E-02  6.85100000E-03  6.00700000E-03  0.00000000E+00  0.00000000E+00  0.00000000E+00  0.00000000E+00  0.00000000E+00  0.00000000E+00  0.00000000E+00  0.00000000E+00  0.00000000E+00  0.00000000E+00
 7.33648806E+00  2.64800000E-02  2.70700000E-02  8.29000000E-03  8.34300000E-03  2.41100000E-02  2.37400000E-02  6.92000000E-03  6.15500000E-03  0.00000000E+00  0.00000000E+00  0.00000000E+00  0.00000000E+00  0.00000000E+00  0.00000000E+00  0.00000000E+00  0.00000000E+00  0.00000000E+00  0.00000000E+00
 7.35448806E+00  3.09200000E-02  3.15800000E-02  8.71100000E-03  8.74900000E-03  2.72500000E-02  2.58600000E-02  6.92900000E-03  6.34800000E-03  0.00000000E+00  0.00000000E+00  0.00000000E+00  0.00000000E+00  0.00000000E+00  0.00000000E+00  0.00000000E+00  0.00000000E+00  0.00000000E+00  0.00000000E+00
 7.37148806E+00  3.53600000E-02  3.56500000E-02  9.20400000E-03  9.05100000E-03  3.08500000E-02  2.88800000E-02  6.88100000E-03  6.46400000E-03  0.00000000E+00  0.00000000E+00  0.00000000E+00  0.00000000E+00  0.00000000E+00  0.00000000E+00  0.00000000E+00  0.00000000E+00  0.00000000E+00  0.00000000E+00
 7.38948806E+00  3.86600000E-02  3.82100000E-02  9.55200000E-03  9.14800000E-03  3.55700000E-02  3.37200000E-02  6.69500000E-03  6.36200000E-03  0.00000000E+00  0.00000000E+00  0.00000000E+00  0.00000000E+00  0.00000000E+00  0.00000000E+00  0.00000000E+00  0.00000000E+00  0.00000000E+00  0.00000000E+00
 7.40648806E+00  3.95900000E-02  3.81500000E-02  9.62000000E-03  9.08600000E-03  3.97700000E-02  3.82800000E-02  6.29600000E-03  5.97600000E-03  0.00000000E+00  0.00000000E+00  0.00000000E+00  0.00000000E+00  0.00000000E+00  0.00000000E+00  0.00000000E+00  0.00000000E+00  0.00000000E+00  0.00000000E+00
 7.42348806E+00  3.78200000E-02  3.56300000E-02  9.50100000E-03  9.03000000E-03  3.96300000E-02  3.83400000E-02  5.74700000E-03  5.45100000E-03  0.00000000E+00  0.00000000E+00  0.00000000E+00  0.00000000E+00  0.00000000E+00  0.00000000E+00  0.00000000E+00  0.00000000E+00  0.00000000E+00  0.00000000E+00
 7.44148806E+00  3.49800000E-02  3.30500000E-02  9.39200000E-03  9.06800000E-03  3.32200000E-02  3.20600000E-02  5.30800000E-03  5.14200000E-03  0.00000000E+00  0.00000000E+00  0.00000000E+00  0.00000000E+00  0.00000000E+00  0.00000000E+00  0.00000000E+00  0.00000000E+00  0.00000000E+00  0.00000000E+00
 7.45848806E+00  3.41500000E-02  3.36500000E-02  9.34300000E-03  9.08200000E-03  2.31300000E-02  2.22200000E-02  5.27500000E-03  5.31200000E-03  0.00000000E+00  0.00000000E+00  0.00000000E+00  0.00000000E+00  0.00000000E+00  0.00000000E+00  0.00000000E+00  0.00000000E+00  0.00000000E+00  0.00000000E+00
 7.47648806E+00  3.76600000E-02  3.89400000E-02  9.28300000E-03  8.98700000E-03  1.42100000E-02  1.37000000E-02  5.68800000E-03  5.84700000E-03  0.00000000E+00  0.00000000E+00  0.00000000E+00  0.00000000E+00  0.00000000E+00  0.00000000E+00  0.00000000E+00  0.00000000E+00  0.00000000E+00  0.00000000E+00
 7.49348806E+00  4.51300000E-02  4.74600000E-02  9.35300000E-03  9.07000000E-03  9.59200000E-03  9.48900000E-03  6.27600000E-03  6.37600000E-03  0.00000000E+00  0.00000000E+00  0.00000000E+00  0.00000000E+00  0.00000000E+00  0.00000000E+00  0.00000000E+00  0.00000000E+00  0.00000000E+00  0.00000000E+00
 7.51048806E+00  5.34500000E-02  5.56600000E-02  9.97900000E-03  9.85900000E-03  9.44500000E-03  9.73400000E-03  6.74800000E-03  6.69900000E-03  0.00000000E+00  0.00000000E+00  0.00000000E+00  0.00000000E+00  0.00000000E+00  0.00000000E+00  0.00000000E+00  0.00000000E+00  0.00000000E+00  0.00000000E+00
 7.52848806E+00  5.89300000E-02  6.02700000E-02  1.14400000E-02  1.15500000E-02  1.26000000E-02  1.33400000E-02  7.12900000E-03  7.01200000E-03  0.00000000E+00  0.00000000E+00  0.00000000E+00  0.00000000E+00  0.00000000E+00  0.00000000E+00  0.00000000E+00  0.00000000E+00  0.00000000E+00  0.00000000E+00
 7.54548806E+00  5.99200000E-02  6.05100000E-02  1.34500000E-02  1.37100000E-02  1.81100000E-02  1.94500000E-02  7.71700000E-03  7.68500000E-03  0.00000000E+00  0.00000000E+00  0.00000000E+00  0.00000000E+00  0.00000000E+00  0.00000000E+00  0.00000000E+00  0.00000000E+00  0.00000000E+00  0.00000000E+00
 7.56348806E+00  5.81100000E-02  5.86500000E-02  1.54100000E-02  1.57000000E-02  2.53200000E-02  2.73100000E-02  8.75300000E-03  8.89700000E-03  0.00000000E+00  0.00000000E+00  0.00000000E+00  0.00000000E+00  0.00000000E+00  0.00000000E+00  0.00000000E+00  0.00000000E+00  0.00000000E+00  0.00000000E+00
 7.58048806E+00  5.70600000E-02  5.80300000E-02  1.69800000E-02  1.72500000E-02  3.30400000E-02  3.53600000E-02  1.02200000E-02  1.05300000E-02  0.00000000E+00  0.00000000E+00  0.00000000E+00  0.00000000E+00  0.00000000E+00  0.00000000E+00  0.00000000E+00  0.00000000E+00  0.00000000E+00  0.00000000E+00
 7.59848806E+00  5.90000000E-02  5.99000000E-02  1.82300000E-02  1.83900000E-02  3.92200000E-02  4.11700000E-02  1.18600000E-02  1.22300000E-02  0.00000000E+00  0.00000000E+00  0.00000000E+00  0.00000000E+00  0.00000000E+00  0.00000000E+00  0.00000000E+00  0.00000000E+00  0.00000000E+00  0.00000000E+00
 7.61548806E+00  6.22600000E-02  6.17800000E-02  1.90200000E-02  1.88400000E-02  4.21100000E-02  4.29100000E-02  1.32300000E-02  1.34500000E-02  0.00000000E+00  0.00000000E+00  0.00000000E+00  0.00000000E+00  0.00000000E+00  0.00000000E+00  0.00000000E+00  0.00000000E+00  0.00000000E+00  0.00000000E+00
 7.63248806E+00  6.21100000E-02  5.92800000E-02  1.86300000E-02  1.79600000E-02  4.14200000E-02  4.07700000E-02  1.36700000E-02  1.35600000E-02  0.00000000E+00  0.00000000E+00  0.00000000E+00  0.00000000E+00  0.00000000E+00  0.00000000E+00  0.00000000E+00  0.00000000E+00  0.00000000E+00  0.00000000E+00
 7.65048806E+00  5.49700000E-02  5.03500000E-02  1.64300000E-02  1.54100000E-02  3.81700000E-02  3.64800000E-02  1.27000000E-02  1.22400000E-02  0.00000000E+00  0.00000000E+00  0.00000000E+00  0.00000000E+00  0.00000000E+00  0.00000000E+00  0.00000000E+00  0.00000000E+00  0.00000000E+00  0.00000000E+00
 7.66748806E+00  4.22200000E-02  3.76000000E-02  1.28200000E-02  1.18600000E-02  3.34200000E-02  3.13700000E-02  1.04900000E-02  9.93700000E-03  0.00000000E+00  0.00000000E+00  0.00000000E+00  0.00000000E+00  0.00000000E+00  0.00000000E+00  0.00000000E+00  0.00000000E+00  0.00000000E+00  0.00000000E+00
 7.68548806E+00  2.93500000E-02  2.64800000E-02  9.20700000E-03  8.74900000E-03  2.77500000E-02  2.58900000E-02  8.11600000E-03  7.83700000E-03  0.00000000E+00  0.00000000E+00  0.00000000E+00  0.00000000E+00  0.00000000E+00  0.00000000E+00  0.00000000E+00  0.00000000E+00  0.00000000E+00  0.00000000E+00
 7.70248806E+00  2.17800000E-02  2.14500000E-02  7.10200000E-03  7.38200000E-03  2.21000000E-02  2.06800000E-02  6.96000000E-03  7.28800000E-03  0.00000000E+00  0.00000000E+00  0.00000000E+00  0.00000000E+00  0.00000000E+00  0.00000000E+00  0.00000000E+00  0.00000000E+00  0.00000000E+00  0.00000000E+00
 7.71948806E+00  2.18100000E-02  2.38700000E-02  7.28600000E-03  8.28800000E-03  1.80600000E-02  1.71200000E-02  8.04300000E-03  9.08900000E-03  0.00000000E+00  0.00000000E+00  0.00000000E+00  0.00000000E+00  0.00000000E+00  0.00000000E+00  0.00000000E+00  0.00000000E+00  0.00000000E+00  0.00000000E+00
 7.73748806E+00  2.84300000E-02  3.20800000E-02  9.59000000E-03  1.10400000E-02  1.66500000E-02  1.61000000E-02  1.14600000E-02  1.29900000E-02  0.00000000E+00  0.00000000E+00  0.00000000E+00  0.00000000E+00  0.00000000E+00  0.00000000E+00  0.00000000E+00  0.00000000E+00  0.00000000E+00  0.00000000E+00
 7.75448806E+00  3.84200000E-02  4.24200000E-02  1.30000000E-02  1.44200000E-02  1.72200000E-02  1.69100000E-02  1.61800000E-02  1.76400000E-02  0.00000000E+00  0.00000000E+00  0.00000000E+00  0.00000000E+00  0.00000000E+00  0.00000000E+00  0.00000000E+00  0.00000000E+00  0.00000000E+00  0.00000000E+00
 7.77248806E+00  4.77500000E-02  5.07300000E-02  1.60100000E-02  1.69400000E-02  1.80300000E-02  1.78400000E-02  2.04700000E-02  2.12700000E-02  0.00000000E+00  0.00000000E+00  0.00000000E+00  0.00000000E+00  0.00000000E+00  0.00000000E+00  0.00000000E+00  0.00000000E+00  0.00000000E+00  0.00000000E+00
 7.78948806E+00  5.31400000E-02  5.41200000E-02  1.73900000E-02  1.76600000E-02  1.78200000E-02  1.77200000E-02  2.29600000E-02  2.28600000E-02  0.00000000E+00  0.00000000E+00  0.00000000E+00  0.00000000E+00  0.00000000E+00  0.00000000E+00  0.00000000E+00  0.00000000E+00  0.00000000E+00  0.00000000E+00
 7.80748806E+00  5.34000000E-02  5.24700000E-02  1.69800000E-02  1.68700000E-02  1.66200000E-02  1.66000000E-02  2.35300000E-02  2.27800000E-02  0.00000000E+00  0.00000000E+00  0.00000000E+00  0.00000000E+00  0.00000000E+00  0.00000000E+00  0.00000000E+00  0.00000000E+00  0.00000000E+00  0.00000000E+00
 7.82448806E+00  4.99200000E-02  4.82500000E-02  1.59100000E-02  1.61100000E-02  1.50700000E-02  1.51200000E-02  2.33700000E-02  2.26100000E-02  0.00000000E+00  0.00000000E+00  0.00000000E+00  0.00000000E+00  0.00000000E+00  0.00000000E+00  0.00000000E+00  0.00000000E+00  0.00000000E+00  0.00000000E+00
 7.84148806E+00  4.59800000E-02  4.51700000E-02  1.60700000E-02  1.73200000E-02  1.35600000E-02  1.35600000E-02  2.44400000E-02  2.43300000E-02  0.00000000E+00  0.00000000E+00  0.00000000E+00  0.00000000E+00  0.00000000E+00  0.00000000E+00  0.00000000E+00  0.00000000E+00  0.00000000E+00  0.00000000E+00
 7.85948806E+00  4.52200000E-02  4.63700000E-02  1.90900000E-02  2.16300000E-02  1.21300000E-02  1.20300000E-02  2.86100000E-02  2.95600000E-02  0.00000000E+00  0.00000000E+00  0.00000000E+00  0.00000000E+00  0.00000000E+00  0.00000000E+00  0.00000000E+00  0.00000000E+00  0.00000000E+00  0.00000000E+00
 7.87648806E+00  4.96200000E-02  5.26100000E-02  2.51700000E-02  2.84000000E-02  1.11000000E-02  1.09700000E-02  3.69400000E-02  3.89700000E-02  0.00000000E+00  0.00000000E+00  0.00000000E+00  0.00000000E+00  0.00000000E+00  0.00000000E+00  0.00000000E+00  0.00000000E+00  0.00000000E+00  0.00000000E+00
 7.89448806E+00  5.78700000E-02  6.13800000E-02  3.24700000E-02  3.51400000E-02  1.10000000E-02  1.08700000E-02  4.89100000E-02  5.16000000E-02  0.00000000E+00  0.00000000E+00  0.00000000E+00  0.00000000E+00  0.00000000E+00  0.00000000E+00  0.00000000E+00  0.00000000E+00  0.00000000E+00  0.00000000E+00
 7.91148806E+00  6.55500000E-02  6.79200000E-02  3.78400000E-02  3.89000000E-02  1.19300000E-02  1.17100000E-02  6.17200000E-02  6.42000000E-02  0.00000000E+00  0.00000000E+00  0.00000000E+00  0.00000000E+00  0.00000000E+00  0.00000000E+00  0.00000000E+00  0.00000000E+00  0.00000000E+00  0.00000000E+00
 7.92948806E+00  6.80500000E-02  6.84000000E-02  3.87300000E-02  3.81800000E-02  1.33200000E-02  1.29100000E-02  7.07000000E-02  7.18700000E-02  0.00000000E+00  0.00000000E+00  0.00000000E+00  0.00000000E+00  0.00000000E+00  0.00000000E+00  0.00000000E+00  0.00000000E+00  0.00000000E+00  0.00000000E+00
 7.94648806E+00  6.41300000E-02  6.29400000E-02  3.50700000E-02  3.39400000E-02  1.43500000E-02  1.38400000E-02  7.19900000E-02  7.14100000E-02  0.00000000E+00  0.00000000E+00  0.00000000E+00  0.00000000E+00  0.00000000E+00  0.00000000E+00  0.00000000E+00  0.00000000E+00  0.00000000E+00  0.00000000E+00
 7.96348806E+00  5.69900000E-02  5.56600000E-02  2.95100000E-02  2.92100000E-02  1.43900000E-02  1.39700000E-02  6.62300000E-02  6.46300000E-02  0.00000000E+00  0.00000000E+00  0.00000000E+00  0.00000000E+00  0.00000000E+00  0.00000000E+00  0.00000000E+00  0.00000000E+00  0.00000000E+00  0.00000000E+00
 7.98148806E+00  5.13300000E-02  5.09200000E-02  2.56400000E-02  2.70400000E-02  1.32900000E-02  1.30800000E-02  5.82200000E-02  5.68200000E-02  0.00000000E+00  0.00000000E+00  0.00000000E+00  0.00000000E+00  0.00000000E+00  0.00000000E+00  0.00000000E+00  0.00000000E+00  0.00000000E+00  0.00000000E+00
 7.99848806E+00  4.90400000E-02  4.93700000E-02  2.54300000E-02  2.82400000E-02  1.14300000E-02  1.13900000E-02  5.22000000E-02  5.14900000E-02  0.00000000E+00  0.00000000E+00  0.00000000E+00  0.00000000E+00  0.00000000E+00  0.00000000E+00  0.00000000E+00  0.00000000E+00  0.00000000E+00  0.00000000E+00
 8.01648806E+00  4.80500000E-02  4.81000000E-02  2.80300000E-02  3.10300000E-02  9.54500000E-03  9.56500000E-03  4.84500000E-02  4.79700000E-02  0.00000000E+00  0.00000000E+00  0.00000000E+00  0.00000000E+00  0.00000000E+00  0.00000000E+00  0.00000000E+00  0.00000000E+00  0.00000000E+00  0.00000000E+00
 8.03348806E+00  4.53200000E-02  4.43700000E-02  3.11100000E-02  3.32400000E-02  8.17500000E-03  8.19200000E-03  4.52800000E-02  4.45800000E-02  0.00000000E+00  0.00000000E+00  0.00000000E+00  0.00000000E+00  0.00000000E+00  0.00000000E+00  0.00000000E+00  0.00000000E+00  0.00000000E+00  0.00000000E+00
 8.05048806E+00  4.01800000E-02  3.86600000E-02  3.34900000E-02  3.46100000E-02  7.49000000E-03  7.48800000E-03  4.27200000E-02  4.20400000E-02  0.00000000E+00  0.00000000E+00  0.00000000E+00  0.00000000E+00  0.00000000E+00  0.00000000E+00  0.00000000E+00  0.00000000E+00  0.00000000E+00  0.00000000E+00
 8.06848806E+00  3.48000000E-02  3.39700000E-02  3.58600000E-02  3.64900000E-02  7.56000000E-03  7.56500000E-03  4.29100000E-02  4.27600000E-02  0.00000000E+00  0.00000000E+00  0.00000000E+00  0.00000000E+00  0.00000000E+00  0.00000000E+00  0.00000000E+00  0.00000000E+00  0.00000000E+00  0.00000000E+00
 8.08548806E+00  3.19600000E-02  3.28900000E-02  3.91000000E-02  3.95700000E-02  8.55900000E-03  8.67400000E-03  4.68800000E-02  4.72700000E-02  0.00000000E+00  0.00000000E+00  0.00000000E+00  0.00000000E+00  0.00000000E+00  0.00000000E+00  0.00000000E+00  0.00000000E+00  0.00000000E+00  0.00000000E+00
 8.10348806E+00  3.26800000E-02  3.55600000E-02  4.25200000E-02  4.27700000E-02  1.06100000E-02  1.10300000E-02  5.22800000E-02  5.26700000E-02  0.00000000E+00  0.00000000E+00  0.00000000E+00  0.00000000E+00  0.00000000E+00  0.00000000E+00  0.00000000E+00  0.00000000E+00  0.00000000E+00  0.00000000E+00
 8.12048806E+00  3.60300000E-02  4.01400000E-02  4.44500000E-02  4.43300000E-02  1.36400000E-02  1.45900000E-02  5.51100000E-02  5.50300000E-02  0.00000000E+00  0.00000000E+00  0.00000000E+00  0.00000000E+00  0.00000000E+00  0.00000000E+00  0.00000000E+00  0.00000000E+00  0.00000000E+00  0.00000000E+00
 8.13848806E+00  4.03800000E-02  4.45900000E-02  4.38900000E-02  4.34900000E-02  1.76200000E-02  1.91400000E-02  5.35000000E-02  5.31100000E-02  0.00000000E+00  0.00000000E+00  0.00000000E+00  0.00000000E+00  0.00000000E+00  0.00000000E+00  0.00000000E+00  0.00000000E+00  0.00000000E+00  0.00000000E+00
 8.15548806E+00  4.43600000E-02  4.77800000E-02  4.11600000E-02  4.08000000E-02  2.24300000E-02  2.42000000E-02  4.90200000E-02  4.87800000E-02  0.00000000E+00  0.00000000E+00  0.00000000E+00  0.00000000E+00  0.00000000E+00  0.00000000E+00  0.00000000E+00  0.00000000E+00  0.00000000E+00  0.00000000E+00
 8.17248806E+00  4.70700000E-02  4.96300000E-02  3.73600000E-02  3.75900000E-02  2.72500000E-02  2.85400000E-02  4.45000000E-02  4.47500000E-02  0.00000000E+00  0.00000000E+00  0.00000000E+00  0.00000000E+00  0.00000000E+00  0.00000000E+00  0.00000000E+00  0.00000000E+00  0.00000000E+00  0.00000000E+00
 8.19048806E+00  4.85300000E-02  5.09000000E-02  3.38700000E-02  3.52200000E-02  3.01700000E-02  3.03100000E-02  4.21100000E-02  4.29600000E-02  0.00000000E+00  0.00000000E+00  0.00000000E+00  0.00000000E+00  0.00000000E+00  0.00000000E+00  0.00000000E+00  0.00000000E+00  0.00000000E+00  0.00000000E+00
 8.20748806E+00  4.97200000E-02  5.24300000E-02  3.20800000E-02  3.43300000E-02  2.94900000E-02  2.84000000E-02  4.29600000E-02  4.43100000E-02  0.00000000E+00  0.00000000E+00  0.00000000E+00  0.00000000E+00  0.00000000E+00  0.00000000E+00  0.00000000E+00  0.00000000E+00  0.00000000E+00  0.00000000E+00
 8.22548806E+00  5.13100000E-02  5.37800000E-02  3.23900000E-02  3.40600000E-02  2.54800000E-02  2.38200000E-02  4.63200000E-02  4.76700000E-02  0.00000000E+00  0.00000000E+00  0.00000000E+00  0.00000000E+00  0.00000000E+00  0.00000000E+00  0.00000000E+00  0.00000000E+00  0.00000000E+00  0.00000000E+00
 8.24248806E+00  5.23300000E-02  5.33000000E-02  3.33600000E-02  3.25900000E-02  2.03800000E-02  1.89500000E-02  4.90000000E-02  4.96000000E-02  0.00000000E+00  0.00000000E+00  0.00000000E+00  0.00000000E+00  0.00000000E+00  0.00000000E+00  0.00000000E+00  0.00000000E+00  0.00000000E+00  0.00000000E+00
 8.25948806E+00  5.12500000E-02  5.03700000E-02  3.27600000E-02  2.90900000E-02  1.63900000E-02  1.55700000E-02  4.73300000E-02  4.67900000E-02  0.00000000E+00  0.00000000E+00  0.00000000E+00  0.00000000E+00  0.00000000E+00  0.00000000E+00  0.00000000E+00  0.00000000E+00  0.00000000E+00  0.00000000E+00
 8.27748806E+00  4.82500000E-02  4.67800000E-02  2.98100000E-02  2.52000000E-02  1.41000000E-02  1.38100000E-02  4.06300000E-02  3.92200000E-02  0.00000000E+00  0.00000000E+00  0.00000000E+00  0.00000000E+00  0.00000000E+00  0.00000000E+00  0.00000000E+00  0.00000000E+00  0.00000000E+00  0.00000000E+00
 8.29448806E+00  4.52400000E-02  4.51400000E-02  2.62200000E-02  2.39500000E-02  1.28200000E-02  1.28100000E-02  3.16200000E-02  2.99900000E-02  0.00000000E+00  0.00000000E+00  0.00000000E+00  0.00000000E+00  0.00000000E+00  0.00000000E+00  0.00000000E+00  0.00000000E+00  0.00000000E+00  0.00000000E+00
 8.31248806E+00  4.37800000E-02  4.62500000E-02  2.47100000E-02  2.72300000E-02  1.17500000E-02  1.18600000E-02  2.37300000E-02  2.24500000E-02  0.00000000E+00  0.00000000E+00  0.00000000E+00  0.00000000E+00  0.00000000E+00  0.00000000E+00  0.00000000E+00  0.00000000E+00  0.00000000E+00  0.00000000E+00
 8.32948806E+00  4.38600000E-02  4.86700000E-02  2.69500000E-02  3.43300000E-02  1.05900000E-02  1.07400000E-02  1.86100000E-02  1.80800000E-02  0.00000000E+00  0.00000000E+00  0.00000000E+00  0.00000000E+00  0.00000000E+00  0.00000000E+00  0.00000000E+00  0.00000000E+00  0.00000000E+00  0.00000000E+00
 8.34748806E+00  4.46300000E-02  5.01300000E-02  3.27800000E-02  4.25200000E-02  9.48900000E-03  9.67500000E-03  1.61600000E-02  1.65000000E-02  0.00000000E+00  0.00000000E+00  0.00000000E+00  0.00000000E+00  0.00000000E+00  0.00000000E+00  0.00000000E+00  0.00000000E+00  0.00000000E+00  0.00000000E+00
 8.36448806E+00  4.53800000E-02  4.91700000E-02  4.06000000E-02  4.86700000E-02  9.03300000E-03  9.26400000E-03  1.56000000E-02  1.65600000E-02  0.00000000E+00  0.00000000E+00  0.00000000E+00  0.00000000E+00  0.00000000E+00  0.00000000E+00  0.00000000E+00  0.00000000E+00  0.00000000E+00  0.00000000E+00
 8.38148806E+00  4.55200000E-02  4.55400000E-02  4.79200000E-02  5.08000000E-02  1.01900000E-02  1.04600000E-02  1.63200000E-02  1.74700000E-02  0.00000000E+00  0.00000000E+00  0.00000000E+00  0.00000000E+00  0.00000000E+00  0.00000000E+00  0.00000000E+00  0.00000000E+00  0.00000000E+00  0.00000000E+00
 8.39948806E+00  4.43000000E-02  4.01100000E-02  5.21900000E-02  4.87100000E-02  1.40200000E-02  1.43700000E-02  1.81700000E-02  1.92100000E-02  0.00000000E+00  0.00000000E+00  0.00000000E+00  0.00000000E+00  0.00000000E+00  0.00000000E+00  0.00000000E+00  0.00000000E+00  0.00000000E+00  0.00000000E+00
 8.41648806E+00  4.13500000E-02  3.45200000E-02  5.19400000E-02  4.38600000E-02  2.11600000E-02  2.16700000E-02  2.11900000E-02  2.21400000E-02  0.00000000E+00  0.00000000E+00  0.00000000E+00  0.00000000E+00  0.00000000E+00  0.00000000E+00  0.00000000E+00  0.00000000E+00  0.00000000E+00  0.00000000E+00
 8.43448806E+00  3.75100000E-02  3.06400000E-02  4.77800000E-02  3.84400000E-02  3.09100000E-02  3.17700000E-02  2.52500000E-02  2.62700000E-02  0.00000000E+00  0.00000000E+00  0.00000000E+00  0.00000000E+00  0.00000000E+00  0.00000000E+00  0.00000000E+00  0.00000000E+00  0.00000000E+00  0.00000000E+00
 8.45148806E+00  3.43300000E-02  2.92900000E-02  4.19300000E-02  3.40700000E-02  4.09400000E-02  4.22700000E-02  2.98700000E-02  3.09300000E-02  0.00000000E+00  0.00000000E+00  0.00000000E+00  0.00000000E+00  0.00000000E+00  0.00000000E+00  0.00000000E+00  0.00000000E+00  0.00000000E+00  0.00000000E+00
 8.46948806E+00  3.27000000E-02  2.97100000E-02  3.66100000E-02  3.11200000E-02  4.82500000E-02  4.98900000E-02  3.42900000E-02  3.49700000E-02  0.00000000E+00  0.00000000E+00  0.00000000E+00  0.00000000E+00  0.00000000E+00  0.00000000E+00  0.00000000E+00  0.00000000E+00  0.00000000E+00  0.00000000E+00
 8.48648806E+00  3.21400000E-02  3.03600000E-02  3.26500000E-02  2.90500000E-02  5.07000000E-02  5.22100000E-02  3.75700000E-02  3.74700000E-02  0.00000000E+00  0.00000000E+00  0.00000000E+00  0.00000000E+00  0.00000000E+00  0.00000000E+00  0.00000000E+00  0.00000000E+00  0.00000000E+00  0.00000000E+00
 8.50348806E+00  3.15300000E-02  3.02100000E-02  2.96600000E-02  2.72800000E-02  4.76400000E-02  4.86400000E-02  3.88800000E-02  3.80200000E-02  0.00000000E+00  0.00000000E+00  0.00000000E+00  0.00000000E+00  0.00000000E+00  0.00000000E+00  0.00000000E+00  0.00000000E+00  0.00000000E+00  0.00000000E+00
 8.52148806E+00  3.02000000E-02  2.91000000E-02  2.71500000E-02  2.56900000E-02  3.99100000E-02  4.04800000E-02  3.78900000E-02  3.67300000E-02  0.00000000E+00  0.00000000E+00  0.00000000E+00  0.00000000E+00  0.00000000E+00  0.00000000E+00  0.00000000E+00  0.00000000E+00  0.00000000E+00  0.00000000E+00
 8.53848806E+00  2.83300000E-02  2.75700000E-02  2.51600000E-02  2.45400000E-02  3.01100000E-02  3.08500000E-02  3.52700000E-02  3.43800000E-02  0.00000000E+00  0.00000000E+00  0.00000000E+00  0.00000000E+00  0.00000000E+00  0.00000000E+00  0.00000000E+00  0.00000000E+00  0.00000000E+00  0.00000000E+00
 8.55648806E+00  2.67000000E-02  2.64900000E-02  2.39900000E-02  2.39500000E-02  2.21400000E-02  2.37300000E-02  3.25000000E-02  3.22100000E-02  0.00000000E+00  0.00000000E+00  0.00000000E+00  0.00000000E+00  0.00000000E+00  0.00000000E+00  0.00000000E+00  0.00000000E+00  0.00000000E+00  0.00000000E+00
 8.57348806E+00  2.60600000E-02  2.64900000E-02  2.34600000E-02  2.35400000E-02  1.92400000E-02  2.18100000E-02  3.06200000E-02  3.08100000E-02  0.00000000E+00  0.00000000E+00  0.00000000E+00  0.00000000E+00  0.00000000E+00  0.00000000E+00  0.00000000E+00  0.00000000E+00  0.00000000E+00  0.00000000E+00
 8.59048806E+00  2.66000000E-02  2.74900000E-02  2.29000000E-02  2.27300000E-02  2.19100000E-02  2.45300000E-02  2.91700000E-02  2.93600000E-02  0.00000000E+00  0.00000000E+00  0.00000000E+00  0.00000000E+00  0.00000000E+00  0.00000000E+00  0.00000000E+00  0.00000000E+00  0.00000000E+00  0.00000000E+00
 8.60848806E+00  2.78000000E-02  2.86600000E-02  2.18500000E-02  2.13500000E-02  2.72000000E-02  2.82900000E-02  2.69200000E-02  2.66800000E-02  0.00000000E+00  0.00000000E+00  0.00000000E+00  0.00000000E+00  0.00000000E+00  0.00000000E+00  0.00000000E+00  0.00000000E+00  0.00000000E+00  0.00000000E+00
 8.62548806E+00  2.88400000E-02  2.90700000E-02  2.05200000E-02  1.98400000E-02  3.04600000E-02  2.91200000E-02  2.36100000E-02  2.29000000E-02  0.00000000E+00  0.00000000E+00  0.00000000E+00  0.00000000E+00  0.00000000E+00  0.00000000E+00  0.00000000E+00  0.00000000E+00  0.00000000E+00  0.00000000E+00
 8.64348806E+00  2.91700000E-02  2.84200000E-02  1.95500000E-02  1.90100000E-02  2.87200000E-02  2.56300000E-02  2.03200000E-02  1.94100000E-02  0.00000000E+00  0.00000000E+00  0.00000000E+00  0.00000000E+00  0.00000000E+00  0.00000000E+00  0.00000000E+00  0.00000000E+00  0.00000000E+00  0.00000000E+00
 8.66048806E+00  2.89200000E-02  2.74000000E-02  1.96000000E-02  1.95700000E-02  2.28400000E-02  1.96900000E-02  1.81300000E-02  1.73700000E-02  0.00000000E+00  0.00000000E+00  0.00000000E+00  0.00000000E+00  0.00000000E+00  0.00000000E+00  0.00000000E+00  0.00000000E+00  0.00000000E+00  0.00000000E+00
 8.67848806E+00  2.87400000E-02  2.70500000E-02  2.10200000E-02  2.17200000E-02  1.65300000E-02  1.47300000E-02  1.71800000E-02  1.66700000E-02  0.00000000E+00  0.00000000E+00  0.00000000E+00  0.00000000E+00  0.00000000E+00  0.00000000E+00  0.00000000E+00  0.00000000E+00  0.00000000E+00  0.00000000E+00
 8.69548806E+00  2.92700000E-02  2.78900000E-02  2.35600000E-02  2.47800000E-02  1.33200000E-02  1.33300000E-02  1.68400000E-02  1.65300000E-02  0.00000000E+00  0.00000000E+00  0.00000000E+00  0.00000000E+00  0.00000000E+00  0.00000000E+00  0.00000000E+00  0.00000000E+00  0.00000000E+00  0.00000000E+00
 8.71248806E+00  3.08100000E-02  2.98500000E-02  2.62900000E-02  2.74200000E-02  1.44700000E-02  1.61700000E-02  1.67100000E-02  1.64700000E-02  0.00000000E+00  0.00000000E+00  0.00000000E+00  0.00000000E+00  0.00000000E+00  0.00000000E+00  0.00000000E+00  0.00000000E+00  0.00000000E+00  0.00000000E+00
 8.73048806E+00  3.35100000E-02  3.29400000E-02  2.81500000E-02  2.87400000E-02  1.92500000E-02  2.24400000E-02  1.69800000E-02  1.68300000E-02  0.00000000E+00  0.00000000E+00  0.00000000E+00  0.00000000E+00  0.00000000E+00  0.00000000E+00  0.00000000E+00  0.00000000E+00  0.00000000E+00  0.00000000E+00
 8.74748806E+00  3.73800000E-02  3.72000000E-02  2.87600000E-02  2.88300000E-02  2.67800000E-02  3.13800000E-02  1.80500000E-02  1.80900000E-02  0.00000000E+00  0.00000000E+00  0.00000000E+00  0.00000000E+00  0.00000000E+00  0.00000000E+00  0.00000000E+00  0.00000000E+00  0.00000000E+00  0.00000000E+00
 8.76548806E+00  4.16700000E-02  4.18800000E-02  2.85600000E-02  2.85100000E-02  3.72800000E-02  4.31100000E-02  1.97200000E-02  2.00000000E-02  0.00000000E+00  0.00000000E+00  0.00000000E+00  0.00000000E+00  0.00000000E+00  0.00000000E+00  0.00000000E+00  0.00000000E+00  0.00000000E+00  0.00000000E+00
 8.78248806E+00  4.49100000E-02  4.53800000E-02  2.83000000E-02  2.84000000E-02  5.08600000E-02  5.70400000E-02  2.10600000E-02  2.14200000E-02  0.00000000E+00  0.00000000E+00  0.00000000E+00  0.00000000E+00  0.00000000E+00  0.00000000E+00  0.00000000E+00  0.00000000E+00  0.00000000E+00  0.00000000E+00
 8.79948806E+00  4.60300000E-02  4.63700000E-02  2.84100000E-02  2.84500000E-02  6.48800000E-02  6.95600000E-02  2.12200000E-02  2.13800000E-02  0.00000000E+00  0.00000000E+00  0.00000000E+00  0.00000000E+00  0.00000000E+00  0.00000000E+00  0.00000000E+00  0.00000000E+00  0.00000000E+00  0.00000000E+00
 8.81748806E+00  4.49900000E-02  4.46400000E-02  2.85700000E-02  2.80700000E-02  7.35000000E-02  7.47100000E-02  2.02800000E-02  1.99000000E-02  0.00000000E+00  0.00000000E+00  0.00000000E+00  0.00000000E+00  0.00000000E+00  0.00000000E+00  0.00000000E+00  0.00000000E+00  0.00000000E+00  0.00000000E+00
 8.83448806E+00  4.22100000E-02  4.07600000E-02  2.81400000E-02  2.69300000E-02  7.16400000E-02  6.89600000E-02  1.88400000E-02  1.77900000E-02  0.00000000E+00  0.00000000E+00  0.00000000E+00  0.00000000E+00  0.00000000E+00  0.00000000E+00  0.00000000E+00  0.00000000E+00  0.00000000E+00  0.00000000E+00
 8.85248806E+00  3.78500000E-02  3.55300000E-02  2.69800000E-02  2.57600000E-02  5.98900000E-02  5.51800000E-02  1.73700000E-02  1.59300000E-02  0.00000000E+00  0.00000000E+00  0.00000000E+00  0.00000000E+00  0.00000000E+00  0.00000000E+00  0.00000000E+00  0.00000000E+00  0.00000000E+00  0.00000000E+00
 8.86948806E+00  3.22900000E-02  3.01500000E-02  2.61500000E-02  2.60500000E-02  4.48700000E-02  4.09600000E-02  1.61200000E-02  1.50000000E-02  0.00000000E+00  0.00000000E+00  0.00000000E+00  0.00000000E+00  0.00000000E+00  0.00000000E+00  0.00000000E+00  0.00000000E+00  0.00000000E+00  0.00000000E+00
 8.88748806E+00  2.68800000E-02  2.62000000E-02  2.71100000E-02  2.88000000E-02  3.41200000E-02  3.29400000E-02  1.53700000E-02  1.53000000E-02  0.00000000E+00  0.00000000E+00  0.00000000E+00  0.00000000E+00  0.00000000E+00  0.00000000E+00  0.00000000E+00  0.00000000E+00  0.00000000E+00  0.00000000E+00
 8.90448806E+00  2.34700000E-02  2.49600000E-02  3.01400000E-02  3.34300000E-02  3.14600000E-02  3.35500000E-02  1.52900000E-02  1.65200000E-02  0.00000000E+00  0.00000000E+00  0.00000000E+00  0.00000000E+00  0.00000000E+00  0.00000000E+00  0.00000000E+00  0.00000000E+00  0.00000000E+00  0.00000000E+00
 8.92148806E+00  2.30900000E-02  2.64700000E-02  3.39400000E-02  3.82700000E-02  3.67900000E-02  4.17800000E-02  1.56300000E-02  1.78800000E-02  0.00000000E+00  0.00000000E+00  0.00000000E+00  0.00000000E+00  0.00000000E+00  0.00000000E+00  0.00000000E+00  0.00000000E+00  0.00000000E+00  0.00000000E+00
 8.93948806E+00  2.52300000E-02  2.92600000E-02  3.69500000E-02  4.19600000E-02  4.78600000E-02  5.41900000E-02  1.60700000E-02  1.86800000E-02  0.00000000E+00  0.00000000E+00  0.00000000E+00  0.00000000E+00  0.00000000E+00  0.00000000E+00  0.00000000E+00  0.00000000E+00  0.00000000E+00  0.00000000E+00
 8.95648806E+00  2.80800000E-02  3.11500000E-02  3.88600000E-02  4.40000000E-02  6.00900000E-02  6.48800000E-02  1.65600000E-02  1.86800000E-02  0.00000000E+00  0.00000000E+00  0.00000000E+00  0.00000000E+00  0.00000000E+00  0.00000000E+00  0.00000000E+00  0.00000000E+00  0.00000000E+00  0.00000000E+00
 8.97448806E+00  2.96500000E-02  3.05300000E-02  4.03200000E-02  4.42000000E-02  6.72700000E-02  6.78900000E-02  1.71900000E-02  1.80200000E-02  0.00000000E+00  0.00000000E+00  0.00000000E+00  0.00000000E+00  0.00000000E+00  0.00000000E+00  0.00000000E+00  0.00000000E+00  0.00000000E+00  0.00000000E+00
 8.99148806E+00  2.88900000E-02  2.74200000E-02  4.15500000E-02  4.25100000E-02  6.60400000E-02  6.23800000E-02  1.78200000E-02  1.70600000E-02  0.00000000E+00  0.00000000E+00  0.00000000E+00  0.00000000E+00  0.00000000E+00  0.00000000E+00  0.00000000E+00  0.00000000E+00  0.00000000E+00  0.00000000E+00
 9.00948806E+00  2.62800000E-02  2.33200000E-02  4.19800000E-02  3.94300000E-02  5.93800000E-02  5.37700000E-02  1.80900000E-02  1.62100000E-02  0.00000000E+00  0.00000000E+00  0.00000000E+00  0.00000000E+00  0.00000000E+00  0.00000000E+00  0.00000000E+00  0.00000000E+00  0.00000000E+00  0.00000000E+00
 9.02648806E+00  2.32200000E-02  1.99500000E-02  4.10200000E-02  3.59900000E-02  5.30400000E-02  4.78700000E-02  1.76300000E-02  1.54300000E-02  0.00000000E+00  0.00000000E+00  0.00000000E+00  0.00000000E+00  0.00000000E+00  0.00000000E+00  0.00000000E+00  0.00000000E+00  0.00000000E+00  0.00000000E+00
 9.04348806E+00  2.08400000E-02  1.79700000E-02  3.87200000E-02  3.29400000E-02  4.89400000E-02  4.49800000E-02  1.61600000E-02  1.42300000E-02  0.00000000E+00  0.00000000E+00  0.00000000E+00  0.00000000E+00  0.00000000E+00  0.00000000E+00  0.00000000E+00  0.00000000E+00  0.00000000E+00  0.00000000E+00
 9.06148806E+00  1.92400000E-02  1.67700000E-02  3.55400000E-02  3.01900000E-02  4.43700000E-02  4.13000000E-02  1.38500000E-02  1.24600000E-02  0.00000000E+00  0.00000000E+00  0.00000000E+00  0.00000000E+00  0.00000000E+00  0.00000000E+00  0.00000000E+00  0.00000000E+00  0.00000000E+00  0.00000000E+00
 9.07848806E+00  1.76900000E-02  1.53100000E-02  3.18500000E-02  2.72700000E-02  3.69500000E-02  3.44600000E-02  1.14300000E-02  1.06800000E-02  0.00000000E+00  0.00000000E+00  0.00000000E+00  0.00000000E+00  0.00000000E+00  0.00000000E+00  0.00000000E+00  0.00000000E+00  0.00000000E+00  0.00000000E+00
 9.09648806E+00  1.54800000E-02  1.31600000E-02  2.78600000E-02  2.39800000E-02  2.78800000E-02  2.59600000E-02  9.78800000E-03  9.82300000E-03  0.00000000E+00  0.00000000E+00  0.00000000E+00  0.00000000E+00  0.00000000E+00  0.00000000E+00  0.00000000E+00  0.00000000E+00  0.00000000E+00  0.00000000E+00
 9.11348806E+00  1.26800000E-02  1.09200000E-02  2.38100000E-02  2.08200000E-02  2.01900000E-02  1.88400000E-02  9.56600000E-03  1.07500000E-02  0.00000000E+00  0.00000000E+00  0.00000000E+00  0.00000000E+00  0.00000000E+00  0.00000000E+00  0.00000000E+00  0.00000000E+00  0.00000000E+00  0.00000000E+00
 9.13048806E+00  1.02000000E-02  9.60000000E-03  2.04200000E-02  1.88300000E-02  1.56400000E-02  1.47300000E-02  1.12600000E-02  1.42400000E-02  0.00000000E+00  0.00000000E+00  0.00000000E+00  0.00000000E+00  0.00000000E+00  0.00000000E+00  0.00000000E+00  0.00000000E+00  0.00000000E+00  0.00000000E+00
 9.14848806E+00  9.07600000E-03  9.81700000E-03  1.87200000E-02  1.89500000E-02  1.38400000E-02  1.31900000E-02  1.54700000E-02  2.05500000E-02  0.00000000E+00  0.00000000E+00  0.00000000E+00  0.00000000E+00  0.00000000E+00  0.00000000E+00  0.00000000E+00  0.00000000E+00  0.00000000E+00  0.00000000E+00
 9.16548806E+00  9.71700000E-03  1.13700000E-02  1.93500000E-02  2.09600000E-02  1.34800000E-02  1.29500000E-02  2.22000000E-02  2.83800000E-02  0.00000000E+00  0.00000000E+00  0.00000000E+00  0.00000000E+00  0.00000000E+00  0.00000000E+00  0.00000000E+00  0.00000000E+00  0.00000000E+00  0.00000000E+00
 9.18348806E+00  1.16700000E-02  1.34000000E-02  2.15900000E-02  2.32000000E-02  1.35200000E-02  1.30600000E-02  2.97300000E-02  3.46100000E-02  0.00000000E+00  0.00000000E+00  0.00000000E+00  0.00000000E+00  0.00000000E+00  0.00000000E+00  0.00000000E+00  0.00000000E+00  0.00000000E+00  0.00000000E+00
 9.20048806E+00  1.38800000E-02  1.49700000E-02  2.34400000E-02  2.36400000E-02  1.34300000E-02  1.30700000E-02  3.47700000E-02  3.61200000E-02  0.00000000E+00  0.00000000E+00  0.00000000E+00  0.00000000E+00  0.00000000E+00  0.00000000E+00  0.00000000E+00  0.00000000E+00  0.00000000E+00  0.00000000E+00
 9.21848806E+00  1.53000000E-02  1.56700000E-02  2.31400000E-02  2.17000000E-02  1.29300000E-02  1.27100000E-02  3.46900000E-02  3.22300000E-02  0.00000000E+00  0.00000000E+00  0.00000000E+00  0.00000000E+00  0.00000000E+00  0.00000000E+00  0.00000000E+00  0.00000000E+00  0.00000000E+00  0.00000000E+00
 9.23548806E+00  1.56000000E-02  1.56700000E-02  2.07600000E-02  1.87100000E-02  1.20200000E-02  1.19600000E-02  2.96400000E-02  2.51500000E-02  0.00000000E+00  0.00000000E+00  0.00000000E+00  0.00000000E+00  0.00000000E+00  0.00000000E+00  0.00000000E+00  0.00000000E+00  0.00000000E+00  0.00000000E+00
 9.25248806E+00  1.51400000E-02  1.53000000E-02  1.79800000E-02  1.65300000E-02  1.08200000E-02  1.09200000E-02  2.23800000E-02  1.80400000E-02  0.00000000E+00  0.00000000E+00  0.00000000E+00  0.00000000E+00  0.00000000E+00  0.00000000E+00  0.00000000E+00  0.00000000E+00  0.00000000E+00  0.00000000E+00
 9.27048806E+00  1.43700000E-02  1.46200000E-02  1.63200000E-02  1.58000000E-02  9.42300000E-03  9.63600000E-03  1.59000000E-02  1.28400000E-02  0.00000000E+00  0.00000000E+00  0.00000000E+00  0.00000000E+00  0.00000000E+00  0.00000000E+00  0.00000000E+00  0.00000000E+00  0.00000000E+00  0.00000000E+00
 9.28748806E+00  1.33300000E-02  1.34100000E-02  1.57700000E-02  1.56000000E-02  7.90100000E-03  8.16600000E-03  1.14800000E-02  9.67100000E-03  0.00000000E+00  0.00000000E+00  0.00000000E+00  0.00000000E+00  0.00000000E+00  0.00000000E+00  0.00000000E+00  0.00000000E+00  0.00000000E+00  0.00000000E+00
 9.30548806E+00  1.18600000E-02  1.16000000E-02  1.51600000E-02  1.45600000E-02  6.61600000E-03  6.88000000E-03  8.74500000E-03  7.69800000E-03  0.00000000E+00  0.00000000E+00  0.00000000E+00  0.00000000E+00  0.00000000E+00  0.00000000E+00  0.00000000E+00  0.00000000E+00  0.00000000E+00  0.00000000E+00
 9.32248806E+00  1.00300000E-02  9.51300000E-03  1.35200000E-02  1.22900000E-02  6.27300000E-03  6.55700000E-03  6.95500000E-03  6.28900000E-03  0.00000000E+00  0.00000000E+00  0.00000000E+00  0.00000000E+00  0.00000000E+00  0.00000000E+00  0.00000000E+00  0.00000000E+00  0.00000000E+00  0.00000000E+00
 9.34048806E+00  8.34300000E-03  7.86200000E-03  1.10600000E-02  9.68300000E-03  7.69700000E-03  8.10600000E-03  5.85200000E-03  5.46400000E-03  0.00000000E+00  0.00000000E+00  0.00000000E+00  0.00000000E+00  0.00000000E+00  0.00000000E+00  0.00000000E+00  0.00000000E+00  0.00000000E+00  0.00000000E+00
 9.35748806E+00  7.49900000E-03  7.42300000E-03  9.02100000E-03  8.32700000E-03  1.14800000E-02  1.21100000E-02  5.68300000E-03  5.67100000E-03  0.00000000E+00  0.00000000E+00  0.00000000E+00  0.00000000E+00  0.00000000E+00  0.00000000E+00  0.00000000E+00  0.00000000E+00  0.00000000E+00  0.00000000E+00
 9.37448806E+00  8.07200000E-03  8.67600000E-03  8.83700000E-03  9.37800000E-03  1.73500000E-02  1.81600000E-02  6.77600000E-03  7.26500000E-03  0.00000000E+00  0.00000000E+00  0.00000000E+00  0.00000000E+00  0.00000000E+00  0.00000000E+00  0.00000000E+00  0.00000000E+00  0.00000000E+00  0.00000000E+00
 9.39248806E+00  1.02300000E-02  1.15300000E-02  1.11300000E-02  1.27800000E-02  2.35900000E-02  2.43700000E-02  9.11700000E-03  1.00700000E-02  0.00000000E+00  0.00000000E+00  0.00000000E+00  0.00000000E+00  0.00000000E+00  0.00000000E+00  0.00000000E+00  0.00000000E+00  0.00000000E+00  0.00000000E+00
 9.40948806E+00  1.35400000E-02  1.51800000E-02  1.51900000E-02  1.71400000E-02  2.75700000E-02  2.81000000E-02  1.21200000E-02  1.32400000E-02  0.00000000E+00  0.00000000E+00  0.00000000E+00  0.00000000E+00  0.00000000E+00  0.00000000E+00  0.00000000E+00  0.00000000E+00  0.00000000E+00  0.00000000E+00
 9.42748806E+00  1.70400000E-02  1.84400000E-02  1.92500000E-02  2.04600000E-02  2.75100000E-02  2.77400000E-02  1.47800000E-02  1.56100000E-02  0.00000000E+00  0.00000000E+00  0.00000000E+00  0.00000000E+00  0.00000000E+00  0.00000000E+00  0.00000000E+00  0.00000000E+00  0.00000000E+00  0.00000000E+00
 9.44448806E+00  1.96900000E-02  2.04100000E-02  2.16300000E-02  2.15400000E-02  2.38600000E-02  2.39400000E-02  1.62300000E-02  1.64500000E-02  0.00000000E+00  0.00000000E+00  0.00000000E+00  0.00000000E+00  0.00000000E+00  0.00000000E+00  0.00000000E+00  0.00000000E+00  0.00000000E+00  0.00000000E+00
 9.46148806E+00  2.09900000E-02  2.09900000E-02  2.17700000E-02  2.05600000E-02  1.89500000E-02  1.90400000E-02  1.62300000E-02  1.58500000E-02  0.00000000E+00  0.00000000E+00  0.00000000E+00  0.00000000E+00  0.00000000E+00  0.00000000E+00  0.00000000E+00  0.00000000E+00  0.00000000E+00  0.00000000E+00
 9.47948806E+00  2.10900000E-02  2.05600000E-02  2.02700000E-02  1.85500000E-02  1.54200000E-02  1.56500000E-02  1.51500000E-02  1.44500000E-02  0.00000000E+00  0.00000000E+00  0.00000000E+00  0.00000000E+00  0.00000000E+00  0.00000000E+00  0.00000000E+00  0.00000000E+00  0.00000000E+00  0.00000000E+00
 9.49648806E+00  2.03600000E-02  1.95100000E-02  1.80900000E-02  1.63800000E-02  1.52300000E-02  1.58700000E-02  1.36100000E-02  1.29600000E-02  0.00000000E+00  0.00000000E+00  0.00000000E+00  0.00000000E+00  0.00000000E+00  0.00000000E+00  0.00000000E+00  0.00000000E+00  0.00000000E+00  0.00000000E+00
 9.51448806E+00  1.90400000E-02  1.80700000E-02  1.58600000E-02  1.43800000E-02  1.99400000E-02  2.13900000E-02  1.22700000E-02  1.19300000E-02  0.00000000E+00  0.00000000E+00  0.00000000E+00  0.00000000E+00  0.00000000E+00  0.00000000E+00  0.00000000E+00  0.00000000E+00  0.00000000E+00  0.00000000E+00
 9.53148806E+00  1.73500000E-02  1.64200000E-02  1.38100000E-02  1.25800000E-02  3.06200000E-02  3.30200000E-02  1.15500000E-02  1.16100000E-02  0.00000000E+00  0.00000000E+00  0.00000000E+00  0.00000000E+00  0.00000000E+00  0.00000000E+00  0.00000000E+00  0.00000000E+00  0.00000000E+00  0.00000000E+00
 9.54948806E+00  1.56000000E-02  1.48300000E-02  1.19900000E-02  1.10000000E-02  4.59000000E-02  4.85200000E-02  1.15400000E-02  1.19400000E-02  0.00000000E+00  0.00000000E+00  0.00000000E+00  0.00000000E+00  0.00000000E+00  0.00000000E+00  0.00000000E+00  0.00000000E+00  0.00000000E+00  0.00000000E+00
 9.56648806E+00  1.42500000E-02  1.37800000E-02  1.05000000E-02  9.80100000E-03  5.98100000E-02  6.12000000E-02  1.21100000E-02  1.27400000E-02  0.00000000E+00  0.00000000E+00  0.00000000E+00  0.00000000E+00  0.00000000E+00  0.00000000E+00  0.00000000E+00  0.00000000E+00  0.00000000E+00  0.00000000E+00
 9.58348806E+00  1.39400000E-02  1.38400000E-02  9.55500000E-03  9.26000000E-03  6.43800000E-02  6.34700000E-02  1.32100000E-02  1.39700000E-02  0.00000000E+00  0.00000000E+00  0.00000000E+00  0.00000000E+00  0.00000000E+00  0.00000000E+00  0.00000000E+00  0.00000000E+00  0.00000000E+00  0.00000000E+00
 9.60148806E+00  1.51300000E-02  1.53200000E-02  9.37200000E-03  9.48600000E-03  5.64800000E-02  5.36300000E-02  1.47600000E-02  1.53800000E-02  0.00000000E+00  0.00000000E+00  0.00000000E+00  0.00000000E+00  0.00000000E+00  0.00000000E+00  0.00000000E+00  0.00000000E+00  0.00000000E+00  0.00000000E+00
 9.61848806E+00  1.75700000E-02  1.77800000E-02  9.84000000E-03  1.01600000E-02  4.12500000E-02  3.78700000E-02  1.61100000E-02  1.62500000E-02  0.00000000E+00  0.00000000E+00  0.00000000E+00  0.00000000E+00  0.00000000E+00  0.00000000E+00  0.00000000E+00  0.00000000E+00  0.00000000E+00  0.00000000E+00
 9.63648806E+00  2.03100000E-02  2.02400000E-02  1.05800000E-02  1.08500000E-02  2.74300000E-02  2.47200000E-02  1.63100000E-02  1.58500000E-02  0.00000000E+00  0.00000000E+00  0.00000000E+00  0.00000000E+00  0.00000000E+00  0.00000000E+00  0.00000000E+00  0.00000000E+00  0.00000000E+00  0.00000000E+00
 9.65348806E+00  2.25000000E-02  2.21300000E-02  1.15100000E-02  1.16700000E-02  2.02200000E-02  1.84400000E-02  1.51700000E-02  1.45000000E-02  0.00000000E+00  0.00000000E+00  0.00000000E+00  0.00000000E+00  0.00000000E+00  0.00000000E+00  0.00000000E+00  0.00000000E+00  0.00000000E+00  0.00000000E+00
 9.67048806E+00  2.41700000E-02  2.38200000E-02  1.30700000E-02  1.33500000E-02  1.91700000E-02  1.80200000E-02  1.37100000E-02  1.35200000E-02  0.00000000E+00  0.00000000E+00  0.00000000E+00  0.00000000E+00  0.00000000E+00  0.00000000E+00  0.00000000E+00  0.00000000E+00  0.00000000E+00  0.00000000E+00
 9.68848806E+00  2.60700000E-02  2.61700000E-02  1.57200000E-02  1.63600000E-02  2.13500000E-02  2.05800000E-02  1.32900000E-02  1.41900000E-02  0.00000000E+00  0.00000000E+00  0.00000000E+00  0.00000000E+00  0.00000000E+00  0.00000000E+00  0.00000000E+00  0.00000000E+00  0.00000000E+00  0.00000000E+00
 9.70548806E+00  2.85500000E-02  2.92300000E-02  1.90600000E-02  2.00500000E-02  2.47000000E-02  2.43100000E-02  1.45700000E-02  1.69200000E-02  0.00000000E+00  0.00000000E+00  0.00000000E+00  0.00000000E+00  0.00000000E+00  0.00000000E+00  0.00000000E+00  0.00000000E+00  0.00000000E+00  0.00000000E+00
 9.72348806E+00  3.08300000E-02  3.17900000E-02  2.18100000E-02  2.28000000E-02  2.89900000E-02  2.90700000E-02  1.73700000E-02  2.11400000E-02  0.00000000E+00  0.00000000E+00  0.00000000E+00  0.00000000E+00  0.00000000E+00  0.00000000E+00  0.00000000E+00  0.00000000E+00  0.00000000E+00  0.00000000E+00
 9.74048806E+00  3.15300000E-02  3.22400000E-02  2.27200000E-02  2.32100000E-02  3.48500000E-02  3.53600000E-02  2.10500000E-02  2.56400000E-02  0.00000000E+00  0.00000000E+00  0.00000000E+00  0.00000000E+00  0.00000000E+00  0.00000000E+00  0.00000000E+00  0.00000000E+00  0.00000000E+00  0.00000000E+00
 9.75848806E+00  2.99700000E-02  3.01200000E-02  2.15100000E-02  2.12300000E-02  4.20100000E-02  4.25600000E-02  2.47600000E-02  2.91800000E-02  0.00000000E+00  0.00000000E+00  0.00000000E+00  0.00000000E+00  0.00000000E+00  0.00000000E+00  0.00000000E+00  0.00000000E+00  0.00000000E+00  0.00000000E+00
 9.77548806E+00  2.68400000E-02  2.65000000E-02  1.90000000E-02  1.81300000E-02  4.79100000E-02  4.78600000E-02  2.78000000E-02  3.12900000E-02  0.00000000E+00  0.00000000E+00  0.00000000E+00  0.00000000E+00  0.00000000E+00  0.00000000E+00  0.00000000E+00  0.00000000E+00  0.00000000E+00  0.00000000E+00
 9.79248806E+00  2.35300000E-02  2.31500000E-02  1.63700000E-02  1.55200000E-02  4.86900000E-02  4.76200000E-02  3.02400000E-02  3.26100000E-02  0.00000000E+00  0.00000000E+00  0.00000000E+00  0.00000000E+00  0.00000000E+00  0.00000000E+00  0.00000000E+00  0.00000000E+00  0.00000000E+00  0.00000000E+00
 9.81048806E+00  2.11200000E-02  2.12100000E-02  1.45200000E-02  1.42900000E-02  4.27200000E-02  4.08300000E-02  3.29700000E-02  3.41200000E-02  0.00000000E+00  0.00000000E+00  0.00000000E+00  0.00000000E+00  0.00000000E+00  0.00000000E+00  0.00000000E+00  0.00000000E+00  0.00000000E+00  0.00000000E+00
 9.82748806E+00  1.98100000E-02  2.04500000E-02  1.37300000E-02  1.41700000E-02  3.27000000E-02  3.07000000E-02  3.62900000E-02  3.57900000E-02  0.00000000E+00  0.00000000E+00  0.00000000E+00  0.00000000E+00  0.00000000E+00  0.00000000E+00  0.00000000E+00  0.00000000E+00  0.00000000E+00  0.00000000E+00
 9.84548806E+00  1.91200000E-02  1.98200000E-02  1.36000000E-02  1.41300000E-02  2.33400000E-02  2.18600000E-02  3.88800000E-02  3.63000000E-02  0.00000000E+00  0.00000000E+00  0.00000000E+00  0.00000000E+00  0.00000000E+00  0.00000000E+00  0.00000000E+00  0.00000000E+00  0.00000000E+00  0.00000000E+00
 9.86248806E+00  1.84300000E-02  1.86100000E-02  1.33900000E-02  1.33300000E-02  1.73100000E-02  1.65100000E-02  3.86400000E-02  3.44800000E-02  0.00000000E+00  0.00000000E+00  0.00000000E+00  0.00000000E+00  0.00000000E+00  0.00000000E+00  0.00000000E+00  0.00000000E+00  0.00000000E+00  0.00000000E+00
 9.88048806E+00  1.76100000E-02  1.72600000E-02  1.25200000E-02  1.18100000E-02  1.41400000E-02  1.38100000E-02  3.50100000E-02  3.08000000E-02  0.00000000E+00  0.00000000E+00  0.00000000E+00  0.00000000E+00  0.00000000E+00  0.00000000E+00  0.00000000E+00  0.00000000E+00  0.00000000E+00  0.00000000E+00
 9.89748806E+00  1.70600000E-02  1.68400000E-02  1.11700000E-02  1.03500000E-02  1.21000000E-02  1.19700000E-02  2.96700000E-02  2.70200000E-02  0.00000000E+00  0.00000000E+00  0.00000000E+00  0.00000000E+00  0.00000000E+00  0.00000000E+00  0.00000000E+00  0.00000000E+00  0.00000000E+00  0.00000000E+00
 9.91448806E+00  1.71900000E-02  1.77800000E-02  9.99400000E-03  9.68000000E-03  1.02000000E-02  1.01100000E-02  2.49900000E-02  2.45200000E-02  0.00000000E+00  0.00000000E+00  0.00000000E+00  0.00000000E+00  0.00000000E+00  0.00000000E+00  0.00000000E+00  0.00000000E+00  0.00000000E+00  0.00000000E+00
 9.93248806E+00  1.78000000E-02  1.93000000E-02  9.50500000E-03  9.89200000E-03  8.65400000E-03  8.52900000E-03  2.21500000E-02  2.33900000E-02  0.00000000E+00  0.00000000E+00  0.00000000E+00  0.00000000E+00  0.00000000E+00  0.00000000E+00  0.00000000E+00  0.00000000E+00  0.00000000E+00  0.00000000E+00
 9.94948806E+00  1.82400000E-02  2.01900000E-02  9.66000000E-03  1.05700000E-02  8.21200000E-03  7.99300000E-03  2.09600000E-02  2.31900000E-02  0.00000000E+00  0.00000000E+00  0.00000000E+00  0.00000000E+00  0.00000000E+00  0.00000000E+00  0.00000000E+00  0.00000000E+00  0.00000000E+00  0.00000000E+00
 9.96748806E+00  1.79800000E-02  1.98400000E-02  1.00500000E-02  1.12300000E-02  9.22400000E-03  8.85700000E-03  2.09000000E-02  2.38000000E-02  0.00000000E+00  0.00000000E+00  0.00000000E+00  0.00000000E+00  0.00000000E+00  0.00000000E+00  0.00000000E+00  0.00000000E+00  0.00000000E+00  0.00000000E+00
 9.98448806E+00  1.70500000E-02  1.85700000E-02  1.02900000E-02  1.16300000E-02  1.13200000E-02  1.08100000E-02  2.16800000E-02  2.52900000E-02  0.00000000E+00  0.00000000E+00  0.00000000E+00  0.00000000E+00  0.00000000E+00  0.00000000E+00  0.00000000E+00  0.00000000E+00  0.00000000E+00  0.00000000E+00
 1.00014881E+01  1.58500000E-02  1.70200000E-02  1.02900000E-02  1.17700000E-02  1.39700000E-02  1.33800000E-02  2.33000000E-02  2.72400000E-02  0.00000000E+00  0.00000000E+00  0.00000000E+00  0.00000000E+00  0.00000000E+00  0.00000000E+00  0.00000000E+00  0.00000000E+00  0.00000000E+00  0.00000000E+00
 1.00194881E+01  1.48000000E-02  1.55200000E-02  1.02900000E-02  1.17400000E-02  1.72200000E-02  1.66300000E-02  2.56600000E-02  2.86300000E-02  0.00000000E+00  0.00000000E+00  0.00000000E+00  0.00000000E+00  0.00000000E+00  0.00000000E+00  0.00000000E+00  0.00000000E+00  0.00000000E+00  0.00000000E+00
 1.00364881E+01  1.40000000E-02  1.39000000E-02  1.05700000E-02  1.15200000E-02  2.15800000E-02  2.09700000E-02  2.81000000E-02  2.82200000E-02  0.00000000E+00  0.00000000E+00  0.00000000E+00  0.00000000E+00  0.00000000E+00  0.00000000E+00  0.00000000E+00  0.00000000E+00  0.00000000E+00  0.00000000E+00
 1.00544881E+01  1.31300000E-02  1.18800000E-02  1.10300000E-02  1.09400000E-02  2.68900000E-02  2.61700000E-02  2.91200000E-02  2.53300000E-02  0.00000000E+00  0.00000000E+00  0.00000000E+00  0.00000000E+00  0.00000000E+00  0.00000000E+00  0.00000000E+00  0.00000000E+00  0.00000000E+00  0.00000000E+00
 1.00714881E+01  1.17600000E-02  9.55700000E-03  1.11300000E-02  9.78900000E-03  3.14500000E-02  3.05400000E-02  2.72400000E-02  2.03800000E-02  0.00000000E+00  0.00000000E+00  0.00000000E+00  0.00000000E+00  0.00000000E+00  0.00000000E+00  0.00000000E+00  0.00000000E+00  0.00000000E+00  0.00000000E+00
 1.00894881E+01  9.91800000E-03  7.52400000E-03  1.03900000E-02  8.18300000E-03  3.27200000E-02  3.16700000E-02  2.24300000E-02  1.48400000E-02  0.00000000E+00  0.00000000E+00  0.00000000E+00  0.00000000E+00  0.00000000E+00  0.00000000E+00  0.00000000E+00  0.00000000E+00  0.00000000E+00  0.00000000E+00
 1.01064881E+01  8.22100000E-03  6.42300000E-03  8.86200000E-03  6.58600000E-03  2.94700000E-02  2.84400000E-02  1.64200000E-02  1.04400000E-02  0.00000000E+00  0.00000000E+00  0.00000000E+00  0.00000000E+00  0.00000000E+00  0.00000000E+00  0.00000000E+00  0.00000000E+00  0.00000000E+00  0.00000000E+00
 1.01234881E+01  7.30100000E-03  6.40300000E-03  7.13600000E-03  5.60300000E-03  2.31100000E-02  2.22700000E-02  1.13700000E-02  8.31800000E-03  0.00000000E+00  0.00000000E+00  0.00000000E+00  0.00000000E+00  0.00000000E+00  0.00000000E+00  0.00000000E+00  0.00000000E+00  0.00000000E+00  0.00000000E+00
 1.01414881E+01  7.18100000E-03  6.98400000E-03  5.92000000E-03  5.62900000E-03  1.66100000E-02  1.60500000E-02  8.47500000E-03  8.62800000E-03  0.00000000E+00  0.00000000E+00  0.00000000E+00  0.00000000E+00  0.00000000E+00  0.00000000E+00  0.00000000E+00  0.00000000E+00  0.00000000E+00  0.00000000E+00
 1.01584881E+01  7.33800000E-03  7.45400000E-03  5.66900000E-03  6.66200000E-03  1.20700000E-02  1.17400000E-02  7.76700000E-03  1.08100000E-02  0.00000000E+00  0.00000000E+00  0.00000000E+00  0.00000000E+00  0.00000000E+00  0.00000000E+00  0.00000000E+00  0.00000000E+00  0.00000000E+00  0.00000000E+00
 1.01764881E+01  7.30600000E-03  7.42600000E-03  6.47100000E-03  8.34400000E-03  9.70400000E-03  9.52500000E-03  8.91600000E-03  1.39600000E-02  0.00000000E+00  0.00000000E+00  0.00000000E+00  0.00000000E+00  0.00000000E+00  0.00000000E+00  0.00000000E+00  0.00000000E+00  0.00000000E+00  0.00000000E+00
 1.01934881E+01  7.06600000E-03  7.00100000E-03  8.08600000E-03  1.01500000E-02  8.77100000E-03  8.66900000E-03  1.16900000E-02  1.72000000E-02  0.00000000E+00  0.00000000E+00  0.00000000E+00  0.00000000E+00  0.00000000E+00  0.00000000E+00  0.00000000E+00  0.00000000E+00  0.00000000E+00  0.00000000E+00
 1.02104881E+01  6.85000000E-03  6.48500000E-03  1.00500000E-02  1.16500000E-02  8.58300000E-03  8.50700000E-03  1.57400000E-02  1.98800000E-02  0.00000000E+00  0.00000000E+00  0.00000000E+00  0.00000000E+00  0.00000000E+00  0.00000000E+00  0.00000000E+00  0.00000000E+00  0.00000000E+00  0.00000000E+00
 1.02284881E+01  6.77500000E-03  6.10600000E-03  1.18100000E-02  1.25600000E-02  8.64500000E-03  8.51500000E-03  2.01900000E-02  2.18000000E-02  0.00000000E+00  0.00000000E+00  0.00000000E+00  0.00000000E+00  0.00000000E+00  0.00000000E+00  0.00000000E+00  0.00000000E+00  0.00000000E+00  0.00000000E+00
 1.02454881E+01  6.80900000E-03  6.01700000E-03  1.28500000E-02  1.27400000E-02  8.49700000E-03  8.13300000E-03  2.37600000E-02  2.29100000E-02  0.00000000E+00  0.00000000E+00  0.00000000E+00  0.00000000E+00  0.00000000E+00  0.00000000E+00  0.00000000E+00  0.00000000E+00  0.00000000E+00  0.00000000E+00
 1.02634881E+01  7.03900000E-03  6.42200000E-03  1.28800000E-02  1.23000000E-02  7.98700000E-03  7.04200000E-03  2.55300000E-02  2.32000000E-02  0.00000000E+00  0.00000000E+00  0.00000000E+00  0.00000000E+00  0.00000000E+00  0.00000000E+00  0.00000000E+00  0.00000000E+00  0.00000000E+00  0.00000000E+00
 1.02804881E+01  7.77300000E-03  7.53500000E-03  1.22000000E-02  1.16800000E-02  7.51800000E-03  5.53600000E-03  2.56700000E-02  2.28500000E-02  0.00000000E+00  0.00000000E+00  0.00000000E+00  0.00000000E+00  0.00000000E+00  0.00000000E+00  0.00000000E+00  0.00000000E+00  0.00000000E+00  0.00000000E+00
 1.02984881E+01  9.26800000E-03  9.30700000E-03  1.16500000E-02  1.14400000E-02  7.69000000E-03  4.36600000E-03  2.53300000E-02  2.23000000E-02  0.00000000E+00  0.00000000E+00  0.00000000E+00  0.00000000E+00  0.00000000E+00  0.00000000E+00  0.00000000E+00  0.00000000E+00  0.00000000E+00  0.00000000E+00
 1.03154881E+01  1.12900000E-02  1.12300000E-02  1.18600000E-02  1.16500000E-02  8.69400000E-03  4.20600000E-03  2.53900000E-02  2.17400000E-02  0.00000000E+00  0.00000000E+00  0.00000000E+00  0.00000000E+00  0.00000000E+00  0.00000000E+00  0.00000000E+00  0.00000000E+00  0.00000000E+00  0.00000000E+00
 1.03324881E+01  1.30300000E-02  1.25300000E-02  1.26700000E-02  1.19600000E-02  1.03600000E-02  5.24600000E-03  2.54900000E-02  2.09100000E-02  0.00000000E+00  0.00000000E+00  0.00000000E+00  0.00000000E+00  0.00000000E+00  0.00000000E+00  0.00000000E+00  0.00000000E+00  0.00000000E+00  0.00000000E+00
 1.03504881E+01  1.36300000E-02  1.26900000E-02  1.33100000E-02  1.20200000E-02  1.26500000E-02  7.13000000E-03  2.46200000E-02  1.94900000E-02  0.00000000E+00  0.00000000E+00  0.00000000E+00  0.00000000E+00  0.00000000E+00  0.00000000E+00  0.00000000E+00  0.00000000E+00  0.00000000E+00  0.00000000E+00
 1.03674881E+01  1.27200000E-02  1.17300000E-02  1.32400000E-02  1.18800000E-02  1.56300000E-02  9.13500000E-03  2.23100000E-02  1.76900000E-02  0.00000000E+00  0.00000000E+00  0.00000000E+00  0.00000000E+00  0.00000000E+00  0.00000000E+00  0.00000000E+00  0.00000000E+00  0.00000000E+00  0.00000000E+00
 1.03854881E+01  1.06300000E-02  1.00900000E-02  1.23700000E-02  1.16300000E-02  1.88000000E-02  1.05900000E-02  1.90300000E-02  1.60200000E-02  0.00000000E+00  0.00000000E+00  0.00000000E+00  0.00000000E+00  0.00000000E+00  0.00000000E+00  0.00000000E+00  0.00000000E+00  0.00000000E+00  0.00000000E+00
 1.04024881E+01  8.06800000E-03  8.36900000E-03  1.08800000E-02  1.11800000E-02  2.07900000E-02  1.12400000E-02  1.55400000E-02  1.46200000E-02  0.00000000E+00  0.00000000E+00  0.00000000E+00  0.00000000E+00  0.00000000E+00  0.00000000E+00  0.00000000E+00  0.00000000E+00  0.00000000E+00  0.00000000E+00
 1.04204881E+01  5.77800000E-03  6.92900000E-03  9.04500000E-03  1.03500000E-02  2.03400000E-02  1.13100000E-02  1.25000000E-02  1.32200000E-02  0.00000000E+00  0.00000000E+00  0.00000000E+00  0.00000000E+00  0.00000000E+00  0.00000000E+00  0.00000000E+00  0.00000000E+00  0.00000000E+00  0.00000000E+00
 1.04374881E+01  4.30400000E-03  5.88300000E-03  7.27800000E-03  8.99200000E-03  1.74100000E-02  1.09800000E-02  1.06500000E-02  1.16700000E-02  0.00000000E+00  0.00000000E+00  0.00000000E+00  0.00000000E+00  0.00000000E+00  0.00000000E+00  0.00000000E+00  0.00000000E+00  0.00000000E+00  0.00000000E+00
 1.04544881E+01  3.83200000E-03  5.17000000E-03  5.91700000E-03  7.19500000E-03  1.32100000E-02  1.01800000E-02  1.05800000E-02  1.03400000E-02  0.00000000E+00  0.00000000E+00  0.00000000E+00  0.00000000E+00  0.00000000E+00  0.00000000E+00  0.00000000E+00  0.00000000E+00  0.00000000E+00  0.00000000E+00
 1.04724881E+01  4.11800000E-03  4.64200000E-03  4.97400000E-03  5.23500000E-03  9.10100000E-03  8.67500000E-03  1.21700000E-02  9.62400000E-03  0.00000000E+00  0.00000000E+00  0.00000000E+00  0.00000000E+00  0.00000000E+00  0.00000000E+00  0.00000000E+00  0.00000000E+00  0.00000000E+00  0.00000000E+00
 1.04894881E+01  4.56700000E-03  4.09000000E-03  4.18700000E-03  3.49900000E-03  5.80700000E-03  6.53800000E-03  1.42100000E-02  9.46200000E-03  0.00000000E+00  0.00000000E+00  0.00000000E+00  0.00000000E+00  0.00000000E+00  0.00000000E+00  0.00000000E+00  0.00000000E+00  0.00000000E+00  0.00000000E+00
 1.05074881E+01  4.57900000E-03  3.37300000E-03  3.36200000E-03  2.28000000E-03  3.41400000E-03  4.23400000E-03  1.51500000E-02  9.33000000E-03  0.00000000E+00  0.00000000E+00  0.00000000E+00  0.00000000E+00  0.00000000E+00  0.00000000E+00  0.00000000E+00  0.00000000E+00  0.00000000E+00  0.00000000E+00
 1.05244881E+01  3.98100000E-03  2.57600000E-03  2.57600000E-03  1.63900000E-03  1.80300000E-03  2.31600000E-03  1.43500000E-02  8.70000000E-03  0.00000000E+00  0.00000000E+00  0.00000000E+00  0.00000000E+00  0.00000000E+00  0.00000000E+00  0.00000000E+00  0.00000000E+00  0.00000000E+00  0.00000000E+00
 1.05414881E+01  3.13500000E-03  1.98200000E-03  2.07500000E-03  1.46500000E-03  8.37400000E-04  1.06500000E-03  1.22700000E-02  7.36300000E-03  0.00000000E+00  0.00000000E+00  0.00000000E+00  0.00000000E+00  0.00000000E+00  0.00000000E+00  0.00000000E+00  0.00000000E+00  0.00000000E+00  0.00000000E+00
 1.05594881E+01  2.57300000E-03  1.82300000E-03  2.02900000E-03  1.63500000E-03  3.48000000E-04  4.20800000E-04  9.66900000E-03  5.50100000E-03  0.00000000E+00  0.00000000E+00  0.00000000E+00  0.00000000E+00  0.00000000E+00  0.00000000E+00  0.00000000E+00  0.00000000E+00  0.00000000E+00  0.00000000E+00
 1.05764881E+01  2.50000000E-03  2.04300000E-03  2.36500000E-03  2.04700000E-03  1.52500000E-04  1.75900000E-04  7.01300000E-03  3.58400000E-03  0.00000000E+00  0.00000000E+00  0.00000000E+00  0.00000000E+00  0.00000000E+00  0.00000000E+00  0.00000000E+00  0.00000000E+00  0.00000000E+00  0.00000000E+00
 1.05944881E+01  2.65200000E-03  2.30100000E-03  2.76600000E-03  2.49800000E-03  1.23900000E-04  1.77000000E-04  4.59500000E-03  2.07500000E-03  0.00000000E+00  0.00000000E+00  0.00000000E+00  0.00000000E+00  0.00000000E+00  0.00000000E+00  0.00000000E+00  0.00000000E+00  0.00000000E+00  0.00000000E+00
 1.06114881E+01  2.60000000E-03  2.24900000E-03  2.85900000E-03  2.67800000E-03  2.36500000E-04  3.97800000E-04  2.69900000E-03  1.13700000E-03  0.00000000E+00  0.00000000E+00  0.00000000E+00  0.00000000E+00  0.00000000E+00  0.00000000E+00  0.00000000E+00  0.00000000E+00  0.00000000E+00  0.00000000E+00
 1.06294881E+01  2.16800000E-03  1.82000000E-03  2.47800000E-03  2.38300000E-03  5.54400000E-04  8.82200000E-04  1.45600000E-03  6.37200000E-04  0.00000000E+00  0.00000000E+00  0.00000000E+00  0.00000000E+00  0.00000000E+00  0.00000000E+00  0.00000000E+00  0.00000000E+00  0.00000000E+00  0.00000000E+00
 1.06464881E+01  1.54900000E-03  1.25700000E-03  1.77700000E-03  1.71800000E-03  1.14300000E-03  1.59200000E-03  7.62700000E-04  3.71500000E-04  0.00000000E+00  0.00000000E+00  0.00000000E+00  0.00000000E+00  0.00000000E+00  0.00000000E+00  0.00000000E+00  0.00000000E+00  0.00000000E+00  0.00000000E+00
 1.06634881E+01  1.05000000E-03  8.46000000E-04  1.06300000E-03  9.94400000E-04  1.91400000E-03  2.28000000E-03  4.15900000E-04  2.20300000E-04  0.00000000E+00  0.00000000E+00  0.00000000E+00  0.00000000E+00  0.00000000E+00  0.00000000E+00  0.00000000E+00  0.00000000E+00  0.00000000E+00  0.00000000E+00
 1.06814881E+01  8.04100000E-04  6.81500000E-04  5.48400000E-04  4.62700000E-04  2.55500000E-03  2.58100000E-03  2.56400000E-04  1.39600000E-04  0.00000000E+00  0.00000000E+00  0.00000000E+00  0.00000000E+00  0.00000000E+00  0.00000000E+00  0.00000000E+00  0.00000000E+00  0.00000000E+00  0.00000000E+00
 1.06984881E+01  7.22400000E-04  6.54100000E-04  2.61100000E-04  1.75100000E-04  2.70000000E-03  2.30500000E-03  1.86800000E-04  1.02500000E-04  0.00000000E+00  0.00000000E+00  0.00000000E+00  0.00000000E+00  0.00000000E+00  0.00000000E+00  0.00000000E+00  0.00000000E+00  0.00000000E+00  0.00000000E+00
 1.07164881E+01  6.44400000E-04  6.06300000E-04  1.23900000E-04  5.57200000E-05  2.25300000E-03  1.62500000E-03  1.46600000E-04  8.12200000E-05  0.00000000E+00  0.00000000E+00  0.00000000E+00  0.00000000E+00  0.00000000E+00  0.00000000E+00  0.00000000E+00  0.00000000E+00  0.00000000E+00  0.00000000E+00
 1.07334881E+01  4.94700000E-04  4.72800000E-04  5.91600000E-05  1.59800000E-05  1.48400000E-03  9.03300000E-04  1.06500000E-04  5.93500000E-05  0.00000000E+00  0.00000000E+00  0.00000000E+00  0.00000000E+00  0.00000000E+00  0.00000000E+00  0.00000000E+00  0.00000000E+00  0.00000000E+00  0.00000000E+00
 1.07514881E+01  3.08200000E-04  2.95900000E-04  2.63800000E-05  4.53500000E-06  7.71300000E-04  3.96300000E-04  6.50100000E-05  3.62200000E-05  0.00000000E+00  0.00000000E+00  0.00000000E+00  0.00000000E+00  0.00000000E+00  0.00000000E+00  0.00000000E+00  0.00000000E+00  0.00000000E+00  0.00000000E+00
 1.07684881E+01  1.53000000E-04  1.46700000E-04  1.01200000E-05  1.32900000E-06  3.16400000E-04  1.37200000E-04  3.20600000E-05  1.77600000E-05  0.00000000E+00  0.00000000E+00  0.00000000E+00  0.00000000E+00  0.00000000E+00  0.00000000E+00  0.00000000E+00  0.00000000E+00  0.00000000E+00  0.00000000E+00
 1.07854881E+01  6.01800000E-05  5.74300000E-05  3.17700000E-06  3.79500000E-07  1.02400000E-04  3.75100000E-05  1.25900000E-05  6.91500000E-06  0.00000000E+00  0.00000000E+00  0.00000000E+00  0.00000000E+00  0.00000000E+00  0.00000000E+00  0.00000000E+00  0.00000000E+00  0.00000000E+00  0.00000000E+00
 1.08034881E+01  1.87100000E-05  1.77200000E-05  7.98400000E-07  9.66900000E-08  2.61700000E-05  8.10500000E-06  3.91100000E-06  2.12800000E-06  0.00000000E+00  0.00000000E+00  0.00000000E+00  0.00000000E+00  0.00000000E+00  0.00000000E+00  0.00000000E+00  0.00000000E+00  0.00000000E+00  0.00000000E+00
 1.08204881E+01  4.59200000E-06  4.31100000E-06  1.59100000E-07  2.07500000E-08  5.28100000E-06  1.38500000E-06  9.60200000E-07  5.16500000E-07  0.00000000E+00  0.00000000E+00  0.00000000E+00  0.00000000E+00  0.00000000E+00  0.00000000E+00  0.00000000E+00  0.00000000E+00  0.00000000E+00  0.00000000E+00
 1.08384881E+01  8.89700000E-07  8.26400000E-07  2.50500000E-08  3.64700000E-09  8.41500000E-07  1.87600000E-07  1.86100000E-07  9.88800000E-08  0.00000000E+00  0.00000000E+00  0.00000000E+00  0.00000000E+00  0.00000000E+00  0.00000000E+00  0.00000000E+00  0.00000000E+00  0.00000000E+00  0.00000000E+00
 1.08554881E+01  1.36000000E-07  1.24800000E-07  3.11100000E-09  5.17700000E-10  1.05900000E-07  2.01700000E-08  2.84400000E-08  1.49200000E-08  0.00000000E+00  0.00000000E+00  0.00000000E+00  0.00000000E+00  0.00000000E+00  0.00000000E+00  0.00000000E+00  0.00000000E+00  0.00000000E+00  0.00000000E+00
 1.08724881E+01  1.63800000E-08  1.48400000E-08  3.04700000E-10  5.89100000E-11  1.05400000E-08  1.72600000E-09  3.42800000E-09  1.77300000E-09  0.00000000E+00  0.00000000E+00  0.00000000E+00  0.00000000E+00  0.00000000E+00  0.00000000E+00  0.00000000E+00  0.00000000E+00  0.00000000E+00  0.00000000E+00
 1.08904881E+01  1.55600000E-09  1.39000000E-09  2.35200000E-11  5.34700000E-12  8.29700000E-10  1.18000000E-10  3.25700000E-10  1.66000000E-10  0.00000000E+00  0.00000000E+00  0.00000000E+00  0.00000000E+00  0.00000000E+00  0.00000000E+00  0.00000000E+00  0.00000000E+00  0.00000000E+00  0.00000000E+00
 1.09074881E+01  1.16400000E-10  1.02500000E-10  1.43200000E-12  3.85600000E-13  5.16700000E-11  6.47700000E-12  2.43700000E-11  1.22400000E-11  0.00000000E+00  0.00000000E+00  0.00000000E+00  0.00000000E+00  0.00000000E+00  0.00000000E+00  0.00000000E+00  0.00000000E+00  0.00000000E+00  0.00000000E+00
 1.09254881E+01  6.86300000E-12  5.95300000E-12  6.87300000E-14  2.20400000E-14  2.54800000E-12  2.86400000E-13  1.43700000E-12  7.10600000E-13  0.00000000E+00  0.00000000E+00  0.00000000E+00  0.00000000E+00  0.00000000E+00  0.00000000E+00  0.00000000E+00  0.00000000E+00  0.00000000E+00  0.00000000E+00
 1.09424881E+01  3.18500000E-13  2.72000000E-13  2.60100000E-15  9.95900000E-16  9.96000000E-14  1.02600000E-14  6.66800000E-14  3.24600000E-14  0.00000000E+00  0.00000000E+00  0.00000000E+00  0.00000000E+00  0.00000000E+00  0.00000000E+00  0.00000000E+00  0.00000000E+00  0.00000000E+00  0.00000000E+00
 1.09604881E+01  1.16400000E-14  9.77900000E-15  7.76400000E-17  3.55400000E-17  3.08700000E-15  2.99100000E-16  2.43600000E-15  1.16700000E-15  0.00000000E+00  0.00000000E+00  0.00000000E+00  0.00000000E+00  0.00000000E+00  0.00000000E+00  0.00000000E+00  0.00000000E+00  0.00000000E+00  0.00000000E+00
 1.09774881E+01  3.34800000E-16  2.76800000E-16  1.89200000E-18  9.99900000E-19  7.79800000E-17  6.91500000E-18  7.01000000E-17  3.30400000E-17  0.00000000E+00  0.00000000E+00  0.00000000E+00  0.00000000E+00  0.00000000E+00  0.00000000E+00  0.00000000E+00  0.00000000E+00  0.00000000E+00  0.00000000E+00
 1.09944881E+01  7.50300000E-18  6.12100000E-18  3.56300000E-21  2.18600000E-20  5.15400000E-19  8.80000000E-20  1.57100000E-18  7.30400000E-19  0.00000000E+00  0.00000000E+00  0.00000000E+00  0.00000000E+00  0.00000000E+00  0.00000000E+00  0.00000000E+00  0.00000000E+00  0.00000000E+00  0.00000000E+00
 1.10124881E+01  0.00000000E+00  0.00000000E+00  0.00000000E+00  0.00000000E+00  0.00000000E+00  0.00000000E+00  0.00000000E+00  0.00000000E+00  0.00000000E+00  0.00000000E+00  0.00000000E+00  0.00000000E+00  0.00000000E+00  0.00000000E+00  0.00000000E+00  0.00000000E+00  0.00000000E+00  0.00000000E+00
 1.10294881E+01  0.00000000E+00  0.00000000E+00  0.00000000E+00  0.00000000E+00  0.00000000E+00  0.00000000E+00  0.00000000E+00  0.00000000E+00  0.00000000E+00  0.00000000E+00  0.00000000E+00  0.00000000E+00  0.00000000E+00  0.00000000E+00  0.00000000E+00  0.00000000E+00  0.00000000E+00  0.00000000E+00
 1.10474881E+01  0.00000000E+00  0.00000000E+00  0.00000000E+00  0.00000000E+00  0.00000000E+00  0.00000000E+00  0.00000000E+00  0.00000000E+00  0.00000000E+00  0.00000000E+00  0.00000000E+00  0.00000000E+00  0.00000000E+00  0.00000000E+00  0.00000000E+00  0.00000000E+00  0.00000000E+00  0.00000000E+00
 1.10644881E+01  0.00000000E+00  0.00000000E+00  0.00000000E+00  0.00000000E+00  0.00000000E+00  0.00000000E+00  0.00000000E+00  0.00000000E+00  0.00000000E+00  0.00000000E+00  0.00000000E+00  0.00000000E+00  0.00000000E+00  0.00000000E+00  0.00000000E+00  0.00000000E+00  0.00000000E+00  0.00000000E+00
 1.10814881E+01  0.00000000E+00  0.00000000E+00  0.00000000E+00  0.00000000E+00  0.00000000E+00  0.00000000E+00  0.00000000E+00  0.00000000E+00  0.00000000E+00  0.00000000E+00  0.00000000E+00  0.00000000E+00  0.00000000E+00  0.00000000E+00  0.00000000E+00  0.00000000E+00  0.00000000E+00  0.00000000E+00
 1.10994881E+01  0.00000000E+00  0.00000000E+00  0.00000000E+00  0.00000000E+00  0.00000000E+00  0.00000000E+00  0.00000000E+00  0.00000000E+00  0.00000000E+00  0.00000000E+00  0.00000000E+00  0.00000000E+00  0.00000000E+00  0.00000000E+00  0.00000000E+00  0.00000000E+00  0.00000000E+00  0.00000000E+00
 1.11164881E+01  0.00000000E+00  0.00000000E+00  0.00000000E+00  0.00000000E+00  0.00000000E+00  0.00000000E+00  0.00000000E+00  0.00000000E+00  0.00000000E+00  0.00000000E+00  0.00000000E+00  0.00000000E+00  0.00000000E+00  0.00000000E+00  0.00000000E+00  0.00000000E+00  0.00000000E+00  0.00000000E+00
 1.11344881E+01  0.00000000E+00  0.00000000E+00  0.00000000E+00  0.00000000E+00  0.00000000E+00  0.00000000E+00  0.00000000E+00  0.00000000E+00  0.00000000E+00  0.00000000E+00  0.00000000E+00  0.00000000E+00  0.00000000E+00  0.00000000E+00  0.00000000E+00  0.00000000E+00  0.00000000E+00  0.00000000E+00
 1.11514881E+01  0.00000000E+00  0.00000000E+00  0.00000000E+00  0.00000000E+00  0.00000000E+00  0.00000000E+00  0.00000000E+00  0.00000000E+00  0.00000000E+00  0.00000000E+00  0.00000000E+00  0.00000000E+00  0.00000000E+00  0.00000000E+00  0.00000000E+00  0.00000000E+00  0.00000000E+00  0.00000000E+00
 1.11694881E+01  0.00000000E+00  0.00000000E+00  0.00000000E+00  0.00000000E+00  0.00000000E+00  0.00000000E+00  0.00000000E+00  0.00000000E+00  0.00000000E+00  0.00000000E+00  0.00000000E+00  0.00000000E+00  0.00000000E+00  0.00000000E+00  0.00000000E+00  0.00000000E+00  0.00000000E+00  0.00000000E+00
 1.11864881E+01  0.00000000E+00  0.00000000E+00  0.00000000E+00  0.00000000E+00  0.00000000E+00  0.00000000E+00  0.00000000E+00  0.00000000E+00  0.00000000E+00  0.00000000E+00  0.00000000E+00  0.00000000E+00  0.00000000E+00  0.00000000E+00  0.00000000E+00  0.00000000E+00  0.00000000E+00  0.00000000E+00
 1.12034881E+01  0.00000000E+00  0.00000000E+00  0.00000000E+00  0.00000000E+00  0.00000000E+00  0.00000000E+00  0.00000000E+00  0.00000000E+00  0.00000000E+00  0.00000000E+00  0.00000000E+00  0.00000000E+00  0.00000000E+00  0.00000000E+00  0.00000000E+00  0.00000000E+00  0.00000000E+00  0.00000000E+00
 1.12214881E+01  0.00000000E+00  0.00000000E+00  0.00000000E+00  0.00000000E+00  0.00000000E+00  0.00000000E+00  0.00000000E+00  0.00000000E+00  0.00000000E+00  0.00000000E+00  0.00000000E+00  0.00000000E+00  0.00000000E+00  0.00000000E+00  0.00000000E+00  0.00000000E+00  0.00000000E+00  0.00000000E+00
 1.12384881E+01  0.00000000E+00  0.00000000E+00  0.00000000E+00  0.00000000E+00  0.00000000E+00  0.00000000E+00  0.00000000E+00  0.00000000E+00  0.00000000E+00  0.00000000E+00  0.00000000E+00  0.00000000E+00  0.00000000E+00  0.00000000E+00  0.00000000E+00  0.00000000E+00  0.00000000E+00  0.00000000E+00
 1.12564881E+01  0.00000000E+00  0.00000000E+00  0.00000000E+00  0.00000000E+00  0.00000000E+00  0.00000000E+00  0.00000000E+00  0.00000000E+00  0.00000000E+00  0.00000000E+00  0.00000000E+00  0.00000000E+00  0.00000000E+00  0.00000000E+00  0.00000000E+00  0.00000000E+00  0.00000000E+00  0.00000000E+00
 1.12734881E+01  0.00000000E+00  0.00000000E+00  0.00000000E+00  0.00000000E+00  0.00000000E+00  0.00000000E+00  0.00000000E+00  0.00000000E+00  0.00000000E+00  0.00000000E+00  0.00000000E+00  0.00000000E+00  0.00000000E+00  0.00000000E+00  0.00000000E+00  0.00000000E+00  0.00000000E+00  0.00000000E+00
 1.12914881E+01  0.00000000E+00  0.00000000E+00  0.00000000E+00  0.00000000E+00  0.00000000E+00  0.00000000E+00  0.00000000E+00  0.00000000E+00  0.00000000E+00  0.00000000E+00  0.00000000E+00  0.00000000E+00  0.00000000E+00  0.00000000E+00  0.00000000E+00  0.00000000E+00  0.00000000E+00  0.00000000E+00
 1.13084881E+01  0.00000000E+00  0.00000000E+00  0.00000000E+00  0.00000000E+00  0.00000000E+00  0.00000000E+00  0.00000000E+00  0.00000000E+00  0.00000000E+00  0.00000000E+00  0.00000000E+00  0.00000000E+00  0.00000000E+00  0.00000000E+00  0.00000000E+00  0.00000000E+00  0.00000000E+00  0.00000000E+00
 1.13254881E+01  0.00000000E+00  0.00000000E+00  0.00000000E+00  0.00000000E+00  0.00000000E+00  0.00000000E+00  0.00000000E+00  0.00000000E+00  0.00000000E+00  0.00000000E+00  0.00000000E+00  0.00000000E+00  0.00000000E+00  0.00000000E+00  0.00000000E+00  0.00000000E+00  0.00000000E+00  0.00000000E+00
 1.13434881E+01  0.00000000E+00  0.00000000E+00  0.00000000E+00  0.00000000E+00  0.00000000E+00  0.00000000E+00  0.00000000E+00  0.00000000E+00  0.00000000E+00  0.00000000E+00  0.00000000E+00  0.00000000E+00  0.00000000E+00  0.00000000E+00  0.00000000E+00  0.00000000E+00  0.00000000E+00  0.00000000E+00
 1.13604881E+01  0.00000000E+00  0.00000000E+00  0.00000000E+00  0.00000000E+00  0.00000000E+00  0.00000000E+00  0.00000000E+00  0.00000000E+00  0.00000000E+00  0.00000000E+00  0.00000000E+00  0.00000000E+00  0.00000000E+00  0.00000000E+00  0.00000000E+00  0.00000000E+00  0.00000000E+00  0.00000000E+00
 1.13784881E+01  0.00000000E+00  0.00000000E+00  0.00000000E+00  0.00000000E+00  0.00000000E+00  0.00000000E+00  0.00000000E+00  0.00000000E+00  0.00000000E+00  0.00000000E+00  0.00000000E+00  0.00000000E+00  0.00000000E+00  0.00000000E+00  0.00000000E+00  0.00000000E+00  0.00000000E+00  0.00000000E+00
 1.13954881E+01  0.00000000E+00  0.00000000E+00  0.00000000E+00  0.00000000E+00  0.00000000E+00  0.00000000E+00  0.00000000E+00  0.00000000E+00  0.00000000E+00  0.00000000E+00  0.00000000E+00  0.00000000E+00  0.00000000E+00  0.00000000E+00  0.00000000E+00  0.00000000E+00  0.00000000E+00  0.00000000E+00
 1.14124881E+01  0.00000000E+00  0.00000000E+00  0.00000000E+00  0.00000000E+00  0.00000000E+00  0.00000000E+00  0.00000000E+00  0.00000000E+00  0.00000000E+00  0.00000000E+00  0.00000000E+00  0.00000000E+00  0.00000000E+00  0.00000000E+00  0.00000000E+00  0.00000000E+00  0.00000000E+00  0.00000000E+00
 1.14304881E+01  0.00000000E+00  0.00000000E+00  0.00000000E+00  0.00000000E+00  0.00000000E+00  0.00000000E+00  0.00000000E+00  0.00000000E+00  0.00000000E+00  0.00000000E+00  0.00000000E+00  0.00000000E+00  0.00000000E+00  0.00000000E+00  0.00000000E+00  0.00000000E+00  0.00000000E+00  0.00000000E+00
 1.14474881E+01  0.00000000E+00  0.00000000E+00  0.00000000E+00  0.00000000E+00  0.00000000E+00  0.00000000E+00  0.00000000E+00  0.00000000E+00  0.00000000E+00  0.00000000E+00  0.00000000E+00  0.00000000E+00  0.00000000E+00  0.00000000E+00  0.00000000E+00  0.00000000E+00  0.00000000E+00  0.00000000E+00
 1.14654881E+01  0.00000000E+00  0.00000000E+00  0.00000000E+00  0.00000000E+00  0.00000000E+00  0.00000000E+00  0.00000000E+00  0.00000000E+00  0.00000000E+00  0.00000000E+00  0.00000000E+00  0.00000000E+00  0.00000000E+00  0.00000000E+00  0.00000000E+00  0.00000000E+00  0.00000000E+00  0.00000000E+00
 1.14824881E+01  0.00000000E+00  0.00000000E+00  0.00000000E+00  0.00000000E+00  0.00000000E+00  0.00000000E+00  0.00000000E+00  0.00000000E+00  0.00000000E+00  0.00000000E+00  0.00000000E+00  0.00000000E+00  0.00000000E+00  0.00000000E+00  0.00000000E+00  0.00000000E+00  0.00000000E+00  0.00000000E+00
 1.15004881E+01  0.00000000E+00  0.00000000E+00  0.00000000E+00  0.00000000E+00  0.00000000E+00  0.00000000E+00  0.00000000E+00  0.00000000E+00  0.00000000E+00  0.00000000E+00  0.00000000E+00  0.00000000E+00  0.00000000E+00  0.00000000E+00  0.00000000E+00  0.00000000E+00  0.00000000E+00  0.00000000E+00
 1.15174881E+01  0.00000000E+00  0.00000000E+00  0.00000000E+00  0.00000000E+00  0.00000000E+00  0.00000000E+00  0.00000000E+00  0.00000000E+00  0.00000000E+00  0.00000000E+00  0.00000000E+00  0.00000000E+00  0.00000000E+00  0.00000000E+00  0.00000000E+00  0.00000000E+00  0.00000000E+00  0.00000000E+00
 1.15344881E+01  0.00000000E+00  0.00000000E+00  0.00000000E+00  0.00000000E+00  0.00000000E+00  0.00000000E+00  0.00000000E+00  0.00000000E+00  0.00000000E+00  0.00000000E+00  0.00000000E+00  0.00000000E+00  0.00000000E+00  0.00000000E+00  0.00000000E+00  0.00000000E+00  0.00000000E+00  0.00000000E+00
 1.15524881E+01  0.00000000E+00  0.00000000E+00  0.00000000E+00  0.00000000E+00  0.00000000E+00  0.00000000E+00  0.00000000E+00  0.00000000E+00  0.00000000E+00  0.00000000E+00  0.00000000E+00  0.00000000E+00  0.00000000E+00  0.00000000E+00  0.00000000E+00  0.00000000E+00  0.00000000E+00  0.00000000E+00
 1.15694881E+01  0.00000000E+00  0.00000000E+00  0.00000000E+00  0.00000000E+00  0.00000000E+00  0.00000000E+00  0.00000000E+00  0.00000000E+00  0.00000000E+00  0.00000000E+00  0.00000000E+00  0.00000000E+00  0.00000000E+00  0.00000000E+00  0.00000000E+00  0.00000000E+00  0.00000000E+00  0.00000000E+00
 1.15874881E+01  0.00000000E+00  0.00000000E+00  0.00000000E+00  0.00000000E+00  0.00000000E+00  0.00000000E+00  0.00000000E+00  0.00000000E+00  0.00000000E+00  0.00000000E+00  0.00000000E+00  0.00000000E+00  0.00000000E+00  0.00000000E+00  0.00000000E+00  0.00000000E+00  0.00000000E+00  0.00000000E+00
 1.16044881E+01  0.00000000E+00  0.00000000E+00  0.00000000E+00  0.00000000E+00  0.00000000E+00  0.00000000E+00  0.00000000E+00  0.00000000E+00  0.00000000E+00  0.00000000E+00  0.00000000E+00  0.00000000E+00  0.00000000E+00  0.00000000E+00  0.00000000E+00  0.00000000E+00  0.00000000E+00  0.00000000E+00
 1.16214881E+01  0.00000000E+00  0.00000000E+00  0.00000000E+00  0.00000000E+00  0.00000000E+00  0.00000000E+00  0.00000000E+00  0.00000000E+00  0.00000000E+00  0.00000000E+00  0.00000000E+00  0.00000000E+00  0.00000000E+00  0.00000000E+00  0.00000000E+00  0.00000000E+00  0.00000000E+00  0.00000000E+00
 1.16394881E+01  0.00000000E+00  0.00000000E+00  0.00000000E+00  0.00000000E+00  0.00000000E+00  0.00000000E+00  0.00000000E+00  0.00000000E+00  0.00000000E+00  0.00000000E+00  0.00000000E+00  0.00000000E+00  0.00000000E+00  0.00000000E+00  0.00000000E+00  0.00000000E+00  0.00000000E+00  0.00000000E+00
 1.16564881E+01  0.00000000E+00  0.00000000E+00  0.00000000E+00  0.00000000E+00  0.00000000E+00  0.00000000E+00  0.00000000E+00  0.00000000E+00  0.00000000E+00  0.00000000E+00  0.00000000E+00  0.00000000E+00  0.00000000E+00  0.00000000E+00  0.00000000E+00  0.00000000E+00  0.00000000E+00  0.00000000E+00
 1.16744881E+01  0.00000000E+00  0.00000000E+00  0.00000000E+00  0.00000000E+00  0.00000000E+00  0.00000000E+00  0.00000000E+00  0.00000000E+00  0.00000000E+00  0.00000000E+00  0.00000000E+00  0.00000000E+00  0.00000000E+00  0.00000000E+00  0.00000000E+00  0.00000000E+00  0.00000000E+00  0.00000000E+00
 1.16914881E+01  0.00000000E+00  0.00000000E+00  0.00000000E+00  0.00000000E+00  0.00000000E+00  0.00000000E+00  0.00000000E+00  0.00000000E+00  0.00000000E+00  0.00000000E+00  0.00000000E+00  0.00000000E+00  0.00000000E+00  0.00000000E+00  0.00000000E+00  0.00000000E+00  0.00000000E+00  0.00000000E+00
 1.17094881E+01  0.00000000E+00  0.00000000E+00  0.00000000E+00  0.00000000E+00  0.00000000E+00  0.00000000E+00  0.00000000E+00  0.00000000E+00  0.00000000E+00  0.00000000E+00  0.00000000E+00  0.00000000E+00  0.00000000E+00  0.00000000E+00  0.00000000E+00  0.00000000E+00  0.00000000E+00  0.00000000E+00
 1.17264881E+01  0.00000000E+00  0.00000000E+00  0.00000000E+00  0.00000000E+00  0.00000000E+00  0.00000000E+00  0.00000000E+00  0.00000000E+00  0.00000000E+00  0.00000000E+00  0.00000000E+00  0.00000000E+00  0.00000000E+00  0.00000000E+00  0.00000000E+00  0.00000000E+00  0.00000000E+00  0.00000000E+00
 1.17434881E+01  0.00000000E+00  0.00000000E+00  0.00000000E+00  0.00000000E+00  0.00000000E+00  0.00000000E+00  0.00000000E+00  0.00000000E+00  0.00000000E+00  0.00000000E+00  0.00000000E+00  0.00000000E+00  0.00000000E+00  0.00000000E+00  0.00000000E+00  0.00000000E+00  0.00000000E+00  0.00000000E+00
 1.17614881E+01  0.00000000E+00  0.00000000E+00  0.00000000E+00  0.00000000E+00  0.00000000E+00  0.00000000E+00  0.00000000E+00  0.00000000E+00  0.00000000E+00  0.00000000E+00  0.00000000E+00  0.00000000E+00  0.00000000E+00  0.00000000E+00  0.00000000E+00  0.00000000E+00  0.00000000E+00  0.00000000E+00
 1.17784881E+01  0.00000000E+00  0.00000000E+00  0.00000000E+00  0.00000000E+00  0.00000000E+00  0.00000000E+00  0.00000000E+00  0.00000000E+00  0.00000000E+00  0.00000000E+00  0.00000000E+00  0.00000000E+00  0.00000000E+00  0.00000000E+00  0.00000000E+00  0.00000000E+00  0.00000000E+00  0.00000000E+00
 1.17964881E+01  0.00000000E+00  0.00000000E+00  0.00000000E+00  0.00000000E+00  0.00000000E+00  0.00000000E+00  0.00000000E+00  0.00000000E+00  0.00000000E+00  0.00000000E+00  0.00000000E+00  0.00000000E+00  0.00000000E+00  0.00000000E+00  0.00000000E+00  0.00000000E+00  0.00000000E+00  0.00000000E+00
 1.18134881E+01  0.00000000E+00  0.00000000E+00  0.00000000E+00  0.00000000E+00  0.00000000E+00  0.00000000E+00  0.00000000E+00  0.00000000E+00  0.00000000E+00  0.00000000E+00  0.00000000E+00  0.00000000E+00  0.00000000E+00  0.00000000E+00  0.00000000E+00  0.00000000E+00  0.00000000E+00  0.00000000E+00
 1.18314881E+01  0.00000000E+00  0.00000000E+00  0.00000000E+00  0.00000000E+00  0.00000000E+00  0.00000000E+00  0.00000000E+00  0.00000000E+00  0.00000000E+00  0.00000000E+00  0.00000000E+00  0.00000000E+00  0.00000000E+00  0.00000000E+00  0.00000000E+00  0.00000000E+00  0.00000000E+00  0.00000000E+00
 1.18484881E+01  0.00000000E+00  0.00000000E+00  0.00000000E+00  0.00000000E+00  0.00000000E+00  0.00000000E+00  0.00000000E+00  0.00000000E+00  0.00000000E+00  0.00000000E+00  0.00000000E+00  0.00000000E+00  0.00000000E+00  0.00000000E+00  0.00000000E+00  0.00000000E+00  0.00000000E+00  0.00000000E+00
 1.18654881E+01  0.00000000E+00  0.00000000E+00  0.00000000E+00  0.00000000E+00  0.00000000E+00  0.00000000E+00  0.00000000E+00  0.00000000E+00  0.00000000E+00  0.00000000E+00  0.00000000E+00  0.00000000E+00  0.00000000E+00  0.00000000E+00  0.00000000E+00  0.00000000E+00  0.00000000E+00  0.00000000E+00
 1.18834881E+01  0.00000000E+00  0.00000000E+00  0.00000000E+00  0.00000000E+00  0.00000000E+00  0.00000000E+00  0.00000000E+00  0.00000000E+00  0.00000000E+00  0.00000000E+00  0.00000000E+00  0.00000000E+00  0.00000000E+00  0.00000000E+00  0.00000000E+00  0.00000000E+00  0.00000000E+00  0.00000000E+00
 1.19004881E+01  0.00000000E+00  0.00000000E+00  0.00000000E+00  0.00000000E+00  0.00000000E+00  0.00000000E+00  0.00000000E+00  0.00000000E+00  0.00000000E+00  0.00000000E+00  0.00000000E+00  0.00000000E+00  0.00000000E+00  0.00000000E+00  0.00000000E+00  0.00000000E+00  0.00000000E+00  0.00000000E+00
 1.19184881E+01  0.00000000E+00  0.00000000E+00  0.00000000E+00  0.00000000E+00  0.00000000E+00  0.00000000E+00  0.00000000E+00  0.00000000E+00  0.00000000E+00  0.00000000E+00  0.00000000E+00  0.00000000E+00  0.00000000E+00  0.00000000E+00  0.00000000E+00  0.00000000E+00  0.00000000E+00  0.00000000E+00
 1.19354881E+01  0.00000000E+00  0.00000000E+00  0.00000000E+00  0.00000000E+00  0.00000000E+00  0.00000000E+00  0.00000000E+00  0.00000000E+00  0.00000000E+00  0.00000000E+00  0.00000000E+00  0.00000000E+00  0.00000000E+00  0.00000000E+00  0.00000000E+00  0.00000000E+00  0.00000000E+00  0.00000000E+00
 1.19524881E+01  0.00000000E+00  0.00000000E+00  0.00000000E+00  0.00000000E+00  0.00000000E+00  0.00000000E+00  0.00000000E+00  0.00000000E+00  0.00000000E+00  0.00000000E+00  0.00000000E+00  0.00000000E+00  0.00000000E+00  0.00000000E+00  0.00000000E+00  0.00000000E+00  0.00000000E+00  0.00000000E+00
 1.19704881E+01  0.00000000E+00  0.00000000E+00  0.00000000E+00  0.00000000E+00  0.00000000E+00  0.00000000E+00  0.00000000E+00  0.00000000E+00  0.00000000E+00  0.00000000E+00  0.00000000E+00  0.00000000E+00  0.00000000E+00  0.00000000E+00  0.00000000E+00  0.00000000E+00  0.00000000E+00  0.00000000E+00
 1.19874881E+01  0.00000000E+00  0.00000000E+00  0.00000000E+00  0.00000000E+00  0.00000000E+00  0.00000000E+00  0.00000000E+00  0.00000000E+00  0.00000000E+00  0.00000000E+00  0.00000000E+00  0.00000000E+00  0.00000000E+00  0.00000000E+00  0.00000000E+00  0.00000000E+00  0.00000000E+00  0.00000000E+00
 1.20054881E+01  0.00000000E+00  0.00000000E+00  0.00000000E+00  0.00000000E+00  0.00000000E+00  0.00000000E+00  0.00000000E+00  0.00000000E+00  0.00000000E+00  0.00000000E+00  0.00000000E+00  0.00000000E+00  0.00000000E+00  0.00000000E+00  0.00000000E+00  0.00000000E+00  0.00000000E+00  0.00000000E+00
 1.20224881E+01  0.00000000E+00  0.00000000E+00  0.00000000E+00  0.00000000E+00  0.00000000E+00  0.00000000E+00  0.00000000E+00  0.00000000E+00  0.00000000E+00  0.00000000E+00  0.00000000E+00  0.00000000E+00  0.00000000E+00  0.00000000E+00  0.00000000E+00  0.00000000E+00  0.00000000E+00  0.00000000E+00
 1.20404881E+01  0.00000000E+00  0.00000000E+00  0.00000000E+00  0.00000000E+00  0.00000000E+00  0.00000000E+00  0.00000000E+00  0.00000000E+00  0.00000000E+00  0.00000000E+00  0.00000000E+00  0.00000000E+00  0.00000000E+00  0.00000000E+00  0.00000000E+00  0.00000000E+00  0.00000000E+00  0.00000000E+00
 1.20574881E+01  0.00000000E+00  0.00000000E+00  0.00000000E+00  0.00000000E+00  0.00000000E+00  0.00000000E+00  0.00000000E+00  0.00000000E+00  0.00000000E+00  0.00000000E+00  0.00000000E+00  0.00000000E+00  0.00000000E+00  0.00000000E+00  0.00000000E+00  0.00000000E+00  0.00000000E+00  0.00000000E+00
 1.20744881E+01  0.00000000E+00  0.00000000E+00  0.00000000E+00  0.00000000E+00  0.00000000E+00  0.00000000E+00  0.00000000E+00  0.00000000E+00  0.00000000E+00  0.00000000E+00  0.00000000E+00  0.00000000E+00  0.00000000E+00  0.00000000E+00  0.00000000E+00  0.00000000E+00  0.00000000E+00  0.00000000E+00
 1.20924881E+01  0.00000000E+00  0.00000000E+00  0.00000000E+00  0.00000000E+00  0.00000000E+00  0.00000000E+00  0.00000000E+00  0.00000000E+00  0.00000000E+00  0.00000000E+00  0.00000000E+00  0.00000000E+00  0.00000000E+00  0.00000000E+00  0.00000000E+00  0.00000000E+00  0.00000000E+00  0.00000000E+00
 1.21094881E+01  0.00000000E+00  0.00000000E+00  0.00000000E+00  0.00000000E+00  0.00000000E+00  0.00000000E+00  0.00000000E+00  0.00000000E+00  0.00000000E+00  0.00000000E+00  0.00000000E+00  0.00000000E+00  0.00000000E+00  0.00000000E+00  0.00000000E+00  0.00000000E+00  0.00000000E+00  0.00000000E+00
 1.21274881E+01  0.00000000E+00  0.00000000E+00  0.00000000E+00  0.00000000E+00  0.00000000E+00  0.00000000E+00  0.00000000E+00  0.00000000E+00  0.00000000E+00  0.00000000E+00  0.00000000E+00  0.00000000E+00  0.00000000E+00  0.00000000E+00  0.00000000E+00  0.00000000E+00  0.00000000E+00  0.00000000E+00
 1.21444881E+01  0.00000000E+00  0.00000000E+00  0.00000000E+00  0.00000000E+00  0.00000000E+00  0.00000000E+00  0.00000000E+00  0.00000000E+00  0.00000000E+00  0.00000000E+00  0.00000000E+00  0.00000000E+00  0.00000000E+00  0.00000000E+00  0.00000000E+00  0.00000000E+00  0.00000000E+00  0.00000000E+00
 1.21614881E+01  0.00000000E+00  0.00000000E+00  0.00000000E+00  0.00000000E+00  0.00000000E+00  0.00000000E+00  0.00000000E+00  0.00000000E+00  0.00000000E+00  0.00000000E+00  0.00000000E+00  0.00000000E+00  0.00000000E+00  0.00000000E+00  0.00000000E+00  0.00000000E+00  0.00000000E+00  0.00000000E+00
 1.21794881E+01  0.00000000E+00  0.00000000E+00  0.00000000E+00  0.00000000E+00  0.00000000E+00  0.00000000E+00  0.00000000E+00  0.00000000E+00  0.00000000E+00  0.00000000E+00  0.00000000E+00  0.00000000E+00  0.00000000E+00  0.00000000E+00  0.00000000E+00  0.00000000E+00  0.00000000E+00  0.00000000E+00
 1.21964881E+01  0.00000000E+00  0.00000000E+00  0.00000000E+00  0.00000000E+00  0.00000000E+00  0.00000000E+00  0.00000000E+00  0.00000000E+00  0.00000000E+00  0.00000000E+00  0.00000000E+00  0.00000000E+00  0.00000000E+00  0.00000000E+00  0.00000000E+00  0.00000000E+00  0.00000000E+00  0.00000000E+00
 1.22144881E+01  0.00000000E+00  0.00000000E+00  0.00000000E+00  0.00000000E+00  0.00000000E+00  0.00000000E+00  0.00000000E+00  0.00000000E+00  0.00000000E+00  0.00000000E+00  0.00000000E+00  0.00000000E+00  0.00000000E+00  0.00000000E+00  0.00000000E+00  0.00000000E+00  0.00000000E+00  0.00000000E+00
 1.22314881E+01  0.00000000E+00  0.00000000E+00  0.00000000E+00  0.00000000E+00  0.00000000E+00  0.00000000E+00  0.00000000E+00  0.00000000E+00  0.00000000E+00  0.00000000E+00  0.00000000E+00  0.00000000E+00  0.00000000E+00  0.00000000E+00  0.00000000E+00  0.00000000E+00  0.00000000E+00  0.00000000E+00
 1.22494881E+01  0.00000000E+00  0.00000000E+00  0.00000000E+00  0.00000000E+00  0.00000000E+00  0.00000000E+00  0.00000000E+00  0.00000000E+00  0.00000000E+00  0.00000000E+00  0.00000000E+00  0.00000000E+00  0.00000000E+00  0.00000000E+00  0.00000000E+00  0.00000000E+00  0.00000000E+00  0.00000000E+00
 1.22664881E+01  0.00000000E+00  0.00000000E+00  0.00000000E+00  0.00000000E+00  0.00000000E+00  0.00000000E+00  0.00000000E+00  0.00000000E+00  0.00000000E+00  0.00000000E+00  0.00000000E+00  0.00000000E+00  0.00000000E+00  0.00000000E+00  0.00000000E+00  0.00000000E+00  0.00000000E+00  0.00000000E+00
 1.22834881E+01  0.00000000E+00  0.00000000E+00  0.00000000E+00  0.00000000E+00  0.00000000E+00  0.00000000E+00  0.00000000E+00  0.00000000E+00  0.00000000E+00  0.00000000E+00  0.00000000E+00  0.00000000E+00  0.00000000E+00  0.00000000E+00  0.00000000E+00  0.00000000E+00  0.00000000E+00  0.00000000E+00
